date,symbol,open,high,low,close,volume
1999-03-10,QQQ,51.125,51.1563,50.2813,51.0625,5232200.0
1999-03-11,QQQ,51.4375,51.7344,50.3125,51.3125,9688600.0
1999-03-12,QQQ,51.125,51.1563,49.6563,50.0625,8743600.0
1999-03-15,QQQ,50.4375,51.5625,49.9063,51.5,6369000.0
1999-03-16,QQQ,51.7188,52.1563,51.1563,51.9375,4905800.0
1999-03-17,QQQ,51.9375,52.0,51.4063,51.5625,3965000.0
1999-03-18,QQQ,51.5,52.5938,51.4844,52.5625,4848400.0
1999-03-19,QQQ,53.25,53.25,51.1875,51.2188,7160400.0
1999-03-22,QQQ,51.4375,51.5625,50.5,50.5938,5024800.0
1999-03-23,QQQ,50.3125,50.5,48.7188,48.8125,10962400.0
1999-03-24,QQQ,49.25,50.5,48.5,50.4688,8447000.0
1999-03-25,QQQ,51.25,52.3125,50.9141,52.3125,8133800.0
1999-03-26,QQQ,51.875,52.4688,51.5313,51.75,8256200.0
1999-03-29,QQQ,52.375,53.6563,52.0625,53.625,5113800.0
1999-03-30,QQQ,53.5625,54.0,53.0313,53.25,4940600.0
1999-03-31,QQQ,54.125,54.1875,52.3125,52.4688,8256600.0
1999-04-01,QQQ,54.0,54.0625,52.6875,53.5625,8715800.0
1999-04-05,QQQ,54.4297,55.5782,54.0938,55.5,5697200.0
1999-04-06,QQQ,55.4375,56.2188,54.9688,55.6094,7522400.0
1999-04-07,QQQ,56.125,56.25,53.8438,55.0313,11923600.0
1999-04-08,QQQ,54.9375,55.7344,53.8125,55.4688,7952400.0
1999-04-09,QQQ,55.375,55.9375,55.2188,55.8125,4946800.0
1999-04-12,QQQ,54.5,55.8125,54.4375,55.4375,10934000.0
1999-04-13,QQQ,55.7813,55.9063,54.25,54.6875,9962200.0
1999-04-14,QQQ,55.375,55.4375,52.5078,52.8125,21253800.0
1999-04-15,QQQ,53.0,53.6172,51.125,53.5313,17650600.0
1999-04-16,QQQ,53.4063,53.4063,51.6875,51.9688,17274000.0
1999-04-19,QQQ,52.3125,52.75,49.0078,49.5313,19460600.0
1999-04-20,QQQ,49.3125,51.0625,48.8438,50.6563,17413600.0
1999-04-21,QQQ,51.125,53.1875,50.4375,53.1563,10940400.0
1999-04-22,QQQ,53.6563,54.75,53.3047,54.5938,13630600.0
1999-04-23,QQQ,54.3125,55.7188,53.75,55.3125,7064400.0
1999-04-26,QQQ,55.6875,57.0,55.5078,56.586,5421000.0
1999-04-27,QQQ,57.0,57.2813,55.0078,55.7188,16482800.0
1999-04-28,QQQ,55.25,55.4375,53.5703,53.8125,7676800.0
1999-04-29,QQQ,53.5625,53.875,52.25,53.375,19148200.0
1999-04-30,QQQ,54.125,54.4063,51.8125,53.7188,15295200.0
1999-05-03,QQQ,53.5625,53.7813,52.5391,53.4375,11109800.0
1999-05-04,QQQ,53.5313,54.375,52.2813,52.5938,15428400.0
1999-05-05,QQQ,52.625,54.1875,51.0313,54.1875,12642600.0
1999-05-06,QQQ,53.6875,54.1563,51.7188,52.2188,15173400.0
1999-05-07,QQQ,52.6875,53.125,51.5625,52.9688,16430400.0
1999-05-10,QQQ,53.3125,53.8594,52.6875,53.5,10604200.0
1999-05-11,QQQ,53.9375,54.625,53.625,54.3438,8800800.0
1999-05-12,QQQ,54.5938,55.6563,53.0,55.4688,12507400.0
1999-05-13,QQQ,55.9063,56.0,54.1875,54.4375,9864000.0
1999-05-14,QQQ,53.375,54.0,53.0,53.4063,12205400.0
1999-05-17,QQQ,52.9375,54.5313,52.4141,54.3672,9906800.0
1999-05-18,QQQ,54.3125,54.625,53.5,54.125,9267800.0
1999-05-19,QQQ,54.3438,54.9063,53.5,54.875,7985600.0
1999-05-20,QQQ,54.9922,54.9922,53.2813,53.3672,5997200.0
1999-05-21,QQQ,53.5313,53.6875,52.5938,52.875,10471600.0
1999-05-24,QQQ,52.9688,53.0625,51.1875,51.5313,9569800.0
1999-05-25,QQQ,51.4688,52.2188,49.625,49.8438,17771200.0
1999-05-26,QQQ,50.5,51.4375,48.9375,51.2344,26772000.0
1999-05-27,QQQ,51.0313,51.9297,50.375,51.1875,23334800.0
1999-05-28,QQQ,51.5,52.3125,50.8438,52.0313,12969800.0
1999-06-01,QQQ,51.9375,52.1875,50.5938,50.875,6960200.0
1999-06-02,QQQ,50.8438,52.0,49.5703,51.7344,11996600.0
1999-06-03,QQQ,52.125,52.125,50.6875,51.0,11147800.0
1999-06-04,QQQ,51.375,52.7422,51.375,52.5625,12987200.0
1999-06-07,QQQ,52.9297,53.9922,52.8125,53.6563,11491800.0
1999-06-08,QQQ,53.7813,54.0313,52.0391,52.3125,8134800.0
1999-06-09,QQQ,52.5,53.336,52.4688,53.1875,8384400.0
1999-06-10,QQQ,52.625,52.9375,51.9453,52.5782,9392400.0
1999-06-11,QQQ,52.9375,52.9922,51.3125,51.7813,16567600.0
1999-06-14,QQQ,51.9688,51.9688,50.6875,50.8047,14136800.0
1999-06-15,QQQ,50.9297,51.8672,50.7813,51.5625,9147800.0
1999-06-16,QQQ,52.8438,54.211,52.7813,54.211,15060200.0
1999-06-17,QQQ,53.5,55.0625,53.5,54.8125,16278200.0
1999-06-18,QQQ,54.3125,55.2188,54.2188,55.0625,5392800.0
1999-06-21,QQQ,55.4375,56.7422,55.3438,56.711,10565200.0
1999-06-22,QQQ,56.375,57.0938,55.0,55.0,10862800.0
1999-06-23,QQQ,55.0078,56.0,54.6563,55.8672,9607000.0
1999-06-24,QQQ,55.8438,55.875,54.5,54.7578,14988800.0
1999-06-25,QQQ,55.125,55.5625,54.1875,54.6875,8635600.0
1999-06-28,QQQ,55.1563,56.0625,54.7032,55.9844,7666200.0
1999-06-29,QQQ,55.9375,56.9688,55.6563,56.75,9000400.0
1999-06-30,QQQ,56.8047,59.9375,56.1328,57.625,19467600.0
1999-07-01,QQQ,57.8125,58.3438,56.8125,58.0157,6822600.0
1999-07-02,QQQ,58.0,58.8125,58.0,58.75,3302000.0
1999-07-06,QQQ,59.0625,59.6563,58.0625,58.375,8794800.0
1999-07-07,QQQ,58.3438,58.7188,57.9375,58.4688,10520000.0
1999-07-08,QQQ,58.4688,59.4922,58.1875,59.25,11225000.0
1999-07-09,QQQ,59.4688,59.9063,59.0313,59.8438,4191200.0
1999-07-12,QQQ,60.0625,60.375,59.1875,59.5313,7816200.0
1999-07-13,QQQ,59.25,59.4688,58.7813,59.25,6230000.0
1999-07-14,QQQ,59.8438,60.375,59.0,60.2578,6909400.0
1999-07-15,QQQ,60.4688,60.8125,60.1328,60.8125,6539800.0
1999-07-16,QQQ,60.8438,61.7188,60.8203,61.375,4913800.0
1999-07-19,QQQ,61.625,61.625,60.5078,60.75,6833000.0
1999-07-20,QQQ,60.0078,60.0938,58.25,58.4063,14837400.0
1999-07-21,QQQ,58.5313,59.1953,58.0625,58.6875,10980400.0
1999-07-22,QQQ,58.6875,58.6875,57.0313,57.1953,15148400.0
1999-07-23,QQQ,57.625,57.8672,56.6875,57.2813,12115000.0
1999-07-26,QQQ,56.5,57.125,55.7813,55.875,10720000.0
1999-07-27,QQQ,57.0,57.875,56.5157,57.0,13732800.0
1999-07-28,QQQ,57.6875,58.4375,56.9453,58.1172,10161800.0
1999-07-29,QQQ,57.0313,57.5,56.3125,56.875,13033800.0
1999-07-30,QQQ,57.125,57.75,56.5078,56.5938,10947400.0
1999-08-02,QQQ,56.6875,57.8125,56.2188,56.4375,9642400.0
1999-08-03,QQQ,57.211,57.2188,55.25,56.0703,13005000.0
1999-08-04,QQQ,56.0703,56.4922,55.0078,55.0547,13227600.0
1999-08-05,QQQ,55.0625,55.9297,53.75,55.9297,18695200.0
1999-08-06,QQQ,55.5313,56.5625,54.9375,55.3282,12392200.0
1999-08-09,QQQ,55.5313,55.6875,54.5078,54.6172,7983400.0
1999-08-10,QQQ,54.4688,54.8672,52.9375,54.125,16767200.0
1999-08-11,QQQ,55.0938,56.0,54.2657,55.9063,13101400.0
1999-08-12,QQQ,56.125,56.5,55.125,55.25,12715000.0
1999-08-13,QQQ,56.4063,57.7188,56.3125,57.6563,14342600.0
1999-08-16,QQQ,57.625,58.3125,57.25,58.1172,11470600.0
1999-08-17,QQQ,58.625,58.6875,57.3438,58.4063,11408400.0
1999-08-18,QQQ,58.125,58.8438,57.5313,57.75,7035200.0
1999-08-19,QQQ,57.2188,57.625,56.6953,57.0625,10157800.0
1999-08-20,QQQ,57.125,57.9688,56.8125,57.9688,6920800.0
1999-08-23,QQQ,58.5,59.8125,58.3672,59.8125,9652000.0
1999-08-24,QQQ,59.375,60.875,59.2578,60.2188,13891400.0
1999-08-25,QQQ,60.5938,61.75,59.9375,61.5,11352000.0
1999-08-26,QQQ,61.5,61.7188,60.3828,60.4766,9753000.0
1999-08-27,QQQ,60.9297,60.9375,59.7188,59.875,9635400.0
1999-08-30,QQQ,60.125,60.3125,58.875,59.0313,10141600.0
1999-08-31,QQQ,59.4375,60.0625,58.125,59.6875,14590400.0
1999-09-01,QQQ,60.0625,60.625,59.6875,60.1172,10752000.0
1999-09-02,QQQ,59.0,60.2188,58.875,59.9063,14583200.0
1999-09-03,QQQ,61.625,62.6797,61.4063,62.6563,14195400.0
1999-09-07,QQQ,62.5313,63.1563,62.2813,62.375,9009000.0
1999-09-08,QQQ,62.0,62.625,61.0313,61.5313,14303400.0
1999-09-09,QQQ,61.5625,62.5625,61.25,62.4063,12677600.0
1999-09-10,QQQ,63.25,63.7422,62.5313,63.125,10251000.0
1999-09-13,QQQ,63.0625,63.1875,62.0313,62.3672,7240800.0
1999-09-14,QQQ,62.125,63.1485,62.0,62.711,10022600.0
1999-09-15,QQQ,63.4922,63.4922,61.4375,61.5,16096000.0
1999-09-16,QQQ,61.4688,62.0313,60.1953,61.4688,15371000.0
1999-09-17,QQQ,62.0313,63.4375,61.9375,63.3125,14506400.0
1999-09-20,QQQ,63.5,63.75,63.0313,63.461,6187200.0
1999-09-21,QQQ,62.9063,63.0313,61.7578,61.9375,12265800.0
1999-09-22,QQQ,62.0313,62.9219,61.2813,62.5938,12441800.0
1999-09-23,QQQ,63.25,63.375,59.6328,60.0,19766000.0
1999-09-24,QQQ,59.625,60.3125,58.625,60.0782,23570800.0
1999-09-27,QQQ,60.9375,61.375,60.3125,60.5,12608800.0
1999-09-28,QQQ,60.1953,61.0,58.9063,60.7813,20622000.0
1999-09-29,QQQ,60.7813,61.2188,59.5625,59.5625,15557000.0
1999-09-30,QQQ,60.125,60.8125,59.375,60.1875,17604200.0
1999-10-01,QQQ,59.375,60.211,58.75,60.211,19607400.0
1999-10-04,QQQ,60.5313,61.7813,60.1875,61.5625,12434200.0
1999-10-05,QQQ,61.7813,62.75,60.6875,62.0,19526400.0
1999-10-06,QQQ,62.375,63.336,61.4297,63.2422,19098200.0
1999-10-07,QQQ,63.5938,63.8985,62.625,63.0938,22013600.0
1999-10-08,QQQ,62.8438,63.9375,62.0,63.7578,22523200.0
1999-10-11,QQQ,63.9375,64.6875,63.7813,64.6563,13016000.0
1999-10-12,QQQ,64.4375,64.9532,63.0,63.1875,20182800.0
1999-10-13,QQQ,62.4688,63.2188,61.0625,61.3125,22570600.0
1999-10-14,QQQ,61.5313,62.125,60.5313,61.6953,22130400.0
1999-10-15,QQQ,60.125,61.0,59.5078,59.875,33703000.0
1999-10-18,QQQ,59.9375,60.1563,57.4141,59.1172,24714800.0
1999-10-19,QQQ,59.7578,60.0625,58.4375,59.4375,26657200.0
1999-10-20,QQQ,60.3438,61.7422,59.75,61.25,22486400.0
1999-10-21,QQQ,60.25,62.25,59.8125,62.25,22454800.0
1999-10-22,QQQ,62.6172,63.25,61.75,61.9688,16589400.0
1999-10-25,QQQ,61.6875,62.6797,61.4375,62.0,13855400.0
1999-10-26,QQQ,62.75,63.0938,61.375,61.5,13542400.0
1999-10-27,QQQ,61.3438,61.625,60.4453,61.4063,15225200.0
1999-10-28,QQQ,62.375,63.75,61.8125,63.5313,14103800.0
1999-10-29,QQQ,65.0,66.25,64.7813,65.75,19000000.0
1999-11-01,QQQ,65.75,66.5313,65.3203,65.4063,9681800.0
1999-11-02,QQQ,65.75,66.5625,65.1953,65.4453,12834800.0
1999-11-03,QQQ,66.375,67.125,66.1875,66.75,18752600.0
1999-11-04,QQQ,67.6797,67.8125,66.7813,67.5,20048600.0
1999-11-05,QQQ,68.875,69.2188,68.1875,68.1875,15134600.0
1999-11-08,QQQ,68.4375,69.8047,68.2188,69.5625,10890800.0
1999-11-09,QQQ,70.125,70.25,68.5,69.0938,14629800.0
1999-11-10,QQQ,69.125,70.5938,68.8125,70.0,16561000.0
1999-11-11,QQQ,70.75,71.3438,70.125,71.25,18501400.0
1999-11-12,QQQ,71.625,72.25,69.375,72.1875,28646600.0
1999-11-15,QQQ,72.25,72.5,71.6875,72.0469,10909400.0
1999-11-16,QQQ,72.3125,74.2188,72.0,73.875,19126400.0
1999-11-17,QQQ,73.875,74.1953,72.5,72.875,21683600.0
1999-11-18,QQQ,73.375,75.1094,72.9375,75.1094,17738400.0
1999-11-19,QQQ,74.7813,75.9063,74.5,75.7813,17939800.0
1999-11-22,QQQ,75.9375,77.5,75.125,77.5,18841800.0
1999-11-23,QQQ,76.4375,76.5,74.25,74.9688,24047600.0
1999-11-24,QQQ,75.1875,77.7422,74.4063,77.4375,18617800.0
1999-11-26,QQQ,78.4063,78.7813,77.375,77.6875,8045200.0
1999-11-29,QQQ,77.5313,78.1875,76.3125,76.4063,20485200.0
1999-11-30,QQQ,76.5625,76.6875,73.5,73.5,23702400.0
1999-12-01,QQQ,74.3125,75.4688,73.75,75.0938,23205800.0
1999-12-02,QQQ,75.375,77.625,75.3282,77.4766,17229200.0
1999-12-03,QQQ,79.3125,80.1875,78.9063,79.125,21444600.0
1999-12-06,QQQ,79.4297,80.5,78.6875,79.8438,16018400.0
1999-12-07,QQQ,80.0938,80.4063,78.836,79.8438,23397000.0
1999-12-08,QQQ,79.8672,80.4922,78.6875,78.875,19563000.0
1999-12-09,QQQ,80.0,80.4375,77.25,79.25,28445400.0
1999-12-10,QQQ,79.9063,80.1875,78.125,79.9063,20428400.0
1999-12-13,QQQ,79.6328,81.336,79.2813,80.9922,16209200.0
1999-12-14,QQQ,80.75,81.2188,79.0,79.5313,27760200.0
1999-12-15,QQQ,78.625,81.0625,77.9375,81.0625,31797200.0
1999-12-16,QQQ,82.125,83.25,81.75,83.0625,27219600.0
1999-12-17,QQQ,84.5,84.875,83.4297,83.7813,23892400.0
1999-12-20,QQQ,84.4063,85.25,83.6875,84.875,15392000.0
1999-12-21,QQQ,85.125,89.4375,84.6407,89.4375,26003800.0
1999-12-22,QQQ,89.1875,89.3125,87.4375,89.1563,22313600.0
1999-12-23,QQQ,89.8672,90.75,89.0,90.2188,17543600.0
1999-12-27,QQQ,90.3125,90.3438,87.9063,89.6875,19282800.0
1999-12-28,QQQ,89.75,90.5,88.5625,89.125,15346400.0
1999-12-29,QQQ,90.0,92.5,89.875,92.5,16512600.0
1999-12-30,QQQ,93.625,93.75,91.5,91.5,21887000.0
1999-12-31,QQQ,92.625,93.1875,91.375,91.375,14464400.0
2000-01-03,QQQ,96.1875,96.1875,90.75,94.75,18172600.0
2000-01-04,QQQ,92.0,93.5,87.9375,88.25,16893300.0
2000-01-05,QQQ,87.5,89.625,84.25,86.0,21248300.0
2000-01-06,QQQ,86.875,88.0,79.75,80.0938,18567400.0
2000-01-07,QQQ,82.9375,90.0,82.5,90.0,14069100.0
2000-01-10,QQQ,91.0,93.9375,89.9375,92.5,14837800.0
2000-01-11,QQQ,91.75,92.875,87.0,88.0,16273300.0
2000-01-12,QQQ,89.0,89.2422,86.0,86.0625,14525000.0
2000-01-13,QQQ,88.5,91.5,87.0782,91.25,12582600.0
2000-01-14,QQQ,93.0,93.625,92.0,93.375,10949300.0
2000-01-18,QQQ,92.0625,94.4375,91.4375,93.875,8376200.0
2000-01-19,QQQ,93.4922,96.0,92.4297,96.0,9503000.0
2000-01-20,QQQ,95.5,96.875,94.0078,95.0625,12979000.0
2000-01-21,QQQ,96.5,96.5625,95.0625,96.25,9349100.0
2000-01-24,QQQ,97.4375,97.625,90.9688,91.625,14170200.0
2000-01-25,QQQ,91.875,94.1172,89.4063,93.0,16638100.0
2000-01-26,QQQ,93.25,93.3125,89.0,89.25,11547800.0
2000-01-27,QQQ,91.75,92.5,87.625,90.5625,15369600.0
2000-01-28,QQQ,90.0,90.4688,84.75,86.0,17656900.0
2000-01-31,QQQ,85.875,90.0,83.5,89.6875,18007300.0
2000-02-01,QQQ,89.5313,92.5,88.4375,92.0938,13208800.0
2000-02-02,QQQ,92.25,94.7188,92.0938,92.875,13084600.0
2000-02-03,QQQ,94.3125,96.625,92.2813,96.5,15289900.0
2000-02-04,QQQ,97.0,98.2422,96.2188,97.1563,13320000.0
2000-02-07,QQQ,97.25,98.625,96.25,98.5,8880500.0
2000-02-08,QQQ,99.375,102.875,99.375,102.625,10999700.0
2000-02-09,QQQ,102.0625,102.1953,98.75,99.0,13629100.0
2000-02-10,QQQ,99.8125,102.25,98.5547,102.25,13170800.0
2000-02-11,QQQ,102.0625,102.0625,98.0,99.875,12438000.0
2000-02-14,QQQ,99.9922,100.0,97.75,99.75,11407300.0
2000-02-15,QQQ,98.9375,100.625,95.875,100.4688,15286400.0
2000-02-16,QQQ,99.9063,101.6875,99.3125,100.0,12655300.0
2000-02-17,QQQ,101.1875,103.25,99.625,102.125,15040100.0
2000-02-18,QQQ,102.625,103.0,98.4375,98.4375,12635600.0
2000-02-22,QQQ,99.0,99.9375,96.25,98.75,18613100.0
2000-02-23,QQQ,99.6797,105.0,99.1563,104.25,16085400.0
2000-02-24,QQQ,104.875,106.8047,102.0,106.5,24434100.0
2000-02-25,QQQ,106.1875,107.5,103.875,104.0625,16308800.0
2000-02-28,QQQ,103.25,105.6875,100.5,104.0,19108100.0
2000-02-29,QQQ,105.75,107.0938,104.9375,106.75,11989300.0
2000-03-01,QQQ,107.25,108.5625,106.5,107.625,12234200.0
2000-03-02,QQQ,108.0625,108.1875,104.75,105.1328,16369600.0
2000-03-03,QQQ,108.0,111.125,107.0,111.0625,16008600.0
2000-03-06,QQQ,111.75,113.2188,110.25,111.9375,11634200.0
2000-03-07,QQQ,113.8125,113.875,108.75,110.25,19735500.0
2000-03-08,QQQ,111.0,112.0,106.2813,111.25,21756300.0
2000-03-09,QQQ,111.2188,115.5,109.0938,115.0,15050700.0
2000-03-10,QQQ,114.875,116.4375,113.5078,114.5,14875300.0
2000-03-13,QQQ,110.0,114.125,109.5313,111.5,18772100.0
2000-03-14,QQQ,112.75,113.375,105.0,107.375,19553400.0
2000-03-15,QQQ,106.5,107.0,101.875,102.875,25601300.0
2000-03-16,QQQ,105.375,109.25,101.0,108.75,27641100.0
2000-03-17,QQQ,108.0,111.0625,107.9375,110.8125,15711200.0
2000-03-20,QQQ,111.0,111.5,106.25,107.6875,21167200.0
2000-03-21,QQQ,106.125,111.9375,103.5625,111.75,33435100.0
2000-03-22,QQQ,113.5,115.9688,111.125,114.0,24370200.0
2000-03-23,QQQ,114.4844,117.75,113.5625,116.0,19227400.0
2000-03-24,QQQ,117.4844,120.5,115.0156,117.5625,22063000.0
2000-03-27,QQQ,118.0,119.5,117.125,117.75,11752600.0
2000-03-28,QQQ,116.9844,117.8125,113.125,114.75,18336300.0
2000-03-29,QQQ,115.375,115.4375,110.0,110.0,27189500.0
2000-03-30,QQQ,107.25,112.75,103.5,107.25,42328700.0
2000-03-31,QQQ,108.1406,110.625,104.0,109.5,31349900.0
2000-04-03,QQQ,107.7656,109.125,100.75,102.9375,31551300.0
2000-04-04,QQQ,103.625,103.9375,88.3125,101.9375,66213000.0
2000-04-05,QQQ,97.5,103.9375,96.25,100.125,37631500.0
2000-04-06,QQQ,102.375,103.875,99.75,102.5,30499900.0
2000-04-07,QQQ,104.125,107.375,102.625,106.625,20645500.0
2000-04-10,QQQ,107.625,107.6875,99.25,100.125,26988200.0
2000-04-11,QQQ,97.125,101.5,95.75,97.75,34497100.0
2000-04-12,QQQ,97.625,98.75,90.25,92.375,34824400.0
2000-04-13,QQQ,92.8125,96.0,88.0,88.0,46330500.0
2000-04-14,QQQ,86.0625,88.5,78.0,80.375,60851300.0
2000-04-17,QQQ,78.0156,90.0,78.0,89.625,55398500.0
2000-04-18,QQQ,89.4844,93.0,87.375,92.0,36260900.0
2000-04-19,QQQ,92.5,93.625,89.0625,89.1875,28082500.0
2000-04-20,QQQ,90.375,90.9688,86.0625,87.25,21255600.0
2000-04-24,QQQ,83.4375,85.25,79.875,84.75,31190900.0
2000-04-25,QQQ,86.5,90.5,86.0,90.4688,28663200.0
2000-04-26,QQQ,90.625,92.4219,87.125,87.375,25688300.0
2000-04-27,QQQ,83.5,92.4844,83.5,91.25,37010400.0
2000-04-28,QQQ,93.5625,94.75,92.125,94.75,24828400.0
2000-05-01,QQQ,95.75,96.875,94.25,95.625,23205700.0
2000-05-02,QQQ,94.875,95.625,89.75,90.125,20307900.0
2000-05-03,QQQ,89.5,90.25,85.5156,89.125,26589700.0
2000-05-04,QQQ,89.0,90.75,87.625,89.3125,17750700.0
2000-05-05,QQQ,88.125,92.3125,88.0313,91.4375,20571200.0
2000-05-08,QQQ,90.5,90.75,87.75,87.875,13903000.0
2000-05-09,QQQ,88.5,89.125,84.3125,86.0,19825800.0
2000-05-10,QQQ,84.375,84.9844,79.5,79.75,34847500.0
2000-05-11,QQQ,82.75,85.25,80.875,84.625,24709700.0
2000-05-12,QQQ,85.375,87.5625,84.0,84.625,17832000.0
2000-05-15,QQQ,84.8125,88.625,82.625,88.3125,17950800.0
2000-05-16,QQQ,90.0,91.5,88.0625,90.8125,23758800.0
2000-05-17,QQQ,89.25,90.5,87.75,88.9375,20339400.0
2000-05-18,QQQ,89.0,89.3594,85.375,85.75,19063000.0
2000-05-19,QQQ,83.75,85.0,81.3125,81.6875,28178100.0
2000-05-22,QQQ,81.625,82.25,75.5781,81.625,43879800.0
2000-05-23,QQQ,81.375,82.625,74.25,74.8125,31898500.0
2000-05-24,QQQ,75.0,79.875,72.25,79.5,49476000.0
2000-05-25,QQQ,80.25,82.25,76.5,77.75,29632700.0
2000-05-26,QQQ,77.75,79.25,75.75,77.75,18203200.0
2000-05-30,QQQ,80.0,85.9375,80.0,85.5625,31590400.0
2000-05-31,QQQ,84.4688,86.6719,82.75,83.125,29675400.0
2000-06-01,QQQ,85.1875,88.375,84.0,87.375,28993500.0
2000-06-02,QQQ,92.625,94.1094,91.875,93.625,31677200.0
2000-06-05,QQQ,92.25,95.3125,91.875,93.8594,23784300.0
2000-06-06,QQQ,93.1875,95.0,90.875,91.25,23200500.0
2000-06-07,QQQ,91.5625,94.0,89.5625,93.6875,22524400.0
2000-06-08,QQQ,94.625,94.875,91.625,93.25,19313800.0
2000-06-09,QQQ,94.75,94.75,93.0,93.75,17014600.0
2000-06-12,QQQ,94.3125,94.3125,90.0,90.75,16484700.0
2000-06-13,QQQ,90.5,94.625,89.3594,94.25,25187900.0
2000-06-14,QQQ,94.875,94.875,91.5,92.125,20274500.0
2000-06-15,QQQ,91.875,93.875,90.875,93.75,18807800.0
2000-06-16,QQQ,94.75,95.3125,93.0625,94.25,21203400.0
2000-06-19,QQQ,94.0156,98.25,92.6875,98.0,20042500.0
2000-06-20,QQQ,98.25,99.6875,97.1875,97.625,20988300.0
2000-06-21,QQQ,96.8125,99.7188,96.6875,98.875,20880600.0
2000-06-22,QQQ,98.625,99.0,94.5,95.25,21526700.0
2000-06-23,QQQ,95.0,95.5,91.375,91.5,24888100.0
2000-06-26,QQQ,93.0625,94.4219,92.0,94.0,22169200.0
2000-06-27,QQQ,93.7656,95.0625,92.375,92.875,14786000.0
2000-06-28,QQQ,92.9844,95.5,92.5,94.0,19259800.0
2000-06-29,QQQ,92.9375,93.375,90.625,91.6406,21355800.0
2000-06-30,QQQ,91.8125,93.9531,91.3125,93.4375,15153100.0
2000-07-03,QQQ,93.5,95.25,93.25,95.25,5212000.0
2000-07-05,QQQ,93.625,93.9688,90.875,91.5625,16489000.0
2000-07-06,QQQ,91.5625,94.75,90.0625,94.0,23594700.0
2000-07-07,QQQ,95.0,97.0,94.4375,95.9375,16603200.0
2000-07-10,QQQ,94.6875,95.875,94.0,94.4844,12659400.0
2000-07-11,QQQ,94.0625,95.75,92.8125,95.0,14374600.0
2000-07-12,QQQ,95.4375,97.75,94.625,97.25,18252600.0
2000-07-13,QQQ,97.9375,99.75,97.125,98.5,19566700.0
2000-07-14,QQQ,100.25,101.125,98.8125,100.625,17219400.0
2000-07-17,QQQ,100.9375,102.0625,99.875,101.75,13140500.0
2000-07-18,QQQ,100.375,100.7813,98.3594,99.5,20684000.0
2000-07-19,QQQ,98.3125,98.9375,95.6563,97.25,21828500.0
2000-07-20,QQQ,97.875,100.5,97.2656,100.375,19521200.0
2000-07-21,QQQ,98.4375,99.5156,97.0,97.0,14411400.0
2000-07-24,QQQ,97.9375,99.0,94.25,95.0,18579200.0
2000-07-25,QQQ,95.625,97.0,93.8125,95.75,19065700.0
2000-07-26,QQQ,95.5,96.125,93.25,95.625,20318700.0
2000-07-27,QQQ,93.9375,95.0625,91.5625,91.875,26141800.0
2000-07-28,QQQ,92.1875,92.875,86.0,86.875,36485600.0
2000-07-31,QQQ,87.625,90.125,85.7188,89.4375,27609900.0
2000-08-01,QQQ,89.8125,89.9844,87.6875,88.25,15751800.0
2000-08-02,QQQ,87.875,90.3906,86.5,86.6875,23578200.0
2000-08-03,QQQ,84.25,91.25,83.3125,90.4375,35874700.0
2000-08-04,QQQ,92.0,92.7656,89.125,90.125,22283400.0
2000-08-07,QQQ,90.875,93.0313,90.25,92.25,15103300.0
2000-08-08,QQQ,92.0625,95.0,91.5,94.125,14832300.0
2000-08-09,QQQ,93.6875,94.4375,91.375,91.625,18649800.0
2000-08-10,QQQ,91.8125,92.2344,89.5,89.8125,15336200.0
2000-08-11,QQQ,89.25,91.1094,87.875,91.0625,21050600.0
2000-08-14,QQQ,91.375,93.0,90.2031,93.0,12539300.0
2000-08-15,QQQ,92.75,93.9844,92.0,93.0,14090300.0
2000-08-16,QQQ,93.4375,94.6875,92.0,93.9375,15245300.0
2000-08-17,QQQ,92.9375,95.875,92.875,95.75,14492400.0
2000-08-18,QQQ,95.9375,96.625,94.6875,95.25,14706700.0
2000-08-21,QQQ,96.0,96.8594,94.375,95.5,13560100.0
2000-08-22,QQQ,96.0,97.3594,95.2656,95.5,14878200.0
2000-08-23,QQQ,94.6875,97.4375,93.8281,97.0625,21396400.0
2000-08-24,QQQ,97.4375,98.6875,96.0625,98.5625,13567700.0
2000-08-25,QQQ,98.4844,99.9531,97.0,98.0313,11764700.0
2000-08-28,QQQ,98.25,99.8438,97.9375,98.5,12314200.0
2000-08-29,QQQ,98.625,99.1719,97.8594,99.0,11162800.0
2000-08-30,QQQ,98.3125,99.5,97.7656,98.875,10545300.0
2000-08-31,QQQ,99.625,102.0,99.5625,101.625,15588700.0
2000-09-01,QQQ,103.0,103.5156,101.1875,102.625,14071900.0
2000-09-05,QQQ,101.625,101.75,99.4219,99.5,16348300.0
2000-09-06,QQQ,99.25,99.4844,95.5,96.0,20964900.0
2000-09-07,QQQ,96.8125,99.4219,96.5625,98.125,16669700.0
2000-09-08,QQQ,97.7656,98.0,94.7656,95.125,23475200.0
2000-09-11,QQQ,94.5,96.125,92.0,92.8125,27262100.0
2000-09-12,QQQ,93.5,94.6875,90.8438,91.375,24256000.0
2000-09-13,QQQ,90.25,93.875,90.0,93.5,34093100.0
2000-09-14,QQQ,95.25,95.9375,92.6406,93.0,28615300.0
2000-09-15,QQQ,93.125,93.625,90.6875,91.3125,24994600.0
2000-09-18,QQQ,91.8125,93.0,88.0,89.875,29218500.0
2000-09-19,QQQ,90.75,93.7813,89.875,93.1875,27568700.0
2000-09-20,QQQ,93.375,95.2344,91.3125,94.625,33123200.0
2000-09-21,QQQ,93.75,94.4844,87.0,87.75,25031400.0
2000-09-22,QQQ,87.625,93.25,87.5,92.9375,33710100.0
2000-09-25,QQQ,93.625,94.25,90.0,90.4688,20560800.0
2000-09-26,QQQ,90.7656,92.5,88.9219,89.4375,26011200.0
2000-09-27,QQQ,90.625,91.1875,88.0,89.5625,28482900.0
2000-09-28,QQQ,88.7188,93.0,88.7188,91.5625,29050000.0
2000-09-29,QQQ,92.0,92.4531,88.6875,88.75,27198800.0
2000-10-02,QQQ,90.25,90.25,86.0,86.75,24968200.0
2000-10-03,QQQ,88.0625,88.5,83.2656,84.0,35731200.0
2000-10-04,QQQ,83.5,86.8594,82.125,85.625,37672100.0
2000-10-05,QQQ,85.25,87.1875,84.5625,85.875,23443100.0
2000-10-06,QQQ,85.5625,86.5625,81.2539,83.0,36335800.0
2000-10-09,QQQ,82.5625,83.8125,79.375,82.625,28834600.0
2000-10-10,QQQ,81.8125,83.3125,77.875,78.3125,35283200.0
2000-10-11,QQQ,76.875,80.4531,76.0625,77.0625,48462600.0
2000-10-12,QQQ,79.25,79.5625,74.3125,75.125,53223600.0
2000-10-13,QQQ,74.6875,81.625,74.625,81.25,42410200.0
2000-10-16,QQQ,81.125,82.3125,79.75,82.0,27644900.0
2000-10-17,QQQ,83.125,83.1719,78.0,78.25,52101400.0
2000-10-18,QQQ,76.75,81.1875,74.5625,78.0,64354400.0
2000-10-19,QQQ,82.3906,85.1094,81.4375,85.0625,44278900.0
2000-10-20,QQQ,84.5,87.875,84.3906,86.3125,40692200.0
2000-10-23,QQQ,86.1875,87.5,84.125,86.1875,28989200.0
2000-10-24,QQQ,86.4375,87.0,82.375,82.5,31466200.0
2000-10-25,QQQ,81.25,82.0,76.8906,77.875,48635400.0
2000-10-26,QQQ,78.1875,80.0,73.625,79.875,69991300.0
2000-10-27,QQQ,80.8594,81.8594,77.4844,79.7188,51046400.0
2000-10-30,QQQ,78.1875,79.875,75.7031,76.7656,35496700.0
2000-10-31,QQQ,78.0,82.5625,77.875,81.7031,43863800.0
2000-11-01,QQQ,80.3125,82.8125,79.1875,81.0,45186400.0
2000-11-02,QQQ,82.1875,83.25,81.0625,82.0,26594300.0
2000-11-03,QQQ,82.875,83.9375,81.6406,83.0625,29837100.0
2000-11-06,QQQ,83.625,84.125,82.0,82.4375,23485800.0
2000-11-07,QQQ,81.4375,82.4688,80.25,82.125,24334400.0
2000-11-08,QQQ,82.125,82.25,75.625,75.7031,40338200.0
2000-11-09,QQQ,74.75,76.9375,73.0,75.6875,64955900.0
2000-11-10,QQQ,74.25,75.6875,71.75,71.75,49235500.0
2000-11-13,QQQ,70.9531,74.1875,68.2656,70.0625,75023400.0
2000-11-14,QQQ,73.0,76.0,72.75,75.8438,44829500.0
2000-11-15,QQQ,75.5625,78.0625,74.7969,77.375,37760900.0
2000-11-16,QQQ,75.375,77.0,72.875,72.875,33898700.0
2000-11-17,QQQ,73.1875,75.1875,71.0,72.8281,49913800.0
2000-11-20,QQQ,70.9375,72.0625,69.25,69.8594,46862300.0
2000-11-21,QQQ,70.1875,71.125,68.4375,69.75,42128600.0
2000-11-22,QQQ,68.4375,70.125,66.5,66.625,56623700.0
2000-11-24,QQQ,68.375,70.625,68.1719,70.4375,19987900.0
2000-11-27,QQQ,72.5625,72.9375,68.75,69.5625,35416600.0
2000-11-28,QQQ,68.9375,69.9375,65.3125,65.4531,48812700.0
2000-11-29,QQQ,65.8125,66.75,62.5,62.9375,66189300.0
2000-11-30,QQQ,61.75,64.25,60.5,62.9844,74792600.0
2000-12-01,QQQ,64.0625,66.7656,62.125,64.0,57112500.0
2000-12-04,QQQ,64.125,65.3594,61.75,63.6875,49106300.0
2000-12-05,QQQ,66.0625,71.0,65.5,70.6875,76531800.0
2000-12-06,QQQ,70.5938,72.2969,67.75,68.0,63352100.0
2000-12-07,QQQ,67.0,68.9844,65.5,66.5,41481100.0
2000-12-08,QQQ,71.0938,74.0,67.625,68.0,65856900.0
2000-12-11,QQQ,72.0586,74.7813,70.9531,74.375,51829800.0
2000-12-12,QQQ,73.5,73.875,71.3125,71.6563,31054500.0
2000-12-13,QQQ,73.4375,73.5,68.3125,68.7344,51661600.0
2000-12-14,QQQ,68.5156,69.6875,65.25,65.375,41562700.0
2000-12-15,QQQ,64.25,65.625,62.5625,63.875,59026100.0
2000-12-18,QQQ,65.1563,65.9688,62.5625,64.0,42950000.0
2000-12-19,QQQ,63.4531,65.8594,58.75,59.125,80489200.0
2000-12-20,QQQ,57.3125,58.375,54.75,55.7344,81432100.0
2000-12-21,QQQ,55.0156,58.75,54.25,56.0625,85875600.0
2000-12-22,QQQ,57.625,60.75,57.625,60.5,57240000.0
2000-12-26,QQQ,60.5938,61.9219,58.0,60.875,37082800.0
2000-12-27,QQQ,59.6875,62.1875,58.9375,61.5625,33955500.0
2000-12-28,QQQ,60.7813,62.4844,60.25,61.4375,30996900.0
2000-12-29,QQQ,61.5625,62.2344,58.0,58.375,49191000.0
2001-01-02,QQQ,58.5625,58.6875,52.4375,53.4375,62514100.0
2001-01-03,QQQ,52.1875,65.25,52.1563,62.4375,118175700.0
2001-01-04,QQQ,61.625,63.625,60.2344,61.3125,58465400.0
2001-01-05,QQQ,61.3125,61.3125,56.0,56.625,68782000.0
2001-01-08,QQQ,56.3125,57.5,53.5156,57.25,55576500.0
2001-01-09,QQQ,57.75,59.125,56.625,57.25,53318900.0
2001-01-10,QQQ,56.125,60.375,55.75,60.1875,74258300.0
2001-01-11,QQQ,59.2656,63.6875,59.1875,61.9375,65451700.0
2001-01-12,QQQ,62.7539,64.625,61.5,62.7344,60793900.0
2001-01-16,QQQ,62.5625,62.9219,60.5625,61.9844,32203300.0
2001-01-17,QQQ,64.5,65.6094,63.1406,63.875,61388800.0
2001-01-18,QQQ,64.125,66.75,62.6875,66.5625,54934700.0
2001-01-19,QQQ,68.1406,68.3125,65.5625,66.3125,56292500.0
2001-01-22,QQQ,65.875,67.0,64.75,66.375,35777100.0
2001-01-23,QQQ,65.9063,68.4063,65.3125,67.7656,49859500.0
2001-01-24,QQQ,68.0625,69.125,66.75,67.125,53905400.0
2001-01-25,QQQ,66.875,67.6719,64.3906,64.5,57151900.0
2001-01-26,QQQ,63.5625,65.9375,63.0,65.5469,45681400.0
2001-01-29,QQQ,64.75,67.25,64.25,67.0,31514100.0
2001-01-30,QQQ,67.15,67.74,63.55,66.75,42439300.0
2001-01-31,QQQ,67.25,68.0,64.3,64.3,59322200.0
2001-02-01,QQQ,64.55,65.61,63.6,65.15,45142600.0
2001-02-02,QQQ,64.94,65.3,60.0,61.55,47471000.0
2001-02-05,QQQ,61.19,61.9,60.12,61.5,36016300.0
2001-02-06,QQQ,61.49,63.12,61.16,61.6,42417700.0
2001-02-07,QQQ,60.51,61.2,58.58,60.6,61972200.0
2001-02-08,QQQ,60.9,61.5,58.58,58.79,48269500.0
2001-02-09,QQQ,58.25,61.04,56.0,56.4,55385200.0
2001-02-12,QQQ,56.25,57.94,55.62,57.08,50540400.0
2001-02-13,QQQ,57.65,59.18,54.98,55.25,58914000.0
2001-02-14,QQQ,55.4,57.75,54.125,57.45,63048200.0
2001-02-15,QQQ,58.8,60.49,58.3,58.4,67801300.0
2001-02-16,QQQ,55.96,56.87,54.53,55.13,66779700.0
2001-02-20,QQQ,55.74,55.84,52.3,52.99,55298400.0
2001-02-21,QQQ,51.55,54.07,50.92,51.5,72349000.0
2001-02-22,QQQ,51.45,52.16,48.89,51.0,103855500.0
2001-02-23,QQQ,50.09,51.6,48.23,51.18,93337900.0
2001-02-26,QQQ,52.081,52.6,50.25,52.15,78342700.0
2001-02-27,QQQ,51.54,52.08,48.9,49.0,66741700.0
2001-02-28,QQQ,49.45,50.21,46.86,47.45,102187900.0
2001-03-01,QQQ,46.97,49.2,45.75,48.8,101773000.0
2001-03-02,QQQ,47.2,49.63,45.65,46.7,95927100.0
2001-03-05,QQQ,47.5,48.36,47.09,47.55,43888400.0
2001-03-06,QQQ,49.3,50.66,49.1,49.4,60828600.0
2001-03-07,QQQ,50.4,50.43,48.97,49.42,55215500.0
2001-03-08,QQQ,49.35,49.81,48.1,48.5,48965200.0
2001-03-09,QQQ,47.25,47.37,44.95,45.1,79990900.0
2001-03-12,QQQ,44.0,44.95,41.8,42.3,80674000.0
2001-03-13,QQQ,42.78,44.74,42.13,44.45,80024400.0
2001-03-14,QQQ,42.7,45.19,42.31,43.75,97190000.0
2001-03-15,QQQ,45.2,45.319,42.05,42.15,74135500.0
2001-03-16,QQQ,41.88,42.8,40.56,41.1,77784500.0
2001-03-19,QQQ,41.44,43.26,40.75,43.26,53248200.0
2001-03-20,QQQ,43.44,43.81,40.2,40.35,104796200.0
2001-03-21,QQQ,40.52,41.8,39.71,40.35,96200700.0
2001-03-22,QQQ,40.6,42.8,39.49,42.8,130208100.0
2001-03-23,QQQ,43.55,43.83,41.5,42.8,95277500.0
2001-03-26,QQQ,43.47,43.5,41.55,41.81,57666200.0
2001-03-27,QQQ,41.8,43.72,41.42,43.25,69945300.0
2001-03-28,QQQ,41.9,42.2,39.68,39.7,77863500.0
2001-03-29,QQQ,39.38,40.61,38.4,38.95,79654700.0
2001-03-30,QQQ,39.3,39.98,38.0,39.15,63661300.0
2001-04-02,QQQ,39.17,39.85,37.3,37.4,69713600.0
2001-04-03,QQQ,37.2,37.75,34.62,34.66,89015700.0
2001-04-04,QQQ,34.711,35.81,33.6,34.05,76473900.0
2001-04-05,QQQ,36.0,37.96,35.71,37.31,87035800.0
2001-04-06,QQQ,36.9,37.1,35.5,36.3,86123600.0
2001-04-09,QQQ,36.79,37.39,35.85,37.05,51638700.0
2001-04-10,QQQ,37.9,40.46,37.78,39.8,94265100.0
2001-04-11,QQQ,42.16,42.5,40.45,41.0,92829500.0
2001-04-12,QQQ,40.3,42.8,40.0,42.8,79531500.0
2001-04-16,QQQ,41.941,42.43,40.06,40.25,65229800.0
2001-04-17,QQQ,39.951,42.7,39.9,41.25,94694300.0
2001-04-18,QQQ,43.721,48.96,43.2,45.55,128891400.0
2001-04-19,QQQ,46.1,48.75,45.58,48.3,110467600.0
2001-04-20,QQQ,48.18,49.44,47.0,48.4,80598100.0
2001-04-23,QQQ,46.99,47.72,44.89,45.15,79317600.0
2001-04-24,QQQ,45.1,46.42,43.75,44.3,88888300.0
2001-04-25,QQQ,43.9,45.58,43.1,45.1,68418400.0
2001-04-26,QQQ,45.9,46.25,43.87,43.95,71110200.0
2001-04-27,QQQ,45.15,45.47,44.241,45.15,55580000.0
2001-04-30,QQQ,46.25,47.57,45.3,46.15,73859100.0
2001-05-01,QQQ,46.2,48.08,45.4,48.05,54498300.0
2001-05-02,QQQ,48.8,49.4,47.5,48.98,77566500.0
2001-05-03,QQQ,47.9,47.901,46.2,46.8,67124900.0
2001-05-04,QQQ,45.3,48.2,45.11,48.2,72673400.0
2001-05-07,QQQ,48.0,48.6,47.1,47.2,45561600.0
2001-05-08,QQQ,48.3,48.35,46.99,48.2,56970700.0
2001-05-09,QQQ,47.05,47.95,46.44,46.55,60984600.0
2001-05-10,QQQ,47.92,48.05,45.72,45.77,61130300.0
2001-05-11,QQQ,45.84,46.42,45.09,45.55,48760400.0
2001-05-14,QQQ,45.3,45.36,44.11,44.82,43108000.0
2001-05-15,QQQ,44.9,46.3,44.58,45.15,69007600.0
2001-05-16,QQQ,44.31,47.52,44.06,47.15,80110500.0
2001-05-17,QQQ,47.45,48.79,47.26,47.9,73810700.0
2001-05-18,QQQ,47.64,48.38,47.09,48.04,41095100.0
2001-05-21,QQQ,48.17,51.15,47.65,51.05,85426900.0
2001-05-22,QQQ,51.31,51.95,50.18,50.9,77233900.0
2001-05-23,QQQ,50.449,50.45,48.64,48.65,65618000.0
2001-05-24,QQQ,48.97,49.99,48.27,49.9,61792500.0
2001-05-25,QQQ,49.96,50.02,48.02,48.99,36191100.0
2001-05-29,QQQ,48.5,48.5,46.1,46.12,66609600.0
2001-05-30,QQQ,45.438,45.85,44.08,44.43,81397400.0
2001-05-31,QQQ,44.54,45.85,44.3,44.73,68018300.0
2001-06-01,QQQ,45.54,46.23,44.33,46.05,61874300.0
2001-06-04,QQQ,46.338,46.9,45.29,45.83,41696000.0
2001-06-05,QQQ,46.301,48.36,46.2,47.85,68146400.0
2001-06-06,QQQ,48.08,48.89,47.07,47.48,61169500.0
2001-06-07,QQQ,47.138,49.49,47.075,48.7,65400200.0
2001-06-08,QQQ,48.72,48.77,46.95,47.35,56391400.0
2001-06-11,QQQ,46.9,47.76,45.49,46.05,48809400.0
2001-06-12,QQQ,44.87,46.8,44.23,45.8,78450500.0
2001-06-13,QQQ,46.274,46.75,44.52,44.55,68535400.0
2001-06-14,QQQ,44.025,44.4,42.0,42.25,91050300.0
2001-06-15,QQQ,41.8,43.1,41.281,42.6,84589400.0
2001-06-18,QQQ,42.64,43.17,41.4,42.03,63539100.0
2001-06-19,QQQ,43.32,43.56,41.26,41.82,73386900.0
2001-06-20,QQQ,41.3,42.97,41.28,42.77,83588600.0
2001-06-21,QQQ,42.67,44.23,42.3,43.35,67212600.0
2001-06-22,QQQ,43.621,44.2,42.59,43.25,51870400.0
2001-06-25,QQQ,43.61,43.8,42.65,43.36,39212100.0
2001-06-26,QQQ,42.54,43.89,42.481,43.51,55155100.0
2001-06-27,QQQ,43.681,44.15,43.0,43.79,53289400.0
2001-06-28,QQQ,44.402,46.36,44.35,44.35,89963700.0
2001-06-29,QQQ,45.09,46.52,44.7,45.7,59719600.0
2001-07-02,QQQ,45.652,46.48,45.19,45.45,50884300.0
2001-07-03,QQQ,45.25,45.69,44.8,45.64,24758400.0
2001-07-05,QQQ,44.87,45.189,43.45,43.45,44409800.0
2001-07-06,QQQ,43.01,43.11,41.49,41.65,53434800.0
2001-07-09,QQQ,41.898,42.69,41.5,42.01,45547500.0
2001-07-10,QQQ,42.76,42.88,40.4,40.5,58620000.0
2001-07-11,QQQ,40.42,41.1,39.87,41.0,77840200.0
2001-07-12,QQQ,42.63,43.83,42.3,43.6,70363300.0
2001-07-13,QQQ,43.38,44.43,42.9,43.15,62474200.0
2001-07-16,QQQ,43.37,43.86,41.9,42.35,53390800.0
2001-07-17,QQQ,41.829,43.4,41.54,43.3,59813000.0
2001-07-18,QQQ,42.279,42.85,41.14,41.65,64797200.0
2001-07-19,QQQ,42.46,43.35,41.75,42.64,76590200.0
2001-07-20,QQQ,41.49,42.14,41.36,41.65,49012800.0
2001-07-23,QQQ,42.24,42.4,40.55,40.61,55329400.0
2001-07-24,QQQ,40.381,40.9,39.31,40.15,70422900.0
2001-07-25,QQQ,40.141,40.72,39.4,40.5,68859600.0
2001-07-26,QQQ,40.45,41.89,39.98,41.1,69199300.0
2001-07-27,QQQ,41.64,42.26,40.9,41.95,47452900.0
2001-07-30,QQQ,42.13,42.3,41.4,41.7,39459400.0
2001-07-31,QQQ,41.84,42.78,41.5,41.76,55732500.0
2001-08-01,QQQ,42.637,43.5,42.41,43.1,53864800.0
2001-08-02,QQQ,43.799,44.004,42.82,43.91,53187300.0
2001-08-03,QQQ,43.53,43.53,42.56,43.18,51513700.0
2001-08-06,QQQ,42.539,42.85,42.35,42.5,31105700.0
2001-08-07,QQQ,42.1,42.82,41.94,42.28,38407500.0
2001-08-08,QQQ,41.85,42.65,40.3,40.5,76045200.0
2001-08-09,QQQ,40.41,40.88,39.98,40.67,66861400.0
2001-08-10,QQQ,40.429,40.75,39.23,40.28,68491900.0
2001-08-13,QQQ,40.59,41.34,40.2,41.1,48425700.0
2001-08-14,QQQ,41.49,41.7,40.54,40.6,51267600.0
2001-08-15,QQQ,40.62,40.93,39.07,39.1,58935300.0
2001-08-16,QQQ,38.649,39.59,38.041,39.56,68227300.0
2001-08-17,QQQ,38.441,38.8,37.71,37.76,56649300.0
2001-08-20,QQQ,37.85,38.65,37.52,38.28,49921300.0
2001-08-21,QQQ,38.29,38.65,36.65,36.69,56445600.0
2001-08-22,QQQ,37.45,37.84,36.54,37.69,65221400.0
2001-08-23,QQQ,37.679,38.46,37.299,37.32,54711800.0
2001-08-24,QQQ,37.86,39.39,37.75,39.3,58450600.0
2001-08-27,QQQ,39.28,39.9,38.83,39.35,50927500.0
2001-08-28,QQQ,39.32,39.44,38.011,38.12,65275500.0
2001-08-29,QQQ,38.37,38.45,37.13,37.56,59060500.0
2001-08-30,QQQ,36.8,37.31,35.75,36.17,76105800.0
2001-08-31,QQQ,36.038,37.03,35.94,36.63,54309000.0
2001-09-04,QQQ,36.518,37.5,35.35,35.47,74073600.0
2001-09-05,QQQ,35.49,35.91,34.15,35.33,95461200.0
2001-09-06,QQQ,34.74,35.52,33.78,33.9,88701800.0
2001-09-07,QQQ,33.621,35.1,33.35,33.7,95528800.0
2001-09-10,QQQ,33.49,34.32,33.342,34.1,80371300.0
2001-09-17,QQQ,31.25,32.8,31.09,31.2,97700900.0
2001-09-18,QQQ,31.53,32.5,30.37,30.5,66285300.0
2001-09-19,QQQ,30.64,31.0,28.26,29.97,116632800.0
2001-09-20,QQQ,29.3,30.09,28.8,28.97,90840200.0
2001-09-21,QQQ,27.41,28.97,27.2,28.19,112341900.0
2001-09-24,QQQ,29.08,30.0,28.59,29.61,85696500.0
2001-09-25,QQQ,29.71,30.43,28.95,29.7,83860600.0
2001-09-26,QQQ,29.95,30.0,28.41,28.67,59759800.0
2001-09-27,QQQ,28.4,28.79,27.42,28.48,70050700.0
2001-09-28,QQQ,28.84,29.92,28.31,28.98,84810800.0
2001-10-01,QQQ,28.85,28.98,27.85,28.73,53460800.0
2001-10-02,QQQ,28.65,29.41,28.4,28.82,74133400.0
2001-10-03,QQQ,28.429,31.61,28.33,31.0,136198600.0
2001-10-04,QQQ,31.65,33.2,30.94,31.3,127371500.0
2001-10-05,QQQ,31.0,31.9,30.26,31.76,96443400.0
2001-10-08,QQQ,31.13,32.35,30.96,31.86,67789600.0
2001-10-09,QQQ,31.86,32.02,30.87,31.09,57564800.0
2001-10-10,QQQ,30.871,32.54,30.751,32.5,73840600.0
2001-10-11,QQQ,33.192,35.25,33.14,34.7,117232200.0
2001-10-12,QQQ,34.33,34.8,33.14,34.55,111901600.0
2001-10-15,QQQ,34.12,34.55,33.66,34.4,78322000.0
2001-10-16,QQQ,34.669,35.1,34.07,34.96,81346800.0
2001-10-17,QQQ,35.87,36.0,32.3,32.45,141530300.0
2001-10-18,QQQ,32.7,33.54,32.4,33.33,94448200.0
2001-10-19,QQQ,32.869,33.75,32.0,33.55,73434200.0
2001-10-22,QQQ,33.44,34.5,33.22,34.45,74104900.0
2001-10-23,QQQ,34.822,35.401,34.0,34.63,104062200.0
2001-10-24,QQQ,34.6,35.68,34.32,35.38,90171400.0
2001-10-25,QQQ,34.705,36.82,34.23,36.8,118551900.0
2001-10-26,QQQ,36.5,37.06,36.01,36.01,93823900.0
2001-10-29,QQQ,36.0,36.158,34.04,34.04,92146800.0
2001-10-30,QQQ,33.71,34.09,32.84,33.38,96092200.0
2001-10-31,QQQ,34.04,34.96,33.68,33.9,106175500.0
2001-11-01,QQQ,34.44,35.563,33.782,35.34,92716000.0
2001-11-02,QQQ,35.271,35.85,34.89,35.6,64917700.0
2001-11-05,QQQ,36.26,37.16,36.16,36.76,64473000.0
2001-11-06,QQQ,36.609,38.2,36.39,38.19,107214900.0
2001-11-07,QQQ,37.61,38.84,37.5,38.14,92562100.0
2001-11-08,QQQ,38.551,39.4,37.25,37.75,105916300.0
2001-11-09,QQQ,37.598,38.08,37.12,37.73,74121900.0
2001-11-12,QQQ,37.0,38.35,36.3,38.0,112994400.0
2001-11-13,QQQ,39.03,39.5,38.63,39.36,97931800.0
2001-11-14,QQQ,39.96,40.24,38.74,39.64,88660100.0
2001-11-15,QQQ,39.162,40.11,38.95,39.48,86349700.0
2001-11-16,QQQ,39.48,39.68,38.92,39.37,64035500.0
2001-11-19,QQQ,39.79,40.49,39.49,40.49,69196300.0
2001-11-20,QQQ,40.08,40.23,38.48,38.62,85176500.0
2001-11-21,QQQ,38.47,38.95,37.98,38.64,60867900.0
2001-11-23,QQQ,38.76,39.43,38.57,39.28,27046000.0
2001-11-26,QQQ,39.58,40.36,39.01,40.25,75267500.0
2001-11-27,QQQ,40.05,40.97,39.2,40.2,100289700.0
2001-11-28,QQQ,39.73,40.37,38.69,38.75,101568200.0
2001-11-29,QQQ,39.035,40.0,38.79,39.95,83774700.0
2001-11-30,QQQ,39.73,40.04,39.36,39.65,66018200.0
2001-12-03,QQQ,39.29,39.6,38.87,38.97,60449800.0
2001-12-04,QQQ,39.34,40.84,38.44,40.83,79378700.0
2001-12-05,QQQ,41.208,43.15,41.12,42.85,115773700.0
2001-12-06,QQQ,42.709,43.24,42.36,42.91,77702100.0
2001-12-07,QQQ,42.488,42.6,41.14,41.73,81632600.0
2001-12-10,QQQ,41.325,42.23,40.88,41.0,69088000.0
2001-12-11,QQQ,41.46,42.26,41.13,41.23,66056500.0
2001-12-12,QQQ,41.5,41.94,40.6,41.56,76093400.0
2001-12-13,QQQ,40.71,41.0,39.76,39.76,79582600.0
2001-12-14,QQQ,39.872,40.46,39.57,40.11,70006300.0
2001-12-17,QQQ,40.02,41.24,40.02,40.8,62295500.0
2001-12-18,QQQ,41.16,41.5,40.16,41.26,50850400.0
2001-12-19,QQQ,40.56,41.32,40.32,40.51,79596200.0
2001-12-20,QQQ,40.1,40.3,38.68,38.79,83048800.0
2001-12-21,QQQ,39.422,39.71,39.15,39.48,56205000.0
2001-12-24,QQQ,39.54,39.63,39.15,39.32,13660400.0
2001-12-26,QQQ,39.374,40.3,39.16,39.69,37672900.0
2001-12-27,QQQ,39.85,40.202,39.6,40.01,34255200.0
2001-12-28,QQQ,40.292,40.802,40.23,40.33,38240400.0
2001-12-31,QQQ,40.31,40.45,38.91,38.91,46176900.0
2002-01-02,QQQ,39.57,40.15,38.93,40.11,61708800.0
2002-01-03,QQQ,40.31,41.55,40.26,41.5,85769100.0
2002-01-04,QQQ,41.95,42.29,40.93,41.67,86876900.0
2002-01-07,QQQ,42.118,42.22,40.11,41.21,75166200.0
2002-01-08,QQQ,41.108,41.77,40.84,41.49,66956800.0
2002-01-09,QQQ,42.04,42.6,40.9,41.11,85123000.0
2002-01-10,QQQ,41.174,41.54,40.68,41.38,75548000.0
2002-01-11,QQQ,41.357,41.6,40.47,40.85,60832900.0
2002-01-14,QQQ,40.49,40.68,39.7,39.96,71310700.0
2002-01-15,QQQ,40.036,40.75,39.56,40.34,66916100.0
2002-01-16,QQQ,39.538,39.94,38.77,38.78,90942000.0
2002-01-17,QQQ,39.48,39.977,39.01,39.65,75285900.0
2002-01-18,QQQ,38.83,39.45,38.22,38.59,81985600.0
2002-01-22,QQQ,39.0,39.02,37.33,37.4,81773800.0
2002-01-23,QQQ,37.65,38.69,37.35,38.43,74968800.0
2002-01-24,QQQ,38.94,39.514,38.35,38.94,77251200.0
2002-01-25,QQQ,38.472,39.15,38.36,38.83,58832100.0
2002-01-28,QQQ,39.154,39.38,38.43,39.05,47795900.0
2002-01-29,QQQ,39.132,39.408,37.515,37.98,83339800.0
2002-01-30,QQQ,38.001,38.85,36.85,38.27,101385500.0
2002-01-31,QQQ,38.578,38.75,38.02,38.51,69655500.0
2002-02-01,QQQ,38.401,38.88,37.7,38.14,61207100.0
2002-02-04,QQQ,37.961,38.07,36.61,36.92,82763300.0
2002-02-05,QQQ,36.59,37.33,36.19,36.31,86853800.0
2002-02-06,QQQ,36.84,36.89,35.7,36.06,98507600.0
2002-02-07,QQQ,35.996,36.55,35.0,35.19,97725900.0
2002-02-08,QQQ,35.46,36.24,34.97,36.17,80483100.0
2002-02-11,QQQ,36.14,39.17,35.98,36.63,57641200.0
2002-02-12,QQQ,36.312,36.98,36.04,36.33,51477700.0
2002-02-13,QQQ,36.722,37.15,36.61,36.95,60984700.0
2002-02-14,QQQ,37.15,37.57,36.0,36.88,77482300.0
2002-02-15,QQQ,36.838,36.91,35.64,35.78,79719900.0
2002-02-19,QQQ,35.375,35.46,34.0,34.68,72437200.0
2002-02-20,QQQ,34.908,35.17,33.93,35.15,106552700.0
2002-02-21,QQQ,34.79,34.95,33.48,33.48,109307800.0
2002-02-22,QQQ,33.619,34.2,33.09,33.65,99824200.0
2002-02-25,QQQ,34.008,35.25,33.955,35.01,88994700.0
2002-02-26,QQQ,35.232,35.43,34.37,34.88,94683300.0
2002-02-27,QQQ,35.397,35.51,34.06,34.4,95159300.0
2002-02-28,QQQ,34.514,34.97,33.75,33.78,95711200.0
2002-03-01,QQQ,34.154,35.75,34.09,35.74,86081600.0
2002-03-04,QQQ,35.702,37.23,35.4,37.15,105734600.0
2002-03-05,QQQ,36.938,37.87,36.81,37.42,91452600.0
2002-03-06,QQQ,37.08,37.95,36.6,37.6,86943400.0
2002-03-07,QQQ,38.12,38.33,37.01,37.68,85496000.0
2002-03-08,QQQ,38.231,39.03,38.13,38.67,84443700.0
2002-03-11,QQQ,38.35,39.19,38.06,38.53,71035200.0
2002-03-12,QQQ,37.579,38.0,37.32,38.0,82652100.0
2002-03-13,QQQ,37.41,37.66,36.0,37.08,71376200.0
2002-03-14,QQQ,37.069,37.4,36.72,36.86,70700500.0
2002-03-15,QQQ,36.899,37.33,36.596,37.23,63966500.0
2002-03-18,QQQ,37.635,37.94,37.05,37.44,78938300.0
2002-03-19,QQQ,37.609,37.88,37.22,37.38,58947600.0
2002-03-20,QQQ,36.879,37.08,36.04,36.06,61816500.0
2002-03-21,QQQ,36.15,37.14,35.9,37.02,89198800.0
2002-03-22,QQQ,36.944,37.14,36.47,36.68,58930100.0
2002-03-25,QQQ,36.69,36.901,35.52,35.56,87421900.0
2002-03-26,QQQ,35.427,36.42,35.4,35.89,92457500.0
2002-03-27,QQQ,35.637,36.0,35.4,35.61,64531800.0
2002-03-28,QQQ,36.02,36.37,35.9,36.06,59539400.0
2002-04-01,QQQ,35.8,36.9,35.3,36.75,70730500.0
2002-04-02,QQQ,35.986,36.15,35.0,35.09,77759800.0
2002-04-03,QQQ,35.3,35.45,34.3,35.03,85766400.0
2002-04-04,QQQ,34.508,35.16,34.28,34.76,90521500.0
2002-04-05,QQQ,35.01,35.175,34.18,34.37,68426000.0
2002-04-08,QQQ,33.479,34.8,33.425,34.8,74950700.0
2002-04-09,QQQ,34.78,34.98,33.498,33.59,80910200.0
2002-04-10,QQQ,33.76,34.25,33.13,33.84,85748700.0
2002-04-11,QQQ,33.66,33.85,32.889,33.0,90665600.0
2002-04-12,QQQ,33.325,33.8,32.95,33.52,78360100.0
2002-04-15,QQQ,33.803,33.96,33.2,33.79,69306800.0
2002-04-16,QQQ,34.431,35.22,34.417,35.2,72064700.0
2002-04-17,QQQ,35.4,35.5,34.45,35.02,69130100.0
2002-04-18,QQQ,34.785,35.15,34.0,34.35,91086100.0
2002-04-19,QQQ,35.058,35.06,34.38,34.46,62286800.0
2002-04-22,QQQ,34.01,34.02,33.256,33.59,64625600.0
2002-04-23,QQQ,33.598,33.78,32.7,33.01,73070300.0
2002-04-24,QQQ,33.213,33.31,32.2,32.5,68953900.0
2002-04-25,QQQ,32.308,32.73,32.0,32.42,103073700.0
2002-04-26,QQQ,32.662,34.0,31.01,31.04,100193400.0
2002-04-29,QQQ,31.244,31.55,30.568,31.12,85326800.0
2002-04-30,QQQ,31.032,32.195,30.942,31.73,95357900.0
2002-05-01,QQQ,31.67,31.84,30.58,31.56,109975700.0
2002-05-02,QQQ,31.398,31.99,30.46,30.51,85852200.0
2002-05-03,QQQ,30.47,30.514,29.488,29.74,92103200.0
2002-05-06,QQQ,29.637,29.984,28.85,28.97,96491200.0
2002-05-07,QQQ,29.27,29.35,28.42,28.7,101954400.0
2002-05-08,QQQ,30.13,31.88,30.0,31.77,129741500.0
2002-05-09,QQQ,31.578,31.89,30.8,30.95,106477200.0
2002-05-10,QQQ,31.014,31.099,29.5,29.56,112282800.0
2002-05-13,QQQ,29.87,30.98,29.675,30.76,93971200.0
2002-05-14,QQQ,32.055,32.65,31.87,32.57,107284700.0
2002-05-15,QQQ,32.082,33.63,31.85,32.81,150522100.0
2002-05-16,QQQ,32.542,33.05,32.22,32.86,89916300.0
2002-05-17,QQQ,33.29,33.411,32.47,32.93,82695000.0
2002-05-20,QQQ,32.6,32.7,31.94,32.21,78144200.0
2002-05-21,QQQ,32.369,32.59,31.0,31.33,104180000.0
2002-05-22,QQQ,30.99,31.59,30.41,31.4,89543100.0
2002-05-23,QQQ,31.63,32.1,30.8,32.03,94445800.0
2002-05-24,QQQ,31.592,31.697,31.01,31.24,55874600.0
2002-05-28,QQQ,31.471,31.527,30.49,31.1,68829400.0
2002-05-29,QQQ,30.665,30.9,30.24,30.28,73470200.0
2002-05-30,QQQ,30.013,30.72,29.9,30.54,92080500.0
2002-05-31,QQQ,30.76,31.04,30.0,30.04,79907400.0
2002-06-03,QQQ,30.008,30.25,28.79,28.98,77043700.0
2002-06-04,QQQ,28.751,29.68,28.61,29.36,98366200.0
2002-06-05,QQQ,29.421,29.8,28.97,29.66,95347100.0
2002-06-06,QQQ,29.511,29.518,27.9,28.88,91129700.0
2002-06-07,QQQ,27.63,28.79,27.52,28.3,106049200.0
2002-06-10,QQQ,28.36,28.75,28.14,28.25,73142900.0
2002-06-11,QQQ,28.6,28.69,27.363,27.46,84609500.0
2002-06-12,QQQ,27.249,27.96,26.834,27.86,152974400.0
2002-06-13,QQQ,27.765,28.21,27.353,27.68,97556300.0
2002-06-14,QQQ,26.862,27.72,26.2,27.62,122106800.0
2002-06-17,QQQ,28.002,28.75,27.91,28.56,87618100.0
2002-06-18,QQQ,28.317,29.15,28.28,29.02,100513400.0
2002-06-19,QQQ,28.104,28.3239,27.25,27.34,93507600.0
2002-06-20,QQQ,27.27,27.45,25.67,26.46,99913200.0
2002-06-21,QQQ,26.367,26.78,25.65,25.82,168755100.0
2002-06-24,QQQ,25.457,26.8,25.21,26.33,219672100.0
2002-06-25,QQQ,26.584,26.72,25.3,25.46,136336400.0
2002-06-26,QQQ,24.438,25.78,24.39,25.45,149080300.0
2002-06-27,QQQ,26.0,26.25,25.02,26.21,121371100.0
2002-06-28,QQQ,26.05,26.75,25.85,26.1,87842000.0
2002-07-01,QQQ,25.978,26.14,24.78,24.85,64753900.0
2002-07-02,QQQ,24.608,24.75,23.09,23.95,111629600.0
2002-07-03,QQQ,23.852,24.75,22.73,24.75,101067000.0
2002-07-05,QQQ,25.264,26.39,25.05,26.34,56768300.0
2002-07-08,QQQ,26.2,26.55,25.08,25.38,97288500.0
2002-07-09,QQQ,25.251,25.48,24.59,24.66,91039600.0
2002-07-10,QQQ,24.998,25.03,23.83,23.9,115365200.0
2002-07-11,QQQ,23.767,24.89,23.53,24.8,170271200.0
2002-07-12,QQQ,25.25,25.526,24.55,24.8,130027800.0
2002-07-15,QQQ,24.688,25.64,23.75,25.57,140207200.0
2002-07-16,QQQ,25.252,26.027,24.9,25.19,148281700.0
2002-07-17,QQQ,26.077,26.44,24.89,25.65,157954700.0
2002-07-18,QQQ,25.389,25.57,24.52,24.73,114052300.0
2002-07-19,QQQ,24.332,24.71,23.8,23.99,124116400.0
2002-07-22,QQQ,23.855,24.5,23.09,23.4,150034800.0
2002-07-23,QQQ,23.453,23.75,22.28,22.4,150786800.0
2002-07-24,QQQ,21.816,23.66,21.64,23.62,186493600.0
2002-07-25,QQQ,23.258,23.4,21.8,22.25,153915500.0
2002-07-26,QQQ,22.569,22.844,22.01,22.67,96034200.0
2002-07-29,QQQ,23.277,24.12,23.08,23.83,96735200.0
2002-07-30,QQQ,23.731,24.69,23.59,24.31,117394300.0
2002-07-31,QQQ,24.003,24.19,23.36,23.85,93831300.0
2002-08-01,QQQ,23.74,23.9,22.66,22.73,85149700.0
2002-08-02,QQQ,22.78,22.84,21.82,22.25,86706000.0
2002-08-05,QQQ,22.11,22.324,21.3,21.44,84897800.0
2002-08-06,QQQ,21.804,23.01,21.79,22.5,115364600.0
2002-08-07,QQQ,23.201,23.37,21.96,22.8,125677100.0
2002-08-08,QQQ,22.757,23.6,22.3,23.57,111697900.0
2002-08-09,QQQ,23.207,23.717,22.88,23.33,93576900.0
2002-08-12,QQQ,23.05,23.48,22.9,23.4,62870900.0
2002-08-13,QQQ,23.23,23.87,22.55,22.6,88434400.0
2002-08-14,QQQ,22.67,24.2,22.47,24.04,102613500.0
2002-08-15,QQQ,24.243,24.55,23.72,24.53,120307800.0
2002-08-16,QQQ,24.13,25.0,23.731,24.7,95853000.0
2002-08-19,QQQ,24.77,25.59,24.68,25.3,76015900.0
2002-08-20,QQQ,25.188,25.43,24.85,25.19,89981300.0
2002-08-21,QQQ,25.396,25.85,25.0,25.75,101365500.0
2002-08-22,QQQ,25.748,26.21,25.42,26.16,80345500.0
2002-08-23,QQQ,25.802,25.81,24.95,25.15,75211200.0
2002-08-26,QQQ,25.3,25.39,24.61,25.25,83335400.0
2002-08-27,QQQ,25.431,25.518,24.15,24.37,92340400.0
2002-08-28,QQQ,24.026,24.093,23.39,23.48,115562300.0
2002-08-29,QQQ,23.2,24.22,23.02,23.79,97028200.0
2002-08-30,QQQ,23.62,24.007,23.38,23.49,59474900.0
2002-09-03,QQQ,23.06,23.43,22.34,22.64,81828100.0
2002-09-04,QQQ,22.5,23.02,22.24,22.73,82717600.0
2002-09-05,QQQ,22.4,22.5,21.93,22.17,91576600.0
2002-09-06,QQQ,22.66,23.22,22.6,22.85,86008800.0
2002-09-09,QQQ,22.677,23.37,22.39,23.08,72679500.0
2002-09-10,QQQ,23.23,23.67,23.03,23.65,74615800.0
2002-09-11,QQQ,24.12,24.35,23.42,23.45,73902800.0
2002-09-12,QQQ,23.237,23.264,22.71,22.81,70763500.0
2002-09-13,QQQ,22.6,23.08,22.52,22.99,79716100.0
2002-09-16,QQQ,22.86,23.005,22.37,22.66,58853600.0
2002-09-17,QQQ,23.05,23.21,22.18,22.18,89139700.0
2002-09-18,QQQ,22.01,22.55,21.78,21.93,92358300.0
2002-09-19,QQQ,21.7,22.13,21.55,21.58,86247700.0
2002-09-20,QQQ,21.831,21.9,21.48,21.67,78116900.0
2002-09-23,QQQ,21.45,21.52,20.81,21.02,72757500.0
2002-09-24,QQQ,20.687,21.45,20.65,21.03,91507300.0
2002-09-25,QQQ,21.35,22.04,21.1,21.87,98051900.0
2002-09-26,QQQ,22.16,22.33,21.37,21.6,104453500.0
2002-09-27,QQQ,21.55,22.21,21.31,21.31,92249700.0
2002-09-30,QQQ,21.07,21.24,20.49,20.72,91502500.0
2002-10-01,QQQ,20.91,21.99,20.47,21.98,102096000.0
2002-10-02,QQQ,21.51,21.97,20.97,21.25,94829700.0
2002-10-03,QQQ,21.06,21.4,20.68,20.74,74354800.0
2002-10-04,QQQ,20.94,21.02,20.1101,20.35,81837100.0
2002-10-07,QQQ,20.26,20.59,19.85,20.16,79861800.0
2002-10-08,QQQ,20.28,20.61,19.76,20.16,94103100.0
2002-10-09,QQQ,19.94,20.53,19.84,20.06,103301000.0
2002-10-10,QQQ,20.1,21.21,19.91,21.08,109610500.0
2002-10-11,QQQ,21.55,22.38,21.42,22.22,124777400.0
2002-10-14,QQQ,21.87,22.5,21.78,22.48,78890300.0
2002-10-15,QQQ,23.44,23.634,23.18,23.56,118176000.0
2002-10-16,QQQ,22.718,23.16,22.07,22.78,97441900.0
2002-10-17,QQQ,23.6,23.81,22.58,23.55,95754500.0
2002-10-18,QQQ,23.28,23.85,22.93,23.81,84941900.0
2002-10-21,QQQ,23.52,24.45,23.3,24.29,85311500.0
2002-10-22,QQQ,23.738,24.34,23.65,24.14,89947000.0
2002-10-23,QQQ,23.85,24.63,23.67,24.6,88093500.0
2002-10-24,QQQ,24.68,24.86,23.92,23.98,88674800.0
2002-10-25,QQQ,23.99,24.751,23.99,24.62,71557300.0
2002-10-28,QQQ,25.0,25.04,24.17,24.49,90272000.0
2002-10-29,QQQ,24.31,24.47,23.37,23.92,90293800.0
2002-10-30,QQQ,24.068,24.79,23.85,24.56,103531100.0
2002-10-31,QQQ,24.66,25.04,24.36,24.55,81493100.0
2002-11-01,QQQ,24.378,25.4,24.14,25.25,86658400.0
2002-11-04,QQQ,26.05,26.82,25.8,25.9,110562400.0
2002-11-05,QQQ,25.71,26.17,25.56,26.1,79603300.0
2002-11-06,QQQ,26.29,26.61,25.64,26.47,116251700.0
2002-11-07,QQQ,25.99,26.1,25.31,25.54,82711600.0
2002-11-08,QQQ,25.49,25.87,24.96,25.07,76937600.0
2002-11-11,QQQ,24.95,25.02,24.15,24.31,74384300.0
2002-11-12,QQQ,24.4,25.4,24.4,24.93,88748800.0
2002-11-13,QQQ,24.7,25.45,24.493,25.23,119341800.0
2002-11-14,QQQ,25.58,26.42,25.52,26.1,85720100.0
2002-11-15,QQQ,25.902,26.45,25.75,26.44,69291300.0
2002-11-18,QQQ,26.715,26.77,25.99,26.05,76238000.0
2002-11-19,QQQ,25.8,26.05,25.3,25.65,88139200.0
2002-11-20,QQQ,25.56,26.75,25.54,26.74,75104700.0
2002-11-21,QQQ,26.93,27.84,26.75,27.73,105472900.0
2002-11-22,QQQ,27.37,27.94,27.32,27.72,73808600.0
2002-11-25,QQQ,27.76,28.205,27.54,27.99,72666100.0
2002-11-26,QQQ,27.78,27.93,26.9,27.05,80017900.0
2002-11-27,QQQ,27.53,28.2,27.487,27.91,73643900.0
2002-11-29,QQQ,28.21,28.29,27.22,27.72,34652100.0
2002-12-02,QQQ,28.42,28.79,27.57,28.0,85136000.0
2002-12-03,QQQ,27.55,27.58,26.93,27.17,76595500.0
2002-12-04,QQQ,26.56,26.95,26.21,26.57,130115900.0
2002-12-05,QQQ,26.95,27.0,26.13,26.2,84933200.0
2002-12-06,QQQ,25.81,26.72,25.74,26.47,81727900.0
2002-12-09,QQQ,26.22,26.55,25.2,25.22,75855200.0
2002-12-10,QQQ,25.42,25.95,25.35,25.6,69578300.0
2002-12-11,QQQ,25.44,26.07,25.32,25.72,64237600.0
2002-12-12,QQQ,26.0,26.69,25.56,25.86,62296400.0
2002-12-13,QQQ,25.52,25.57,25.01,25.04,72647800.0
2002-12-16,QQQ,25.22,25.96,25.07,25.85,60278500.0
2002-12-17,QQQ,25.81,26.2,25.66,25.93,62562700.0
2002-12-18,QQQ,25.55,25.6,25.05,25.38,67130700.0
2002-12-19,QQQ,25.171,25.78,24.81,25.06,95969700.0
2002-12-20,QQQ,25.33,25.45,25.07,25.32,65578600.0
2002-12-23,QQQ,25.18,25.76,25.13,25.67,45941700.0
2002-12-24,QQQ,25.5,25.73,25.32,25.35,16772700.0
2002-12-26,QQQ,25.53,25.91,25.17,25.28,33795400.0
2002-12-27,QQQ,25.18,25.85,24.75,24.82,42490200.0
2002-12-30,QQQ,24.84,24.97,24.36,24.63,57396400.0
2002-12-31,QQQ,24.54,24.71,24.28,24.37,46015400.0
2003-01-02,QQQ,24.72,25.55,24.45,25.4,65903200.0
2003-01-03,QQQ,25.46,25.71,25.28,25.68,39059500.0
2003-01-06,QQQ,25.71,26.59,25.2,26.32,67223400.0
2003-01-07,QQQ,26.41,26.93,26.25,26.65,88726100.0
2003-01-08,QQQ,26.39,26.49,25.84,25.9,74989900.0
2003-01-09,QQQ,26.24,26.98,26.224,26.7,75391100.0
2003-01-10,QQQ,26.35,27.26,26.22,27.1,82594300.0
2003-01-13,QQQ,27.33,27.47,26.73,26.94,72870300.0
2003-01-14,QQQ,26.91,27.32,26.85,27.08,46993800.0
2003-01-15,QQQ,27.24,27.353,26.58,26.74,55131000.0
2003-01-16,QQQ,26.79,26.98,26.25,26.44,68740300.0
2003-01-17,QQQ,25.904,25.94,25.27,25.31,77289400.0
2003-01-21,QQQ,25.41,25.55,25.02,25.03,67729600.0
2003-01-22,QQQ,24.968,25.53,24.87,24.93,80020200.0
2003-01-23,QQQ,25.4,25.84,25.11,25.51,78471100.0
2003-01-24,QQQ,25.53,25.531,24.64,24.82,74519700.0
2003-01-27,QQQ,24.45,25.03,24.37,24.53,76561000.0
2003-01-28,QQQ,24.77,25.05,24.42,24.78,65217200.0
2003-01-29,QQQ,24.76,25.45,24.34,25.15,95717500.0
2003-01-30,QQQ,25.32,25.42,24.49,24.54,70333800.0
2003-01-31,QQQ,24.06,24.76,24.01,24.44,90505600.0
2003-02-03,QQQ,24.528,24.796,24.38,24.49,53158800.0
2003-02-04,QQQ,24.18,24.3,23.82,24.19,68235700.0
2003-02-05,QQQ,24.33,24.86,24.01,24.08,80107700.0
2003-02-06,QQQ,24.04,24.35,23.86,24.21,103552000.0
2003-02-07,QQQ,24.36,24.45,23.65,23.81,72312400.0
2003-02-10,QQQ,23.899,24.25,23.62,24.02,67572600.0
2003-02-11,QQQ,24.25,24.61,23.92,24.15,77823300.0
2003-02-12,QQQ,24.07,24.33,23.78,23.82,51753000.0
2003-02-13,QQQ,23.85,23.98,23.32,23.94,77387400.0
2003-02-14,QQQ,23.83,24.5,23.62,24.49,67510400.0
2003-02-18,QQQ,24.7,25.34,24.68,25.25,73976800.0
2003-02-19,QQQ,25.2,25.24,24.71,25.08,45541400.0
2003-02-20,QQQ,25.15,25.27,24.84,24.98,59759800.0
2003-02-21,QQQ,24.93,25.37,24.51,25.17,70228500.0
2003-02-24,QQQ,25.13,25.212,24.71,24.74,56646600.0
2003-02-25,QQQ,24.45,24.95,24.08,24.77,74440700.0
2003-02-26,QQQ,24.68,24.94,24.2,24.22,60005600.0
2003-02-27,QQQ,24.42,24.92,24.27,24.77,66424000.0
2003-02-28,QQQ,24.81,25.22,24.72,25.16,50185800.0
2003-03-03,QQQ,25.27,25.48,24.56,24.65,60414400.0
2003-03-04,QQQ,24.66,24.77,24.42,24.5,56043500.0
2003-03-05,QQQ,24.4,24.78,24.32,24.55,69096500.0
2003-03-06,QQQ,24.43,24.68,24.23,24.49,59108600.0
2003-03-07,QQQ,24.08,24.95,23.96,24.54,73291000.0
2003-03-10,QQQ,24.33,24.457,23.91,24.01,55948000.0
2003-03-11,QQQ,24.06,24.24,23.78,23.8,54934200.0
2003-03-12,QQQ,23.76,24.24,23.54,24.23,77859800.0
2003-03-13,QQQ,24.64,25.65,24.4,25.62,128537600.0
2003-03-14,QQQ,25.73,25.98,25.36,25.72,89794400.0
2003-03-17,QQQ,25.43,26.8,25.35,26.6,141040800.0
2003-03-18,QQQ,26.8,26.97,26.42,26.93,96548700.0
2003-03-19,QQQ,26.85,26.98,26.33,26.7,91315100.0
2003-03-20,QQQ,26.54,27.14,26.17,26.8,92789700.0
2003-03-21,QQQ,27.21,27.38,26.2,27.17,93304600.0
2003-03-24,QQQ,26.47,26.6,25.97,26.04,85244500.0
2003-03-25,QQQ,26.158,26.76,26.01,26.41,78731500.0
2003-03-26,QQQ,26.5,26.77,26.36,26.56,67880200.0
2003-03-27,QQQ,26.27,26.65,26.1,26.37,64113100.0
2003-03-28,QQQ,26.14,26.43,25.95,26.08,45374700.0
2003-03-31,QQQ,25.6,25.73,25.21,25.25,89345300.0
2003-04-01,QQQ,25.44,25.67,25.25,25.45,73159500.0
2003-04-02,QQQ,26.06,26.56,26.03,26.36,75843800.0
2003-04-03,QQQ,26.64,26.85,26.31,26.48,70138200.0
2003-04-04,QQQ,26.57,26.6,25.97,26.05,65665700.0
2003-04-07,QQQ,27.11,27.2,26.07,26.09,83842700.0
2003-04-08,QQQ,26.15,26.29,25.88,26.06,54250600.0
2003-04-09,QQQ,26.1,26.62,25.41,25.46,76457100.0
2003-04-10,QQQ,25.46,25.77,25.3,25.77,57017500.0
2003-04-11,QQQ,26.02,26.168,25.36,25.51,67974500.0
2003-04-14,QQQ,25.6,26.14,25.491,26.03,52476200.0
2003-04-15,QQQ,25.97,26.46,25.849,26.28,64655700.0
2003-04-16,QQQ,26.65,26.83,26.12,26.22,70711600.0
2003-04-17,QQQ,26.162,26.98,26.15,26.82,70179900.0
2003-04-21,QQQ,26.948,27.106,26.62,26.92,52729600.0
2003-04-22,QQQ,26.737,27.46,26.65,27.43,70757200.0
2003-04-23,QQQ,27.5,27.75,27.26,27.63,70327100.0
2003-04-24,QQQ,27.36,27.75,27.27,27.48,72383900.0
2003-04-25,QQQ,27.32,27.42,26.86,26.95,63277900.0
2003-04-28,QQQ,27.05,27.63,26.95,27.48,59666200.0
2003-04-29,QQQ,27.64,28.06,27.41,27.73,79903800.0
2003-04-30,QQQ,27.65,27.79,27.43,27.45,60202100.0
2003-05-01,QQQ,27.44,27.87,27.19,27.69,66022600.0
2003-05-02,QQQ,27.607,28.29,27.57,28.28,85004100.0
2003-05-05,QQQ,28.325,28.71,28.17,28.25,80520300.0
2003-05-06,QQQ,28.22,28.9,28.21,28.61,77338300.0
2003-05-07,QQQ,28.41,28.69,28.12,28.29,70353200.0
2003-05-08,QQQ,27.855,28.19,27.76,27.77,80249100.0
2003-05-09,QQQ,28.04,28.48,27.995,28.41,58528200.0
2003-05-12,QQQ,28.36,28.96,28.17,28.84,67487300.0
2003-05-13,QQQ,28.63,28.99,28.54,28.66,64934300.0
2003-05-14,QQQ,28.874,28.97,28.36,28.6,62181200.0
2003-05-15,QQQ,28.75,28.98,28.56,28.92,62232100.0
2003-05-16,QQQ,28.73,28.94,28.48,28.7,70590400.0
2003-05-19,QQQ,28.52,28.68,27.61,27.69,91334800.0
2003-05-20,QQQ,27.76,27.96,27.41,27.77,71817800.0
2003-05-21,QQQ,27.65,27.75,27.44,27.69,63648500.0
2003-05-22,QQQ,27.76,28.32,27.62,28.09,62401400.0
2003-05-23,QQQ,28.041,28.25,27.95,28.1,37922500.0
2003-05-27,QQQ,27.93,29.22,27.9,29.1,101422100.0
2003-05-28,QQQ,29.16,29.4,28.96,29.19,76290400.0
2003-05-29,QQQ,29.23,29.8,29.16,29.31,97336000.0
2003-05-30,QQQ,29.53,29.87,29.45,29.79,78093700.0
2003-06-02,QQQ,30.08,30.2,29.31,29.58,102937000.0
2003-06-03,QQQ,29.44,29.88,28.66,29.86,81672600.0
2003-06-04,QQQ,29.81,30.58,29.72,30.42,87046100.0
2003-06-05,QQQ,30.13,30.68,29.97,30.42,88747900.0
2003-06-06,QQQ,31.17,31.47,30.02,30.13,157178100.0
2003-06-09,QQQ,30.0,30.22,29.53,29.73,94941800.0
2003-06-10,QQQ,29.86,30.2,29.68,30.18,69660100.0
2003-06-11,QQQ,30.07,30.64,29.8,30.52,87338200.0
2003-06-12,QQQ,30.638,30.75,30.26,30.65,79450500.0
2003-06-13,QQQ,30.655,30.73,29.86,29.96,83353600.0
2003-06-16,QQQ,30.17,30.9,30.0,30.88,71211800.0
2003-06-17,QQQ,31.02,31.11,30.56,30.76,67571200.0
2003-06-18,QQQ,30.66,31.225,30.45,30.92,80215700.0
2003-06-19,QQQ,30.98,31.24,30.38,30.42,79467200.0
2003-06-20,QQQ,30.69,30.78,30.25,30.38,71512400.0
2003-06-23,QQQ,30.33,30.371,29.56,29.91,86509400.0
2003-06-24,QQQ,29.73,30.13,29.53,29.68,83004400.0
2003-06-25,QQQ,29.67,30.18,29.47,29.52,94255300.0
2003-06-26,QQQ,29.71,30.28,29.61,30.22,79187500.0
2003-06-27,QQQ,30.25,30.57,29.772,29.83,82451900.0
2003-06-30,QQQ,30.16,30.34,29.8,29.95,72043000.0
2003-07-01,QQQ,29.7,30.38,29.26,30.35,105852500.0
2003-07-02,QQQ,30.412,30.99,30.38,30.97,81972500.0
2003-07-03,QQQ,30.7,31.1,30.47,30.58,50050400.0
2003-07-07,QQQ,30.97,31.9,30.962,31.89,88554600.0
2003-07-08,QQQ,31.78,32.31,31.62,32.28,81874500.0
2003-07-09,QQQ,32.18,32.49,31.93,32.2,89588400.0
2003-07-10,QQQ,31.85,31.99,31.33,31.6,102928700.0
2003-07-11,QQQ,31.652,31.99,31.61,31.84,67728100.0
2003-07-14,QQQ,32.344,32.75,32.07,32.22,84524600.0
2003-07-15,QQQ,32.53,32.65,31.94,32.26,75059000.0
2003-07-16,QQQ,32.46,32.5,31.73,32.16,80138700.0
2003-07-17,QQQ,31.67,31.84,31.043,31.18,116260400.0
2003-07-18,QQQ,31.4,31.96,30.92,31.28,80519000.0
2003-07-21,QQQ,31.24,31.3,30.61,30.88,111325300.0
2003-07-22,QQQ,31.11,31.5,30.86,31.34,91471500.0
2003-07-23,QQQ,31.39,31.64,30.99,31.6,69050400.0
2003-07-24,QQQ,31.85,32.02,31.08,31.18,82999700.0
2003-07-25,QQQ,31.13,31.84,30.769,31.8,82709600.0
2003-07-28,QQQ,31.86,31.988,31.6,31.89,56180800.0
2003-07-29,QQQ,31.93,32.02,31.23,31.65,80560100.0
2003-07-30,QQQ,31.71,31.74,31.33,31.42,56617300.0
2003-07-31,QQQ,31.79,32.33,31.52,31.8,85544100.0
2003-08-01,QQQ,31.69,31.79,31.3,31.46,73545400.0
2003-08-04,QQQ,31.42,31.92,30.84,31.45,96344600.0
2003-08-05,QQQ,31.41,31.48,30.05,30.21,111041800.0
2003-08-06,QQQ,30.36,30.77,30.1,30.19,96816000.0
2003-08-07,QQQ,30.22,30.51,30.02,30.31,67326600.0
2003-08-08,QQQ,30.43,30.55,29.93,30.07,66677100.0
2003-08-11,QQQ,30.08,30.6,30.03,30.4,63712200.0
2003-08-12,QQQ,30.51,30.9,30.326,30.86,59676100.0
2003-08-13,QQQ,30.98,31.066,30.65,30.87,57969700.0
2003-08-14,QQQ,30.88,31.19,30.67,30.9,50271500.0
2003-08-15,QQQ,30.998,31.29,30.93,31.17,28116300.0
2003-08-18,QQQ,31.31,32.01,31.05,31.97,67224100.0
2003-08-19,QQQ,32.11,32.38,31.846,32.37,68205000.0
2003-08-20,QQQ,32.1,32.52,32.02,32.29,58233500.0
2003-08-21,QQQ,32.59,32.82,32.27,32.64,77161400.0
2003-08-22,QQQ,33.26,33.37,32.33,32.44,92989800.0
2003-08-25,QQQ,32.36,32.57,32.21,32.51,43044700.0
2003-08-26,QQQ,32.28,32.59,31.81,32.54,79838500.0
2003-08-27,QQQ,32.49,32.83,32.37,32.8,47532100.0
2003-08-28,QQQ,32.94,33.12,32.52,33.09,55311000.0
2003-08-29,QQQ,33.04,33.46,32.98,33.39,53148800.0
2003-09-02,QQQ,33.49,33.89,33.13,33.87,80303100.0
2003-09-03,QQQ,34.1,34.2,33.65,33.85,85234800.0
2003-09-04,QQQ,33.83,34.22,33.7,34.16,63736100.0
2003-09-05,QQQ,33.966,34.34,33.67,33.94,91024100.0
2003-09-08,QQQ,34.0,34.53,33.95,34.5,69296000.0
2003-09-09,QQQ,34.33,34.386,33.92,34.09,87817500.0
2003-09-10,QQQ,33.75,33.89,33.11,33.27,111624500.0
2003-09-11,QQQ,33.278,33.78,33.01,33.64,96914900.0
2003-09-12,QQQ,33.34,33.84,33.05,33.82,104963000.0
2003-09-15,QQQ,33.84,33.91,33.444,33.49,54594200.0
2003-09-16,QQQ,33.52,34.43,33.52,34.4,87463800.0
2003-09-17,QQQ,34.33,34.501,34.03,34.26,79794700.0
2003-09-18,QQQ,34.17,34.86,34.0,34.78,91469900.0
2003-09-19,QQQ,34.79,34.86,34.36,34.58,69796000.0
2003-09-22,QQQ,34.13,34.2,33.77,33.92,97477500.0
2003-09-23,QQQ,33.97,34.56,33.91,34.52,77826500.0
2003-09-24,QQQ,34.51,34.8,33.17,33.22,115057400.0
2003-09-25,QQQ,33.38,33.98,32.76,32.79,117604800.0
2003-09-26,QQQ,32.89,33.17,32.52,32.58,106581000.0
2003-09-29,QQQ,32.76,33.17,32.45,33.14,96862800.0
2003-09-30,QQQ,32.92,32.96,32.357,32.42,119122500.0
2003-10-01,QQQ,32.61,33.23,32.42,33.15,106653600.0
2003-10-02,QQQ,33.1,33.43,32.93,33.26,83911100.0
2003-10-03,QQQ,33.85,34.47,33.82,34.19,112862800.0
2003-10-06,QQQ,34.28,34.45,34.06,34.44,49162900.0
2003-10-07,QQQ,34.16,34.65,34.01,34.65,80104600.0
2003-10-08,QQQ,34.81,34.84,34.22,34.43,71387400.0
2003-10-09,QQQ,34.91,35.27,34.43,34.69,118216100.0
2003-10-10,QQQ,34.77,35.03,34.64,35.01,68356200.0
2003-10-13,QQQ,35.14,35.37,34.92,35.24,60919800.0
2003-10-14,QQQ,35.1,35.43,34.96,35.33,62274900.0
2003-10-15,QQQ,35.8,35.85,35.03,35.18,97045200.0
2003-10-16,QQQ,35.1,35.53,35.0,35.46,73955000.0
2003-10-17,QQQ,35.413,35.49,34.6,34.61,97794400.0
2003-10-20,QQQ,34.65,35.68,34.08,35.04,75544300.0
2003-10-21,QQQ,35.14,35.45,34.939,35.25,73455600.0
2003-10-22,QQQ,34.89,34.93,34.44,34.57,88141400.0
2003-10-23,QQQ,34.15,34.507,34.05,34.17,95409600.0
2003-10-24,QQQ,33.79,34.23,33.49,34.2,101778600.0
2003-10-27,QQQ,34.28,34.45,34.04,34.21,63604500.0
2003-10-28,QQQ,34.43,35.41,34.37,35.36,107375700.0
2003-10-29,QQQ,35.2,35.41,35.07,35.32,74075200.0
2003-10-30,QQQ,35.81,36.0,35.14,35.39,95062600.0
2003-10-31,QQQ,35.44,35.49,35.06,35.18,55473200.0
2003-11-03,QQQ,35.43,35.98,35.36,35.76,71141200.0
2003-11-04,QQQ,35.69,35.87,35.446,35.52,60033900.0
2003-11-05,QQQ,35.52,35.89,35.15,35.84,67412700.0
2003-11-06,QQQ,35.79,35.966,35.34,35.939,90567400.0
2003-11-07,QQQ,36.08,36.18,35.6,35.63,63505200.0
2003-11-10,QQQ,35.7,35.743,35.09,35.19,68896400.0
2003-11-11,QQQ,35.149,35.3,34.85,35.06,75607100.0
2003-11-12,QQQ,35.17,35.963,35.14,35.81,80364600.0
2003-11-13,QQQ,35.71,35.9,35.55,35.77,64243000.0
2003-11-14,QQQ,35.811,36.02,34.95,35.04,90932200.0
2003-11-17,QQQ,34.84,34.91,34.256,34.68,108063100.0
2003-11-18,QQQ,34.87,34.97,33.82,33.88,108588500.0
2003-11-19,QQQ,34.01,34.4,33.88,34.21,86320300.0
2003-11-20,QQQ,33.89,34.68,33.81,33.882,117324500.0
2003-11-21,QQQ,34.08,34.265,33.73,34.232,81787500.0
2003-11-24,QQQ,34.52,35.25,34.47,35.18,92057500.0
2003-11-25,QQQ,35.29,35.45,35.09,35.18,72519800.0
2003-11-26,QQQ,35.4,35.52,34.81,35.34,72842900.0
2003-11-28,QQQ,35.26,35.5,35.208,35.38,24802600.0
2003-12-01,QQQ,35.71,36.01,35.47,35.9,82767300.0
2003-12-02,QQQ,35.82,36.05,35.58,35.7,62504500.0
2003-12-03,QQQ,35.84,36.12,35.25,35.25,107568500.0
2003-12-04,QQQ,35.38,35.71,35.08,35.63,102334800.0
2003-12-05,QQQ,35.27,35.5,34.958,35.04,87490200.0
2003-12-08,QQQ,35.02,35.33,34.78,35.235,86961200.0
2003-12-09,QQQ,35.45,35.46,34.35,34.43,109949500.0
2003-12-10,QQQ,34.53,34.7,34.13,34.56,103504200.0
2003-12-11,QQQ,34.5,35.39,34.493,35.3,108374700.0
2003-12-12,QQQ,35.29,35.34,34.9,35.24,72189400.0
2003-12-15,QQQ,35.93,35.99,34.65,34.78,106091400.0
2003-12-16,QQQ,34.79,35.023,34.42,34.85,89854700.0
2003-12-17,QQQ,34.81,35.0,34.574,34.91,68539900.0
2003-12-18,QQQ,34.95,35.64,34.949,35.56,89978100.0
2003-12-19,QQQ,35.61,35.65,35.2,35.46,89762300.0
2003-12-22,QQQ,35.35,35.68,35.29,35.57,63580000.0
2003-12-23,QQQ,35.6,36.02,35.53,35.84,66999800.0
2003-12-24,QQQ,35.84,36.02,35.8,35.9,44840300.0
2003-12-26,QQQ,35.96,36.09,35.82,35.85,25497600.0
2003-12-29,QQQ,36.03,36.53,36.02,36.44,63296200.0
2003-12-30,QQQ,36.53,36.58,36.3,36.56,48249400.0
2003-12-31,QQQ,36.62,36.64,36.25,36.46,60494600.0
2004-01-02,QQQ,36.66,36.79,36.22,36.36,55234100.0
2004-01-05,QQQ,36.58,37.158,36.56,37.09,69717900.0
2004-01-06,QQQ,37.08,37.42,36.95,37.34,60033000.0
2004-01-07,QQQ,37.28,37.68,37.07,37.68,71830000.0
2004-01-08,QQQ,37.85,38.0,37.6,37.979,76800900.0
2004-01-09,QQQ,37.71,38.35,37.59,37.73,94296500.0
2004-01-12,QQQ,37.85,38.35,37.68,38.33,77668400.0
2004-01-13,QQQ,38.27,38.36,37.6,37.949,92973900.0
2004-01-14,QQQ,38.11,38.25,37.75,38.08,68122400.0
2004-01-15,QQQ,37.93,38.46,37.63,38.18,104427700.0
2004-01-16,QQQ,38.38,38.63,38.17,38.57,77324100.0
2004-01-20,QQQ,38.73,39.0,38.307,38.54,81998100.0
2004-01-21,QQQ,38.39,38.66,38.0,38.38,112180300.0
2004-01-22,QQQ,38.55,38.69,38.06,38.15,90061900.0
2004-01-23,QQQ,38.21,38.46,37.78,38.01,88751300.0
2004-01-26,QQQ,37.98,38.65,37.84,38.59,84538000.0
2004-01-27,QQQ,38.51,38.63,37.69,37.74,97191600.0
2004-01-28,QQQ,37.94,38.06,37.004,37.1,127959700.0
2004-01-29,QQQ,37.23,37.31,36.66,37.24,143925900.0
2004-01-30,QQQ,37.2,37.44,36.97,37.07,84264700.0
2004-02-02,QQQ,37.2,37.48,36.82,36.97,94507900.0
2004-02-03,QQQ,36.91,37.24,36.72,36.93,73488700.0
2004-02-04,QQQ,36.62,37.76,36.329,36.33,109933000.0
2004-02-05,QQQ,36.51,36.71,36.33,36.47,96784500.0
2004-02-06,QQQ,36.6,37.28,36.53,37.131,107174100.0
2004-02-09,QQQ,37.34,37.38,37.05,37.12,58817700.0
2004-02-10,QQQ,37.05,37.41,37.03,37.18,65042700.0
2004-02-11,QQQ,37.237,37.67,37.0,37.58,92503000.0
2004-02-12,QQQ,37.52,37.7,37.24,37.25,70556400.0
2004-02-13,QQQ,37.39,37.97,36.76,36.94,90570400.0
2004-02-17,QQQ,37.28,37.62,37.22,37.44,69678600.0
2004-02-18,QQQ,37.51,37.67,37.32,37.55,70972100.0
2004-02-19,QQQ,37.83,37.9,36.82,36.98,100843800.0
2004-02-20,QQQ,36.97,37.14,36.55,36.86,132347600.0
2004-02-23,QQQ,37.0,37.03,35.9,36.45,125199800.0
2004-02-24,QQQ,36.27,36.67,36.0,36.36,124521900.0
2004-02-25,QQQ,36.43,36.67,36.33,36.58,74457100.0
2004-02-26,QQQ,36.47,36.84,36.305,36.67,71327600.0
2004-02-27,QQQ,36.76,36.94,36.27,36.57,99383900.0
2004-03-01,QQQ,36.68,37.07,36.47,37.05,79700700.0
2004-03-02,QQQ,36.983,37.18,36.61,36.62,91536000.0
2004-03-03,QQQ,36.51,36.63,36.21,36.42,83938300.0
2004-03-04,QQQ,36.44,36.83,36.39,36.76,65905600.0
2004-03-05,QQQ,36.41,37.15,36.36,36.63,118107100.0
2004-03-08,QQQ,36.69,36.82,35.73,35.77,112599500.0
2004-03-09,QQQ,35.83,35.98,35.52,35.66,126140400.0
2004-03-10,QQQ,35.75,35.999,35.13,35.19,134226100.0
2004-03-11,QQQ,35.07,35.53,34.8,34.87,152132000.0
2004-03-12,QQQ,35.2,35.59,35.15,35.51,118369600.0
2004-03-15,QQQ,35.36,35.4,34.81,34.89,115813600.0
2004-03-16,QQQ,35.11,35.25,34.63,34.95,123265100.0
2004-03-17,QQQ,35.21,35.62,35.18,35.5,91684700.0
2004-03-18,QQQ,35.37,35.46,34.97,35.34,111249700.0
2004-03-19,QQQ,35.28,35.456,34.725,34.75,99976700.0
2004-03-22,QQQ,34.53,34.55,34.03,34.31,133870400.0
2004-03-23,QQQ,34.59,34.65,34.006,34.03,125945800.0
2004-03-24,QQQ,34.15,34.63,34.01,34.42,118876800.0
2004-03-25,QQQ,34.65,35.46,34.62,35.343,142122000.0
2004-03-26,QQQ,35.3,35.584,35.2,35.22,78430800.0
2004-03-29,QQQ,35.51,35.96,35.49,35.79,103864000.0
2004-03-30,QQQ,35.67,35.943,35.517,35.91,95716500.0
2004-03-31,QQQ,35.92,36.0,35.61,35.84,85993900.0
2004-04-01,QQQ,35.81,36.25,35.78,36.16,93048600.0
2004-04-02,QQQ,36.89,37.16,36.52,37.1,145964000.0
2004-04-05,QQQ,37.04,37.5,36.97,37.45,67351600.0
2004-04-06,QQQ,37.16,37.4,36.92,36.98,98611400.0
2004-04-07,QQQ,36.994,37.11,36.66,36.94,91004900.0
2004-04-08,QQQ,37.35,37.39,36.74,36.94,77176300.0
2004-04-12,QQQ,37.07,37.24,36.98,37.17,55285700.0
2004-04-13,QQQ,37.34,37.36,36.46,36.63,100624400.0
2004-04-14,QQQ,36.41,36.95,36.36,36.81,113663200.0
2004-04-15,QQQ,36.75,36.86,36.02,36.15,123565500.0
2004-04-16,QQQ,36.2,36.32,35.79,36.09,110736600.0
2004-04-19,QQQ,36.01,36.59,35.98,36.53,85838700.0
2004-04-20,QQQ,36.61,36.79,35.64,35.68,119545100.0
2004-04-21,QQQ,35.9,36.11,35.45,35.99,117850500.0
2004-04-22,QQQ,36.0,37.01,35.98,36.92,137623300.0
2004-04-23,QQQ,37.08,37.26,36.9,37.21,91855600.0
2004-04-26,QQQ,37.18,37.29,36.65,36.94,74392200.0
2004-04-27,QQQ,36.95,37.19,36.69,36.87,87548500.0
2004-04-28,QQQ,36.71,36.72,36.019,36.2,111740700.0
2004-04-29,QQQ,36.09,36.34,35.3,35.64,156917100.0
2004-04-30,QQQ,35.66,35.8,34.72,34.77,150829200.0
2004-05-03,QQQ,35.0,35.52,34.89,35.1,117007200.0
2004-05-04,QQQ,35.21,35.75,35.03,35.25,126176000.0
2004-05-05,QQQ,35.42,35.7,35.2,35.53,97528500.0
2004-05-06,QQQ,35.2,35.523,34.85,35.26,102733300.0
2004-05-07,QQQ,35.09,35.64,34.91,34.97,137686000.0
2004-05-10,QQQ,34.67,34.9,34.42,34.671,156951400.0
2004-05-11,QQQ,34.97,35.38,34.92,35.19,120493600.0
2004-05-12,QQQ,35.12,35.3495,34.27,35.26,197765400.0
2004-05-13,QQQ,35.06,35.45,34.92,35.01,137841700.0
2004-05-14,QQQ,35.2,35.314,34.64,34.75,133689900.0
2004-05-17,QQQ,34.38,34.615,34.11,34.42,150652400.0
2004-05-18,QQQ,34.66,34.9,34.6,34.73,96686400.0
2004-05-19,QQQ,35.16,35.511,34.635,34.69,141646900.0
2004-05-20,QQQ,34.78,35.02,34.56,34.85,94938500.0
2004-05-21,QQQ,35.02,35.17,34.738,35.019,111329200.0
2004-05-24,QQQ,35.3,35.46,35.0,35.26,99861800.0
2004-05-25,QQQ,35.15,36.08,34.949,35.96,146321400.0
2004-05-26,QQQ,35.86,36.191,35.81,36.19,93789700.0
2004-05-27,QQQ,36.19,36.19,36.19,36.19,110183400.0
2004-05-28,QQQ,36.38,36.55,36.21,36.55,56379500.0
2004-06-01,QQQ,36.26,36.55,36.11,36.5,90592700.0
2004-06-02,QQQ,36.56,36.66,36.17,36.42,103519800.0
2004-06-03,QQQ,36.3,36.361,35.82,35.98,97301400.0
2004-06-04,QQQ,36.35,36.62,36.17,36.19,91233200.0
2004-06-07,QQQ,36.44,37.1,36.34,37.05,107532600.0
2004-06-08,QQQ,36.9,37.19,36.85,37.102,72530900.0
2004-06-09,QQQ,36.98,37.051,36.37,36.579,98215200.0
2004-06-10,QQQ,36.69,36.84,36.55,36.84,57101300.0
2004-06-14,QQQ,36.61,36.61,36.1,36.32,85129900.0
2004-06-15,QQQ,36.56,36.99,36.56,36.79,91937700.0
2004-06-16,QQQ,36.75,36.9,36.65,36.73,64743300.0
2004-06-17,QQQ,36.65,36.656,36.25,36.39,77844200.0
2004-06-18,QQQ,36.3,36.84,36.26,36.44,78641500.0
2004-06-21,QQQ,36.52,36.63,36.06,36.15,65373100.0
2004-06-22,QQQ,36.16,36.7,36.015,36.68,101524300.0
2004-06-23,QQQ,36.57,37.19,36.51,37.12,94393900.0
2004-06-24,QQQ,37.02,37.35,36.92,37.05,92343200.0
2004-06-25,QQQ,37.0,37.39,36.98,37.33,81005400.0
2004-06-28,QQQ,37.49,37.52,36.9,37.021,94033200.0
2004-06-29,QQQ,37.1,37.59,37.08,37.37,68265900.0
2004-06-30,QQQ,37.45,37.9,37.35,37.74,97809500.0
2004-07-01,QQQ,37.66,37.66,36.77,37.04,122141800.0
2004-07-02,QQQ,37.04,37.19,36.63,36.82,74056400.0
2004-07-06,QQQ,36.6,36.6,35.83,36.03,130232600.0
2004-07-07,QQQ,35.96,36.29,35.92,36.096,95623100.0
2004-07-08,QQQ,35.81,36.13,35.55,35.7,108755400.0
2004-07-09,QQQ,35.84,36.04,35.63,35.75,86014700.0
2004-07-12,QQQ,35.57,35.69,34.71,35.6,81844500.0
2004-07-13,QQQ,35.69,35.81,35.41,35.55,81222000.0
2004-07-14,QQQ,35.2,35.65,35.05,35.19,119489200.0
2004-07-15,QQQ,35.32,35.49,35.06,35.07,90405700.0
2004-07-16,QQQ,35.44,35.45,34.619,34.67,120387100.0
2004-07-19,QQQ,34.78,34.97,34.47,34.6,106387900.0
2004-07-20,QQQ,34.74,35.587,34.71,35.43,117453700.0
2004-07-21,QQQ,35.59,35.65,34.34,34.4,136086800.0
2004-07-22,QQQ,34.48,35.11,34.25,34.87,132135800.0
2004-07-23,QQQ,34.64,34.66,34.03,34.21,107107100.0
2004-07-26,QQQ,34.24,34.41,33.7,34.06,112962200.0
2004-07-27,QQQ,34.19,34.71,34.04,34.53,103474700.0
2004-07-28,QQQ,34.41,34.626,33.81,34.38,154299800.0
2004-07-29,QQQ,34.71,34.92,34.5,34.78,98959800.0
2004-07-30,QQQ,34.76,35.1,34.65,34.89,83007800.0
2004-08-02,QQQ,34.61,35.02,34.46,34.96,81249000.0
2004-08-03,QQQ,34.84,34.93,34.188,34.23,85746500.0
2004-08-04,QQQ,34.15,34.461,34.01,34.24,86721000.0
2004-08-05,QQQ,34.35,34.4,33.598,33.6,109722900.0
2004-08-06,QQQ,33.4,33.41,32.66,32.72,148808600.0
2004-08-09,QQQ,32.81,32.96,32.65,32.8,79281900.0
2004-08-10,QQQ,32.97,33.482,32.92,33.21,105819800.0
2004-08-11,QQQ,32.85,33.04,32.55,32.92,121217700.0
2004-08-12,QQQ,32.69,32.857,32.37,32.47,113691800.0
2004-08-13,QQQ,32.65,32.74,32.35,32.52,91416100.0
2004-08-16,QQQ,32.61,33.19,32.586,32.887,77851300.0
2004-08-17,QQQ,33.12,33.44,32.9878,33.26,89573100.0
2004-08-18,QQQ,33.06,33.91,33.01,33.85,106608500.0
2004-08-19,QQQ,33.73,33.85,33.41,33.672,104690200.0
2004-08-20,QQQ,33.57,34.141,33.51,34.01,91962400.0
2004-08-23,QQQ,34.05,34.27,33.91,34.09,83390800.0
2004-08-24,QQQ,34.25,34.31,33.81,34.08,86610500.0
2004-08-25,QQQ,34.06,34.6,33.9,34.55,88394600.0
2004-08-26,QQQ,34.46,34.55,34.31,34.4,57663400.0
2004-08-27,QQQ,34.46,34.68,34.44,34.56,58597200.0
2004-08-30,QQQ,34.41,34.43,33.944,33.98,62355700.0
2004-08-31,QQQ,34.02,34.121,33.65,34.02,81262000.0
2004-09-01,QQQ,33.93,34.47,33.8,34.27,96630600.0
2004-09-02,QQQ,34.18,34.88,34.16,34.78,83054000.0
2004-09-03,QQQ,34.44,34.67,34.05,34.141,90213700.0
2004-09-07,QQQ,34.4,34.61,34.12,34.43,95556500.0
2004-09-08,QQQ,34.31,34.68,34.18,34.299,101466100.0
2004-09-09,QQQ,34.45,34.75,34.13,34.59,104397500.0
2004-09-10,QQQ,34.62,35.19,34.47,35.12,108591600.0
2004-09-13,QQQ,35.25,35.72,35.14,35.58,109350500.0
2004-09-14,QQQ,35.45,35.73,35.36,35.63,76466300.0
2004-09-15,QQQ,35.42,35.45,35.1,35.253,90128700.0
2004-09-16,QQQ,35.26,35.57,35.13,35.32,67121000.0
2004-09-17,QQQ,35.23,35.52,35.16,35.43,83903400.0
2004-09-20,QQQ,35.29,35.77,35.18,35.433,110678100.0
2004-09-21,QQQ,35.543,35.85,35.42,35.57,93688400.0
2004-09-22,QQQ,35.44,35.46,34.87,34.95,101393400.0
2004-09-23,QQQ,34.98,35.15,34.877,34.919,92503200.0
2004-09-24,QQQ,34.99,35.19,34.75,34.799,103247400.0
2004-09-27,QQQ,34.62,34.74,34.38,34.5,86017600.0
2004-09-28,QQQ,34.55,34.69,34.23,34.57,87070300.0
2004-09-29,QQQ,34.56,35.12,34.53,35.08,95096200.0
2004-09-30,QQQ,35.05,35.27,34.89,35.14,74514600.0
2004-10-01,QQQ,35.45,36.15,35.36,36.1,118252700.0
2004-10-04,QQQ,36.36,36.62,36.25,36.313,108032600.0
2004-10-05,QQQ,36.23,36.49,36.16,36.36,89754400.0
2004-10-06,QQQ,36.31,36.95,36.11,36.65,87815500.0
2004-10-07,QQQ,36.54,36.67,36.17,36.24,82374300.0
2004-10-08,QQQ,36.08,36.24,35.5,35.58,115073000.0
2004-10-11,QQQ,35.69,35.86,35.6,35.75,51181600.0
2004-10-12,QQQ,35.43,35.84,35.2,35.69,97884100.0
2004-10-13,QQQ,36.06,36.14,35.43,35.61,132442500.0
2004-10-14,QQQ,35.69,35.78,35.33,35.45,99383700.0
2004-10-15,QQQ,35.49,35.856,35.28,35.63,129183400.0
2004-10-18,QQQ,35.51,36.25,35.4,36.14,108933400.0
2004-10-19,QQQ,36.38,36.57,35.79,35.88,129973500.0
2004-10-20,QQQ,35.83,36.23,35.65,36.048,106524200.0
2004-10-21,QQQ,36.24,36.79,36.1,36.6,122627600.0
2004-10-22,QQQ,36.61,36.65,35.74,35.8,114321100.0
2004-10-25,QQQ,35.73,35.81,35.49,35.625,102863000.0
2004-10-26,QQQ,35.65,35.84,35.41,35.82,98164500.0
2004-10-27,QQQ,35.84,36.9,35.71,36.73,152423400.0
2004-10-28,QQQ,36.68,37.12,36.57,36.96,111113900.0
2004-10-29,QQQ,36.91,37.24,36.67,36.9,100779200.0
2004-11-01,QQQ,36.98,37.18,36.8,37.038,72356000.0
2004-11-02,QQQ,37.09,37.55,37.01,37.161,108930700.0
2004-11-03,QQQ,37.77,37.9,37.15,37.41,140980100.0
2004-11-04,QQQ,37.26,37.78,37.11,37.62,112513700.0
2004-11-05,QQQ,38.02,38.16,37.61,37.96,117017900.0
2004-11-08,QQQ,37.95,38.1,37.85,38.0,66486000.0
2004-11-09,QQQ,37.93,38.15,37.81,37.92,85038700.0
2004-11-10,QQQ,37.93,38.06,37.64,37.79,95122300.0
2004-11-11,QQQ,37.91,38.38,37.86,38.29,99338800.0
2004-11-12,QQQ,38.34,38.76,38.17,38.66,102418100.0
2004-11-15,QQQ,38.64,38.86,38.5,38.83,82696000.0
2004-11-16,QQQ,38.66,38.68,38.32,38.593,97197500.0
2004-11-17,QQQ,38.83,39.32,38.83,39.11,125242500.0
2004-11-18,QQQ,38.98,39.36,38.887,39.29,94901100.0
2004-11-19,QQQ,39.24,39.29,38.59,38.68,118448900.0
2004-11-22,QQQ,38.61,39.07,38.48,39.05,79882600.0
2004-11-23,QQQ,39.01,39.15,38.61,38.99,91925300.0
2004-11-24,QQQ,39.09,39.39,39.07,39.33,74051700.0
2004-11-26,QQQ,39.37,39.48,39.17,39.21,31248900.0
2004-11-29,QQQ,39.46,39.64,38.97,39.203,94765400.0
2004-11-30,QQQ,39.3,39.39,39.06,39.122,87663100.0
2004-12-01,QQQ,39.226,39.92,39.226,39.92,102375000.0
2004-12-02,QQQ,39.82,40.39,39.76,40.07,122005600.0
2004-12-03,QQQ,40.35,40.59,40.08,40.13,114227700.0
2004-12-06,QQQ,40.12,40.426,39.91,40.27,70415100.0
2004-12-07,QQQ,40.321,40.5,39.53,39.58,121439800.0
2004-12-08,QQQ,39.66,39.98,38.81,39.81,10121300.0
2004-12-09,QQQ,39.5,40.19,39.24,40.05,134346000.0
2004-12-10,QQQ,39.74,40.07,39.74,39.93,86177300.0
2004-12-13,QQQ,40.232,40.34,39.98,40.28,74296400.0
2004-12-14,QQQ,40.26,40.59,40.25,40.477,91985000.0
2004-12-15,QQQ,40.49,40.68,40.155,40.33,95179300.0
2004-12-16,QQQ,40.34,40.45,39.82,39.95,86101300.0
2004-12-17,QQQ,39.65,39.81,37.21,39.475,97947000.0
2004-12-20,QQQ,39.58,39.771,39.09,39.2,106397600.0
2004-12-21,QQQ,39.39,39.71,39.278,39.68,83184700.0
2004-12-22,QQQ,39.535,39.93,39.488,39.73,75298000.0
2004-12-23,QQQ,39.61,39.91,39.54,39.758,45782000.0
2004-12-27,QQQ,39.97,40.02,39.4,39.59,67157700.0
2004-12-28,QQQ,39.671,40.001,39.61,39.97,62563100.0
2004-12-29,QQQ,39.92,40.16,39.9,40.02,46594800.0
2004-12-30,QQQ,40.07,40.123,39.93,39.99,41717600.0
2004-12-31,QQQ,40.03,40.121,39.9,39.915,44112300.0
2005-01-03,QQQ,40.07,40.292,39.37,39.499,100970900.0
2005-01-04,QQQ,39.69,39.74,38.55,38.78,136623200.0
2005-01-05,QQQ,38.68,38.96,38.47,38.54,127925500.0
2005-01-06,QQQ,38.62,38.71,38.34,38.347,102934600.0
2005-01-07,QQQ,38.56,38.873,38.21,38.55,123104000.0
2005-01-10,QQQ,38.45,38.87,38.389,38.53,88764200.0
2005-01-11,QQQ,38.37,38.496,38.069,38.259,106398800.0
2005-01-12,QQQ,38.44,38.6,38.01,38.58,127754900.0
2005-01-13,QQQ,38.6,38.85,38.01,38.07,101982400.0
2005-01-14,QQQ,38.2,38.52,38.19,38.43,93460900.0
2005-01-18,QQQ,38.28,38.79,38.22,38.72,91760400.0
2005-01-19,QQQ,38.73,38.75,38.06,38.08,104981000.0
2005-01-20,QQQ,37.65,37.811,37.32,37.35,120963900.0
2005-01-21,QQQ,37.49,37.55,36.99,37.05,138569200.0
2005-01-24,QQQ,37.14,37.2,36.46,36.53,137499000.0
2005-01-25,QQQ,36.77,37.09,36.66,36.71,119171300.0
2005-01-26,QQQ,36.96,37.29,36.824,37.15,107465800.0
2005-01-27,QQQ,37.07,37.27,36.87,37.1,103654700.0
2005-01-28,QQQ,37.22,37.27,36.62,36.92,111648600.0
2005-01-31,QQQ,37.36,37.53,37.26,37.4,89139900.0
2005-02-01,QQQ,37.49,37.6482,37.37,37.52,76610300.0
2005-02-02,QQQ,37.64,37.73,37.31,37.58,100160500.0
2005-02-03,QQQ,37.38,37.413,37.0,37.154,90157900.0
2005-02-04,QQQ,37.15,37.82,37.15,37.75,99302000.0
2005-02-07,QQQ,37.8,37.91,37.52,37.674,71551400.0
2005-02-08,QQQ,37.66,38.01,37.62,37.74,72821700.0
2005-02-09,QQQ,37.77,37.8,37.065,37.11,93276600.0
2005-02-10,QQQ,37.26,37.32,36.88,37.15,110373000.0
2005-02-11,QQQ,37.06,37.85,36.927,37.7,108684100.0
2005-02-14,QQQ,37.7,37.94,37.688,37.869,54908900.0
2005-02-15,QQQ,37.9,38.48,37.82,38.12,131406500.0
2005-02-16,QQQ,38.03,38.16,37.83,37.98,80273900.0
2005-02-17,QQQ,38.05,38.14,37.43,37.47,115628300.0
2005-02-18,QQQ,37.49,37.57,37.26,37.35,69158800.0
2005-02-22,QQQ,37.031,37.5482,36.79,36.89,121232000.0
2005-02-23,QQQ,37.04,37.07,36.697,36.94,95010100.0
2005-02-24,QQQ,36.85,37.44,36.76,37.41,99334600.0
2005-02-25,QQQ,37.38,37.7,37.29,37.62,79988700.0
2005-02-28,QQQ,37.46,37.6,36.923,37.22,95731300.0
2005-03-01,QQQ,37.37,37.7,37.33,37.63,78460600.0
2005-03-02,QQQ,37.42,38.02,37.356,37.61,107270600.0
2005-03-03,QQQ,37.71,37.73,37.02,37.3,89793800.0
2005-03-04,QQQ,37.59,37.75,37.4,37.52,86622300.0
2005-03-07,QQQ,37.597,38.29,37.56,38.06,93563900.0
2005-03-08,QQQ,37.97,38.21,37.65,37.68,89595200.0
2005-03-09,QQQ,37.67,37.93,37.47,37.57,98063000.0
2005-03-10,QQQ,37.61,37.67,37.08,37.52,97043600.0
2005-03-11,QQQ,37.685,37.822,37.0199,37.17,102857500.0
2005-03-14,QQQ,37.24,37.36,37.0305,37.34,65576200.0
2005-03-15,QQQ,37.44,37.48,36.99,37.04,93856300.0
2005-03-16,QQQ,36.91,37.18,36.53,36.615,159578000.0
2005-03-17,QQQ,36.61,36.89,36.54,36.71,100429600.0
2005-03-18,QQQ,36.75,36.785,36.35,36.51,108899400.0
2005-03-21,QQQ,36.59,36.75,36.25,36.58,92752500.0
2005-03-22,QQQ,36.63,36.75,36.11,36.13,114016300.0
2005-03-23,QQQ,36.09,36.494,36.07,36.26,97444900.0
2005-03-24,QQQ,36.39,36.65,36.27,36.27,77566800.0
2005-03-28,QQQ,36.41,36.611,36.31,36.34,59739000.0
2005-03-29,QQQ,36.26,36.58,35.94,36.05,119554300.0
2005-03-30,QQQ,36.23,36.78,36.22,36.73,114711000.0
2005-03-31,QQQ,36.73,36.75,36.44,36.57,86578900.0
2005-04-01,QQQ,36.82,36.884,36.13,36.2,143814300.0
2005-04-04,QQQ,36.25,36.6,36.03,36.46,100090300.0
2005-04-05,QQQ,36.5,36.669,36.415,36.56,66266600.0
2005-04-06,QQQ,36.66,36.905,36.42,36.5,82168900.0
2005-04-07,QQQ,36.532,36.952,36.51,36.94,88618000.0
2005-04-08,QQQ,37.0,37.07,36.6,36.64,92332900.0
2005-04-11,QQQ,36.75,36.78,36.4,36.48,70976000.0
2005-04-12,QQQ,36.44,36.74,35.91,36.66,144848500.0
2005-04-13,QQQ,36.561,36.6,35.98,36.06,108995500.0
2005-04-14,QQQ,36.064,36.1,35.5,35.55,158057900.0
2005-04-15,QQQ,35.24,35.37,34.68,34.74,170013300.0
2005-04-18,QQQ,34.73,35.1,34.64,34.75,110084000.0
2005-04-19,QQQ,35.0,35.1,34.75,34.99,96922100.0
2005-04-20,QQQ,35.21,35.29,34.59,34.704,140457400.0
2005-04-21,QQQ,35.09,35.71,34.96,35.62,124505100.0
2005-04-22,QQQ,35.455,35.47,34.817,35.09,114996800.0
2005-04-25,QQQ,35.3,35.463,35.149,35.375,72170100.0
2005-04-26,QQQ,35.29,35.7,35.04,35.05,104958800.0
2005-04-27,QQQ,34.87,35.25,34.73,35.1,112539300.0
2005-04-28,QQQ,34.92,35.15,34.72,34.75,98181900.0
2005-04-29,QQQ,35.0,35.064,34.35,34.98,144435900.0
2005-05-02,QQQ,35.1,35.2636,34.886,35.12,67648800.0
2005-05-03,QQQ,35.05,35.6,35.03,35.3,103428700.0
2005-05-04,QQQ,35.29,35.832,35.24,35.728,90480600.0
2005-05-05,QQQ,35.75,35.924,35.53,35.76,79341700.0
2005-05-06,QQQ,35.97,36.02,35.723,35.857,77310200.0
2005-05-09,QQQ,35.87,36.06,35.657,36.03,66298400.0
2005-05-10,QQQ,35.859,35.96,35.619,35.766,77194700.0
2005-05-11,QQQ,35.823,36.026,35.3,35.95,131952400.0
2005-05-12,QQQ,36.0,36.2,35.656,35.85,116602200.0
2005-05-13,QQQ,35.998,36.47,35.888,36.24,133273500.0
2005-05-16,QQQ,36.24,36.538,36.13,36.484,79093200.0
2005-05-17,QQQ,36.349,36.74,36.21,36.7,91665900.0
2005-05-18,QQQ,36.8,37.36,36.71,37.2,128105900.0
2005-05-19,QQQ,37.29,37.52,37.2,37.512,92619700.0
2005-05-20,QQQ,37.45,37.69,37.35,37.66,66530100.0
2005-05-23,QQQ,37.66,37.986,37.6,37.85,93068200.0
2005-05-24,QQQ,37.76,38.0,37.7,37.97,100830000.0
2005-05-25,QQQ,37.84,37.881,37.59,37.81,76470600.0
2005-05-26,QQQ,37.98,38.27,37.98,38.19,84066800.0
2005-05-27,QQQ,38.14,38.25,38.02,38.21,50076900.0
2005-05-31,QQQ,38.19,38.24,37.92,38.08,75281500.0
2005-06-01,QQQ,38.03,38.68,38.02,38.41,110875700.0
2005-06-02,QQQ,38.33,38.66,38.3,38.66,75926500.0
2005-06-03,QQQ,38.63,38.64,38.02,38.1,96998400.0
2005-06-06,QQQ,38.12,38.19,37.96,38.11,52681400.0
2005-06-07,QQQ,38.15,38.471,37.738,37.79,108953400.0
2005-06-08,QQQ,37.9,37.95,37.56,37.71,79211900.0
2005-06-09,QQQ,37.67,38.06,37.5,37.95,99383300.0
2005-06-10,QQQ,37.9,37.9,37.38,37.547,85971700.0
2005-06-13,QQQ,37.48,37.95,37.46,37.73,82331300.0
2005-06-14,QQQ,37.69,37.84,37.5,37.58,62593600.0
2005-06-15,QQQ,37.83,37.87,37.25,37.7,103952000.0
2005-06-16,QQQ,37.74,38.0,37.66,37.9,90450100.0
2005-06-17,QQQ,38.11,38.21,37.75,37.87,83915700.0
2005-06-20,QQQ,37.72,38.08,37.58,37.87,67580000.0
2005-06-21,QQQ,37.84,38.011,37.7,37.85,97845600.0
2005-06-22,QQQ,38.0,38.1,37.63,37.81,75221100.0
2005-06-23,QQQ,37.87,38.18,37.33,37.39,122163300.0
2005-06-24,QQQ,37.38,37.41,36.958,36.97,142144100.0
2005-06-27,QQQ,36.95,37.06,36.7,36.8,72780800.0
2005-06-28,QQQ,36.95,37.26,36.9,37.15,73330300.0
2005-06-29,QQQ,37.25,37.26,36.97,37.068,71513600.0
2005-06-30,QQQ,37.14,37.21,36.75,36.78,87803700.0
2005-07-01,QQQ,36.86,37.001,36.68,36.725,55254800.0
2005-07-05,QQQ,36.63,37.19,36.6,37.11,79288700.0
2005-07-06,QQQ,37.03,37.28,36.864,36.93,79101000.0
2005-07-07,QQQ,36.58,37.09,36.5498,37.06,119466300.0
2005-07-08,QQQ,37.08,37.81,36.993,37.77,101320700.0
2005-07-11,QQQ,37.87,38.16,37.8,38.12,96283700.0
2005-07-12,QQQ,38.12,38.46,38.01,38.3,86059300.0
2005-07-13,QQQ,38.32,38.43,38.17,38.39,72135400.0
2005-07-14,QQQ,38.659,38.88,38.52,38.77,99135200.0
2005-07-15,QQQ,38.84,39.0,38.649,38.89,67239200.0
2005-07-18,QQQ,38.77,38.89,38.688,38.733,58644000.0
2005-07-19,QQQ,38.91,39.196,38.84,39.18,77860900.0
2005-07-20,QQQ,38.93,39.57,38.9,39.46,91433100.0
2005-07-21,QQQ,39.56,39.693,39.21,39.47,127286000.0
2005-07-22,QQQ,39.47,39.59,39.22,39.42,71666600.0
2005-07-25,QQQ,39.46,39.626,39.2,39.27,51872700.0
2005-07-26,QQQ,39.39,39.53,39.19,39.42,67324900.0
2005-07-27,QQQ,39.43,39.76,39.226,39.72,78351100.0
2005-07-28,QQQ,39.74,39.921,39.64,39.91,66163700.0
2005-07-29,QQQ,39.87,39.92,39.52,39.575,74725700.0
2005-08-01,QQQ,39.64,39.83,39.52,39.65,59748300.0
2005-08-02,QQQ,39.7,40.14,39.654,40.08,79284100.0
2005-08-03,QQQ,39.91,40.13,39.88,40.06,61916400.0
2005-08-04,QQQ,39.88,39.94,39.57,39.673,72035500.0
2005-08-05,QQQ,39.61,39.79,39.427,39.48,66029500.0
2005-08-08,QQQ,39.52,39.61,39.14,39.19,63415400.0
2005-08-09,QQQ,39.37,39.59,39.306,39.45,62143600.0
2005-08-10,QQQ,39.55,39.685,38.97,39.11,102317500.0
2005-08-11,QQQ,39.13,39.541,39.1,39.432,92446700.0
2005-08-12,QQQ,39.12,39.32,38.97,39.21,86367300.0
2005-08-15,QQQ,39.14,39.63,39.077,39.446,63061100.0
2005-08-16,QQQ,39.3,39.33,38.74,38.81,94596000.0
2005-08-17,QQQ,38.92,39.17,38.79,39.04,74470500.0
2005-08-18,QQQ,38.87,39.1,38.77,38.843,72559400.0
2005-08-19,QQQ,38.89,39.001,38.79,38.82,52024300.0
2005-08-22,QQQ,38.88,39.18,38.597,38.84,88056300.0
2005-08-23,QQQ,38.84,38.92,38.61,38.73,57482900.0
2005-08-24,QQQ,38.649,39.18,38.46,38.5,95025700.0
2005-08-25,QQQ,38.56,38.692,38.49,38.588,52328800.0
2005-08-26,QQQ,38.53,38.6,38.27,38.4599,63840700.0
2005-08-29,QQQ,38.26,38.85,38.26,38.76,74940400.0
2005-08-30,QQQ,38.56,38.655,38.32,38.62,87373600.0
2005-08-31,QQQ,38.64,39.01,38.478,38.98,93426300.0
2005-09-01,QQQ,38.98,39.15,38.78,38.92,74884400.0
2005-09-02,QQQ,38.99,39.031,38.74,38.77,53244900.0
2005-09-06,QQQ,38.93,39.41,38.9,39.34,78106600.0
2005-09-07,QQQ,39.3,39.479,39.21,39.409,57440100.0
2005-09-08,QQQ,39.29,39.57,39.27,39.4,73529700.0
2005-09-09,QQQ,39.41,39.69,39.31,39.619,75342100.0
2005-09-12,QQQ,39.63,39.863,39.58,39.73,51689900.0
2005-09-13,QQQ,39.679,39.91,39.54,39.63,66145800.0
2005-09-14,QQQ,39.65,39.68,39.15,39.18,98644000.0
2005-09-15,QQQ,39.26,39.34,39.05,39.16,80421500.0
2005-09-16,QQQ,39.25,39.46,39.109,39.4,71034100.0
2005-09-19,QQQ,39.32,39.38,38.91,39.09,73387500.0
2005-09-20,QQQ,39.16,39.541,38.809,38.93,115202800.0
2005-09-21,QQQ,38.82,38.87,38.47,38.5,116404300.0
2005-09-22,QQQ,38.44,38.73,38.24,38.64,118686100.0
2005-09-23,QQQ,38.506,38.88,38.41,38.75,70154000.0
2005-09-26,QQQ,38.97,39.03,38.55,38.76,69327600.0
2005-09-27,QQQ,38.8,38.9,38.51,38.67,64089500.0
2005-09-28,QQQ,38.77,38.95,38.558,38.68,72044500.0
2005-09-29,QQQ,38.63,39.211,38.445,39.2,117634600.0
2005-09-30,QQQ,39.16,39.48,39.13,39.46,79248500.0
2005-10-03,QQQ,39.54,39.75,39.51,39.56,81685600.0
2005-10-04,QQQ,39.6,39.88,39.29,39.3,85348600.0
2005-10-05,QQQ,39.31,39.34,38.73,38.76,106152200.0
2005-10-06,QQQ,38.73,38.86,37.92,38.25,162213700.0
2005-10-07,QQQ,38.41,38.57,38.179,38.34,91119900.0
2005-10-10,QQQ,38.29,38.461,38.06,38.13,64012000.0
2005-10-11,QQQ,38.21,38.24,37.8,37.94,114736900.0
2005-10-12,QQQ,37.76,38.056,37.43,37.487,146109500.0
2005-10-13,QQQ,37.47,37.91,37.33,37.78,138569600.0
2005-10-14,QQQ,37.87,38.07,37.64,38.06,131463200.0
2005-10-17,QQQ,38.056,38.19,37.82,38.18,64080400.0
2005-10-18,QQQ,38.14,38.18,37.91,37.91,88070400.0
2005-10-19,QQQ,37.74,38.672,37.61,38.67,132879900.0
2005-10-20,QQQ,38.66,38.85,38.1,38.306,132576900.0
2005-10-21,QQQ,38.699,38.86,38.3288,38.55,110032000.0
2005-10-24,QQQ,38.712,39.181,38.467,39.16,110820900.0
2005-10-25,QQQ,39.08,39.1901,38.77,39.01,86665800.0
2005-10-26,QQQ,38.96,39.274,38.76,38.81,89878100.0
2005-10-27,QQQ,38.78,38.8,38.03,38.03,132231100.0
2005-10-28,QQQ,38.17,38.392,37.92,38.322,95243900.0
2005-10-31,QQQ,38.43,39.05,38.42,38.87,115279100.0
2005-11-01,QQQ,38.76,39.01,38.71,38.84,73502300.0
2005-11-02,QQQ,38.725,39.46,38.71,39.347,101409900.0
2005-11-03,QQQ,39.74,40.0901,39.68,39.94,137054000.0
2005-11-04,QQQ,39.994,40.23,39.84,40.08,100944500.0
2005-11-07,QQQ,40.2,40.29,39.95,40.13,65324500.0
2005-11-08,QQQ,40.064,40.35,39.99,40.14,78859700.0
2005-11-09,QQQ,40.12,40.33,40.03,40.159,72458800.0
2005-11-10,QQQ,40.18,40.69,39.92,40.6,120763100.0
2005-11-11,QQQ,40.77,40.918,40.68,40.71,80057200.0
2005-11-14,QQQ,40.77,40.86,40.603,40.714,53652400.0
2005-11-15,QQQ,40.73,40.9,40.38,40.52,79543500.0
2005-11-16,QQQ,40.645,40.78,40.46,40.768,65895700.0
2005-11-17,QQQ,40.91,41.32,40.85,41.307,94425500.0
2005-11-18,QQQ,41.51,41.651,41.0253,41.45,108820200.0
2005-11-21,QQQ,41.397,41.581,41.24,41.549,69731400.0
2005-11-22,QQQ,41.46,41.87,41.36,41.7,88814000.0
2005-11-23,QQQ,41.73,42.02,41.71,41.8,64101200.0
2005-11-25,QQQ,41.84,41.94,41.73,41.89,22930200.0
2005-11-28,QQQ,41.97,42.0,41.5,41.54,74716200.0
2005-11-29,QQQ,41.76,41.85,41.34,41.343,77443000.0
2005-11-30,QQQ,41.29,41.49,41.189,41.24,88044400.0
2005-12-01,QQQ,41.51,42.05,41.5,42.007,91914100.0
2005-12-02,QQQ,41.932,42.133,41.87,42.107,72929200.0
2005-12-05,QQQ,42.05,42.06,41.629,41.8,61519900.0
2005-12-06,QQQ,42.03,42.31,41.9,41.936,81509400.0
2005-12-07,QQQ,42.01,42.03,41.629,41.86,83885500.0
2005-12-08,QQQ,41.96,42.0,41.27,41.561,112043200.0
2005-12-09,QQQ,41.571,41.77,41.3799,41.715,56526900.0
2005-12-12,QQQ,41.87,41.94,41.68,41.867,44863600.0
2005-12-13,QQQ,41.82,42.211,41.76,42.045,76611600.0
2005-12-14,QQQ,41.95,42.096,41.708,41.899,73581600.0
2005-12-15,QQQ,42.0,42.07,41.608,41.97,72607200.0
2005-12-16,QQQ,41.87,41.94,41.549,41.58,63743000.0
2005-12-19,QQQ,41.68,41.71,40.9,40.92,75341700.0
2005-12-20,QQQ,40.95,41.15,40.75,40.95,70257700.0
2005-12-21,QQQ,41.02,41.41,40.95,41.13,68935000.0
2005-12-22,QQQ,41.11,41.462,40.98,41.397,59149500.0
2005-12-23,QQQ,41.51,41.59,41.299,41.403,38000400.0
2005-12-27,QQQ,41.52,41.68,40.97,41.038,55656300.0
2005-12-28,QQQ,41.06,41.23,40.87,40.99,50302400.0
2005-12-29,QQQ,41.03,41.12,40.65,40.72,47301700.0
2005-12-30,QQQ,40.55,40.58,40.36,40.412,60026500.0
2006-01-03,QQQ,40.65,41.49,40.16,41.31,109350400.0
2006-01-04,QQQ,41.41,41.74,41.3158,41.74,92769400.0
2006-01-05,QQQ,41.75,42.0,41.7065,41.92,77656900.0
2006-01-06,QQQ,42.26,42.7,42.06,42.68,110053900.0
2006-01-09,QQQ,42.66,42.9201,42.52,42.8499,80768800.0
2006-01-10,QQQ,42.64,42.92,42.55,42.88,84369400.0
2006-01-11,QQQ,43.01,43.31,42.87,43.21,100761400.0
2006-01-12,QQQ,43.16,43.29,42.85,43.0,82429200.0
2006-01-13,QQQ,42.94,43.05,42.73,42.98,64572100.0
2006-01-17,QQQ,42.66,42.79,42.5,42.7,77962100.0
2006-01-18,QQQ,42.04,42.46,42.02,42.21,121021900.0
2006-01-19,QQQ,42.4,42.82,42.29,42.52,111094000.0
2006-01-20,QQQ,42.44,42.49,41.15,41.25,188569400.0
2006-01-23,QQQ,41.37,41.45,41.08,41.26,111381900.0
2006-01-24,QQQ,41.36,41.7,41.31,41.44,77956900.0
2006-01-25,QQQ,41.64,41.67,41.08,41.26,99826400.0
2006-01-26,QQQ,41.5,41.69,41.23,41.55,112600600.0
2006-01-27,QQQ,41.81,42.39,41.74,42.11,110830400.0
2006-01-30,QQQ,42.15,42.32,42.07,42.19,53942600.0
2006-01-31,QQQ,42.14,42.27,41.81,42.0,100988100.0
2006-02-01,QQQ,41.75,42.17,41.7,42.15,89168700.0
2006-02-02,QQQ,42.03,42.08,41.41,41.43,94047400.0
2006-02-03,QQQ,41.11,41.23,40.78,40.92,121094200.0
2006-02-06,QQQ,40.9,41.01,40.59,40.81,58162800.0
2006-02-07,QQQ,40.74,40.93,40.44,40.63,87327000.0
2006-02-08,QQQ,40.92,41.15,40.69,41.1,89907800.0
2006-02-09,QQQ,41.2,41.37,40.63,40.71,78213400.0
2006-02-10,QQQ,40.68,41.06,40.26,40.96,102575900.0
2006-02-13,QQQ,40.72,40.74,40.3,40.49,70643100.0
2006-02-14,QQQ,40.55,41.02,40.41,40.9,94340300.0
2006-02-15,QQQ,40.79,41.26,40.73,41.16,92254300.0
2006-02-16,QQQ,41.3,41.55,41.15,41.54,103859600.0
2006-02-17,QQQ,41.45,41.46,41.2,41.21,81770200.0
2006-02-21,QQQ,41.21,41.27,40.61,40.75,85101400.0
2006-02-22,QQQ,40.8,41.54,40.68,41.26,91983900.0
2006-02-23,QQQ,41.22,41.54,41.08,41.15,66517100.0
2006-02-24,QQQ,41.15,41.29,41.01,41.26,57085400.0
2006-02-27,QQQ,41.37,41.87,41.33,41.72,64945000.0
2006-02-28,QQQ,41.59,41.72,40.97,41.1,117564600.0
2006-03-01,QQQ,41.21,41.7701,41.15,41.66,80962300.0
2006-03-02,QQQ,41.55,41.84,41.41,41.69,69856500.0
2006-03-03,QQQ,41.45,42.01,41.39,41.45,112066100.0
2006-03-06,QQQ,41.53,41.63,40.96,41.09,99581000.0
2006-03-07,QQQ,41.03,41.07,40.65,40.85,96441100.0
2006-03-08,QQQ,40.77,41.09,40.5,40.87,103961900.0
2006-03-09,QQQ,41.0,41.1501,40.47,40.52,108556700.0
2006-03-10,QQQ,40.48,40.79,40.19,40.56,124474900.0
2006-03-13,QQQ,40.76,40.94,40.62,40.68,69169100.0
2006-03-14,QQQ,40.65,41.42,40.64,41.37,118201000.0
2006-03-15,QQQ,41.53,41.72,41.32,41.72,84375800.0
2006-03-16,QQQ,41.85,41.9201,41.33,41.37,101371200.0
2006-03-17,QQQ,41.32,41.59,41.23,41.45,78219600.0
2006-03-20,QQQ,41.59,41.68,41.4,41.55,60240100.0
2006-03-21,QQQ,41.51,42.01,41.08,41.11,136566000.0
2006-03-22,QQQ,40.88,41.28,40.86,41.21,112282800.0
2006-03-23,QQQ,41.09,41.22,40.82,41.09,75158200.0
2006-03-24,QQQ,41.23,41.5001,41.02,41.3,81795500.0
2006-03-27,QQQ,41.28,41.51,41.24,41.31,54400400.0
2006-03-28,QQQ,41.37,41.67,40.99,41.14,100522800.0
2006-03-29,QQQ,41.2,42.1,41.17,41.92,130669100.0
2006-03-30,QQQ,41.99,42.3001,41.79,42.05,115915600.0
2006-03-31,QQQ,42.14,42.19,41.84,41.93,71074600.0
2006-04-03,QQQ,42.15,42.37,41.9,41.98,80730700.0
2006-04-04,QQQ,42.04,42.31,41.93,42.21,89952600.0
2006-04-05,QQQ,42.3,42.67,42.21,42.61,91628200.0
2006-04-06,QQQ,42.59,42.94,42.4404,42.73,91712800.0
2006-04-07,QQQ,42.9,43.05,42.3,42.32,116604300.0
2006-04-10,QQQ,42.4,42.5,42.09,42.26,58981900.0
2006-04-11,QQQ,42.4,42.43,41.71,41.92,91481900.0
2006-04-12,QQQ,41.95,42.08,41.8,41.93,58751200.0
2006-04-13,QQQ,41.9,42.33,41.79,42.1,63476900.0
2006-04-17,QQQ,42.04,42.21,41.39,41.66,104072100.0
2006-04-18,QQQ,41.78,42.56,41.77,42.46,124291700.0
2006-04-19,QQQ,42.54,42.65,42.3,42.65,79050300.0
2006-04-20,QQQ,42.62,42.82,42.38,42.5,81408000.0
2006-04-21,QQQ,42.66,42.86,41.82,42.0,130181200.0
2006-04-24,QQQ,41.96,42.07,41.72,41.96,78556400.0
2006-04-25,QQQ,42.08,42.1,41.65,41.87,77660800.0
2006-04-26,QQQ,41.87,42.06,41.7,41.86,82537000.0
2006-04-27,QQQ,41.67,42.49,41.5,42.26,173950100.0
2006-04-28,QQQ,42.0,42.22,41.78,41.85,88876600.0
2006-05-01,QQQ,41.92,42.3,41.31,41.44,92875500.0
2006-05-02,QQQ,41.61,41.73,41.4,41.55,85148100.0
2006-05-03,QQQ,41.58,41.64,41.28,41.49,74971600.0
2006-05-04,QQQ,41.53,41.99,41.53,41.83,88696800.0
2006-05-05,QQQ,42.11,42.2101,41.94,42.16,80392200.0
2006-05-08,QQQ,42.08,42.28,42.07,42.2,45079100.0
2006-05-09,QQQ,42.1,42.1801,41.97,42.04,48528800.0
2006-05-10,QQQ,41.93,41.98,41.55,41.67,92424200.0
2006-05-11,QQQ,41.63,41.65,40.63,40.74,140989700.0
2006-05-12,QQQ,40.57,40.76,39.96,40.19,153920800.0
2006-05-15,QQQ,40.03,40.34,39.79,40.16,127896500.0
2006-05-16,QQQ,40.16,40.26,39.77,39.86,132397500.0
2006-05-17,QQQ,39.68,39.81,39.23,39.32,207897100.0
2006-05-18,QQQ,39.49,39.66,39.0,39.05,139690900.0
2006-05-19,QQQ,39.17,39.47,38.75,39.35,194306300.0
2006-05-22,QQQ,39.02,39.24,38.62,38.97,169591800.0
2006-05-23,QQQ,39.26,39.3801,38.57,38.59,142243900.0
2006-05-24,QQQ,38.53,39.04,38.23,38.85,234981600.0
2006-05-25,QQQ,39.08,39.38,38.82,39.36,123510900.0
2006-05-26,QQQ,39.45,39.58,39.23,39.49,91319600.0
2006-05-30,QQQ,39.31,39.33,38.61,38.64,105606200.0
2006-05-31,QQQ,38.72,39.06,38.54,38.82,137066200.0
2006-06-01,QQQ,38.91,39.74,38.84,39.74,119357400.0
2006-06-02,QQQ,39.97,40.0,39.31,39.642,128864100.0
2006-06-05,QQQ,39.55,39.56,38.78,38.78,103190600.0
2006-06-06,QQQ,38.85,38.95,38.35,38.75,127271000.0
2006-06-07,QQQ,38.8,39.17,38.45,38.46,130754700.0
2006-06-08,QQQ,38.27,38.56,37.49,38.4,280562200.0
2006-06-09,QQQ,38.54,38.74,38.11,38.15,144146200.0
2006-06-12,QQQ,38.2,38.26,37.39,37.4,145607500.0
2006-06-13,QQQ,37.52,37.8,37.16,37.25,207099500.0
2006-06-14,QQQ,37.36,37.71,37.2,37.63,201876800.0
2006-06-15,QQQ,37.84,38.79,37.8,38.65,200700400.0
2006-06-16,QQQ,38.55,38.68,38.2,38.34,120006100.0
2006-06-19,QQQ,38.5,38.54,37.91,38.03,129450100.0
2006-06-20,QQQ,38.09,38.48,37.94,38.08,102871700.0
2006-06-21,QQQ,38.14,38.99,38.13,38.68,129548100.0
2006-06-22,QQQ,38.6,38.68,37.99,38.19,143100500.0
2006-06-23,QQQ,38.16,38.53,37.93,38.15,88050200.0
2006-06-26,QQQ,38.17,38.39,38.07,38.25,65157700.0
2006-06-27,QQQ,38.28,38.33,37.49,37.53,128227500.0
2006-06-28,QQQ,37.63,37.84,37.38,37.81,91576300.0
2006-06-29,QQQ,37.96,38.96,37.9,38.96,181997200.0
2006-06-30,QQQ,39.12,39.14,38.68,38.77,82719200.0
2006-07-03,QQQ,38.88,39.0,38.81,39.0,21598500.0
2006-07-05,QQQ,38.64,38.68,38.09,38.15,93724000.0
2006-07-06,QQQ,38.26,38.48,38.01,38.11,70615200.0
2006-07-07,QQQ,37.89,38.17,37.57,37.69,108063300.0
2006-07-10,QQQ,37.79,37.93,37.17,37.36,105109800.0
2006-07-11,QQQ,37.28,37.74,37.08,37.64,136114200.0
2006-07-12,QQQ,37.56,37.64,36.84,36.93,154458900.0
2006-07-13,QQQ,36.66,37.04,36.31,36.31,177745500.0
2006-07-14,QQQ,36.3,36.38,35.79,35.94,172448500.0
2006-07-17,QQQ,35.95,36.25,35.87,36.03,134311000.0
2006-07-18,QQQ,36.22,36.33,35.54,36.15,206964900.0
2006-07-19,QQQ,36.1,36.83,36.09,36.62,192517600.0
2006-07-20,QQQ,36.74,36.8,36.04,36.08,152292100.0
2006-07-21,QQQ,35.88,35.96,35.62,35.7,119343000.0
2006-07-24,QQQ,35.85,36.4301,35.8,36.41,130269300.0
2006-07-25,QQQ,36.47,36.74,36.24,36.62,108869600.0
2006-07-26,QQQ,36.5,36.87,36.23,36.59,107170500.0
2006-07-27,QQQ,36.73,37.04,36.25,36.35,99698700.0
2006-07-28,QQQ,36.56,37.14,36.5,37.11,93556100.0
2006-07-31,QQQ,37.08,37.32,36.89,37.1,78015300.0
2006-08-01,QQQ,36.79,36.8,36.26,36.48,98552800.0
2006-08-02,QQQ,36.61,37.13,36.61,36.89,87370600.0
2006-08-03,QQQ,36.54,37.34,36.48,37.12,99205600.0
2006-08-04,QQQ,37.42,37.63,36.62,36.95,123493800.0
2006-08-07,QQQ,36.92,36.94,36.53,36.71,69634800.0
2006-08-08,QQQ,36.81,36.9,36.26,36.48,124139900.0
2006-08-09,QQQ,37.01,37.31,36.43,36.53,145342200.0
2006-08-10,QQQ,36.46,36.88,36.31,36.79,102481300.0
2006-08-11,QQQ,36.65,36.69,36.37,36.53,86903200.0
2006-08-14,QQQ,36.86,37.27,36.7,36.77,109281100.0
2006-08-15,QQQ,37.22,37.75,37.09,37.7,133712100.0
2006-08-16,QQQ,37.99,38.61,37.84,38.58,135452100.0
2006-08-17,QQQ,38.47,38.98,38.44,38.73,129492200.0
2006-08-18,QQQ,38.65,38.83,38.28,38.79,97754500.0
2006-08-21,QQQ,38.47,38.56,38.26,38.42,66668400.0
2006-08-22,QQQ,38.36,38.81,38.2,38.43,102058600.0
2006-08-23,QQQ,38.47,38.67,37.92,38.14,96056300.0
2006-08-24,QQQ,38.26,38.35,37.92,38.25,78985300.0
2006-08-25,QQQ,38.17,38.64,38.06,38.32,73572900.0
2006-08-28,QQQ,38.28,38.79,38.24,38.61,80035000.0
2006-08-29,QQQ,38.58,38.76,38.18,38.73,104842000.0
2006-08-30,QQQ,38.75,39.03,38.6,38.91,75687200.0
2006-08-31,QQQ,38.94,39.03,38.76,38.87,61207200.0
2006-09-01,QQQ,39.07,39.21,38.9,39.08,69388500.0
2006-09-05,QQQ,39.11,39.48,38.85,39.46,85582800.0
2006-09-06,QQQ,39.08,39.19,38.61,38.67,97888600.0
2006-09-07,QQQ,38.57,38.9,38.36,38.4799,115877400.0
2006-09-08,QQQ,38.54,38.82,38.46,38.72,96627000.0
2006-09-11,QQQ,38.41,39.15,38.3199,38.96,142377500.0
2006-09-12,QQQ,38.95,39.8,38.95,39.68,124102400.0
2006-09-13,QQQ,39.73,39.982,39.63,39.96,116054300.0
2006-09-14,QQQ,39.85,40.22,39.76,39.99,98116000.0
2006-09-15,QQQ,40.34,40.46,40.0,40.11,137825600.0
2006-09-18,QQQ,40.12,40.4,39.94,40.1101,117806700.0
2006-09-19,QQQ,40.24,40.25,39.52,39.85,159060800.0
2006-09-20,QQQ,40.2,40.54,40.19,40.43,116635500.0
2006-09-21,QQQ,40.52,40.67,40.08,40.18,121886900.0
2006-09-22,QQQ,40.15,40.16,39.7,39.87,100996400.0
2006-09-25,QQQ,40.05,40.66,39.68,40.57,136473400.0
2006-09-26,QQQ,40.52,40.8,40.4,40.77,113375600.0
2006-09-27,QQQ,40.7,40.95,40.5,40.72,113003800.0
2006-09-28,QQQ,40.77,40.89,40.43,40.83,85943600.0
2006-09-29,QQQ,40.89,40.93,40.62,40.65,85438200.0
2006-10-02,QQQ,40.6,40.7,40.08,40.14,97068800.0
2006-10-03,QQQ,40.05,40.48,39.88,40.31,116261400.0
2006-10-04,QQQ,40.22,41.31,40.14,41.3,149209500.0
2006-10-05,QQQ,41.28,41.56,41.18,41.5,91799900.0
2006-10-06,QQQ,41.38,41.56,41.24,41.41,85450400.0
2006-10-09,QQQ,41.37,41.74,41.32,41.55,62786100.0
2006-10-10,QQQ,41.61,41.75,41.31,41.62,98181800.0
2006-10-11,QQQ,41.43,41.83,41.17,41.54,136561300.0
2006-10-12,QQQ,41.76,42.25,41.7,42.23,95260200.0
2006-10-13,QQQ,42.22,42.52,42.14,42.43,80470200.0
2006-10-16,QQQ,42.43,42.62,42.4,42.45,62017400.0
2006-10-17,QQQ,42.17,42.2,41.76,42.0,146149100.0
2006-10-18,QQQ,42.22,42.31,41.65,41.8,120366100.0
2006-10-19,QQQ,41.69,42.1101,41.59,41.9,108198400.0
2006-10-20,QQQ,42.05,42.084,41.64,42.0,105454300.0
2006-10-23,QQQ,41.92,42.58,41.82,42.43,126960500.0
2006-10-24,QQQ,42.29,42.45,41.92,42.13,103541700.0
2006-10-25,QQQ,42.14,42.52,42.05,42.43,125399500.0
2006-10-26,QQQ,42.57,42.92,42.22,42.82,130260700.0
2006-10-27,QQQ,42.73,42.82,42.08,42.21,129375000.0
2006-10-30,QQQ,42.17,42.65,42.06,42.48,103899900.0
2006-10-31,QQQ,42.56,42.76,42.31,42.58,135811800.0
2006-11-01,QQQ,42.73,42.77,41.82,42.0,148960600.0
2006-11-02,QQQ,41.815,42.14,41.74,42.04,100216400.0
2006-11-03,QQQ,42.1,42.19,41.61,41.93,119263300.0
2006-11-06,QQQ,42.06,42.71,42.06,42.54,101283300.0
2006-11-07,QQQ,42.53,43.09,42.47,42.83,139706500.0
2006-11-08,QQQ,42.58,43.2,42.47,43.03,180245700.0
2006-11-09,QQQ,43.27,43.35,42.67,42.8,124278000.0
2006-11-10,QQQ,42.84,43.04,42.67,43.03,82419400.0
2006-11-13,QQQ,43.06,43.54,43.0,43.46,89146200.0
2006-11-14,QQQ,43.5,43.97,43.24,43.93,121962800.0
2006-11-15,QQQ,43.98,44.4,43.92,44.11,116565900.0
2006-11-16,QQQ,44.25,44.42,44.02,44.3,113513200.0
2006-11-17,QQQ,44.06,44.3,43.95,44.3,95162500.0
2006-11-20,QQQ,44.16,44.48,44.01,44.39,107184100.0
2006-11-21,QQQ,44.42,44.51,44.25,44.45,68092200.0
2006-11-22,QQQ,44.58,44.75,44.26,44.73,69852700.0
2006-11-24,QQQ,44.4,44.86,44.38,44.65,51762900.0
2006-11-27,QQQ,44.52,44.61,43.64,43.66,159506300.0
2006-11-28,QQQ,43.52,43.84,43.34,43.77,118268400.0
2006-11-29,QQQ,44.0,44.18,43.66,44.07,139515500.0
2006-11-30,QQQ,44.05,44.28,43.79,44.04,123457100.0
2006-12-01,QQQ,44.0,44.2,43.26,43.66,144559600.0
2006-12-04,QQQ,43.79,44.48,43.79,44.26,89782400.0
2006-12-05,QQQ,44.39,44.55,44.19,44.42,84697500.0
2006-12-06,QQQ,44.29,44.4,44.07,44.26,78207500.0
2006-12-07,QQQ,44.34,44.48,43.7,43.7,124936100.0
2006-12-08,QQQ,43.57,44.26,43.47,43.9,133798700.0
2006-12-11,QQQ,43.835,44.37,43.75,44.06,72931300.0
2006-12-12,QQQ,44.03,44.13,43.56,43.8,110985900.0
2006-12-13,QQQ,44.105,44.11,43.62,43.88,79035500.0
2006-12-14,QQQ,43.97,44.57,43.94,44.37,109104200.0
2006-12-15,QQQ,44.66,44.76,44.35,44.43,99942300.0
2006-12-18,QQQ,44.58,44.75,43.8,43.99,121588700.0
2006-12-19,QQQ,43.65,44.06,43.38,43.85,136535200.0
2006-12-20,QQQ,43.89,44.11,43.67,43.69,67213400.0
2006-12-21,QQQ,43.76,43.79,43.21,43.38,102952300.0
2006-12-22,QQQ,43.39,43.41,42.93,42.93,92858600.0
2006-12-26,QQQ,42.93,43.12,42.88,43.11,50848600.0
2006-12-27,QQQ,43.19,43.4,43.1,43.33,54129200.0
2006-12-28,QQQ,43.2,43.38,43.05,43.12,69016000.0
2006-12-29,QQQ,43.21,43.61,43.12,43.16,75152500.0
2007-01-03,QQQ,43.46,44.06,42.52,43.24,167689500.0
2007-01-04,QQQ,43.3,44.21,43.15,44.06,136853500.0
2007-01-05,QQQ,43.93,43.95,43.48,43.85,138958800.0
2007-01-08,QQQ,43.88,44.12,43.64,43.88,106401600.0
2007-01-09,QQQ,44.0,44.29,43.63,44.1,121577500.0
2007-01-10,QQQ,43.96,44.66,43.82,44.62,121070100.0
2007-01-11,QQQ,44.71,45.24,44.65,45.08,174029800.0
2007-01-12,QQQ,45.02,45.35,44.97,45.31,104217300.0
2007-01-16,QQQ,45.32,45.4,45.13,45.28,95690500.0
2007-01-17,QQQ,45.09,45.29,44.83,44.91,127142600.0
2007-01-18,QQQ,44.79,44.84,43.95,44.08,189029800.0
2007-01-19,QQQ,43.98,44.2801,43.91,44.17,127544300.0
2007-01-22,QQQ,44.21,44.23,43.51,43.69,123441700.0
2007-01-23,QQQ,43.64,43.9801,43.5,43.58,133103600.0
2007-01-24,QQQ,43.87,44.32,43.77,44.3,117615300.0
2007-01-25,QQQ,44.37,44.47,43.58,43.73,158337600.0
2007-01-26,QQQ,43.81,43.83,43.29,43.57,146284300.0
2007-01-29,QQQ,43.45,43.91,43.4,43.61,104191500.0
2007-01-30,QQQ,43.68,43.79,43.52,43.63,69605900.0
2007-01-31,QQQ,43.6,44.19,43.33,44.07,157772500.0
2007-02-01,QQQ,44.27,44.4,43.85,44.02,147365600.0
2007-02-02,QQQ,44.11,44.25,43.94,44.16,98189200.0
2007-02-05,QQQ,44.14,44.36,43.96,44.12,96347800.0
2007-02-06,QQQ,44.2,44.23,43.64,44.05,121110200.0
2007-02-07,QQQ,44.29,44.65,44.12,44.46,117823800.0
2007-02-08,QQQ,44.39,44.6,44.23,44.45,89521900.0
2007-02-09,QQQ,44.57,44.72,43.73,43.84,133472000.0
2007-02-12,QQQ,43.88,43.89,43.59,43.7,126940000.0
2007-02-13,QQQ,43.79,44.0,43.7,43.86,93648000.0
2007-02-14,QQQ,44.05,44.71,44.04,44.6,133370000.0
2007-02-15,QQQ,44.63,44.86,44.55,44.86,110452500.0
2007-02-16,QQQ,44.68,44.83,44.57,44.71,72342200.0
2007-02-20,QQQ,44.65,45.12,44.43,45.05,93629000.0
2007-02-21,QQQ,44.92,45.21,44.83,45.19,95864000.0
2007-02-22,QQQ,45.36,45.55,45.07,45.42,116344400.0
2007-02-23,QQQ,45.42,45.46,45.06,45.26,113467100.0
2007-02-26,QQQ,45.48,45.5,44.76,45.04,101623700.0
2007-02-27,QQQ,44.36,44.48,43.06,43.19,317813200.0
2007-02-28,QQQ,43.16,43.76,42.93,43.33,214978700.0
2007-03-01,QQQ,42.55,43.54,42.24,43.13,231806500.0
2007-03-02,QQQ,42.78,43.14,42.47,42.48,183359400.0
2007-03-05,QQQ,42.16,42.8,42.06,42.15,171885400.0
2007-03-06,QQQ,42.56,42.99,42.5,42.85,155551800.0
2007-03-07,QQQ,42.86,42.98,42.65,42.68,119979300.0
2007-03-08,QQQ,43.13,43.24,42.84,42.97,120900700.0
2007-03-09,QQQ,43.33,43.34,42.65,42.98,128597600.0
2007-03-12,QQQ,42.88,43.28,42.83,43.21,81310100.0
2007-03-13,QQQ,43.0,43.24,42.36,42.37,171231800.0
2007-03-14,QQQ,42.43,43.0,42.1,42.99,192586700.0
2007-03-15,QQQ,42.9,43.06,42.72,42.89,111627400.0
2007-03-16,QQQ,42.94,43.04,42.61,42.83,108328800.0
2007-03-19,QQQ,43.06,43.39,42.95,43.27,95913200.0
2007-03-20,QQQ,43.26,43.59,43.21,43.58,78755700.0
2007-03-21,QQQ,43.63,44.44,43.35,44.42,173333500.0
2007-03-22,QQQ,44.44,44.45,44.09,44.26,114856300.0
2007-03-23,QQQ,44.26,44.37,44.07,44.12,68530300.0
2007-03-26,QQQ,44.14,44.32,43.63,44.3,114237300.0
2007-03-27,QQQ,44.23,44.24,43.95,43.99,76419200.0
2007-03-28,QQQ,43.785,44.03,43.51,43.52,142795000.0
2007-03-29,QQQ,43.84,43.85,43.1,43.57,124407000.0
2007-03-30,QQQ,43.56,43.87,43.2215,43.53,120418700.0
2007-04-02,QQQ,43.67,43.76,43.3,43.59,89617700.0
2007-04-03,QQQ,43.82,44.31,43.79,44.16,105814500.0
2007-04-04,QQQ,44.2,44.38,44.13,44.34,85147200.0
2007-04-05,QQQ,44.29,44.58,44.23,44.56,54220200.0
2007-04-09,QQQ,44.71,44.75,44.38,44.45,63050200.0
2007-04-10,QQQ,44.44,44.68,44.41,44.68,76364500.0
2007-04-11,QQQ,44.64,44.66,44.07,44.21,114012300.0
2007-04-12,QQQ,44.135,44.62,43.95,44.56,113801300.0
2007-04-13,QQQ,44.57,44.72,44.29,44.65,94572000.0
2007-04-16,QQQ,44.83,45.15,44.83,45.06,72803200.0
2007-04-17,QQQ,45.145,45.2,44.96,45.16,81852300.0
2007-04-18,QQQ,44.93,45.23,44.83,45.01,82002500.0
2007-04-19,QQQ,44.81,45.25,44.72,45.15,95413000.0
2007-04-20,QQQ,45.52,45.67,45.2,45.4,122377400.0
2007-04-23,QQQ,45.44,45.6,45.34,45.47,85303300.0
2007-04-24,QQQ,45.63,45.83,45.33,45.7,108143700.0
2007-04-25,QQQ,45.85,46.32,45.7,46.31,106818100.0
2007-04-26,QQQ,46.42,46.65,46.33,46.55,99308300.0
2007-04-27,QQQ,46.37,46.7,46.29,46.57,96536500.0
2007-04-30,QQQ,46.5,46.53,45.92,45.96,93290500.0
2007-05-01,QQQ,45.97,46.14,45.66,46.06,135044400.0
2007-05-02,QQQ,46.09,46.58,46.05,46.42,91971600.0
2007-05-03,QQQ,46.53,46.72,46.43,46.59,98003600.0
2007-05-04,QQQ,46.77,46.89,46.42,46.63,93591800.0
2007-05-07,QQQ,46.65,46.78,46.57,46.63,47487900.0
2007-05-08,QQQ,46.47,46.77,46.3,46.73,95138900.0
2007-05-09,QQQ,46.49,46.97,46.46,46.83,116021000.0
2007-05-10,QQQ,46.67,46.78,46.07,46.19,171196300.0
2007-05-11,QQQ,46.24,46.78,46.18,46.78,104767900.0
2007-05-14,QQQ,46.77,46.88,46.19,46.46,118899200.0
2007-05-15,QQQ,46.41,46.7,45.99,46.1,179438500.0
2007-05-16,QQQ,46.2,46.56,45.91,46.55,144420500.0
2007-05-17,QQQ,46.5,46.57,46.29,46.33,109869100.0
2007-05-18,QQQ,46.48,46.71,46.38,46.71,104961700.0
2007-05-21,QQQ,46.74,47.24,46.67,47.01,112831400.0
2007-05-22,QQQ,47.04,47.28,46.87,47.05,98029100.0
2007-05-23,QQQ,47.19,47.37,46.8,46.83,119220600.0
2007-05-24,QQQ,46.855,47.04,45.97,46.16,206268600.0
2007-05-25,QQQ,46.26,46.56,46.18,46.45,87143200.0
2007-05-29,QQQ,46.49,46.86,46.41,46.81,99702400.0
2007-05-30,QQQ,46.48,47.2,46.35,47.19,132036500.0
2007-05-31,QQQ,47.32,47.52,47.21,47.41,109457700.0
2007-06-01,QQQ,47.58,47.77,47.37,47.44,125089800.0
2007-06-04,QQQ,47.27,47.64,47.24,47.5801,64782700.0
2007-06-05,QQQ,47.43,47.58,47.0,47.58,151160400.0
2007-06-06,QQQ,47.37,47.38,46.9614,47.07,183166500.0
2007-06-07,QQQ,46.91,47.21,46.32,46.3399,221373300.0
2007-06-08,QQQ,46.33,46.93,46.16,46.91,177587800.0
2007-06-11,QQQ,46.89,47.19,46.76,46.82,97100400.0
2007-06-12,QQQ,46.57,47.04,46.45,46.54,153967700.0
2007-06-13,QQQ,46.74,47.09,46.54,47.05,147985300.0
2007-06-14,QQQ,47.1,47.49,47.09,47.36,101531900.0
2007-06-15,QQQ,47.75,47.87,47.65,47.73,100378400.0
2007-06-18,QQQ,47.85,47.87,47.67,47.77,75713200.0
2007-06-19,QQQ,47.63,47.86,47.51,47.76,109621300.0
2007-06-20,QQQ,47.83,47.92,47.24,47.31,161889500.0
2007-06-21,QQQ,47.305,47.79,47.08,47.74,143181300.0
2007-06-22,QQQ,47.64,47.71,47.14,47.29,153328700.0
2007-06-25,QQQ,47.31,47.58,46.82,47.09,136602600.0
2007-06-26,QQQ,47.32,47.32,46.74,46.82,128211900.0
2007-06-27,QQQ,46.74,47.56,46.7,47.54,141196200.0
2007-06-28,QQQ,47.52,47.85,47.47,47.52,116546300.0
2007-06-29,QQQ,47.79,47.88,47.21,47.6,124794700.0
2007-07-02,QQQ,47.71,48.048,47.68,48.01,80863100.0
2007-07-03,QQQ,48.1,48.32,48.04,48.31,34803300.0
2007-07-05,QQQ,48.35,48.77,48.29,48.66,73588500.0
2007-07-06,QQQ,48.71,48.91,48.5,48.86,65804300.0
2007-07-09,QQQ,48.9,48.98,48.72,48.89,66768800.0
2007-07-10,QQQ,48.62,48.9,48.43,48.48,104383100.0
2007-07-11,QQQ,48.37,48.81,48.32,48.81,99637600.0
2007-07-12,QQQ,49.05,49.67,48.92,49.56,107667100.0
2007-07-13,QQQ,49.62,49.97,49.5699,49.9,74232200.0
2007-07-16,QQQ,49.9,50.08,49.76,49.85,77799500.0
2007-07-17,QQQ,49.97,50.3,49.92,50.23,124833700.0
2007-07-18,QQQ,49.94,50.17,49.64,50.17,144915900.0
2007-07-19,QQQ,50.41,50.66,50.31,50.32,116563800.0
2007-07-20,QQQ,50.29,50.36,49.74,50.05,163721300.0
2007-07-23,QQQ,50.21,50.31,49.92,50.07,107464100.0
2007-07-24,QQQ,49.71,50.1,49.05,49.33,175496200.0
2007-07-25,QQQ,49.57,49.67,49.06,49.4,170258700.0
2007-07-26,QQQ,49.07,49.47,48.05,48.98,318522000.0
2007-07-27,QQQ,48.89,49.12,47.99,47.99,246387600.0
2007-07-30,QQQ,48.21,48.73,47.95,48.55,166517200.0
2007-07-31,QQQ,48.97,48.99,47.43,47.53,260224500.0
2007-08-01,QQQ,47.39,47.93,46.98,47.9,301153900.0
2007-08-02,QQQ,47.94,48.43,47.79,48.34,177369900.0
2007-08-03,QQQ,48.25,48.31,47.15,47.42,166048400.0
2007-08-06,QQQ,47.46,48.02,47.03,47.97,190869100.0
2007-08-07,QQQ,47.88,48.62,47.48,48.31,167109700.0
2007-08-08,QQQ,48.51,49.06,48.4,48.84,164831200.0
2007-08-09,QQQ,48.19,48.97,47.69,47.71,242418200.0
2007-08-10,QQQ,47.21,47.83,46.63,47.28,247006400.0
2007-08-13,QQQ,47.68,47.88,47.48,47.6,116935100.0
2007-08-14,QQQ,47.69,47.74,46.73,46.79,153529800.0
2007-08-15,QQQ,46.68,47.09,45.813,45.9,214854100.0
2007-08-16,QQQ,45.54,45.91,45.45,45.45,362468700.0
2007-08-17,QQQ,46.31,46.5895,45.589,46.31,223246600.0
2007-08-20,QQQ,46.48,46.72,46.08,46.53,144715100.0
2007-08-21,QQQ,46.48,47.1272,46.39,47.02,115027200.0
2007-08-22,QQQ,47.375,47.7,47.27,47.66,115814100.0
2007-08-23,QQQ,47.82,47.85,47.23,47.53,118663400.0
2007-08-24,QQQ,47.38,48.24,47.32,48.2,88189200.0
2007-08-27,QQQ,48.05,48.2,47.84,47.88,72490400.0
2007-08-28,QQQ,47.6,47.7,46.71,46.74,106024800.0
2007-08-29,QQQ,47.05,48.12,47.05,48.08,113201000.0
2007-08-30,QQQ,47.83,48.74,47.75,48.33,138930000.0
2007-08-31,QQQ,48.86,49.06,48.61,48.87,94687200.0
2007-09-04,QQQ,48.92,50.0,48.91,49.68,98480900.0
2007-09-05,QQQ,49.55,49.65,48.87,49.18,114049300.0
2007-09-06,QQQ,49.23,49.36,48.81,49.14,99222600.0
2007-09-07,QQQ,48.53,48.6,47.95,48.23,152438000.0
2007-09-10,QQQ,48.62,48.75,47.81,48.2,125199400.0
2007-09-11,QQQ,48.51,48.9885,48.43,48.93,103064500.0
2007-09-12,QQQ,48.84,49.37,48.78,48.94,93993400.0
2007-09-13,QQQ,49.29,49.35,48.94,49.18,80807500.0
2007-09-14,QQQ,48.8,49.31,48.73,49.22,99801200.0
2007-09-17,QQQ,48.99,49.1,48.59,48.81,84882300.0
2007-09-18,QQQ,49.09,52.77,48.83,50.04,151452100.0
2007-09-19,QQQ,50.29,50.59,49.98,50.17,127025800.0
2007-09-20,QQQ,50.06,50.26,49.92,50.03,109970600.0
2007-09-21,QQQ,50.28,50.52,50.0143,50.36,86829500.0
2007-09-24,QQQ,50.49,50.96,50.33,50.59,107226800.0
2007-09-25,QQQ,50.42,51.07,50.36,51.07,101102200.0
2007-09-26,QQQ,51.36,51.51,51.12,51.32,96124600.0
2007-09-27,QQQ,51.62,51.65,51.36,51.58,73423200.0
2007-09-28,QQQ,51.54,51.68,51.18,51.41,75546000.0
2007-10-01,QQQ,51.45,52.16,51.38,52.0,100404100.0
2007-10-02,QQQ,52.04,52.06,51.72,52.01,71046000.0
2007-10-03,QQQ,51.84,52.07,51.5,51.65,106785000.0
2007-10-04,QQQ,51.75,51.83,51.34,51.77,84129300.0
2007-10-05,QQQ,52.17,52.9,52.06,52.818,115674700.0
2007-10-08,QQQ,52.8,53.16,52.71,53.15,63022400.0
2007-10-09,QQQ,53.27,53.45,53.03,53.3801,93965600.0
2007-10-10,QQQ,53.39,53.57,53.21,53.51,91777500.0
2007-10-11,QQQ,53.79,53.94,52.28,52.66,239786700.0
2007-10-12,QQQ,52.9,53.54,52.8,53.53,131676000.0
2007-10-15,QQQ,53.61,53.71,52.7,53.12,121578700.0
2007-10-16,QQQ,52.79,53.28,52.68,52.87,193676600.0
2007-10-17,QQQ,53.62,53.66,52.68,53.55,183985200.0
2007-10-18,QQQ,53.33,53.89,53.12,53.78,144491200.0
2007-10-19,QQQ,53.77,53.77,52.39,52.44,245111500.0
2007-10-22,QQQ,52.16,53.1185,52.02,53.07,207052100.0
2007-10-23,QQQ,53.61,54.21,53.34,54.18,162360600.0
2007-10-24,QQQ,53.74,53.94,52.0,53.77,298293400.0
2007-10-25,QQQ,53.88,53.98,52.75,53.05,233833100.0
2007-10-26,QQQ,54.08,54.2,53.44,53.93,146690300.0
2007-10-29,QQQ,54.19,54.33,53.84,54.16,101896600.0
2007-10-30,QQQ,53.94,54.56,53.9,54.26,114616600.0
2007-10-31,QQQ,54.47,55.07,54.04,55.03,148431900.0
2007-11-01,QQQ,54.68,54.77,53.97,54.0,181974200.0
2007-11-02,QQQ,54.42,54.5501,53.6,54.42,217882900.0
2007-11-05,QQQ,53.86,54.4,53.59,54.07,150588900.0
2007-11-06,QQQ,54.33,54.69,53.78,54.68,131884700.0
2007-11-07,QQQ,54.22,54.58,53.31,53.35,197908200.0
2007-11-08,QQQ,53.14,53.33,50.8,51.73,380626400.0
2007-11-09,QQQ,50.73,51.12,50.0,50.0,309414900.0
2007-11-12,QQQ,49.92,50.24,48.65,48.73,283216000.0
2007-11-13,QQQ,49.39,50.79,49.35,50.74,255625900.0
2007-11-14,QQQ,51.39,51.44,49.9,50.09,263284100.0
2007-11-15,QQQ,50.0,50.54,49.37,49.82,251548800.0
2007-11-16,QQQ,50.14,50.49,49.34,50.28,263623700.0
2007-11-19,QQQ,50.17,50.45,49.41,49.7,198651100.0
2007-11-20,QQQ,49.95,50.78,48.93,49.9,300763600.0
2007-11-21,QQQ,49.43,50.17,48.85,49.31,212225400.0
2007-11-23,QQQ,49.63,49.97,49.3724,49.84,46463300.0
2007-11-26,QQQ,49.98,50.37,48.9,48.98,150352100.0
2007-11-27,QQQ,49.39,50.05,49.1,49.96,211369300.0
2007-11-28,QQQ,50.63,51.7,50.6,51.48,216868100.0
2007-11-29,QQQ,51.27,51.89,51.2,51.7,172087300.0
2007-11-30,QQQ,52.21,52.25,50.95,51.31,171417400.0
2007-12-03,QQQ,51.14,51.53,50.82,50.88,108625700.0
2007-12-04,QQQ,50.46,50.94,50.38,50.67,113374100.0
2007-12-05,QQQ,51.2,52.0,51.16,51.57,137614200.0
2007-12-06,QQQ,51.63,52.37,51.61,52.32,99724500.0
2007-12-07,QQQ,52.29,52.54,52.08,52.33,88992300.0
2007-12-10,QQQ,52.44,52.69,52.32,52.54,75657900.0
2007-12-11,QQQ,52.61,52.84,51.21,51.32,167064300.0
2007-12-12,QQQ,52.25,52.43,50.89,51.78,162975200.0
2007-12-13,QQQ,51.33,51.63,50.98,51.5,153476200.0
2007-12-14,QQQ,51.09,51.6,50.92,50.97,128396700.0
2007-12-17,QQQ,50.78,50.9881,49.71,49.73,134377000.0
2007-12-18,QQQ,50.24,50.27,49.18,49.89,154251700.0
2007-12-19,QQQ,49.89,50.2,49.61,49.88,137970900.0
2007-12-20,QQQ,50.67,50.96,50.2,50.9,167341700.0
2007-12-21,QQQ,51.71,51.9,51.48,51.85,107573500.0
2007-12-24,QQQ,52.01,52.4,51.9501,52.24,34499800.0
2007-12-26,QQQ,52.15,52.63,52.0,52.5,58492100.0
2007-12-27,QQQ,52.33,52.5,51.71,51.93,65778900.0
2007-12-28,QQQ,52.04,52.16,51.43,51.86,67545400.0
2007-12-31,QQQ,51.56,51.68,51.21,51.22,70135600.0
2008-01-02,QQQ,51.27,51.47,50.13,50.45,152344100.0
2008-01-03,QQQ,50.4,50.76,50.15,50.62,114103700.0
2008-01-04,QQQ,49.79,49.83,48.21,48.4,212617600.0
2008-01-07,QQQ,48.41,48.6,47.43,48.17,235083600.0
2008-01-08,QQQ,48.29,48.76,46.92,46.92,261669800.0
2008-01-09,QQQ,47.09,47.96,46.46,47.92,254011800.0
2008-01-10,QQQ,47.42,48.41,47.29,47.99,249958500.0
2008-01-11,QQQ,47.72,47.77,46.7,47.05,211685200.0
2008-01-14,QQQ,47.69,48.01,47.31,47.87,168048500.0
2008-01-15,QQQ,47.38,47.52,46.35,46.55,241094900.0
2008-01-16,QQQ,46.19,46.91,45.46,46.05,265625900.0
2008-01-17,QQQ,46.24,46.58,45.2,45.41,254098800.0
2008-01-18,QQQ,45.64,46.14,44.76,45.35,273063300.0
2008-01-22,QQQ,42.83,44.77,42.73,44.18,325732000.0
2008-01-23,QQQ,42.54,44.15,41.61,44.02,390129000.0
2008-01-24,QQQ,44.19,44.93,44.06,44.91,250249100.0
2008-01-25,QQQ,45.86,45.87,43.94,43.99,199299100.0
2008-01-28,QQQ,44.02,44.44,43.57,44.33,163711200.0
2008-01-29,QQQ,44.56,44.68,44.04,44.41,138520000.0
2008-01-30,QQQ,44.24,45.32,44.18,44.37,220824400.0
2008-01-31,QQQ,43.87,45.59,43.82,45.13,246824100.0
2008-02-01,QQQ,45.52,45.88,44.88,45.5899,161920300.0
2008-02-04,QQQ,45.58,45.61,44.94,44.95,100209900.0
2008-02-05,QQQ,44.12,44.6,43.64,43.6699,188990400.0
2008-02-06,QQQ,43.92,44.17,42.77,42.81,178285000.0
2008-02-07,QQQ,42.35,43.79,42.15,43.11,286254800.0
2008-02-08,QQQ,43.18,43.77,42.94,43.6,173781300.0
2008-02-11,QQQ,43.78,44.22,43.54,44.07,119562300.0
2008-02-12,QQQ,44.33,44.68,43.51,43.82,145412400.0
2008-02-13,QQQ,44.39,44.88,44.16,44.78,148685900.0
2008-02-14,QQQ,44.84,44.85,43.89,43.97,170868900.0
2008-02-15,QQQ,43.77,43.98,43.45,43.82,100053300.0
2008-02-19,QQQ,44.39,44.5,43.27,43.74,110507600.0
2008-02-20,QQQ,43.25,44.09,43.24,43.94,137338800.0
2008-02-21,QQQ,44.36,44.47,43.34,43.52,127857000.0
2008-02-22,QQQ,43.67,43.69,42.6,43.68,157364700.0
2008-02-25,QQQ,43.62,44.07,43.34,43.9,121444300.0
2008-02-26,QQQ,43.65,44.48,43.37,44.07,148375900.0
2008-02-27,QQQ,43.77,44.46,43.67,44.29,125682600.0
2008-02-28,QQQ,44.11,44.53,43.95,44.12,129196700.0
2008-02-29,QQQ,43.65,43.77,42.85,42.95,188724500.0
2008-03-03,QQQ,42.93,42.99,42.24,42.67,132963800.0
2008-03-04,QQQ,42.41,43.04,42.02,42.91,183851000.0
2008-03-05,QQQ,42.99,43.54,42.75,43.1199,183208300.0
2008-03-06,QQQ,43.09,43.27,42.1,42.17,152752200.0
2008-03-07,QQQ,41.91,42.64,41.38,42.07,242552400.0
2008-03-10,QQQ,42.01,42.14,41.17,41.26,146801900.0
2008-03-11,QQQ,41.86,42.85,41.51,42.8301,196755300.0
2008-03-12,QQQ,43.02,43.44,42.6,42.71,155566100.0
2008-03-13,QQQ,42.21,43.33,41.81,43.04,208967900.0
2008-03-14,QQQ,43.36,43.38,41.74,42.25,309589800.0
2008-03-17,QQQ,41.26,42.01,41.05,41.48,193130600.0
2008-03-18,QQQ,42.24,43.34,42.11,43.33,216300400.0
2008-03-19,QQQ,43.51,43.6,42.23,42.26,216157200.0
2008-03-20,QQQ,42.35,43.1,42.1,43.09,128397000.0
2008-03-24,QQQ,43.28,44.76,43.28,44.5799,125018000.0
2008-03-25,QQQ,44.68,45.07,44.28,44.83,118107500.0
2008-03-26,QQQ,44.69,44.85,44.28,44.7,124824600.0
2008-03-27,QQQ,44.44,44.51,43.71,43.71,143868600.0
2008-03-28,QQQ,44.03,44.34,43.33,43.49,111822300.0
2008-03-31,QQQ,43.65,44.02,43.45,43.72,113644800.0
2008-04-01,QQQ,44.45,45.61,44.41,45.59,137494400.0
2008-04-02,QQQ,45.69,46.02,45.17,45.49,132486800.0
2008-04-03,QQQ,45.29,45.91,45.14,45.59,140033800.0
2008-04-04,QQQ,45.78,46.35,45.4,45.86,139261000.0
2008-04-07,QQQ,46.15,46.41,45.65,45.76,102297100.0
2008-04-08,QQQ,45.41,45.72,45.18,45.41,97435200.0
2008-04-09,QQQ,45.47,45.49,44.63,44.9,127182300.0
2008-04-10,QQQ,44.93,45.84,44.93,45.54,112773800.0
2008-04-11,QQQ,45.02,45.1,44.12,44.28,120135400.0
2008-04-14,QQQ,44.21,44.48,43.95,44.08,89274600.0
2008-04-15,QQQ,44.24,44.35,43.68,44.14,124232300.0
2008-04-16,QQQ,44.69,45.48,44.65,45.37,134027900.0
2008-04-17,QQQ,45.42,45.75,44.98,45.27,124953100.0
2008-04-18,QQQ,46.51,46.93,46.22,46.71,133022500.0
2008-04-21,QQQ,46.61,47.08,46.49,47.04,83303200.0
2008-04-22,QQQ,46.73,46.77,45.93,46.34,104689600.0
2008-04-23,QQQ,46.68,47.06,46.2736,46.85,131086200.0
2008-04-24,QQQ,46.87,47.79,46.39,47.27,166509000.0
2008-04-25,QQQ,47.31,47.35,46.57,47.15,121945400.0
2008-04-28,QQQ,47.25,47.62,47.13,47.24,71244000.0
2008-04-29,QQQ,47.15,47.76,47.06,47.6,91270600.0
2008-04-30,QQQ,47.69,48.06,47.03,47.21,132152700.0
2008-05-01,QQQ,47.24,48.72,47.22,48.7,143596900.0
2008-05-02,QQQ,49.19,49.19,48.34,48.77,124990000.0
2008-05-05,QQQ,48.73,49.03,48.4,48.63,75624700.0
2008-05-06,QQQ,48.49,49.13,48.14,48.93,139582600.0
2008-05-07,QQQ,48.93,49.23,47.872,48.04,140008300.0
2008-05-08,QQQ,48.24,48.7,48.06,48.4,128058700.0
2008-05-09,QQQ,48.03,48.46,47.9,48.21,97062000.0
2008-05-12,QQQ,48.28,49.19,48.2,49.09,89606500.0
2008-05-13,QQQ,49.13,49.33,48.76,49.22,85448100.0
2008-05-14,QQQ,49.42,49.93,49.04,49.11,143598200.0
2008-05-15,QQQ,49.11,50.02,48.98,49.97,157248900.0
2008-05-16,QQQ,50.09,50.11,49.45,50.0099,146563200.0
2008-05-19,QQQ,50.05,50.47,49.34,49.65,140048700.0
2008-05-20,QQQ,49.45,49.47,48.89,49.27,137163700.0
2008-05-21,QQQ,49.31,49.6,48.02,48.18,192806700.0
2008-05-22,QQQ,48.3,48.69,48.11,48.35,153198200.0
2008-05-23,QQQ,48.18,48.3505,47.82,48.2,121698400.0
2008-05-27,QQQ,48.32,49.11,48.29,49.08,106984300.0
2008-05-28,QQQ,49.28,49.36,48.75,49.25,121363000.0
2008-05-29,QQQ,49.27,49.97,49.25,49.69,143993000.0
2008-05-30,QQQ,49.89,50.24,49.75,50.01,94153600.0
2008-06-02,QQQ,49.92,49.92,48.96,49.4,144359900.0
2008-06-03,QQQ,49.59,49.9,48.67,49.13,167606900.0
2008-06-04,QQQ,48.97,50.1,48.94,49.76,174870800.0
2008-06-05,QQQ,49.87,50.61,49.7,50.55,126653700.0
2008-06-06,QQQ,50.11,50.21,49.02,49.03,189136000.0
2008-06-09,QQQ,49.11,49.19,47.95,48.77,208897300.0
2008-06-10,QQQ,48.28,48.94,48.16,48.54,162798500.0
2008-06-11,QQQ,48.45,48.52,47.35,47.36,170366900.0
2008-06-12,QQQ,47.71,48.11,47.0,47.42,189913200.0
2008-06-13,QQQ,47.7,48.47,47.46,48.37,167855000.0
2008-06-16,QQQ,48.12,49.02,48.07,48.8,136343900.0
2008-06-17,QQQ,48.95,49.06,48.47,48.54,122932000.0
2008-06-18,QQQ,48.26,48.45,47.83,48.02,169338100.0
2008-06-19,QQQ,47.92,49.01,47.61,48.77,221304200.0
2008-06-20,QQQ,48.34,48.35,47.21,47.42,197434200.0
2008-06-23,QQQ,47.62,47.74,46.98,47.05,131488800.0
2008-06-24,QQQ,46.83,47.37,46.41,46.81,178293800.0
2008-06-25,QQQ,47.01,48.0,46.94,47.57,179023400.0
2008-06-26,QQQ,46.7,46.7,45.64,45.65,190028300.0
2008-06-27,QQQ,45.58,45.9,44.97,45.65,181351800.0
2008-06-30,QQQ,45.53,45.83,45.15,45.17,132912400.0
2008-07-01,QQQ,44.86,45.86,44.68,45.81,245494300.0
2008-07-02,QQQ,45.96,46.13,44.64,44.71,199576400.0
2008-07-03,QQQ,44.98,45.08,44.28,44.63,123118300.0
2008-07-07,QQQ,45.05,45.46,44.24,44.9,181011300.0
2008-07-08,QQQ,44.95,46.01,44.77,45.97,206151200.0
2008-07-09,QQQ,45.96,46.03,44.73,44.75,168500300.0
2008-07-10,QQQ,44.82,45.42,44.38,45.28,238811500.0
2008-07-11,QQQ,44.81,45.27,43.85,44.56,265514700.0
2008-07-14,QQQ,45.13,45.18,44.07,44.23,177389800.0
2008-07-15,QQQ,44.01,44.93,43.3,44.24,283891100.0
2008-07-16,QQQ,44.3,45.38,43.92,45.34,186047800.0
2008-07-17,QQQ,45.56,45.82,44.9799,45.64,197555100.0
2008-07-18,QQQ,45.17,45.17,44.59,44.59,160661000.0
2008-07-21,QQQ,45.0,45.19,44.49,44.78,128107800.0
2008-07-22,QQQ,44.02,44.81,43.86,44.78,152524500.0
2008-07-23,QQQ,44.84,45.89,44.72,45.37,169259100.0
2008-07-24,QQQ,45.59,45.61,44.65,44.69,145561000.0
2008-07-25,QQQ,44.98,45.48,44.76,45.27,111616700.0
2008-07-28,QQQ,45.27,45.52,44.21,44.42,124028500.0
2008-07-29,QQQ,44.63,45.54,44.57,45.34,142290900.0
2008-07-30,QQQ,45.46,45.82,44.88,45.57,165679900.0
2008-07-31,QQQ,45.11,46.15,45.02,45.46,180473100.0
2008-08-01,QQQ,45.52,45.55,44.4,44.88,180350400.0
2008-08-04,QQQ,44.87,44.92,44.3,44.43,116298000.0
2008-08-05,QQQ,44.9,45.97,44.84,45.93,151657400.0
2008-08-06,QQQ,45.93,46.81,45.58,46.63,133463700.0
2008-08-07,QQQ,46.35,46.85,46.08,46.27,152805800.0
2008-08-08,QQQ,46.25,47.44,46.15,47.32,143121500.0
2008-08-11,QQQ,47.3,48.28,47.14,47.75,157290100.0
2008-08-12,QQQ,47.76,48.16,47.51,47.77,140549300.0
2008-08-13,QQQ,47.74,48.12,47.25,47.78,169652100.0
2008-08-14,QQQ,47.54,48.46,47.49,48.25,158069200.0
2008-08-15,QQQ,48.35,48.57,47.96,48.15,123115900.0
2008-08-18,QQQ,48.29,48.31,47.26,47.6,151399100.0
2008-08-19,QQQ,47.36,47.59,46.75,47.01,155410600.0
2008-08-20,QQQ,47.36,47.56,46.74,47.09,155466700.0
2008-08-21,QQQ,46.73,47.08,46.38,46.83,118916200.0
2008-08-22,QQQ,47.12,47.68,47.08,47.49,96515500.0
2008-08-25,QQQ,47.15,47.21,46.37,46.49,128076500.0
2008-08-26,QQQ,46.51,46.77,46.12,46.43,107225500.0
2008-08-27,QQQ,46.45,47.09,46.29,46.73,108489900.0
2008-08-28,QQQ,46.92,47.28,46.83,47.11,112808600.0
2008-08-29,QQQ,46.61,47.1217,45.92,46.12,133184300.0
2008-09-02,QQQ,46.86,47.08,45.34,45.55,162277500.0
2008-09-03,QQQ,45.445,45.6381,44.79,45.12,161682900.0
2008-09-04,QQQ,44.85,44.91,43.66,43.66,219004700.0
2008-09-05,QQQ,43.3,43.78,42.81,43.45,247977500.0
2008-09-08,QQQ,44.04,44.22,42.68,43.37,311065100.0
2008-09-09,QQQ,43.35,43.79,42.35,42.45,214180600.0
2008-09-10,QQQ,42.87,43.18,42.45,42.8,160658100.0
2008-09-11,QQQ,42.17,43.69,42.17,43.6,203398200.0
2008-09-12,QQQ,43.23,43.71,42.9,43.43,172094300.0
2008-09-15,QQQ,42.4,43.29,42.03,42.08,616772300.0
2008-09-16,QQQ,41.47,42.84,41.43,42.41,349506500.0
2008-09-17,QQQ,41.84,42.4219,40.19,40.35,340088000.0
2008-09-18,QQQ,41.12,41.97,39.5,41.57,423934000.0
2008-09-19,QQQ,43.82,43.83,42.1,42.9,263394000.0
2008-09-22,QQQ,42.75,42.84,40.8,40.88,164698200.0
2008-09-23,QQQ,41.18,41.75,40.44,40.57,184011200.0
2008-09-24,QQQ,40.85,41.26,40.52,40.85,159270800.0
2008-09-25,QQQ,41.2112,42.02,41.03,41.5,148586800.0
2008-09-26,QQQ,40.3,41.4902,40.22,41.08,182678600.0
2008-09-29,QQQ,40.26,40.38,37.18,37.82,307954400.0
2008-09-30,QQQ,37.74,39.3,37.6,38.91,195436700.0
2008-10-01,QQQ,38.83,38.97,38.03,38.5,174033300.0
2008-10-02,QQQ,38.25,38.25,36.64,36.75,192124000.0
2008-10-03,QQQ,37.26,38.18,36.1,36.18,272116100.0
2008-10-06,QQQ,35.26,35.53,32.91,34.86,394046600.0
2008-10-07,QQQ,35.14,35.2,32.27,32.65,329365700.0
2008-10-08,QQQ,31.95,34.12,31.84,32.39,452066500.0
2008-10-09,QQQ,33.15,33.68,30.97,31.52,352433900.0
2008-10-10,QQQ,30.52,32.48,29.38,31.32,472339100.0
2008-10-13,QQQ,32.86,35.25,32.4,35.13,276998700.0
2008-10-14,QQQ,36.1,36.15,33.19,33.61,341595900.0
2008-10-15,QQQ,33.23,33.35,30.54,30.6,312088500.0
2008-10-16,QQQ,30.82,32.27,29.25,32.26,494783500.0
2008-10-17,QQQ,31.62,33.65,31.41,32.3,326571300.0
2008-10-20,QQQ,32.79,33.26,31.7,33.2,232783400.0
2008-10-21,QQQ,32.66,33.2572,31.48,31.48,239932400.0
2008-10-22,QQQ,31.39,31.6,29.71,30.61,289993600.0
2008-10-23,QQQ,30.46,31.09,28.9,30.49,377966900.0
2008-10-24,QQQ,28.13,30.25,28.09,29.51,322129500.0
2008-10-27,QQQ,29.14,30.2,28.66,28.69,239302300.0
2008-10-28,QQQ,29.68,31.88,28.85,31.86,327239500.0
2008-10-29,QQQ,31.95,33.08,31.25,31.78,341316000.0
2008-10-30,QQQ,32.67,33.06,31.98,32.84,255292100.0
2008-10-31,QQQ,32.36,33.43,32.09,32.89,224261000.0
2008-11-03,QQQ,32.81,33.2941,32.51,32.82,128455500.0
2008-11-04,QQQ,33.49,34.01,32.98,33.75,182487600.0
2008-11-05,QQQ,33.49,33.6,31.92,31.99,183893900.0
2008-11-06,QQQ,31.5,31.87,30.3999,30.56,220677200.0
2008-11-07,QQQ,30.92,31.48,30.59,31.19,176946200.0
2008-11-10,QQQ,31.94,31.97,30.4,30.77,142584500.0
2008-11-11,QQQ,30.47,30.76,29.72,30.1,162869800.0
2008-11-12,QQQ,29.65,29.8,28.65,28.71,184946400.0
2008-11-13,QQQ,28.63,30.53,27.28,30.46,317943900.0
2008-11-14,QQQ,29.8,30.42,28.87,28.98,259407000.0
2008-11-17,QQQ,28.49,29.23,28.26,28.37,202835200.0
2008-11-18,QQQ,28.56,28.75,27.39,28.34,252661800.0
2008-11-19,QQQ,28.4,28.78,26.79,26.86,244180600.0
2008-11-20,QQQ,26.54,27.45,25.47,25.56,342472400.0
2008-11-21,QQQ,25.96,26.68,25.05,26.67,282746800.0
2008-11-24,QQQ,27.22,28.64,26.98,28.3,225058200.0
2008-11-25,QQQ,28.62,28.64,27.52,28.17,202968700.0
2008-11-26,QQQ,27.88,29.36,27.81,29.35,164912000.0
2008-11-28,QQQ,29.04,29.19,28.83,29.12,41238200.0
2008-12-01,QQQ,28.5,28.51,26.89,26.93,149161500.0
2008-12-02,QQQ,27.28,27.89,26.8404,27.83,181743000.0
2008-12-03,QQQ,27.13,28.71,27.07,28.62,230944900.0
2008-12-04,QQQ,28.15,28.78,27.32,27.81,188868700.0
2008-12-05,QQQ,27.5,29.07,26.95,28.94,212283700.0
2008-12-08,QQQ,29.55,30.46,29.44,30.08,185782500.0
2008-12-09,QQQ,29.68,30.83,29.57,30.01,178148300.0
2008-12-10,QQQ,30.09,30.46,29.62,29.91,162335100.0
2008-12-11,QQQ,29.8,30.27,28.94,29.09,167161400.0
2008-12-12,QQQ,28.69,29.86,28.47,29.68,158600100.0
2008-12-15,QQQ,29.73,29.76,28.74,29.16,107887000.0
2008-12-16,QQQ,29.42,30.66,29.0993,30.56,169300100.0
2008-12-17,QQQ,30.23,30.6,29.82,30.19,159813500.0
2008-12-18,QQQ,30.19,30.4,29.36,29.66,142656400.0
2008-12-19,QQQ,29.98,30.37,29.66,29.86,118308900.0
2008-12-22,QQQ,29.86,29.92,28.74,29.21,95379600.0
2008-12-23,QQQ,29.28,29.62,28.89,29.06,68764800.0
2008-12-24,QQQ,29.2,29.21,28.98,29.14,27194700.0
2008-12-26,QQQ,29.19,29.23,28.97,29.13,20937000.0
2008-12-29,QQQ,29.23,29.24,28.46,28.89,52688300.0
2008-12-30,QQQ,28.98,29.59,28.94,29.49,77089500.0
2008-12-31,QQQ,29.48,30.08,29.45,29.74,89189700.0
2009-01-02,QQQ,29.77,31.13,29.69,31.03,107891500.0
2009-01-05,QQQ,30.82,31.33,30.59,31.02,91751900.0
2009-01-06,QQQ,31.28,31.63,31.11,31.33,136791700.0
2009-01-07,QQQ,30.81,30.9,30.19,30.44,133879800.0
2009-01-08,QQQ,30.34,30.8,30.08,30.76,131926600.0
2009-01-09,QQQ,30.79,30.79,29.92,30.07,117137900.0
2009-01-12,QQQ,30.12,30.15,29.2,29.52,102726200.0
2009-01-13,QQQ,29.52,29.98,29.18,29.53,186266700.0
2009-01-14,QQQ,29.17,29.28,28.47,28.63,136294000.0
2009-01-15,QQQ,28.55,29.34,28.07,29.099,192567200.0
2009-01-16,QQQ,29.53,29.6,28.7,29.42,175478100.0
2009-01-20,QQQ,29.29,29.43,27.96,27.96,135105800.0
2009-01-21,QQQ,28.43,29.19,28.1,29.15,149179600.0
2009-01-22,QQQ,28.52,29.23,28.26,28.76,200602700.0
2009-01-23,QQQ,28.31,29.35,28.14,28.9,170164100.0
2009-01-26,QQQ,28.96,29.59,28.75,29.11,140398700.0
2009-01-27,QQQ,29.14,29.57,29.12,29.32,110591300.0
2009-01-28,QQQ,29.83,30.65,29.81,30.35,139722800.0
2009-01-29,QQQ,29.97,30.4008,29.48,29.58,130731800.0
2009-01-30,QQQ,29.82,29.93,28.94,29.06,140334200.0
2009-02-02,QQQ,28.77,29.61,28.74,29.41,126796100.0
2009-02-03,QQQ,29.46,30.4271,29.03,29.87,120541100.0
2009-02-04,QQQ,29.93,30.8667,29.79,29.91,175780900.0
2009-02-05,QQQ,29.47,30.77,29.46,30.57,217578900.0
2009-02-06,QQQ,30.71,31.51,30.58,31.37,164513200.0
2009-02-09,QQQ,31.39,31.67,31.19,31.5,98856900.0
2009-02-10,QQQ,31.3,31.68,30.1,30.34,232795200.0
2009-02-11,QQQ,30.34,30.53,29.73,30.2,169117200.0
2009-02-12,QQQ,29.83,30.61,29.64,30.57,201151400.0
2009-02-13,QQQ,30.46,30.78,30.29,30.43,145066700.0
2009-02-17,QQQ,29.47,29.67,29.06,29.22,157783300.0
2009-02-18,QQQ,29.41,29.6699,28.87,29.24,161271900.0
2009-02-19,QQQ,29.43,29.61,28.72,28.79,155322400.0
2009-02-20,QQQ,28.46,29.15,28.39,28.87,210752400.0
2009-02-23,QQQ,29.03,29.05,27.73,27.86,169473500.0
2009-02-24,QQQ,28.0,28.98,27.96,28.78,181337300.0
2009-02-25,QQQ,28.62,29.17,28.14,28.59,220224700.0
2009-02-26,QQQ,28.78,28.95,27.7,27.79,211218500.0
2009-02-27,QQQ,27.49,27.98,27.39,27.53,204492600.0
2009-03-02,QQQ,27.12,27.51,26.47,26.64,188180400.0
2009-03-03,QQQ,26.85,27.16,26.42,26.62,158758800.0
2009-03-04,QQQ,27.01,27.71,26.92,27.33,164911000.0
2009-03-05,QQQ,27.03,27.24,26.42,26.51,199626900.0
2009-03-06,QQQ,26.63,26.81,25.71,26.3,218421600.0
2009-03-09,QQQ,26.05,26.81,25.6301,25.74,181098800.0
2009-03-10,QQQ,26.26,27.39,26.16,27.33,175068200.0
2009-03-11,QQQ,27.63,27.99,27.26,27.75,173094900.0
2009-03-12,QQQ,27.72,28.76,27.44,28.67,184395100.0
2009-03-13,QQQ,28.68,28.84,28.32,28.74,156783500.0
2009-03-16,QQQ,28.9,28.98,28.19,28.26,190269800.0
2009-03-17,QQQ,28.41,29.33,28.3,29.33,169773800.0
2009-03-18,QQQ,29.23,30.2,29.08,29.7,208033900.0
2009-03-19,QQQ,30.12,30.13,29.46,29.68,146753400.0
2009-03-20,QQQ,29.66,30.03,28.98,29.18,149410800.0
2009-03-23,QQQ,29.86,30.94,29.1984,30.9,179499000.0
2009-03-24,QQQ,30.65,30.88,30.31,30.331,118757600.0
2009-03-25,QQQ,30.58,31.05,29.66,30.47,190555200.0
2009-03-26,QQQ,30.88,31.46,30.417,31.41,182459500.0
2009-03-27,QQQ,31.07,31.18,30.71,30.82,156108100.0
2009-03-30,QQQ,30.29,30.32,29.62,30.06,162919700.0
2009-03-31,QQQ,30.31,30.95,30.27,30.32,150243800.0
2009-04-01,QQQ,29.94,30.88,29.79,30.77,137950000.0
2009-04-02,QQQ,31.34,32.27,31.23,31.76,212272400.0
2009-04-03,QQQ,32.05,32.4,31.83,32.35,134577300.0
2009-04-06,QQQ,31.97,32.33,31.65,32.27,160413700.0
2009-04-07,QQQ,31.9,31.92,31.21,31.42,147531200.0
2009-04-08,QQQ,31.72,32.15,31.49,31.95,126126000.0
2009-04-09,QQQ,32.53,33.01,32.43,32.94,131871500.0
2009-04-13,QQQ,32.8,33.07,32.53,32.89,119310500.0
2009-04-14,QQQ,32.69,32.88,32.27,32.49,124069000.0
2009-04-15,QQQ,32.24,32.43,31.85,32.4,124808200.0
2009-04-16,QQQ,32.83,33.43,32.51,33.24,171168000.0
2009-04-17,QQQ,33.16,33.5,32.93,33.31,129835400.0
2009-04-20,QQQ,32.7,32.82,32.06,32.24,123080500.0
2009-04-21,QQQ,32.09,32.74,32.08,32.69,145490200.0
2009-04-22,QQQ,32.5,33.53,32.39,32.79,165040500.0
2009-04-23,QQQ,33.01,33.14,32.49,33.11,181666600.0
2009-04-24,QQQ,33.35,33.93,33.07,33.69,141170000.0
2009-04-27,QQQ,33.42,34.06,33.35,33.73,120749100.0
2009-04-28,QQQ,33.52,33.91,33.36,33.48,108968000.0
2009-04-29,QQQ,33.75,34.4,33.64,33.94,141413600.0
2009-04-30,QQQ,34.37,34.9,34.04,34.28,144120400.0
2009-05-01,QQQ,34.28,34.54,34.01,34.37,100112000.0
2009-05-04,QQQ,34.67,35.09,34.52,35.05,119317400.0
2009-05-05,QQQ,34.99,35.06,34.63,35.02,113569500.0
2009-05-06,QQQ,35.32,35.34,34.46,35.03,178840500.0
2009-05-07,QQQ,35.25,35.27,33.88,34.21,216484700.0
2009-05-08,QQQ,34.35,34.74,33.88,34.23,183507300.0
2009-05-11,QQQ,33.78,34.72,33.68,34.35,142775900.0
2009-05-12,QQQ,34.42,34.48,33.52,33.93,147842200.0
2009-05-13,QQQ,33.63,33.65,32.96,33.02,175548300.0
2009-05-14,QQQ,33.1,33.7,33.08,33.39,140021700.0
2009-05-15,QQQ,33.36,33.82,33.23,33.37,121326400.0
2009-05-18,QQQ,33.59,34.28,33.3901,34.24,114333400.0
2009-05-19,QQQ,34.14,34.74,33.95,34.4,129086400.0
2009-05-20,QQQ,34.54,35.04,34.18,34.28,131873700.0
2009-05-21,QQQ,34.02,34.26,33.31,33.65,139253200.0
2009-05-22,QQQ,33.78,33.97,33.32,33.54,83510600.0
2009-05-26,QQQ,33.19,34.83,33.18,34.79,144857200.0
2009-05-27,QQQ,34.68,35.19,34.43,34.55,121348800.0
2009-05-28,QQQ,34.77,35.07,34.21,34.95,118931300.0
2009-05-29,QQQ,34.98,35.5,34.76,35.38,111535700.0
2009-06-01,QQQ,35.73,36.5,35.61,36.39,119126200.0
2009-06-02,QQQ,36.19,36.79,36.11,36.44,126858600.0
2009-06-03,QQQ,36.28,36.37,35.93,36.33,93329800.0
2009-06-04,QQQ,36.4,36.79,36.34,36.74,89280600.0
2009-06-05,QQQ,36.96,37.08,36.42,36.78,121958800.0
2009-06-08,QQQ,36.53,36.95,36.12,36.67,89194100.0
2009-06-09,QQQ,36.84,37.17,36.67,36.95,109187800.0
2009-06-10,QQQ,37.17,37.18,36.29,36.82,133404700.0
2009-06-11,QQQ,36.76,37.23,36.75,36.82,147909800.0
2009-06-12,QQQ,36.67,36.719,36.2,36.65,109452500.0
2009-06-15,QQQ,36.28,36.33,35.58,35.9,112152900.0
2009-06-16,QQQ,36.06,36.19,35.52,35.55,110550300.0
2009-06-17,QQQ,35.67,36.21,35.45,35.889,153421800.0
2009-06-18,QQQ,35.83,36.06,35.57,35.82,126266700.0
2009-06-19,QQQ,36.04,36.36,35.9101,36.16,122044700.0
2009-06-22,QQQ,35.8,35.89,35.02,35.08,137714900.0
2009-06-23,QQQ,35.2,35.26,34.77,35.0,114903100.0
2009-06-24,QQQ,35.3,35.87,35.28,35.59,103314600.0
2009-06-25,QQQ,35.38,36.36,35.28,36.29,112538200.0
2009-06-26,QQQ,36.13,36.5,36.05,36.37,87677300.0
2009-06-29,QQQ,36.44,36.75,36.12,36.45,93817600.0
2009-06-30,QQQ,36.55,36.73,36.11,36.38,97843000.0
2009-07-01,QQQ,36.54,36.84,36.39,36.4,85976000.0
2009-07-02,QQQ,36.09,36.1,35.5,35.6,113309800.0
2009-07-06,QQQ,35.38,35.54,35.04,35.41,107632500.0
2009-07-07,QQQ,35.42,35.49,34.51,34.53,149773000.0
2009-07-08,QQQ,34.73,34.87,34.3,34.71,152776400.0
2009-07-09,QQQ,34.84,35.01,34.65,34.77,97851500.0
2009-07-10,QQQ,34.66,35.14,34.5626,34.92,108482000.0
2009-07-13,QQQ,34.95,35.6,34.48,35.59,127140300.0
2009-07-14,QQQ,35.52,35.79,35.4,35.72,115631700.0
2009-07-15,QQQ,36.31,36.93,36.14,36.92,160869700.0
2009-07-16,QQQ,36.74,37.44,36.72,37.36,120142500.0
2009-07-17,QQQ,37.36,37.57,37.17,37.56,104906500.0
2009-07-20,QQQ,37.75,38.0,37.61,37.92,97168800.0
2009-07-21,QQQ,38.07,38.18,37.64,38.18,130587600.0
2009-07-22,QQQ,38.2,38.69,38.13,38.5,113808600.0
2009-07-23,QQQ,38.45,39.49,38.39,39.35,160239300.0
2009-07-24,QQQ,38.93,39.37,38.7799,39.05,109312300.0
2009-07-27,QQQ,39.29,39.41,38.87,39.35,94718600.0
2009-07-28,QQQ,39.18,39.59,38.93,39.08,111564300.0
2009-07-29,QQQ,39.32,39.43,39.0,39.34,126538200.0
2009-07-30,QQQ,39.74,40.18,39.51,39.57,108969900.0
2009-07-31,QQQ,39.56,39.8522,39.41,39.45,78208300.0
2009-08-03,QQQ,39.85,40.06,39.64,40.04,111722800.0
2009-08-04,QQQ,39.86,40.19,39.77,40.04,100690800.0
2009-08-05,QQQ,40.13,40.14,39.46,39.73,118093000.0
2009-08-06,QQQ,39.79,39.93,39.24,39.38,116937500.0
2009-08-07,QQQ,39.91,40.07,39.59,39.88,107442100.0
2009-08-10,QQQ,39.73,39.85,39.34,39.6,87163200.0
2009-08-11,QQQ,39.42,39.5,39.05,39.26,91922700.0
2009-08-12,QQQ,39.21,40.22,39.2,39.87,147240000.0
2009-08-13,QQQ,40.1,40.16,39.64,40.09,110107000.0
2009-08-14,QQQ,39.89,39.96,39.28,39.63,124480200.0
2009-08-17,QQQ,38.97,39.01,38.46,38.48,131797200.0
2009-08-18,QQQ,38.72,39.98,38.61,39.03,84496200.0
2009-08-19,QQQ,38.59,39.4,38.54,39.3,88036300.0
2009-08-20,QQQ,39.28,39.84,39.2,39.76,81473500.0
2009-08-21,QQQ,40.01,40.36,39.74,40.29,114660200.0
2009-08-24,QQQ,40.36,40.57,40.1,40.25,109904900.0
2009-08-25,QQQ,40.34,40.76,40.25,40.37,92900400.0
2009-08-26,QQQ,40.29,40.601,40.08,40.3,96407500.0
2009-08-27,QQQ,40.32,40.47,39.67,40.4,121957800.0
2009-08-28,QQQ,40.89,41.08,40.16,40.44,114300900.0
2009-08-31,QQQ,40.16,40.2,39.79,40.03,96415300.0
2009-09-01,QQQ,39.87,40.59,39.16,39.28,162958900.0
2009-09-02,QQQ,39.09,39.47,39.04,39.25,92757200.0
2009-09-03,QQQ,39.44,39.5702,39.02,39.51,76783100.0
2009-09-04,QQQ,39.58,40.38,39.52,40.36,74866600.0
2009-09-08,QQQ,40.65,40.78,40.46,40.74,71024400.0
2009-09-09,QQQ,40.76,41.29,40.59,41.09,99280800.0
2009-09-10,QQQ,41.11,41.53,41.0,41.48,99289100.0
2009-09-11,QQQ,41.5,41.62,41.22,41.52,93868400.0
2009-09-14,QQQ,41.23,41.71,41.21,41.68,90435600.0
2009-09-15,QQQ,41.66,41.95,41.57,41.81,91594600.0
2009-09-16,QQQ,41.98,42.48,41.84,42.42,96888500.0
2009-09-17,QQQ,42.32,42.66,42.21,42.41,102169600.0
2009-09-18,QQQ,42.56,42.62,42.21,42.44,87444200.0
2009-09-21,QQQ,42.22,42.7,42.16,42.57,71351400.0
2009-09-22,QQQ,42.82,42.83,42.4398,42.65,75638400.0
2009-09-23,QQQ,42.83,43.17,42.377,42.45,143924100.0
2009-09-24,QQQ,42.61,42.69,41.77,42.07,111016400.0
2009-09-25,QQQ,41.78,42.09,41.58,41.7,109216000.0
2009-09-28,QQQ,41.92,42.66,41.89,42.41,84478500.0
2009-09-29,QQQ,42.41,42.6201,42.03,42.22,106686400.0
2009-09-30,QQQ,42.39,42.6024,41.6,42.25,173102700.0
2009-10-01,QQQ,42.11,42.13,41.0,41.0,140119100.0
2009-10-02,QQQ,40.72,41.25,40.72,40.88,145286400.0
2009-10-05,QQQ,41.09,41.4,40.83,41.21,97054200.0
2009-10-06,QQQ,41.43,42.14,41.2206,41.94,124628000.0
2009-10-07,QQQ,41.88,42.08,41.77,42.06,93787600.0
2009-10-08,QQQ,42.31,42.62,42.14,42.24,107850400.0
2009-10-09,QQQ,42.15,42.55,42.06,42.48,62828000.0
2009-10-12,QQQ,42.63,42.87,42.28,42.57,53221900.0
2009-10-13,QQQ,42.54,42.75,42.37,42.58,70939300.0
2009-10-14,QQQ,43.1,43.293,42.85,43.16,91004900.0
2009-10-15,QQQ,42.93,43.12,42.87,43.06,85772800.0
2009-10-16,QQQ,42.92,42.99,42.48,42.78,111859300.0
2009-10-19,QQQ,42.81,43.27,42.59,43.21,83512000.0
2009-10-20,QQQ,43.45,43.46,42.94,43.22,89847900.0
2009-10-21,QQQ,43.2,43.82,43.06,43.14,110397400.0
2009-10-22,QQQ,43.07,43.49,42.79,43.31,85871800.0
2009-10-23,QQQ,43.69,43.73,43.02,43.13,117020400.0
2009-10-26,QQQ,43.17,43.76,42.79,42.99,107068600.0
2009-10-27,QQQ,42.95,43.11,42.18,42.34,121438200.0
2009-10-28,QQQ,42.19,42.32,41.3,41.39,143553600.0
2009-10-29,QQQ,41.68,42.19,41.54,42.09,85207600.0
2009-10-30,QQQ,42.06,42.15,40.92,40.96,162796500.0
2009-11-02,QQQ,41.01,41.57,40.64,41.13,142456600.0
2009-11-03,QQQ,40.97,41.32,40.84,41.26,95107000.0
2009-11-04,QQQ,41.51,41.87,41.28,41.33,107970600.0
2009-11-05,QQQ,41.81,42.4,41.78,42.35,135204800.0
2009-11-06,QQQ,42.16,42.65,42.08,42.6,96312300.0
2009-11-09,QQQ,42.92,43.52,42.88,43.51,101620800.0
2009-11-10,QQQ,43.45,43.7714,43.4,43.62,72846500.0
2009-11-11,QQQ,43.94,44.14,43.61,43.9,84676200.0
2009-11-12,QQQ,43.92,44.16,43.55,43.65,92426100.0
2009-11-13,QQQ,43.78,44.14,43.63,44.01,87959500.0
2009-11-16,QQQ,44.19,44.65,44.12,44.46,87776100.0
2009-11-17,QQQ,44.34,44.6,44.25,44.6,81884000.0
2009-11-18,QQQ,44.47,44.49,44.05,44.353,100240800.0
2009-11-19,QQQ,44.06,44.08,43.35,43.66,114558000.0
2009-11-20,QQQ,43.41,43.55,43.28,43.44,70912100.0
2009-11-23,QQQ,43.87,44.4,43.86,44.14,91621500.0
2009-11-24,QQQ,44.14,44.15,43.73,43.99,60670000.0
2009-11-25,QQQ,44.14,44.22,44.01,44.18,37630100.0
2009-11-27,QQQ,43.0,43.83,42.9,43.51,61230000.0
2009-11-30,QQQ,43.41,43.62,43.11,43.56,84819400.0
2009-12-01,QQQ,43.88,44.3,43.88,44.01,81817800.0
2009-12-02,QQQ,44.16,44.49,43.98,44.07,81653600.0
2009-12-03,QQQ,44.24,44.5,43.88,43.89,72460400.0
2009-12-04,QQQ,44.45,44.73,43.66,44.12,125062600.0
2009-12-07,QQQ,44.08,44.29,43.82,43.91,67471900.0
2009-12-08,QQQ,43.68,44.0,43.36,43.642,86621400.0
2009-12-09,QQQ,43.61,44.12,43.32,44.08,78820500.0
2009-12-10,QQQ,44.25,44.54,44.24,44.3,76722400.0
2009-12-11,QQQ,44.52,44.59,43.95,44.13,66643700.0
2009-12-14,QQQ,44.43,44.6,44.19,44.55,47965500.0
2009-12-15,QQQ,44.41,44.67,44.17,44.3,61171100.0
2009-12-16,QQQ,44.47,44.7,44.29,44.36,61629700.0
2009-12-17,QQQ,44.17,44.21,43.76,43.82,90440900.0
2009-12-18,QQQ,44.14,44.48,44.0,44.46,96442600.0
2009-12-21,QQQ,44.67,45.13,44.67,44.96,82357400.0
2009-12-22,QQQ,45.08,45.29,45.03,45.23,51569100.0
2009-12-23,QQQ,45.34,45.57,45.21,45.56,73932200.0
2009-12-24,QQQ,45.61,45.98,45.6,45.98,31770400.0
2009-12-28,QQQ,46.08,46.3,45.94,46.22,49381400.0
2009-12-29,QQQ,46.22,46.25,45.99,46.03,32410200.0
2009-12-30,QQQ,46.0,46.26,45.96,46.17,57612700.0
2009-12-31,QQQ,46.25,46.275,45.75,45.75,50079200.0
2010-01-04,QQQ,46.32,46.485,46.27,46.42,62822800.0
2010-01-05,QQQ,46.38,46.5,46.16,46.42,62935600.0
2010-01-06,QQQ,46.39,46.55,46.07,46.14,96033000.0
2010-01-07,QQQ,46.2,46.27,45.92,46.17,77094100.0
2010-01-08,QQQ,46.04,46.55,45.93,46.55,88886600.0
2010-01-11,QQQ,46.6,46.64,46.12,46.36,104673400.0
2010-01-12,QQQ,46.08,46.14,45.53,45.78,90673900.0
2010-01-13,QQQ,45.93,46.49,45.61,46.35,100661000.0
2010-01-14,QQQ,46.26,46.52,46.22,46.39,75209000.0
2010-01-15,QQQ,46.46,46.55,45.65,45.85,126849300.0
2010-01-19,QQQ,45.96,46.64,45.95,46.59,84388200.0
2010-01-20,QQQ,46.27,46.604,45.43,45.92,145680000.0
2010-01-21,QQQ,46.06,46.35,45.3,45.49,204939600.0
2010-01-22,QQQ,45.34,45.48,44.04,44.16,171098700.0
2010-01-25,QQQ,44.39,44.6,44.12,44.31,154218700.0
2010-01-26,QQQ,44.28,44.89,44.05,44.35,140816500.0
2010-01-27,QQQ,44.29,44.85,44.01,44.7,161632700.0
2010-01-28,QQQ,44.4,44.43,43.32,43.55,221439800.0
2010-01-29,QQQ,43.9,44.02,42.63,42.79,212099600.0
2010-02-01,QQQ,42.91,43.2807,42.88,43.26,136827100.0
2010-02-02,QQQ,43.31,43.78,43.03,43.65,110727700.0
2010-02-03,QQQ,43.45,43.97,43.42,43.89,93581600.0
2010-02-04,QQQ,43.58,43.66,42.62,42.62,151652500.0
2010-02-05,QQQ,42.75,43.02,42.12,42.98,213618600.0
2010-02-08,QQQ,42.92,43.18,42.64,42.67,94354400.0
2010-02-09,QQQ,43.17,43.51,42.76,43.11,118956000.0
2010-02-10,QQQ,43.1,43.31,42.75,43.02,94102900.0
2010-02-11,QQQ,43.01,43.79,42.76,43.67,93050800.0
2010-02-12,QQQ,43.27,43.88,43.16,43.76,93938500.0
2010-02-16,QQQ,44.08,44.35,43.85,44.32,83861400.0
2010-02-17,QQQ,44.5,44.57,44.26,44.57,82691700.0
2010-02-18,QQQ,44.54,44.93,44.45,44.85,65752600.0
2010-02-19,QQQ,44.76,45.05,44.62,44.83,80416500.0
2010-02-22,QQQ,45.01,45.03,44.56,44.74,72055000.0
2010-02-23,QQQ,44.69,44.74,43.95,44.16,95814400.0
2010-02-24,QQQ,44.4099,44.79,44.32,44.61,86591000.0
2010-02-25,QQQ,44.11,44.7,43.83,44.6,97961300.0
2010-02-26,QQQ,44.6,44.86,44.4,44.76,66222400.0
2010-03-01,QQQ,44.95,45.49,44.95,45.41,77290100.0
2010-03-02,QQQ,45.54,45.85,45.45,45.55,76368500.0
2010-03-03,QQQ,45.67,45.82,45.43,45.6,65735500.0
2010-03-04,QQQ,45.64,45.81,45.4,45.75,54470900.0
2010-03-05,QQQ,46.1,46.54,45.99,46.44,68136300.0
2010-03-08,QQQ,46.46,46.64,46.44,46.53,58712400.0
2010-03-09,QQQ,46.4,47.05,46.4,46.79,98002800.0
2010-03-10,QQQ,46.8,47.28,46.8,47.17,102578900.0
2010-03-11,QQQ,47.07,47.35,46.98,47.35,67510300.0
2010-03-12,QQQ,47.5,47.53,47.1,47.36,64068300.0
2010-03-15,QQQ,47.26,47.38,46.91,47.24,60150500.0
2010-03-16,QQQ,47.39,47.61,47.23,47.54,74950600.0
2010-03-17,QQQ,47.6,47.9,47.53,47.67,75643500.0
2010-03-18,QQQ,47.72,47.88,47.6,47.83,77829400.0
2010-03-19,QQQ,47.95,47.95,47.32,47.49,86337100.0
2010-03-22,QQQ,47.31,48.11,47.25,47.92,71902800.0
2010-03-23,QQQ,48.0,48.3,47.77,48.2525,59182600.0
2010-03-24,QQQ,48.14,48.17,47.91,48.02,62995700.0
2010-03-25,QQQ,48.42,48.6,47.9,47.95,76294800.0
2010-03-26,QQQ,48.14,48.33,47.74,48.0,78067900.0
2010-03-29,QQQ,48.23,48.4,48.1,48.23,57993300.0
2010-03-30,QQQ,48.36,48.55,48.06,48.39,49437300.0
2010-03-31,QQQ,48.23,48.45,48.07,48.16,59947400.0
2010-04-01,QQQ,48.34,48.7,47.79,48.16,83728600.0
2010-04-05,QQQ,48.26,48.72,48.14,48.61,56220300.0
2010-04-06,QQQ,48.49,48.9,48.39,48.75,54097100.0
2010-04-07,QQQ,48.69,48.87,48.37,48.63,77211500.0
2010-04-08,QQQ,48.51,48.82,48.24,48.74,68314300.0
2010-04-09,QQQ,48.77,49.05,48.635,49.03,54227300.0
2010-04-12,QQQ,49.05,49.2,48.94,49.07,44280600.0
2010-04-13,QQQ,49.02,49.35,48.86,49.32,59376000.0
2010-04-14,QQQ,49.57,49.92,49.5,49.91,69004800.0
2010-04-15,QQQ,49.88,50.19,49.87,50.13,72254200.0
2010-04-16,QQQ,49.95,50.12,49.2,49.53,127388000.0
2010-04-19,QQQ,49.36,49.66,48.9,49.5,98251700.0
2010-04-20,QQQ,49.755,49.88,49.43,49.75,69543700.0
2010-04-21,QQQ,50.09,50.19,49.725,50.03,74748700.0
2010-04-22,QQQ,49.5697,50.36,49.26,50.31,110477200.0
2010-04-23,QQQ,50.29,50.57,50.09,50.52,77205200.0
2010-04-26,QQQ,50.53,50.65,50.3,50.41,67361000.0
2010-04-27,QQQ,50.22,50.43,49.21,49.34,112608000.0
2010-04-28,QQQ,49.6,49.63,48.98,49.37,130082100.0
2010-04-29,QQQ,49.61,50.33,49.61,50.23,84180200.0
2010-04-30,QQQ,50.21,50.29,49.2,49.2375,110897000.0
2010-05-03,QQQ,49.43,50.17,49.43,49.93,74169700.0
2010-05-04,QQQ,49.31,49.32,48.08,48.43,141136500.0
2010-05-05,QQQ,47.98,48.5,47.64,48.18,128560200.0
2010-05-06,QQQ,47.85,48.3201,41.55,46.57,274356800.0
2010-05-07,QQQ,46.22,46.8,44.2833,45.41,288200400.0
2010-05-10,QQQ,47.42,47.8,47.31,47.77,136041600.0
2010-05-11,QQQ,47.31,48.39,47.2,47.72,113016100.0
2010-05-12,QQQ,47.98,48.66,47.9,48.62,85462400.0
2010-05-13,QQQ,48.43,48.79,47.7301,47.85,102844300.0
2010-05-14,QQQ,47.49,47.52,46.38,46.93,147386100.0
2010-05-17,QQQ,47.04,47.27,46.07,47.08,120969600.0
2010-05-18,QQQ,47.47,47.58,46.22,46.43,153072100.0
2010-05-19,QQQ,46.26,46.63,45.55,46.06,159000300.0
2010-05-20,QQQ,45.17,45.28,44.25,44.35,189289800.0
2010-05-21,QQQ,43.64,45.64,43.49,44.84,190631100.0
2010-05-24,QQQ,44.81,45.325,44.64,44.66,113038000.0
2010-05-25,QQQ,43.67,44.76,43.23,44.7,155643000.0
2010-05-26,QQQ,44.93,45.57,44.12,44.2,140203200.0
2010-05-27,QQQ,45.22,45.89,45.09,45.87,110671600.0
2010-05-28,QQQ,45.94,45.99,45.2,45.6,128535300.0
2010-06-01,QQQ,45.45,46.25,45.13,45.18,104242700.0
2010-06-02,QQQ,45.45,46.28,45.13,46.25,97249300.0
2010-06-03,QQQ,46.36,46.77,46.08,46.69,98928400.0
2010-06-04,QQQ,45.71,46.29,44.9375,45.0925,112849900.0
2010-06-07,QQQ,45.34,45.46,44.22,44.27,88436600.0
2010-06-08,QQQ,44.37,44.48,43.59,44.19,133030100.0
2010-06-09,QQQ,44.48,44.91,43.69,43.82,101949200.0
2010-06-10,QQQ,44.39,45.12,44.24,45.07,76892300.0
2010-06-11,QQQ,44.63,45.54,44.61,45.5,74346800.0
2010-06-14,QQQ,45.91,46.24,45.41,45.49,68085000.0
2010-06-15,QQQ,45.71,46.77,45.4532,46.71,76332600.0
2010-06-16,QQQ,46.58,47.14,46.5,46.9,78399700.0
2010-06-17,QQQ,47.16,47.18,46.64,47.05,77111900.0
2010-06-18,QQQ,47.06,47.34,46.86,47.0,75921400.0
2010-06-21,QQQ,47.6,47.68,46.33,46.6,95488100.0
2010-06-22,QQQ,46.79,47.14,46.15,46.24,94493400.0
2010-06-23,QQQ,46.29,46.47,45.69,46.05,92397600.0
2010-06-24,QQQ,45.84,45.99,45.2,45.35,114145900.0
2010-06-25,QQQ,45.51,45.66,44.95,45.27,88740300.0
2010-06-28,QQQ,45.29,45.55,44.81,45.11,71350000.0
2010-06-29,QQQ,44.42,44.46,43.07,43.37,136384200.0
2010-06-30,QQQ,43.23,43.67,42.64,42.71,101313200.0
2010-07-01,QQQ,42.82,42.96,41.77,42.59,158695000.0
2010-07-02,QQQ,42.67,42.8215,42.09,42.47,78565300.0
2010-07-06,QQQ,43.09,43.37,42.25,42.6,88591900.0
2010-07-07,QQQ,42.74,44.01,42.7,43.96,72448400.0
2010-07-08,QQQ,44.3097,44.38,43.68,44.2,78264600.0
2010-07-09,QQQ,44.18,44.63,44.08,44.62,47851200.0
2010-07-12,QQQ,44.58,45.03,44.46,44.75,60927500.0
2010-07-13,QQQ,45.13,45.5,44.8,45.33,93310500.0
2010-07-14,QQQ,45.42,45.81,45.24,45.56,87687100.0
2010-07-15,QQQ,45.46,45.74,44.99,45.6,95992500.0
2010-07-16,QQQ,45.44,45.6281,44.3,44.34,98831900.0
2010-07-19,QQQ,44.48,44.81,44.1,44.72,81800800.0
2010-07-20,QQQ,43.99,45.26,43.86,45.26,89061200.0
2010-07-21,QQQ,45.75,45.76,44.56,44.64,83577000.0
2010-07-22,QQQ,45.26,45.98,45.24,45.77,82890300.0
2010-07-23,QQQ,45.46,46.1,45.38,46.06,81056100.0
2010-07-26,QQQ,46.12,46.46,45.91,46.44,64850900.0
2010-07-27,QQQ,46.69,46.72,46.21,46.42,67655600.0
2010-07-28,QQQ,46.38,46.58,45.88,46.05,51988200.0
2010-07-29,QQQ,46.3,46.41,45.25,45.71,85669500.0
2010-07-30,QQQ,45.36,46.09,45.07,45.81,98958100.0
2010-08-02,QQQ,46.38,46.79,46.2101,46.67,68706800.0
2010-08-03,QQQ,46.63,46.7,46.25,46.47,60856600.0
2010-08-04,QQQ,46.69,46.99,46.5,46.938,43820600.0
2010-08-05,QQQ,46.72,46.92,46.52,46.83,39150200.0
2010-08-06,QQQ,46.32,46.85,46.05,46.76,71339200.0
2010-08-09,QQQ,47.01,47.19,46.79,47.08,26927600.0
2010-08-10,QQQ,46.72,46.95,46.28,46.6725,86694500.0
2010-08-11,QQQ,45.91,45.92,45.21,45.4,92219700.0
2010-08-12,QQQ,44.56,45.24,44.45,45.04,66000200.0
2010-08-13,QQQ,44.87,45.06,44.71,44.72,46387300.0
2010-08-16,QQQ,44.48,45.11,44.3,44.8,55472900.0
2010-08-17,QQQ,45.11,45.78,45.03,45.372,56927100.0
2010-08-18,QQQ,45.29,45.82,45.11,45.55,61835400.0
2010-08-19,QQQ,45.29,45.46,44.56,44.86,82969500.0
2010-08-20,QQQ,44.79,45.03,44.54,44.92,65806700.0
2010-08-23,QQQ,45.25,45.34,44.46,44.48,69612200.0
2010-08-24,QQQ,44.01,44.12,43.465,43.65,79095800.0
2010-08-25,QQQ,43.35,44.26,43.27,44.07,87247900.0
2010-08-26,QQQ,44.24,44.32,43.5,43.54,91199000.0
2010-08-27,QQQ,43.86,44.16,42.97,44.07,109568800.0
2010-08-30,QQQ,43.87,44.25,43.6,43.61,49373200.0
2010-08-31,QQQ,43.39,43.85,43.18,43.46,72066900.0
2010-09-01,QQQ,44.1,44.91,44.07,44.76,83523100.0
2010-09-02,QQQ,44.84,45.28,44.73,45.26,41816800.0
2010-09-03,QQQ,45.73,46.02,45.55,46.01,64041100.0
2010-09-07,QQQ,45.82,46.03,45.625,45.7,51195200.0
2010-09-08,QQQ,45.84,46.45,45.82,46.25,66879800.0
2010-09-09,QQQ,46.67,46.7,46.32,46.43,61476400.0
2010-09-10,QQQ,46.49,46.67,46.25,46.6,66995700.0
2010-09-13,QQQ,46.95,47.37,46.94,47.25,64523400.0
2010-09-14,QQQ,47.17,47.7,47.08,47.45,91405800.0
2010-09-15,QQQ,47.35,47.8,47.19,47.75,67108200.0
2010-09-16,QQQ,47.68,47.98,47.54,47.94,66885800.0
2010-09-17,QQQ,48.14,48.14,47.75,47.995,76372600.0
2010-09-20,QQQ,48.18,48.93,48.1101,48.8299,84475000.0
2010-09-21,QQQ,48.84,49.17,48.61,48.82,82272000.0
2010-09-22,QQQ,48.61,49.021,48.42,48.69,88315900.0
2010-09-23,QQQ,48.39,49.16,48.32,48.67,85040000.0
2010-09-24,QQQ,49.22,49.69,49.15,49.66,79495900.0
2010-09-27,QQQ,49.65,49.75,49.35,49.39,43859800.0
2010-09-28,QQQ,49.51,49.54,48.59,49.37,104922900.0
2010-09-29,QQQ,49.3,49.53,49.11,49.29,81679200.0
2010-09-30,QQQ,49.54,49.84,48.75,49.07,122458600.0
2010-10-01,QQQ,49.46,49.53,48.781,49.01,77675400.0
2010-10-04,QQQ,48.86,49.05,48.2,48.48,71359900.0
2010-10-05,QQQ,49.03,49.76,49.0,49.66,99301300.0
2010-10-06,QQQ,49.59,49.71,48.91,49.23,81831200.0
2010-10-07,QQQ,49.52,49.54,49.0,49.41,75693300.0
2010-10-08,QQQ,49.45,49.87,49.08,49.75,83223900.0
2010-10-11,QQQ,49.78,50.02,49.62,49.77,46880000.0
2010-10-12,QQQ,49.69,50.21,49.26,50.11,88571700.0
2010-10-13,QQQ,50.4,50.75,50.28,50.52,71122900.0
2010-10-14,QQQ,50.54,50.64,50.17,50.42,68464000.0
2010-10-15,QQQ,51.04,51.5,50.63,51.49,104654000.0
2010-10-18,QQQ,51.52,51.72,51.3,51.3,72399400.0
2010-10-19,QQQ,50.81,51.3,50.42,50.82,105739800.0
2010-10-20,QQQ,50.96,51.57,50.87,51.19,80861400.0
2010-10-21,QQQ,51.51,51.7101,50.79,51.29,85885400.0
2010-10-22,QQQ,51.3,51.69,51.21,51.64,47406900.0
2010-10-25,QQQ,51.85,52.23,51.85,51.89,51413900.0
2010-10-26,QQQ,51.62,52.15,51.42,52.03,60498300.0
2010-10-27,QQQ,51.77,52.23,51.66,52.19,57483400.0
2010-10-28,QQQ,52.42,52.45,51.84,52.3,61220000.0
2010-10-29,QQQ,52.29,52.49,52.1698,52.18,46668700.0
2010-11-01,QQQ,52.38,52.75,51.98,52.22,60555600.0
2010-11-02,QQQ,52.66,52.93,52.575,52.78,48137500.0
2010-11-03,QQQ,52.84,53.04,52.36,53.02,126225800.0
2010-11-04,QQQ,53.63,53.8614,53.5,53.67,84201000.0
2010-11-05,QQQ,53.7,53.81,53.51,53.67,77937100.0
2010-11-08,QQQ,53.57,53.83,53.4499,53.7375,39623500.0
2010-11-09,QQQ,53.97,54.0401,53.21,53.45,66828700.0
2010-11-10,QQQ,53.53,53.77,53.1,53.715,83553700.0
2010-11-11,QQQ,52.9,53.48,52.66,53.385,85163600.0
2010-11-12,QQQ,53.1,53.3672,52.11,52.51,99164300.0
2010-11-15,QQQ,52.78,52.88,52.29,52.315,56723400.0
2010-11-16,QQQ,51.93,52.2462,50.85,51.45,101097000.0
2010-11-17,QQQ,51.49,51.87,51.35,51.6,77836200.0
2010-11-18,QQQ,52.15,52.79,52.13,52.43,71488300.0
2010-11-19,QQQ,52.34,52.59,52.14,52.47,54506100.0
2010-11-22,QQQ,52.25,52.91,52.17,52.91,69918900.0
2010-11-23,QQQ,52.39,52.45,51.77,52.07,76818300.0
2010-11-24,QQQ,52.58,53.25,52.56,53.12,53444200.0
2010-11-26,QQQ,52.8,53.13,52.67,52.94,23640300.0
2010-11-29,QQQ,52.7,52.9,52.1,52.73,89269100.0
2010-11-30,QQQ,52.18,52.7355,51.88,52.085,118862100.0
2010-12-01,QQQ,52.87,53.46,52.84,53.19,81758800.0
2010-12-02,QQQ,53.27,53.81,53.21,53.73,56844600.0
2010-12-03,QQQ,53.5,53.94,53.5,53.87,38014200.0
2010-12-06,QQQ,53.86,53.95,53.68,53.845,39312000.0
2010-12-07,QQQ,54.49,54.52,53.82,53.88,59067300.0
2010-12-08,QQQ,54.02,54.15,53.6899,54.08,48066900.0
2010-12-09,QQQ,54.41,54.44,53.95,54.135,51679800.0
2010-12-10,QQQ,54.29,54.55,54.09,54.495,44696200.0
2010-12-13,QQQ,54.71,54.74,54.27,54.3,53110200.0
2010-12-14,QQQ,54.42,54.62,54.23,54.395,69884800.0
2010-12-15,QQQ,54.37,54.7,54.03,54.16,76951900.0
2010-12-16,QQQ,54.21,54.66,54.06,54.58,65519400.0
2010-12-17,QQQ,54.54,54.68,54.41,54.52,36844200.0
2010-12-20,QQQ,54.59,54.76,54.16,54.56,48159600.0
2010-12-21,QQQ,54.7602,54.89,54.62,54.89,35775400.0
2010-12-22,QQQ,54.86,54.96,54.79,54.885,35766500.0
2010-12-23,QQQ,54.78,54.87,54.61,54.742,21664800.0
2010-12-27,QQQ,54.62,54.86,54.21,54.77,29263700.0
2010-12-28,QQQ,54.88,54.92,54.55,54.67,24160500.0
2010-12-29,QQQ,54.82,54.9,54.73,54.79,24132700.0
2010-12-30,QQQ,54.79,54.8,54.55,54.66,27553300.0
2010-12-31,QQQ,54.6,54.62,54.21,54.46,38540100.0
2011-01-03,QQQ,54.959,55.69,54.95,55.31,90994300.0
2011-01-04,QQQ,55.53,55.55,54.92,55.265,43851500.0
2011-01-05,QQQ,55.11,55.76,55.07,55.74,43787400.0
2011-01-06,QQQ,55.79,55.96,55.68,55.92,46139600.0
2011-01-07,QQQ,56.02,56.05,55.32,55.87,72261700.0
2011-01-10,QQQ,55.72,56.18,55.58,56.08,55551800.0
2011-01-11,QQQ,56.29,56.36,55.95,56.16,56663800.0
2011-01-12,QQQ,56.42,56.56,56.2,56.555,51979300.0
2011-01-13,QQQ,56.59,56.73,56.41,56.575,47364500.0
2011-01-14,QQQ,56.59,57.02,56.46,57.0,43867400.0
2011-01-18,QQQ,56.52,57.23,56.49,57.16,65805600.0
2011-01-19,QQQ,57.24,57.26,56.32,56.51,67767200.0
2011-01-20,QQQ,56.3,56.35,55.68,56.11,92357800.0
2011-01-21,QQQ,56.39,56.49,55.65,55.68,59673300.0
2011-01-24,QQQ,55.79,56.46,55.68,56.45,64103300.0
2011-01-25,QQQ,56.18,56.55,56.05,56.5325,55305100.0
2011-01-26,QQQ,56.63,56.98,56.45,56.83,60547700.0
2011-01-27,QQQ,57.01,57.35,56.92,57.18,53656100.0
2011-01-28,QQQ,57.16,57.22,55.47,55.73,123359900.0
2011-01-31,QQQ,55.81,56.16,55.39,56.0,70571300.0
2011-02-01,QQQ,56.4194,57.18,56.36,57.05,76952900.0
2011-02-02,QQQ,56.92,57.17,56.84,56.955,48661000.0
2011-02-03,QQQ,56.85,57.14,56.4,57.0575,45341900.0
2011-02-04,QQQ,57.05,57.42,56.9,57.375,47647800.0
2011-02-07,QQQ,57.49,57.97,57.4,57.65,45627100.0
2011-02-08,QQQ,57.65,58.07,57.56,58.025,38099900.0
2011-02-09,QQQ,57.94,58.12,57.75,57.93,62540800.0
2011-02-10,QQQ,57.61,58.1,57.49,58.021,70194700.0
2011-02-11,QQQ,57.87,58.48,57.77,58.44,47853500.0
2011-02-14,QQQ,58.43,58.66,58.38,58.58,48506100.0
2011-02-15,QQQ,58.44,58.57,58.23,58.5,39723800.0
2011-02-16,QQQ,58.64,59.04,58.63,58.881,53061700.0
2011-02-17,QQQ,58.6,58.975,58.55,58.86,38361900.0
2011-02-18,QQQ,58.88,58.97,58.51,58.73,44334300.0
2011-02-22,QQQ,58.0,58.13,56.94,57.03,92598100.0
2011-02-23,QQQ,57.0,57.23,56.13,56.56,97842900.0
2011-02-24,QQQ,56.7,57.03,56.14,56.855,98716100.0
2011-02-25,QQQ,57.16,57.72,57.12,57.65,54094600.0
2011-02-28,QQQ,57.87,58.05,57.43,57.7689,51402800.0
2011-03-01,QQQ,57.99,58.02,56.695,56.84,91993900.0
2011-03-02,QQQ,56.82,57.511,56.79,57.14,61552900.0
2011-03-03,QQQ,57.68,58.365,57.67,58.265,64146600.0
2011-03-04,QQQ,58.25,58.26,57.59,57.9675,62328400.0
2011-03-07,QQQ,58.21,58.2599,56.67,57.19,98470000.0
2011-03-08,QQQ,57.1,57.68,56.77,57.42,62399100.0
2011-03-09,QQQ,57.21,57.27,56.72,57.03,84764200.0
2011-03-10,QQQ,56.39,56.52,55.91,56.14,102894400.0
2011-03-11,QQQ,55.83,56.66,55.82,56.49,81679400.0
2011-03-14,QQQ,56.18,56.59,55.86,56.29,73565800.0
2011-03-15,QQQ,54.64,55.82,54.47,55.49,101276500.0
2011-03-16,QQQ,55.03,55.34,53.77,54.15,176507700.0
2011-03-17,QQQ,55.01,55.24,54.1294,54.65,94434500.0
2011-03-18,QQQ,55.2,55.22,54.41,54.45,94887200.0
2011-03-21,QQQ,55.29,55.78,54.4956,55.5,57423000.0
2011-03-22,QQQ,55.57,55.61,55.28,55.395,36162100.0
2011-03-23,QQQ,55.19,55.87,54.82,55.71,60365100.0
2011-03-24,QQQ,56.12,56.82,55.82,56.7,69502400.0
2011-03-25,QQQ,56.89,57.22,56.7299,56.84,74131100.0
2011-03-28,QQQ,57.09,57.1,56.5,56.53,37824000.0
2011-03-29,QQQ,56.4,57.08,56.23,57.08,47994800.0
2011-03-30,QQQ,57.36,57.43,57.08,57.35,44935900.0
2011-03-31,QQQ,57.25,57.48,57.15,57.43,50004300.0
2011-04-01,QQQ,57.72,57.9,57.29,57.46,68031800.0
2011-04-04,QQQ,57.62,57.68,57.02,57.27,48659100.0
2011-04-05,QQQ,57.16,57.49,57.0,57.12,55349400.0
2011-04-06,QQQ,57.54,57.73,56.93,57.26,49532100.0
2011-04-07,QQQ,57.23,57.6,56.81,57.22,60697000.0
2011-04-08,QQQ,57.48,57.57,56.65,56.95,42782200.0
2011-04-11,QQQ,57.16,57.29,56.56,56.76,42451700.0
2011-04-12,QQQ,56.52,56.64,56.15,56.37,50422800.0
2011-04-13,QQQ,56.77,57.0,56.4,56.85,49979800.0
2011-04-14,QQQ,56.45,56.83,56.23,56.75,53544100.0
2011-04-15,QQQ,56.53,56.87,56.28,56.65,68530000.0
2011-04-18,QQQ,56.09,56.27,55.32,56.25,69065000.0
2011-04-19,QQQ,56.39,56.6,56.1,56.6,38608400.0
2011-04-20,QQQ,57.59,57.94,56.6051,57.875,67397500.0
2011-04-21,QQQ,58.47,58.47,58.16,58.34,43666800.0
2011-04-25,QQQ,58.4,58.52,58.28,58.49,25376800.0
2011-04-26,QQQ,58.65,59.03,58.51,58.82,49400000.0
2011-04-27,QQQ,58.9,59.29,58.66,59.22,56465500.0
2011-04-28,QQQ,59.06,59.23,58.88,59.13,48100000.0
2011-04-29,QQQ,59.04,59.29,58.98,59.08,44831200.0
2011-05-02,QQQ,59.19,59.34,58.82,58.97,48149400.0
2011-05-03,QQQ,58.95,59.0,58.33,58.69,38100000.0
2011-05-04,QQQ,58.72,58.87,58.11,58.6,53097200.0
2011-05-05,QQQ,58.32,58.97,58.08,58.28,72200000.0
2011-05-06,QQQ,58.86,59.2,58.31,58.47,72507000.0
2011-05-09,QQQ,58.56,58.92,58.34,58.69,40022000.0
2011-05-10,QQQ,58.87,59.28,58.775,59.19,38053600.0
2011-05-11,QQQ,59.1,59.31,58.36,58.755,61900000.0
2011-05-12,QQQ,58.56,59.19,58.24,59.11,66100000.0
2011-05-13,QQQ,58.98,59.07,58.39,58.41,63506600.0
2011-05-16,QQQ,58.16,58.32,57.27,57.399,73115300.0
2011-05-17,QQQ,57.12,57.57,56.98,57.56,63136000.0
2011-05-18,QQQ,57.48,58.14,57.41,58.04,42351100.0
2011-05-19,QQQ,58.23,58.34,57.85,58.21,35015800.0
2011-05-20,QQQ,58.15,58.21,57.69,57.765,44703300.0
2011-05-23,QQQ,56.99,57.15,56.65,56.92,43700000.0
2011-05-24,QQQ,57.07,57.07,56.56,56.57,39314800.0
2011-05-25,QQQ,56.49,57.06,56.47,56.79,41369000.0
2011-05-26,QQQ,56.62,57.3,56.61,57.1415,40564100.0
2011-05-27,QQQ,57.24,57.49,57.19,57.43,30127200.0
2011-05-31,QQQ,57.97,58.36,57.67,58.36,47590100.0
2011-06-01,QQQ,58.22,58.36,57.04,57.09,51795000.0
2011-06-02,QQQ,57.21,57.41,56.89,57.21,50198100.0
2011-06-03,QQQ,56.56,56.99,56.27,56.35,57773700.0
2011-06-06,QQQ,56.24,56.53,55.86,55.89,50175600.0
2011-06-07,QQQ,56.05,56.26,55.75,55.79,46311100.0
2011-06-08,QQQ,55.67,55.77,55.23,55.39,46426400.0
2011-06-09,QQQ,55.37,55.76,55.23,55.485,45307500.0
2011-06-10,QQQ,55.23,55.34,54.59,54.64,53740600.0
2011-06-13,QQQ,54.71,54.93,54.45,54.64,37736800.0
2011-06-14,QQQ,55.05,55.47,55.03,55.34,40565300.0
2011-06-15,QQQ,54.83,55.15,54.18,54.29,59022400.0
2011-06-16,QQQ,54.33,54.5,53.615,54.08,66316200.0
2011-06-17,QQQ,54.45,54.598,53.631,53.79,70337000.0
2011-06-20,QQQ,53.66,54.23,53.64,54.07,37402900.0
2011-06-21,QQQ,54.26,55.29,54.03,55.23,55892800.0
2011-06-22,QQQ,55.0,55.32,54.82,54.831,36833300.0
2011-06-23,QQQ,54.28,55.37,54.06,55.34,80743300.0
2011-06-24,QQQ,55.07,55.13,54.27,54.38,56298300.0
2011-06-27,QQQ,54.43,55.53,54.32,55.245,49968900.0
2011-06-28,QQQ,55.38,56.08,55.29,56.07,47028800.0
2011-06-29,QQQ,56.23,56.41,55.9,56.3,65407300.0
2011-06-30,QQQ,56.5,57.09,56.47,57.05,50347200.0
2011-07-01,QQQ,57.1,57.985,56.92,57.91,53203900.0
2011-07-05,QQQ,57.95,58.26,57.83,58.2,43128800.0
2011-07-06,QQQ,58.14,58.49,57.94,58.39,49282700.0
2011-07-07,QQQ,58.82,59.36,58.74,59.19,54799800.0
2011-07-08,QQQ,58.7,59.04,58.37,59.03,69519500.0
2011-07-11,QQQ,58.41,58.71,57.76,57.96,52080800.0
2011-07-12,QQQ,57.94,58.07,57.46,57.52,84000700.0
2011-07-13,QQQ,57.94,58.34,57.55,57.76,82378100.0
2011-07-14,QQQ,57.93,58.18,56.87,57.09,98774200.0
2011-07-15,QQQ,57.72,57.85,57.31,57.85,68281500.0
2011-07-18,QQQ,57.535,57.79,56.98,57.54,59512200.0
2011-07-19,QQQ,58.13,58.9,58.09,58.85,73904600.0
2011-07-20,QQQ,59.18,59.19,58.5,58.6,57085500.0
2011-07-21,QQQ,58.65,59.32,58.34,58.99,70148800.0
2011-07-22,QQQ,58.97,59.7,58.92,59.6,43620400.0
2011-07-25,QQQ,59.13,59.81,59.02,59.48,48916100.0
2011-07-26,QQQ,59.44,59.83,59.32,59.625,40918900.0
2011-07-27,QQQ,59.25,59.29,57.94,58.09,83969500.0
2011-07-28,QQQ,58.1,58.93,57.89,58.19,61031900.0
2011-07-29,QQQ,57.73,58.61,57.44,58.0,82860500.0
2011-08-01,QQQ,58.67,58.82,57.03,57.73,85421100.0
2011-08-02,QQQ,57.46,57.72,56.21,56.27,90853300.0
2011-08-03,QQQ,56.37,56.88,55.35,56.81,103612300.0
2011-08-04,QQQ,55.98,56.09,54.17,54.17,132830000.0
2011-08-05,QQQ,54.79,55.03,52.32,53.83,214111800.0
2011-08-08,QQQ,52.21,53.12,50.59,50.59,204804500.0
2011-08-09,QQQ,51.31,53.08,49.93,53.03,193707100.0
2011-08-10,QQQ,51.82,53.0438,50.8,50.86,205917900.0
2011-08-11,QQQ,51.58,53.69,51.34,53.1,143825300.0
2011-08-12,QQQ,53.42,53.9,52.88,53.57,90483300.0
2011-08-15,QQQ,53.77,54.36,53.53,54.36,73554300.0
2011-08-16,QQQ,53.82,54.35,53.18,53.9,89219200.0
2011-08-17,QQQ,53.98,54.42,53.02,53.58,84416600.0
2011-08-18,QQQ,52.13,52.14,50.48,50.95,130019400.0
2011-08-19,QQQ,50.43,51.67,49.99,50.03,96674600.0
2011-08-22,QQQ,51.21,51.24,50.06,50.21,77107700.0
2011-08-23,QQQ,50.56,52.28,50.34,52.28,75688400.0
2011-08-24,QQQ,52.18,52.795,51.71,52.69,80197700.0
2011-08-25,QQQ,52.64,52.905,51.65,51.83,93623700.0
2011-08-26,QQQ,51.68,53.31,51.15,53.13,91573300.0
2011-08-29,QQQ,53.64,54.67,53.64,54.61,45985800.0
2011-08-30,QQQ,54.39,55.3,54.11,54.97,61617900.0
2011-08-31,QQQ,55.29,55.74,54.6,55.06,60900400.0
2011-09-01,QQQ,55.21,55.64,54.46,54.56,57158400.0
2011-09-02,QQQ,53.58,54.6143,52.99,53.28,58185700.0
2011-09-06,QQQ,52.04,53.366,51.91,53.29,52992200.0
2011-09-07,QQQ,54.03,54.65,53.9,54.64,48952200.0
2011-09-08,QQQ,54.37,55.1684,54.21,54.39,61422800.0
2011-09-09,QQQ,54.01,54.2399,52.85,53.18,63663500.0
2011-09-12,QQQ,52.61,53.9,52.57,53.86,65973000.0
2011-09-13,QQQ,54.08,54.69,53.8,54.58,59020000.0
2011-09-14,QQQ,54.85,55.98,54.32,55.36,90757300.0
2011-09-15,QQQ,55.97,56.28,55.39,56.18,83536100.0
2011-09-16,QQQ,56.25,56.65,56.09,56.59,91902100.0
2011-09-19,QQQ,55.9,56.91,55.43,56.61,73042900.0
2011-09-20,QQQ,56.9,57.35,56.23,56.36,66570100.0
2011-09-21,QQQ,56.65,56.93,55.37,55.38,79938000.0
2011-09-22,QQQ,53.93,54.46,52.75,53.58,151885500.0
2011-09-23,QQQ,53.14,54.38,53.091,54.15,85940600.0
2011-09-26,QQQ,54.42,54.88,53.21,54.78,96261400.0
2011-09-27,QQQ,55.7,56.2,54.98,55.35,81148600.0
2011-09-28,QQQ,55.57,55.97,54.4,54.53,76757100.0
2011-09-29,QQQ,55.36,55.43,52.97,53.88,116900200.0
2011-09-30,QQQ,53.18,53.61,52.46,52.49,104870100.0
2011-10-03,QQQ,52.04,52.85,51.11,51.14,99149500.0
2011-10-04,QQQ,50.595,52.29,50.095,52.19,137013700.0
2011-10-05,QQQ,52.07,53.6787,51.66,53.53,108825700.0
2011-10-06,QQQ,53.47,54.44,53.21,54.43,71939200.0
2011-10-07,QQQ,54.41,54.66,53.72,54.07,72525200.0
2011-10-10,QQQ,54.98,55.94,54.89,55.94,48230200.0
2011-10-11,QQQ,55.81,56.46,55.7,56.32,66449100.0
2011-10-12,QQQ,56.87,57.23,56.56,56.6,85627600.0
2011-10-13,QQQ,56.49,57.19,56.43,57.12,63443700.0
2011-10-14,QQQ,57.84,58.19,57.51,58.18,65643600.0
2011-10-17,QQQ,57.9,58.09,56.9716,57.28,65161300.0
2011-10-18,QQQ,57.19,58.29,56.66,57.99,91434600.0
2011-10-19,QQQ,57.71,57.85,56.68,56.87,67639400.0
2011-10-20,QQQ,56.81,56.92,55.79,56.59,80378300.0
2011-10-21,QQQ,57.17,57.66,56.78,57.3,60455800.0
2011-10-24,QQQ,57.52,58.65,57.3105,58.49,61449500.0
2011-10-25,QQQ,58.27,58.32,57.22,57.34,65299200.0
2011-10-26,QQQ,57.65,57.78,56.2126,57.27,98193800.0
2011-10-27,QQQ,58.64,59.2,58.03,58.85,104455500.0
2011-10-28,QQQ,58.5,59.01,58.5,58.94,42950000.0
2011-10-31,QQQ,58.41,58.64,57.91,57.95,60520200.0
2011-11-01,QQQ,56.56,57.9064,56.12,56.44,99933000.0
2011-11-02,QQQ,57.01,57.16,56.385,56.92,65003800.0
2011-11-03,QQQ,57.36,58.175,56.71,58.1,78994200.0
2011-11-04,QQQ,57.79,58.05,57.22,57.8,61527800.0
2011-11-07,QQQ,57.75,58.25,57.17,58.21,65559000.0
2011-11-08,QQQ,58.63,58.98,57.97,58.88,62906900.0
2011-11-09,QQQ,57.72,57.83,56.63,56.81,69539000.0
2011-11-10,QQQ,57.4,57.42,56.23,56.78,66052400.0
2011-11-11,QQQ,57.28,58.02,57.2,57.85,54471000.0
2011-11-14,QQQ,57.69,58.01,57.28,57.49,44617600.0
2011-11-15,QQQ,57.34,58.36,57.26,58.13,52203900.0
2011-11-16,QQQ,57.73,58.1574,57.06,57.17,68342800.0
2011-11-17,QQQ,57.02,57.04,55.48,55.83,101706900.0
2011-11-18,QQQ,55.85,55.9,55.3,55.4,60417000.0
2011-11-21,QQQ,54.68,54.73,53.78,54.34,52283700.0
2011-11-22,QQQ,54.2,54.68,53.87,54.52,51940100.0
2011-11-23,QQQ,54.11,54.17,53.26,53.29,48437300.0
2011-11-25,QQQ,53.09,53.67,52.87,52.88,25448100.0
2011-11-28,QQQ,54.16,54.79,54.14,54.72,46710700.0
2011-11-29,QQQ,54.65,55.1,54.22,54.38,52056700.0
2011-11-30,QQQ,55.84,56.44,55.67,56.39,66918600.0
2011-12-01,QQQ,56.37,56.925,56.35,56.78,45362200.0
2011-12-02,QQQ,57.33,57.34,56.57,56.62,36938900.0
2011-12-05,QQQ,57.49,57.62,56.915,57.24,40492200.0
2011-12-06,QQQ,57.29,57.45,56.89,57.08,38670000.0
2011-12-07,QQQ,56.9,57.34,56.35,57.08,44576200.0
2011-12-08,QQQ,56.74,57.15,56.01,56.12,51692600.0
2011-12-09,QQQ,56.26,57.19,56.24,57.02,55757900.0
2011-12-12,QQQ,56.42,57.0087,55.9,56.38,55411700.0
2011-12-13,QQQ,56.76,56.98,55.53,55.76,68557700.0
2011-12-14,QQQ,55.52,55.59,54.58,54.89,63682800.0
2011-12-15,QQQ,55.36,55.42,54.66,54.74,58732900.0
2011-12-16,QQQ,54.88,55.61,54.77,54.86,60978900.0
2011-12-19,QQQ,55.06,55.2,54.17,54.32,46733900.0
2011-12-20,QQQ,55.2,56.0,55.17,55.93,81758800.0
2011-12-21,QQQ,55.64,55.64,54.4875,55.13,78552300.0
2011-12-22,QQQ,55.22,55.6261,55.17,55.6,40334100.0
2011-12-23,QQQ,55.68,56.08,55.581,56.08,26594600.0
2011-12-27,QQQ,56.01,56.42,55.93,56.24,21443500.0
2011-12-28,QQQ,56.17,56.26,55.44,55.59,38180100.0
2011-12-29,QQQ,55.68,56.03,55.5,55.99,28077900.0
2011-12-30,QQQ,55.86,56.12,55.82,55.83,21832400.0
2012-01-03,QQQ,56.91,57.19,56.75,56.9,39514100.0
2012-01-04,QQQ,56.8,57.22,56.56,57.14,29403400.0
2012-01-05,QQQ,57.02,57.66,56.8,57.61,41260600.0
2012-01-06,QQQ,57.65,57.94,57.4,57.81,46325200.0
2012-01-09,QQQ,57.95,57.98,57.431,57.62,39195500.0
2012-01-10,QQQ,58.26,58.405,57.6398,58.04,35949900.0
2012-01-11,QQQ,58.02,58.29,57.81,58.16,37144100.0
2012-01-12,QQQ,58.29,58.47,57.86,58.39,26188300.0
2012-01-13,QQQ,58.1,58.2,57.68,58.18,35980400.0
2012-01-17,QQQ,58.71,58.96,58.49,58.71,41790800.0
2012-01-18,QQQ,58.84,59.49,58.6822,59.49,48692700.0
2012-01-19,QQQ,59.76,59.97,59.65,59.86,47774500.0
2012-01-20,QQQ,59.61,59.8,59.56,59.77,41041700.0
2012-01-23,QQQ,59.8,60.21,59.44,59.79,40958300.0
2012-01-24,QQQ,59.54,59.84,59.41,59.68,38440200.0
2012-01-25,QQQ,60.28,60.58,59.8335,60.43,61591800.0
2012-01-26,QQQ,60.67,60.8,59.93,60.22,37852700.0
2012-01-27,QQQ,60.09,60.51,60.06,60.4,45532300.0
2012-01-30,QQQ,59.88,60.54,59.66,60.45,42797800.0
2012-01-31,QQQ,60.75,60.86,60.14,60.53,51449600.0
2012-02-01,QQQ,60.85,61.24,60.66,61.02,46146700.0
2012-02-02,QQQ,61.2,61.41,60.97,61.21,46373600.0
2012-02-03,QQQ,61.78,62.12,61.6799,62.05,36453800.0
2012-02-06,QQQ,61.82,62.02,61.66,62.0,28541300.0
2012-02-07,QQQ,61.95,62.25,61.67,62.13,37935700.0
2012-02-08,QQQ,62.14,62.46,61.91,62.46,41171100.0
2012-02-09,QQQ,62.67,62.98,62.32,62.91,46856400.0
2012-02-10,QQQ,62.47,62.64,62.25,62.475,58090500.0
2012-02-13,QQQ,62.93,63.13,62.65,63.05,36810200.0
2012-02-14,QQQ,62.9,63.22,62.69,63.21,51648200.0
2012-02-15,QQQ,63.52,63.86,62.67,62.77,105709100.0
2012-02-16,QQQ,62.79,63.7,62.63,63.63,83642300.0
2012-02-17,QQQ,63.64,63.69,63.15,63.43,76112300.0
2012-02-21,QQQ,63.51,63.89,63.21,63.61,38141300.0
2012-02-22,QQQ,63.49,63.68,63.23,63.32,43174700.0
2012-02-23,QQQ,63.4,63.81,63.09,63.74,54250000.0
2012-02-24,QQQ,63.92,64.07,63.8,63.96,41364900.0
2012-02-27,QQQ,63.6,64.26,63.33,64.05,42678500.0
2012-02-28,QQQ,64.1,64.7,64.03,64.7,43717500.0
2012-02-29,QQQ,64.74,64.96,64.2,64.41,59784400.0
2012-03-01,QQQ,64.66,64.98,64.46,64.92,67558900.0
2012-03-02,QQQ,64.83,65.0784,64.66,64.87,33358200.0
2012-03-05,QQQ,64.83,64.91,63.99,64.2,45788800.0
2012-03-06,QQQ,63.59,63.72,63.23,63.57,54638600.0
2012-03-07,QQQ,63.86,64.21,63.77,64.06,42741800.0
2012-03-08,QQQ,64.42,64.94,64.3,64.75,43711100.0
2012-03-09,QQQ,64.85,65.14,64.82,65.02,43117200.0
2012-03-12,QQQ,64.97,65.11,64.72,65.05,32687300.0
2012-03-13,QQQ,65.42,66.26,65.27,66.26,61559100.0
2012-03-14,QQQ,66.31,66.74,66.08,66.49,59926900.0
2012-03-15,QQQ,66.69,66.82,66.35,66.68,65531200.0
2012-03-16,QQQ,66.65,66.67,66.36,66.52,53023100.0
2012-03-19,QQQ,66.62,67.15,66.45,66.99,60966200.0
2012-03-20,QQQ,66.66,67.185,66.46,67.11,47290600.0
2012-03-21,QQQ,67.13,67.49,67.03,67.12,39648100.0
2012-03-22,QQQ,66.71,67.14,66.68,66.98,56953900.0
2012-03-23,QQQ,67.06,67.08,66.56,66.939,45541700.0
2012-03-26,QQQ,67.37,68.11,67.33,68.11,40855300.0
2012-03-27,QQQ,68.145,68.49,68.13,68.21,37278200.0
2012-03-28,QQQ,68.25,68.51,67.54,67.938,44421900.0
2012-03-29,QQQ,67.61,67.93,67.2,67.68,53975300.0
2012-03-30,QQQ,67.99,68.02,67.28,67.55,39480900.0
2012-04-02,QQQ,67.46,68.34,67.36,68.25,40031600.0
2012-04-03,QQQ,68.31,68.55,67.85,68.23,45539900.0
2012-04-04,QQQ,67.73,67.76,66.91,67.3,54088100.0
2012-04-05,QQQ,67.19,67.78,67.13,67.72,42979900.0
2012-04-09,QQQ,66.88,67.48,66.76,67.21,36908200.0
2012-04-10,QQQ,67.19,67.44,65.92,66.13,69254200.0
2012-04-11,QQQ,66.705,66.89,66.28,66.45,62950000.0
2012-04-12,QQQ,66.58,67.28,66.4807,67.205,57407400.0
2012-04-13,QQQ,66.96,67.2022,66.16,66.19,55227500.0
2012-04-16,QQQ,66.53,66.56,65.24,65.45,57588000.0
2012-04-17,QQQ,65.75,66.99,65.63,66.78,47362400.0
2012-04-18,QQQ,66.59,67.0,66.41,66.61,42536100.0
2012-04-19,QQQ,66.38,67.17,65.62,65.86,81110900.0
2012-04-20,QQQ,66.22,66.51,65.58,65.68,59906900.0
2012-04-23,QQQ,65.08,65.18,64.49,65.08,70514400.0
2012-04-24,QQQ,64.97,65.23,64.45,64.73,49661500.0
2012-04-25,QQQ,66.06,66.49,65.97,66.45,57526900.0
2012-04-26,QQQ,66.42,66.99,66.35,66.84,41799500.0
2012-04-27,QQQ,67.12,67.45,66.77,67.24,46003800.0
2012-04-30,QQQ,67.02,67.17,66.71,66.76,37787700.0
2012-05-01,QQQ,66.68,67.63,66.59,66.87,37643800.0
2012-05-02,QQQ,66.5,67.11,66.38,67.06,38299300.0
2012-05-03,QQQ,67.1,67.15,66.175,66.35,51297600.0
2012-05-04,QQQ,65.75,66.3524,64.69,64.7,107554000.0
2012-05-07,QQQ,64.31,65.07,64.29,64.76,50267800.0
2012-05-08,QQQ,64.34,64.74,63.48,64.52,72659700.0
2012-05-09,QQQ,63.77,64.68,63.51,64.321,85715300.0
2012-05-10,QQQ,64.61,64.63,63.95,64.19,49448900.0
2012-05-11,QQQ,63.94,64.86,63.91,64.18,47099900.0
2012-05-14,QQQ,63.63,64.08,63.48,63.58,46360000.0
2012-05-15,QQQ,63.79,64.27,63.26,63.37,66908600.0
2012-05-16,QQQ,63.62,63.78,62.81,62.94,52825900.0
2012-05-17,QQQ,62.94,63.06,61.6,61.61,62253900.0
2012-05-18,QQQ,61.79,61.96,60.76,60.81,79496500.0
2012-05-21,QQQ,60.92,62.57,60.85,62.51,61473000.0
2012-05-22,QQQ,62.66,62.95,61.989,62.44,62954800.0
2012-05-23,QQQ,61.93,62.71,61.37,62.56,56951100.0
2012-05-24,QQQ,62.66,62.71,61.69,62.15,83131200.0
2012-05-25,QQQ,62.21,62.3201,61.8899,62.07,32078900.0
2012-05-29,QQQ,62.63,63.15,62.28,62.86,44216700.0
2012-05-30,QQQ,62.29,62.55,61.6773,62.33,56431800.0
2012-05-31,QQQ,62.25,62.41,61.59,62.06,55260100.0
2012-06-01,QQQ,60.97,61.32,60.39,60.409,71430800.0
2012-06-04,QQQ,60.57,60.96,60.04,60.87,74119500.0
2012-06-05,QQQ,60.65,61.24,60.63,61.12,47916900.0
2012-06-06,QQQ,61.6,62.57,61.52,62.52,58781800.0
2012-06-07,QQQ,63.16,63.18,62.22,62.27,38414800.0
2012-06-08,QQQ,62.16,62.95,61.96,62.87,39730800.0
2012-06-11,QQQ,63.35,63.38,61.77,61.805,51008900.0
2012-06-12,QQQ,62.09,62.59,61.68,62.56,48802600.0
2012-06-13,QQQ,62.38,62.85,61.92,62.13,50840100.0
2012-06-14,QQQ,62.14,62.61,61.8,62.36,65170600.0
2012-06-15,QQQ,62.37,63.08,62.36,62.99,41536100.0
2012-06-18,QQQ,62.75,63.74,62.63,63.58,32191200.0
2012-06-19,QQQ,63.9,64.51,63.85,64.239,36476500.0
2012-06-20,QQQ,64.36,64.57,63.81,64.29,51389700.0
2012-06-21,QQQ,64.21,64.31,62.62,62.69,42492700.0
2012-06-22,QQQ,62.88,63.43,62.731,63.35,29504200.0
2012-06-25,QQQ,62.84,62.85,61.95,62.13,33136400.0
2012-06-26,QQQ,62.33,62.7,62.0575,62.52,30611100.0
2012-06-27,QQQ,62.76,63.18,62.6899,62.9,35705800.0
2012-06-28,QQQ,62.42,62.47,61.54,62.2,49793400.0
2012-06-29,QQQ,63.37,64.16,63.21,64.16,44761300.0
2012-07-02,QQQ,64.23,64.38,63.87,64.35,33425600.0
2012-07-03,QQQ,64.38,64.89,64.29,64.89,15895100.0
2012-07-05,QQQ,64.78,65.25,64.48,64.93,37016200.0
2012-07-06,QQQ,64.65,64.69,63.65,64.12,40684100.0
2012-07-09,QQQ,64.03,64.26,63.68,64.0,35628300.0
2012-07-10,QQQ,64.33,64.51,63.12,63.37,47365700.0
2012-07-11,QQQ,63.29,63.46,62.5,63.02,43432000.0
2012-07-12,QQQ,62.55,62.69,61.86,62.43,57680400.0
2012-07-13,QQQ,62.56,63.52,62.56,63.38,32357200.0
2012-07-16,QQQ,63.24,63.52,62.95,63.2,27621400.0
2012-07-17,QQQ,63.58,63.74,62.63,63.53,42467800.0
2012-07-18,QQQ,63.4,64.58,63.39,64.39,44489700.0
2012-07-19,QQQ,64.84,65.31,64.72,65.1,53017800.0
2012-07-20,QQQ,65.09,65.1,64.21,64.235,40573100.0
2012-07-23,QQQ,63.0,63.68,62.51,63.46,48657800.0
2012-07-24,QQQ,63.58,63.66,62.55,62.96,57269700.0
2012-07-25,QQQ,62.49,62.95,62.15,62.54,46264400.0
2012-07-26,QQQ,63.44,63.73,62.97,63.37,41928200.0
2012-07-27,QQQ,63.83,64.99,63.64,64.87,42621000.0
2012-07-30,QQQ,65.01,65.31,64.6,64.82,37821300.0
2012-07-31,QQQ,64.91,65.18,64.74,64.8,34588300.0
2012-08-01,QQQ,65.25,65.2799,64.35,64.61,30920200.0
2012-08-02,QQQ,64.1,65.02,63.91,64.38,40534900.0
2012-08-03,QQQ,65.38,65.88,65.19,65.6,42117400.0
2012-08-06,QQQ,65.94,66.39,65.8,66.1,23523600.0
2012-08-07,QQQ,66.38,66.92,66.28,66.65,28223300.0
2012-08-08,QQQ,66.48,66.762,66.37,66.62,20723500.0
2012-08-09,QQQ,66.62,66.91,66.49,66.82,20726200.0
2012-08-10,QQQ,66.59,66.88,66.41,66.86,20312000.0
2012-08-13,QQQ,66.84,67.03,66.5,67.02,19890300.0
2012-08-14,QQQ,67.28,67.41,66.86,67.05,24218700.0
2012-08-15,QQQ,67.0,67.3199,66.99,67.22,29100400.0
2012-08-16,QQQ,67.47,68.17,67.39,68.02,35699900.0
2012-08-17,QQQ,68.17,68.33,68.01,68.32,22584800.0
2012-08-20,QQQ,68.27,68.43,68.0,68.42,26924000.0
2012-08-21,QQQ,68.63,68.88,67.88,68.15,41391000.0
2012-08-22,QQQ,67.99,68.5601,67.81,68.43,44555700.0
2012-08-23,QQQ,68.14,68.34,67.6905,67.87,28800400.0
2012-08-24,QQQ,67.72,68.45,67.6,68.29,38384800.0
2012-08-27,QQQ,68.6,68.67,68.25,68.4,20671400.0
2012-08-28,QQQ,68.34,68.585,68.11,68.4,27337900.0
2012-08-29,QQQ,68.41,68.57,68.11,68.4,26674509.0
2012-08-30,QQQ,68.11,68.13,67.6,67.71,24430939.0
2012-08-31,QQQ,68.2,68.45,67.47,68.16,42127927.0
2012-09-04,QQQ,68.03,68.35,67.42,68.09,32017183.0
2012-09-05,QQQ,68.04,68.35,67.84,68.02,26133787.0
2012-09-06,QQQ,68.42,69.55,68.42,69.53,43099507.0
2012-09-07,QQQ,69.37,69.55,69.23,69.43,32966134.0
2012-09-10,QQQ,69.26,69.4,68.49,68.54,25489971.0
2012-09-11,QQQ,68.54,68.82,68.32,68.43,29810086.0
2012-09-12,QQQ,68.68,68.81,68.21,68.632,42212157.0
2012-09-13,QQQ,68.71,69.86,68.62,69.56,45417791.0
2012-09-14,QQQ,69.84,70.43,69.79,70.18,38888047.0
2012-09-17,QQQ,70.2,70.24,69.96,70.21,31798335.0
2012-09-18,QQQ,70.04,70.3,70.02,70.27,27169767.0
2012-09-19,QQQ,70.29,70.58,70.06,70.4,36484572.0
2012-09-20,QQQ,70.07,70.4,69.87,70.33,42523444.0
2012-09-21,QQQ,70.47,70.54,70.08,70.15,23681208.0
2012-09-24,QQQ,69.56,69.86,69.42,69.735,32341549.0
2012-09-25,QQQ,69.92,70.08,68.73,68.76,41308853.0
2012-09-26,QQQ,68.67,68.71,67.85,68.2,32770371.0
2012-09-27,QQQ,68.35,69.3,68.25,69.14,25339433.0
2012-09-28,QQQ,68.92,69.12,68.51,68.57,30116097.0
2012-10-01,QQQ,68.9,69.33,68.25,68.47,37715207.0
2012-10-02,QQQ,68.79,68.98,68.13,68.67,33254267.0
2012-10-03,QQQ,68.88,69.24,68.59,69.11,38235965.0
2012-10-04,QQQ,69.24,69.54,69.0,69.35,26128544.0
2012-10-05,QQQ,69.68,69.8,68.8,68.98,25207826.0
2012-10-08,QQQ,68.58,68.72,68.19,68.35,30911410.0
2012-10-09,QQQ,68.17,68.3395,67.1,67.2592,67973910.0
2012-10-10,QQQ,67.25,67.43,66.8,66.92,45134294.0
2012-10-11,QQQ,67.44,67.47,66.67,66.71,30476076.0
2012-10-12,QQQ,66.73,67.06,66.55,66.68,24894927.0
2012-10-15,QQQ,66.94,67.26,66.53,67.17,22220004.0
2012-10-16,QQQ,67.29,68.2,67.25,68.12,33960299.0
2012-10-17,QQQ,67.75,68.3,67.68,68.08,33439368.0
2012-10-18,QQQ,67.87,68.08,67.04,67.29,61706323.0
2012-10-19,QQQ,67.21,67.27,65.6,65.68,75362599.0
2012-10-22,QQQ,65.62,66.19,65.5,66.02,38621408.0
2012-10-23,QQQ,65.49,65.95,65.19,65.39,52598740.0
2012-10-24,QQQ,65.76,65.87,65.06,65.164,39872375.0
2012-10-25,QQQ,65.61,65.72,64.97,65.16,52688680.0
2012-10-26,QQQ,65.18,65.623,64.65,65.35,54222197.0
2012-10-31,QQQ,65.31,65.39,64.73,64.95,38524479.0
2012-11-01,QQQ,65.32,66.0,65.17,65.8729,26944931.0
2012-11-02,QQQ,66.21,66.21,65.11,65.17,44082997.0
2012-11-05,QQQ,65.195,65.73,65.04,65.6,28104128.0
2012-11-06,QQQ,65.71,66.17,65.46,65.72,29608306.0
2012-11-07,QQQ,65.04,65.1,63.9,64.17,70737600.0
2012-11-08,QQQ,64.33,64.495,63.16,63.16,58585722.0
2012-11-09,QQQ,63.19,64.11,63.16,63.43,51549536.0
2012-11-12,QQQ,63.79,63.87,63.25,63.42,32663656.0
2012-11-13,QQQ,62.92,63.58,62.7801,62.98,43287627.0
2012-11-14,QQQ,63.27,63.36,62.14,62.24,82655213.0
2012-11-15,QQQ,62.29,62.49,61.8,62.0299,55124159.0
2012-11-16,QQQ,62.08,62.48,61.31,62.3,70868025.0
2012-11-19,QQQ,62.97,63.83,62.96,63.7806,55306381.0
2012-11-20,QQQ,63.77,63.89,63.19,63.8,52012655.0
2012-11-21,QQQ,63.83,64.02,63.6,63.93,19620058.0
2012-11-23,QQQ,64.32,64.92,64.2501,64.9,16462833.0
2012-11-26,QQQ,64.77,65.22,64.54,65.181,26430885.0
2012-11-27,QQQ,65.16,65.4,64.85,64.96,25828579.0
2012-11-28,QQQ,64.66,65.57,64.25,65.52,37295780.0
2012-11-29,QQQ,65.82,66.135,65.58,65.91,41135813.0
2012-11-30,QQQ,65.92,65.97,65.61,65.8,33502042.0
2012-12-03,QQQ,66.32,66.37,65.64,65.67,28239968.0
2012-12-04,QQQ,65.69,65.77,65.2,65.63,49671701.0
2012-12-05,QQQ,65.53,65.54,64.55,64.9032,54076124.0
2012-12-06,QQQ,64.71,65.4801,64.53,65.32,47519071.0
2012-12-07,QQQ,65.65,65.71,64.71,64.93,30092666.0
2012-12-10,QQQ,64.75,65.455,64.75,65.12,33219547.0
2012-12-11,QQQ,65.58,66.34,65.515,65.97,40750801.0
2012-12-12,QQQ,66.29,66.32,65.65,65.83,45917674.0
2012-12-13,QQQ,65.71,66.16,65.03,65.3111,45467642.0
2012-12-14,QQQ,64.9,65.08,64.47,64.69,39630252.0
2012-12-17,QQQ,64.73,65.57,64.66,65.55,42302841.0
2012-12-18,QQQ,65.85,66.65,65.7,66.5472,55595997.0
2012-12-19,QQQ,66.72,66.76,66.22,66.2605,34832444.0
2012-12-20,QQQ,66.38,66.41,65.93,66.26,40754272.0
2012-12-21,QQQ,64.89,65.28,64.6,65.2,51144552.0
2012-12-24,QQQ,65.06,65.14,64.92,65.07,11418232.0
2012-12-26,QQQ,65.08,65.18,64.29,64.5,21760846.0
2012-12-27,QQQ,64.56,64.64,63.6,64.4,52943138.0
2012-12-28,QQQ,63.93,64.43,63.75,63.78,33082054.0
2012-12-31,QQQ,63.68,65.2521,63.58,65.1301,57553098.0
2013-01-02,QQQ,66.69,67.23,66.48,67.2,70695891.0
2013-01-03,QQQ,67.2,67.34,66.65,66.8521,47366435.0
2013-01-04,QQQ,66.87,66.88,66.47,66.63,33973326.0
2013-01-07,QQQ,66.46,66.76,66.25,66.6504,26766190.0
2013-01-08,QQQ,66.64,66.815,66.17,66.52,28743941.0
2013-01-09,QQQ,66.62,66.95,66.55,66.77,25609172.0
2013-01-10,QQQ,67.21,67.27,66.55,67.17,37534251.0
2013-01-11,QQQ,67.14,67.29,67.0,67.26,21160468.0
2013-01-14,QQQ,66.9,67.15,66.67,66.96,36777292.0
2013-01-15,QQQ,66.63,66.729,66.3321,66.63,31675276.0
2013-01-16,QQQ,66.75,67.13,66.6,66.9,33828119.0
2013-01-17,QQQ,67.18,67.48,67.06,67.22,32030740.0
2013-01-18,QQQ,67.01,67.14,66.77,67.07,31991953.0
2013-01-22,QQQ,67.15,67.23,66.73,67.18,32123006.0
2013-01-23,QQQ,67.56,67.79,67.46,67.59,31977406.0
2013-01-24,QQQ,66.69,67.28,66.56,66.66,42603381.0
2013-01-25,QQQ,66.89,67.19,66.74,67.0,39248726.0
2013-01-28,QQQ,67.01,67.38,66.93,67.15,32933927.0
2013-01-29,QQQ,67.06,67.31,66.63,67.16,35554610.0
2013-01-30,QQQ,67.28,67.48,66.87,67.02,34444953.0
2013-01-31,QQQ,66.99,67.35,66.81,66.87,34870426.0
2013-02-01,QQQ,67.34,67.78,67.07,67.66,53124521.0
2013-02-04,QQQ,67.25,67.4599,66.46,66.48,48483691.0
2013-02-05,QQQ,66.76,67.67,66.61,67.46,35129982.0
2013-02-06,QQQ,67.22,67.55,67.04,67.24,43595136.0
2013-02-07,QQQ,67.33,67.371,66.56,67.3,46011203.0
2013-02-08,QQQ,67.64,68.13,67.63,67.99,39845725.0
2013-02-11,QQQ,68.02,68.06,67.78,68.01,17650349.0
2013-02-12,QQQ,67.92,68.05,67.66,67.73,22061318.0
2013-02-13,QQQ,67.93,68.23,67.765,67.97,23497142.0
2013-02-14,QQQ,67.64,68.05,67.62,67.95,24482423.0
2013-02-15,QQQ,67.95,68.11,67.56,67.75,25334049.0
2013-02-19,QQQ,67.89,68.26,67.86,68.24,23433248.0
2013-02-20,QQQ,68.24,68.25,67.18,67.19,38200238.0
2013-02-21,QQQ,66.96,67.01,66.23,66.47,45855576.0
2013-02-22,QQQ,66.84,67.15,66.59,67.139,21969534.0
2013-02-25,QQQ,67.6,67.81,66.25,66.31,40927523.0
2013-02-26,QQQ,66.42,66.68,65.96,66.56,42088741.0
2013-02-27,QQQ,66.57,67.65,66.47,67.239,36339458.0
2013-02-28,QQQ,67.24,67.74,67.09,67.1,28557148.0
2013-03-01,QQQ,66.86,67.5,66.54,67.38,31617692.0
2013-03-04,QQQ,67.19,67.69,67.07,67.68,19380446.0
2013-03-05,QQQ,68.1,68.77,68.08,68.68,35589440.0
2013-03-06,QQQ,68.8899,68.908,68.42,68.51,29070971.0
2013-03-07,QQQ,68.57,68.8,68.45,68.69,21775877.0
2013-03-08,QQQ,68.93,69.02,68.5,68.77,26162116.0
2013-03-11,QQQ,68.68,68.99,68.47,68.97,23194121.0
2013-03-12,QQQ,68.79,68.9299,68.39,68.72,27579252.0
2013-03-13,QQQ,68.8,68.89,68.39,68.63,34297271.0
2013-03-14,QQQ,68.87,69.01,68.711,68.86,31537685.0
2013-03-15,QQQ,68.75,68.79,68.34,68.51,30743672.0
2013-03-18,QQQ,67.885,68.6367,67.73,68.36,36164493.0
2013-03-19,QQQ,68.54,68.7,67.62,68.23,33134570.0
2013-03-20,QQQ,68.74,68.86,68.39,68.709,28035338.0
2013-03-21,QQQ,68.09,68.25,67.77,67.93,30050789.0
2013-03-22,QQQ,68.21,68.64,68.13,68.59,28838417.0
2013-03-25,QQQ,68.81,68.96,68.01,68.34,24909753.0
2013-03-26,QQQ,68.6,68.73,68.45,68.71,19734745.0
2013-03-27,QQQ,68.25,68.85,68.14,68.801,22539423.0
2013-03-28,QQQ,68.81,69.06,68.64,68.97,23669800.0
2013-04-01,QQQ,69.01,69.09,68.31,68.5,28118835.0
2013-04-02,QQQ,68.81,69.27,68.77,69.04,29431878.0
2013-04-03,QQQ,69.08,69.18,68.24,68.41,35131104.0
2013-04-04,QQQ,68.41,68.6,68.06,68.43,32287367.0
2013-04-05,QQQ,67.35,67.96,67.19,67.861,55613276.0
2013-04-08,QQQ,67.88,68.24,67.69,68.22,17898516.0
2013-04-09,QQQ,68.42,68.96,68.09,68.68,30931361.0
2013-04-10,QQQ,68.89,70.17,68.88,70.015,55271262.0
2013-04-11,QQQ,69.84,70.15,69.77,69.99,37238268.0
2013-04-12,QQQ,69.85,69.99,69.41,69.94,32791330.0
2013-04-15,QQQ,69.68,69.79,68.48,68.56,48795787.0
2013-04-16,QQQ,68.99,69.55,68.81,69.47,27682570.0
2013-04-17,QQQ,68.84,68.889,67.71,68.115,60204793.0
2013-04-18,QQQ,68.33,68.33,66.88,67.169,56798119.0
2013-04-19,QQQ,67.31,68.231,67.2,68.09,43066868.0
2013-04-22,QQQ,68.33,69.04,68.08,68.79,34412089.0
2013-04-23,QQQ,69.2,69.7,68.82,69.45,53078214.0
2013-04-24,QQQ,69.26,69.67,69.12,69.42,44500627.0
2013-04-25,QQQ,69.63,70.05,69.59,69.79,26437042.0
2013-04-26,QQQ,69.62,69.77,69.27,69.57,24083912.0
2013-04-29,QQQ,69.78,70.48,69.76,70.21,31663920.0
2013-04-30,QQQ,70.29,70.73,70.04,70.72,30146326.0
2013-05-01,QQQ,70.71,70.85,70.25,70.39,28539538.0
2013-05-02,QQQ,70.51,71.43,70.45,71.28,31744162.0
2013-05-03,QQQ,71.94,72.34,71.91,72.12,34061652.0
2013-05-06,QQQ,72.25,72.51,72.19,72.4,19244277.0
2013-05-07,QQQ,72.5,72.57,72.09,72.36,25838016.0
2013-05-08,QQQ,72.31,72.77,72.2,72.71,24257984.0
2013-05-09,QQQ,72.55,73.099,72.47,72.6065,29344426.0
2013-05-10,QQQ,72.73,73.08,72.63,73.05,20663682.0
2013-05-13,QQQ,72.93,73.32,72.86,73.14,29730022.0
2013-05-14,QQQ,73.13,73.74,73.13,73.52,36017631.0
2013-05-15,QQQ,73.38,73.74,73.2,73.67,27214313.0
2013-05-16,QQQ,73.77,74.095,73.55,73.59,27253366.0
2013-05-17,QQQ,73.95,74.33,73.7301,74.3,31117108.0
2013-05-20,QQQ,74.09,74.425,73.89,74.19,25135782.0
2013-05-21,QQQ,74.18,74.54,73.89,74.27,25899967.0
2013-05-22,QQQ,74.36,74.95,73.24,73.619,59843165.0
2013-05-23,QQQ,72.95,73.7,72.83,73.45,48229437.0
2013-05-24,QQQ,72.96,73.43,72.76,73.41,26435957.0
2013-05-28,QQQ,74.25,74.54,73.66,73.89,27065807.0
2013-05-29,QQQ,73.59,73.8,73.12,73.54,32095595.0
2013-05-30,QQQ,73.57,74.275,73.55,73.93,32390461.0
2013-05-31,QQQ,73.65,74.21,73.17,73.25,38354676.0
2013-06-03,QQQ,73.31,73.4,72.43,73.38,47613032.0
2013-06-04,QQQ,73.52,73.82,72.7,73.0,35256035.0
2013-06-05,QQQ,72.77,73.04,71.99,72.05,48654171.0
2013-06-06,QQQ,72.15,72.41,71.47,72.4,62524010.0
2013-06-07,QQQ,72.73,73.47,72.52,73.39,31971148.0
2013-06-10,QQQ,73.55,73.76,73.26,73.42,25393169.0
2013-06-11,QQQ,72.67,73.34,72.44,72.69,40281421.0
2013-06-12,QQQ,73.12,73.14,71.74,71.85,42081831.0
2013-06-13,QQQ,71.76,72.92,71.55,72.76,28230371.0
2013-06-14,QQQ,72.76,72.84,72.171,72.28,27697014.0
2013-06-17,QQQ,72.88,73.4,72.6,72.98,32443498.0
2013-06-18,QQQ,73.07,73.72,73.06,73.58,24861267.0
2013-06-19,QQQ,73.57,73.68,72.68,72.76,43145076.0
2013-06-20,QQQ,71.92,72.16,70.79,71.025,60908388.0
2013-06-21,QQQ,70.78,70.97,69.84,70.43,51565551.0
2013-06-24,QQQ,69.84,70.27,69.15,69.73,41492206.0
2013-06-25,QQQ,70.41,70.52,69.81,70.24,28897389.0
2013-06-26,QQQ,70.82,71.0,70.59,70.87,23746655.0
2013-06-27,QQQ,71.22,71.62,71.13,71.17,23546417.0
2013-06-28,QQQ,70.92,71.69,70.79,71.27,28301066.0
2013-07-01,QQQ,71.76,72.3,71.64,71.71,24951289.0
2013-07-02,QQQ,71.68,72.1796,71.35,71.74,23069566.0
2013-07-03,QQQ,71.48,72.37,71.42,72.031,18847424.0
2013-07-05,QQQ,72.45,72.61,71.86,72.58,28795991.0
2013-07-08,QQQ,72.94,72.99,72.38,72.65,20563730.0
2013-07-09,QQQ,72.98,73.25,72.65,73.09,26115187.0
2013-07-10,QQQ,73.0,73.62,72.98,73.51,25598894.0
2013-07-11,QQQ,74.29,75.03,74.25,74.97,47777675.0
2013-07-12,QQQ,75.02,75.35,74.82,75.3,31417850.0
2013-07-15,QQQ,75.36,75.52,75.17,75.47,19790966.0
2013-07-16,QQQ,75.54,75.59,75.18,75.37,31747092.0
2013-07-17,QQQ,75.6,75.74,75.35,75.56,24631497.0
2013-07-18,QQQ,75.54,75.74,75.25,75.37,36278798.0
2013-07-19,QQQ,74.72,74.74,74.37,74.59,37734062.0
2013-07-22,QQQ,74.87,74.98,74.58,74.81,21135860.0
2013-07-23,QQQ,74.95,74.96,74.2,74.26,24748780.0
2013-07-24,QQQ,74.99,75.02,74.33,74.5,24426805.0
2013-07-25,QQQ,74.89,75.06,74.46,74.97,23167338.0
2013-07-26,QQQ,74.67,75.38,74.55,75.37,20885522.0
2013-07-29,QQQ,75.22,75.54,75.0299,75.23,20970308.0
2013-07-30,QQQ,75.5,75.95,75.35,75.63,24104507.0
2013-07-31,QQQ,75.77,76.2099,75.63,75.77,25007599.0
2013-08-01,QQQ,76.3,76.65,76.21,76.54,16879933.0
2013-08-02,QQQ,76.56,76.99,76.3801,76.97,18105230.0
2013-08-05,QQQ,76.89,77.08,76.78,77.02,15462781.0
2013-08-06,QQQ,76.92,76.99,76.25,76.56,23680564.0
2013-08-07,QQQ,76.36,76.568,75.87,76.42,20281126.0
2013-08-08,QQQ,76.84,76.98,76.3,76.8,19993946.0
2013-08-09,QQQ,76.7,76.94,76.27,76.49,18569820.0
2013-08-12,QQQ,76.2,76.8099,76.19,76.67,20515862.0
2013-08-13,QQQ,76.77,77.27,76.22,77.1,23916974.0
2013-08-14,QQQ,77.07,77.18,76.7,76.81,29920959.0
2013-08-15,QQQ,75.98,75.99,75.29,75.51,39406562.0
2013-08-16,QQQ,75.54,75.87,75.35,75.485,23824932.0
2013-08-19,QQQ,75.5,76.13,75.33,75.35,29586813.0
2013-08-20,QQQ,75.49,76.03,75.43,75.68,18842747.0
2013-08-21,QQQ,75.46,76.09,75.14,75.42,30705085.0
2013-08-22,QQQ,75.73,76.21,75.71,76.16,17269464.0
2013-08-23,QQQ,76.73,76.77,76.4,76.67,20697258.0
2013-08-26,QQQ,76.72,77.28,76.55,76.71,27525409.0
2013-08-27,QQQ,75.82,76.18,74.96,75.14,40068871.0
2013-08-28,QQQ,75.08,75.75,75.05,75.43,20490381.0
2013-08-29,QQQ,75.4,76.34,75.3,75.96,27287901.0
2013-08-30,QQQ,76.04,76.04,75.2,75.47,26228459.0
2013-09-03,QQQ,76.1,76.44,75.54,75.9,27241431.0
2013-09-04,QQQ,76.14,76.84,75.93,76.71,27142882.0
2013-09-05,QQQ,76.75,77.055,76.73,76.84,17815365.0
2013-09-06,QQQ,77.09,77.34,76.05,76.93,27724535.0
2013-09-09,QQQ,77.23,77.96,77.23,77.83,25161869.0
2013-09-10,QQQ,78.27,78.32,77.92,78.21,27619372.0
2013-09-11,QQQ,77.69,78.11,77.59,78.06,28138594.0
2013-09-12,QQQ,78.06,78.25,77.85,78.01,18332687.0
2013-09-13,QQQ,78.11,78.145,77.64,78.06,16932448.0
2013-09-16,QQQ,78.69,78.72,77.67,77.85,25909886.0
2013-09-17,QQQ,77.99,78.47,77.98,78.37,27182212.0
2013-09-18,QQQ,78.49,79.47,78.33,79.31,31714662.0
2013-09-19,QQQ,79.54,79.685,79.36,79.5,26435609.0
2013-09-20,QQQ,79.47,79.54,78.95,78.985,26328830.0
2013-09-23,QQQ,79.34,79.41,78.455,78.83,30319396.0
2013-09-24,QQQ,79.0,79.25,78.57,78.83,21875702.0
2013-09-25,QQQ,78.88,79.0,78.4,78.56,22746397.0
2013-09-26,QQQ,78.87,79.36,78.85,79.17,22421656.0
2013-09-27,QQQ,78.74,79.21,78.59,79.07,25151521.0
2013-09-30,QQQ,78.27,79.09,78.0,78.88,28031856.0
2013-10-01,QQQ,78.87,79.72,78.8456,79.68,33129746.0
2013-10-02,QQQ,79.13,79.76,79.06,79.65,25503753.0
2013-10-03,QQQ,79.55,79.72,78.3,78.72,42998195.0
2013-10-04,QQQ,78.72,79.51,78.65,79.4,22854266.0
2013-10-07,QQQ,78.72,79.35,78.67,78.74,20234683.0
2013-10-08,QQQ,78.76,78.81,77.19,77.22,43660689.0
2013-10-09,QQQ,77.4,77.44,76.35,76.98,64526694.0
2013-10-10,QQQ,77.8,78.79,77.79,78.61,48062722.0
2013-10-11,QQQ,78.41,79.29,78.4,79.23,25214124.0
2013-10-14,QQQ,78.74,79.79,78.68,79.79,31471884.0
2013-10-15,QQQ,79.73,80.11,79.38,79.48,38683993.0
2013-10-16,QQQ,79.83,80.42,79.79,80.38,46735861.0
2013-10-17,QQQ,80.0,80.87,79.95,80.84,32193534.0
2013-10-18,QQQ,81.56,82.18,81.35,82.15,39628221.0
2013-10-21,QQQ,82.31,82.54,82.07,82.33,31176938.0
2013-10-22,QQQ,82.62,82.9,81.93,82.45,43944821.0
2013-10-23,QQQ,82.04,82.2,81.55,81.95,38021281.0
2013-10-24,QQQ,81.99,82.48,81.88,82.31,23155090.0
2013-10-25,QQQ,83.1,83.28,82.5,82.9,35832381.0
2013-10-28,QQQ,82.9,83.05,82.55,82.92,28618375.0
2013-10-29,QQQ,83.1601,83.26,82.7,83.06,36878062.0
2013-10-30,QQQ,83.36,83.485,82.58,82.98,33535470.0
2013-10-31,QQQ,82.77,83.3,82.48,82.79,31309909.0
2013-11-01,QQQ,83.04,83.169,82.4,82.81,30873163.0
2013-11-04,QQQ,83.05,83.07,82.64,82.93,16843634.0
2013-11-05,QQQ,82.59,83.22,82.37,83.02,27975601.0
2013-11-06,QQQ,83.35,83.4,82.73,83.0,25576806.0
2013-11-07,QQQ,82.99,83.13,81.37,81.44,52173216.0
2013-11-08,QQQ,81.73,82.56,81.51,82.54,31480519.0
2013-11-11,QQQ,82.39,82.64,82.14,82.41,24822945.0
2013-11-12,QQQ,82.16,82.66,82.1199,82.54,20108526.0
2013-11-13,QQQ,82.01,83.55,82.0,83.54,31345887.0
2013-11-14,QQQ,83.29,83.86,83.14,83.8,31101157.0
2013-11-15,QQQ,83.83,83.96,83.61,83.96,20515761.0
2013-11-18,QQQ,83.94,84.105,82.98,83.14,31679608.0
2013-11-19,QQQ,83.09,83.49,82.76,82.9,25545292.0
2013-11-20,QQQ,83.14,83.4301,82.455,82.7,32177418.0
2013-11-21,QQQ,83.03,83.61,82.98,83.54,28125025.0
2013-11-22,QQQ,83.69,84.02,83.62,83.99,25361273.0
2013-11-25,QQQ,84.29,84.38,83.98,84.19,21699975.0
2013-11-26,QQQ,84.22,84.84,84.025,84.63,26629288.0
2013-11-27,QQQ,84.79,85.24,84.73,85.22,21638074.0
2013-11-29,QQQ,85.54,85.84,85.4737,85.73,16708898.0
2013-12-02,QQQ,85.83,85.96,85.35,85.48,26354619.0
2013-12-03,QQQ,85.42,85.64,85.08,85.41,37154262.0
2013-12-04,QQQ,85.06,85.77,84.78,85.49,37193220.0
2013-12-05,QQQ,85.57,85.66,85.17,85.38,39829338.0
2013-12-06,QQQ,86.105,86.18,85.59,86.0,36842888.0
2013-12-09,QQQ,86.35,86.53,86.2,86.35,22599903.0
2013-12-10,QQQ,86.19,86.45,86.12,86.29,26965928.0
2013-12-11,QQQ,86.27,86.401,85.06,85.18,36830565.0
2013-12-12,QQQ,85.24,85.4201,84.9,84.96,33662597.0
2013-12-13,QQQ,85.36,85.4,84.709,84.85,34075415.0
2013-12-16,QQQ,85.27,85.81,85.21,85.32,24908324.0
2013-12-17,QQQ,85.32,85.53,84.99,85.15,24454893.0
2013-12-18,QQQ,85.22,86.22,84.05,86.14,68387235.0
2013-12-19,QQQ,85.99,86.01,85.52,85.9,46489555.0
2013-12-20,QQQ,85.75,86.68,85.73,86.5,40475437.0
2013-12-23,QQQ,87.19,87.41,86.95,87.41,28181764.0
2013-12-24,QQQ,87.43,87.51,87.27,87.45,13852475.0
2013-12-26,QQQ,87.6,87.81,87.44,87.74,15241096.0
2013-12-27,QQQ,87.83,87.9,87.412,87.52,15831962.0
2013-12-30,QQQ,87.4,87.51,87.14,87.39,18985622.0
2013-12-31,QQQ,87.54,87.96,87.52,87.96,24896065.0
2014-01-02,QQQ,87.55,87.58,87.02,87.27,29190009.0
2014-01-03,QQQ,87.27,87.35,86.62,86.64,35727317.0
2014-01-06,QQQ,86.65,86.76,86.0,86.32,32092437.0
2014-01-07,QQQ,86.7,87.25,86.56,87.12,25913225.0
2014-01-08,QQQ,87.11,87.55,86.945,87.31,27209991.0
2014-01-09,QQQ,87.62,87.64,86.72,87.02,23695690.0
2014-01-10,QQQ,87.24,87.4,86.58,87.3,38012069.0
2014-01-13,QQQ,87.18,87.48,85.675,86.01,48855231.0
2014-01-14,QQQ,86.3,87.72,86.3,87.65,37194076.0
2014-01-15,QQQ,88.0,88.54,87.94,88.37,39859705.0
2014-01-16,QQQ,88.28,88.51,88.16,88.38,34260219.0
2014-01-17,QQQ,88.12,88.3701,87.67,87.88,36908236.0
2014-01-21,QQQ,88.43,88.59,87.81,88.55,26432336.0
2014-01-22,QQQ,88.75,89.0,88.52,88.78,29425432.0
2014-01-23,QQQ,88.5,88.52,87.86,88.48,35077428.0
2014-01-24,QQQ,88.06,88.18,86.71,86.74,64334902.0
2014-01-27,QQQ,86.77,86.89,85.25,85.9,63676475.0
2014-01-28,QQQ,85.42,85.94,85.31,85.85,44439554.0
2014-01-29,QQQ,85.1,85.74,84.76,84.93,52064566.0
2014-01-30,QQQ,85.99,86.8,85.88,86.5,66863622.0
2014-01-31,QQQ,85.54,86.68,85.45,86.27,45196915.0
2014-02-03,QQQ,86.14,86.5,84.07,84.29,65617206.0
2014-02-04,QQQ,84.7,85.25,84.46,84.91,37801215.0
2014-02-05,QQQ,84.64,84.9901,83.74,84.69,41969204.0
2014-02-06,QQQ,84.94,85.88,84.92,85.77,32338053.0
2014-02-07,QQQ,86.27,87.359,86.0,87.3,38467242.0
2014-02-10,QQQ,87.23,87.84,87.21,87.8,30225157.0
2014-02-11,QQQ,87.94,88.97,87.89,88.8,38682035.0
2014-02-12,QQQ,88.97,89.1695,88.7,88.97,32533008.0
2014-02-13,QQQ,88.31,89.7,88.3,89.63,40492842.0
2014-02-14,QQQ,89.56,90.01,89.33,89.81,34086390.0
2014-02-18,QQQ,89.93,90.4172,89.74,90.25,29614391.0
2014-02-19,QQQ,90.07,90.285,89.45,89.63,41775267.0
2014-02-20,QQQ,89.7,90.22,89.31,90.05,41833212.0
2014-02-21,QQQ,90.33,90.465,89.82,89.93,31221745.0
2014-02-24,QQQ,90.1,90.82,90.04,90.41,31517522.0
2014-02-25,QQQ,90.52,90.72,90.02,90.31,27464711.0
2014-02-26,QQQ,90.57,90.84,89.87,90.23,42968334.0
2014-02-27,QQQ,89.87,90.53,89.73,90.44,28750313.0
2014-02-28,QQQ,90.41,90.96,89.54,90.34,48623159.0
2014-03-03,QQQ,89.48,89.91,88.87,89.67,38946845.0
2014-03-04,QQQ,90.63,90.98,90.56,90.81,33213909.0
2014-03-05,QQQ,90.9698,91.22,90.77,91.06,27220604.0
2014-03-06,QQQ,91.25,91.335,90.65,90.98,24086220.0
2014-03-07,QQQ,91.27,91.36,90.071,90.53,31174837.0
2014-03-10,QQQ,90.48,90.655,90.03,90.61,18138198.0
2014-03-11,QQQ,90.83,91.055,89.95,90.22,27505046.0
2014-03-12,QQQ,89.82,90.61,89.48,90.56,27997215.0
2014-03-13,QQQ,90.9,90.93,88.87,89.28,48541951.0
2014-03-14,QQQ,88.99,89.38,88.63,88.67,38738769.0
2014-03-17,QQQ,89.24,89.91,89.19,89.45,28476800.0
2014-03-18,QQQ,89.55,90.64,89.53,90.53,31250235.0
2014-03-19,QQQ,90.56,90.66,89.45,90.04,40869371.0
2014-03-20,QQQ,89.78,90.56,89.58,90.29,31634538.0
2014-03-21,QQQ,90.61,90.65,88.825,89.0,62812715.0
2014-03-24,QQQ,89.32,89.39,87.41,88.22,77735313.0
2014-03-25,QQQ,88.69,89.25,87.7701,88.51,41723335.0
2014-03-26,QQQ,88.96,89.15,87.36,87.37,40930442.0
2014-03-27,QQQ,87.27,87.64,86.4,86.879,64784488.0
2014-03-28,QQQ,87.15,88.01,86.81,87.05,39895065.0
2014-03-31,QQQ,87.73,88.26,87.62,87.67,33924297.0
2014-04-01,QQQ,88.1,89.27,87.7106,89.21,38683837.0
2014-04-02,QQQ,89.59,89.68,89.035,89.44,34631615.0
2014-04-03,QQQ,89.55,89.679,88.22,88.73,30319074.0
2014-04-04,QQQ,89.29,89.41,86.14,86.37,131213229.0
2014-04-07,QQQ,85.84,86.63,84.951,85.55,83995771.0
2014-04-08,QQQ,85.65,86.46,85.35,86.34,51495650.0
2014-04-09,QQQ,86.67,87.87,86.43,87.82,45685231.0
2014-04-10,QQQ,87.87,87.88,84.86,85.1,73659615.0
2014-04-11,QQQ,84.34,85.44,83.91,84.11,93657425.0
2014-04-14,QQQ,84.85,85.22,83.99,84.77,46500747.0
2014-04-15,QQQ,85.06,85.54,83.28,85.0501,84631517.0
2014-04-16,QQQ,85.83,86.18,85.091,86.18,46970899.0
2014-04-17,QQQ,85.89,86.63,85.63,86.2,53719454.0
2014-04-21,QQQ,86.41,86.84,86.0,86.84,25947923.0
2014-04-22,QQQ,87.1,87.745,86.9898,87.53,38593408.0
2014-04-23,QQQ,87.55,87.56,86.71,86.76,34376729.0
2014-04-24,QQQ,88.2,88.21,86.65,87.59,48926264.0
2014-04-25,QQQ,87.08,87.17,85.98,86.19,44341588.0
2014-04-28,QQQ,86.58,87.11,85.11,86.47,58623796.0
2014-04-29,QQQ,86.75,87.32,86.31,87.16,36742661.0
2014-04-30,QQQ,86.79,87.48,86.54,87.39,38689408.0
2014-05-01,QQQ,87.53,88.15,87.31,87.65,37127219.0
2014-05-02,QQQ,87.94,88.11,87.28,87.49,40074150.0
2014-05-05,QQQ,86.98,87.97,86.76,87.95,27924376.0
2014-05-06,QQQ,87.83,87.86,86.77,86.81,33698549.0
2014-05-07,QQQ,87.0,87.08,85.53,86.56,67489143.0
2014-05-08,QQQ,86.26,87.53,86.05,86.48,46556871.0
2014-05-09,QQQ,86.41,86.86,85.85,86.8,35081529.0
2014-05-12,QQQ,87.31,88.26,87.24,88.23,38951060.0
2014-05-13,QQQ,88.32,88.61,88.12,88.29,30311862.0
2014-05-14,QQQ,88.03,88.35,87.62,87.83,26483571.0
2014-05-15,QQQ,87.81,87.96,86.58,87.135,59680284.0
2014-05-16,QQQ,87.24,87.76,86.64,87.71,66807315.0
2014-05-19,QQQ,87.47,88.46,87.3,88.32,32017036.0
2014-05-20,QQQ,88.28,88.6,87.64,88.0,33715953.0
2014-05-21,QQQ,88.16,88.89,88.11,88.84,36837678.0
2014-05-22,QQQ,88.94,89.48,88.8,89.23,30617089.0
2014-05-23,QQQ,89.33,89.9,89.12,89.88,22691254.0
2014-05-27,QQQ,90.28,91.02,90.2,91.001,29725231.0
2014-05-28,QQQ,90.97,91.1,90.645,90.72,30478074.0
2014-05-29,QQQ,91.05,91.31,90.86,91.3,33036099.0
2014-05-30,QQQ,91.33,91.45,90.83,91.31,29916899.0
2014-06-02,QQQ,91.43,91.44,90.64,91.22,30415405.0
2014-06-03,QQQ,90.91,91.33,90.8,91.18,21783686.0
2014-06-04,QQQ,90.96,91.67,90.81,91.52,20128261.0
2014-06-05,QQQ,91.61,92.46,91.29,92.29,35583055.0
2014-06-06,QQQ,92.66,92.82,92.45,92.82,22680643.0
2014-06-09,QQQ,92.85,92.98,92.495,92.75,23402469.0
2014-06-10,QQQ,92.67,92.96,92.56,92.91,20635286.0
2014-06-11,QQQ,92.59,93.02,92.5,92.89,22884331.0
2014-06-12,QQQ,92.69,92.79,91.73,92.05,35275853.0
2014-06-13,QQQ,92.47,92.55,91.92,92.32,39449997.0
2014-06-16,QQQ,92.16,92.67,91.96,92.4,25218557.0
2014-06-17,QQQ,92.34,92.7,92.18,92.45,19984787.0
2014-06-18,QQQ,92.55,93.1,91.98,92.97,34514013.0
2014-06-19,QQQ,93.1,93.17,92.49,92.91,38427402.0
2014-06-20,QQQ,92.7,92.87,92.53,92.77,25897494.0
2014-06-23,QQQ,92.735,92.82,92.51,92.79,20837926.0
2014-06-24,QQQ,92.79,93.57,92.43,92.7,31945762.0
2014-06-25,QQQ,92.49,93.45,92.48,93.29,32818591.0
2014-06-26,QQQ,93.35,93.36,92.62,93.34,22572172.0
2014-06-27,QQQ,93.21,93.765,93.19,93.75,22881506.0
2014-06-30,QQQ,93.71,94.14,93.67,93.91,19764915.0
2014-07-01,QQQ,94.21,95.19,94.2,94.94,31862487.0
2014-07-02,QQQ,94.98,95.24,94.91,95.1,18784391.0
2014-07-03,QQQ,95.41,95.7,95.15,95.7,15291700.0
2014-07-07,QQQ,95.59,95.71,95.23,95.41,23266428.0
2014-07-08,QQQ,95.24,95.3,93.87,94.26,40612448.0
2014-07-09,QQQ,94.51,95.065,94.24,94.96,29928322.0
2014-07-10,QQQ,93.78,95.05,93.63,94.66,44250020.0
2014-07-11,QQQ,94.87,95.27,94.61,95.27,19570393.0
2014-07-14,QQQ,95.7,96.055,95.535,95.84,19579041.0
2014-07-15,QQQ,95.98,96.13,94.83,95.51,39480119.0
2014-07-16,QQQ,96.19,96.3,95.785,95.89,22061998.0
2014-07-17,QQQ,95.63,95.97,94.32,94.619,43111514.0
2014-07-18,QQQ,95.14,96.17,95.0,96.12,36690832.0
2014-07-21,QQQ,95.92,96.16,95.55,96.0,29754810.0
2014-07-22,QQQ,96.44,96.76,96.345,96.61,25770404.0
2014-07-23,QQQ,96.94,97.34,96.77,97.227,28947464.0
2014-07-24,QQQ,97.4,97.51,96.98,97.12,24707180.0
2014-07-25,QQQ,96.65,96.87,96.23,96.74,29903633.0
2014-07-28,QQQ,96.8,97.02,96.02,96.77,25603360.0
2014-07-29,QQQ,96.97,97.2,96.52,96.6,27022232.0
2014-07-30,QQQ,97.13,97.32,96.6,96.98,35348519.0
2014-07-31,QQQ,96.2,96.34,94.88,95.02,50047926.0
2014-08-01,QQQ,94.83,95.34,94.04,94.67,60707990.0
2014-08-04,QQQ,94.9,95.69,94.52,95.32,33230537.0
2014-08-05,QQQ,94.94,95.21,94.15,94.59,50331066.0
2014-08-06,QQQ,93.99,95.11,93.92,94.52,34431913.0
2014-08-07,QQQ,94.95,95.139,93.885,94.22,33274669.0
2014-08-08,QQQ,94.38,95.01,93.97,94.9,40238383.0
2014-08-11,QQQ,95.25,95.76,95.2,95.46,28283279.0
2014-08-12,QQQ,95.38,95.67,94.93,95.42,28158723.0
2014-08-13,QQQ,95.81,96.47,95.76,96.43,27996489.0
2014-08-14,QQQ,96.54,96.95,96.43,96.93,25006602.0
2014-08-15,QQQ,97.46,97.63,96.48,97.4,55205490.0
2014-08-18,QQQ,97.89,98.24,97.77,98.15,38938349.0
2014-08-19,QQQ,98.38,98.76,98.32,98.7,21363394.0
2014-08-20,QQQ,98.61,98.9,98.53,98.7,23435596.0
2014-08-21,QQQ,98.76,98.95,98.6,98.9,19339477.0
2014-08-22,QQQ,98.94,99.25,98.72,99.05,24699453.0
2014-08-25,QQQ,99.52,99.68,99.16,99.4,24124718.0
2014-08-26,QQQ,99.53,99.61,99.27,99.5,20100350.0
2014-08-27,QQQ,99.53,99.64,99.31,99.52,15595925.0
2014-08-28,QQQ,99.2,99.53,99.08,99.41,23563850.0
2014-08-29,QQQ,99.65,99.9141,99.2701,99.78,17912339.0
2014-09-02,QQQ,100.04,100.1,99.6601,100.07,18331922.0
2014-09-03,QQQ,100.32,100.34,99.3,99.48,25950656.0
2014-09-04,QQQ,99.73,100.22,99.14,99.39,24663511.0
2014-09-05,QQQ,99.58,99.95,99.03,99.89,30805767.0
2014-09-08,QQQ,99.89,100.33,99.62,100.08,25581202.0
2014-09-09,QQQ,100.06,100.46,99.0645,99.25,36449189.0
2014-09-10,QQQ,99.38,100.11,99.1,100.07,31080115.0
2014-09-11,QQQ,99.65,100.04,99.24,99.99,28761940.0
2014-09-12,QQQ,99.9,99.93,99.17,99.48,30445999.0
2014-09-15,QQQ,99.59,99.6,98.215,98.52,32972159.0
2014-09-16,QQQ,98.16,99.57,98.05,99.38,38166920.0
2014-09-17,QQQ,99.37,100.0,98.93,99.53,37206375.0
2014-09-18,QQQ,99.83,100.29,99.73,100.28,30196722.0
2014-09-19,QQQ,100.46,100.5646,99.58,99.98,46923054.0
2014-09-22,QQQ,99.74,99.75,98.62,99.05,48658049.0
2014-09-23,QQQ,98.67,99.22,98.58,98.78,33989583.0
2014-09-24,QQQ,98.87,99.8868,98.54,99.84,35958950.0
2014-09-25,QQQ,99.53,99.65,97.7,97.74,68642547.0
2014-09-26,QQQ,98.05,98.96,97.89,98.78,56109106.0
2014-09-29,QQQ,97.8,98.92,97.75,98.65,33342673.0
2014-09-30,QQQ,98.92,99.3,98.32,98.79,41834324.0
2014-10-01,QQQ,98.54,98.61,96.9,97.21,58164861.0
2014-10-02,QQQ,97.19,97.51,95.97,97.21,54501347.0
2014-10-03,QQQ,97.76,98.57,97.44,98.17,41627772.0
2014-10-06,QQQ,98.47,98.72,97.6587,97.96,36038687.0
2014-10-07,QQQ,97.485,97.7799,96.56,96.57,45153968.0
2014-10-08,QQQ,96.66,98.76,96.06,98.45,64931636.0
2014-10-09,QQQ,98.33,98.57,96.71,96.86,62497086.0
2014-10-10,QQQ,96.29,96.83,94.42,94.44,77579425.0
2014-10-13,QQQ,94.29,94.99,92.88,92.96,80835922.0
2014-10-14,QQQ,93.6,94.1699,92.71,92.97,71814456.0
2014-10-15,QQQ,91.55,92.76,90.24,92.37,108847755.0
2014-10-16,QQQ,90.43,92.58,90.39,91.79,93165782.0
2014-10-17,QQQ,92.99,93.89,92.46,93.0,69546720.0
2014-10-20,QQQ,92.96,94.47,92.8,94.39,41479253.0
2014-10-21,QQQ,95.54,96.87,95.32,96.87,53609758.0
2014-10-22,QQQ,97.16,97.3,96.305,96.37,39178048.0
2014-10-23,QQQ,97.32,98.36,97.17,97.82,48123778.0
2014-10-24,QQQ,97.965,98.69,97.64,98.62,43161724.0
2014-10-27,QQQ,98.4,98.87,98.02,98.69,29545673.0
2014-10-28,QQQ,99.1,100.2,98.69,100.18,34495077.0
2014-10-29,QQQ,99.84,100.12,99.1,99.81,40552803.0
2014-10-30,QQQ,99.37,100.26,99.14,100.02,35935794.0
2014-10-31,QQQ,101.67,101.75,101.07,101.4,54254141.0
2014-11-03,QQQ,101.53,101.9701,101.43,101.7,33480951.0
2014-11-04,QQQ,101.36,101.6244,100.67,101.36,22773298.0
2014-11-05,QQQ,102.01,102.03,101.015,101.37,25818604.0
2014-11-06,QQQ,101.32,101.72,100.921,101.69,24671900.0
2014-11-07,QQQ,101.87,101.91,101.07,101.6,20931734.0
2014-11-10,QQQ,101.65,102.09,101.38,101.96,20360007.0
2014-11-11,QQQ,101.98,102.28,101.7,102.28,15454012.0
2014-11-12,QQQ,101.87,102.57,101.87,102.46,22050317.0
2014-11-13,QQQ,102.65,103.28,102.42,102.9,28027776.0
2014-11-14,QQQ,102.87,103.22,102.53,103.22,19251346.0
2014-11-17,QQQ,102.98,103.21,102.42,102.91,23361634.0
2014-11-18,QQQ,103.0,103.82,102.991,103.68,26336812.0
2014-11-19,QQQ,103.57,103.57,102.73,103.21,23760243.0
2014-11-20,QQQ,102.77,103.76,102.69,103.67,22874018.0
2014-11-21,QQQ,104.59,104.69,103.54,103.87,34049128.0
2014-11-24,QQQ,104.15,104.73,104.06,104.68,17928289.0
2014-11-25,QQQ,104.84,105.15,104.57,104.84,17525991.0
2014-11-26,QQQ,104.94,105.58,104.834,105.52,18973804.0
2014-11-28,QQQ,105.795,106.245,105.73,106.01,17360420.0
2014-12-01,QQQ,105.72,105.9199,104.42,104.81,35969494.0
2014-12-02,QQQ,104.92,105.4168,104.7,105.23,26031291.0
2014-12-03,QQQ,105.39,105.565,104.7626,105.42,32974322.0
2014-12-04,QQQ,105.32,105.78,104.93,105.37,31008791.0
2014-12-05,QQQ,105.54,105.7,105.145,105.38,25622236.0
2014-12-08,QQQ,105.11,105.57,104.075,104.63,32685756.0
2014-12-09,QQQ,103.41,105.04,103.0401,104.96,46035139.0
2014-12-10,QQQ,104.77,105.03,103.12,103.31,39330116.0
2014-12-11,QQQ,103.61,105.04,103.59,103.8,47576022.0
2014-12-12,QQQ,102.81,103.99,102.66,102.67,46889391.0
2014-12-15,QQQ,103.2,103.58,101.315,101.61,52968448.0
2014-12-16,QQQ,100.97,102.47,99.96,99.98,65348626.0
2014-12-17,QQQ,100.05,102.09,99.92,101.8,79715318.0
2014-12-18,QQQ,103.26,104.26,102.98,104.25,49840942.0
2014-12-19,QQQ,103.97,104.74,103.71,104.32,51419912.0
2014-12-22,QQQ,104.15,104.61,104.0999,104.58,33869167.0
2014-12-23,QQQ,104.96,104.97,104.09,104.21,30156929.0
2014-12-24,QQQ,104.34,104.7,104.2699,104.3,14291333.0
2014-12-26,QQQ,104.6,105.26,104.57,105.04,13924332.0
2014-12-29,QQQ,104.94,105.25,104.875,105.02,17073772.0
2014-12-30,QQQ,104.72,104.96,104.175,104.32,18603989.0
2014-12-31,QQQ,104.5,104.91,103.1,103.25,24367121.0
2015-01-02,QQQ,103.76,104.2,102.44,102.94,31314599.0
2015-01-05,QQQ,102.49,102.61,101.14,101.43,36521270.0
2015-01-06,QQQ,101.58,101.75,99.62,100.07,66205451.0
2015-01-07,QQQ,100.73,101.6,100.485,101.36,37577361.0
2015-01-08,QQQ,102.22,103.5,102.111,103.3,40212640.0
2015-01-09,QQQ,103.62,103.65,102.02,102.62,41410071.0
2015-01-12,QQQ,102.82,102.93,101.285,101.55,34129751.0
2015-01-13,QQQ,102.54,103.62,100.7,101.52,56162334.0
2015-01-14,QQQ,100.5,101.4829,100.07,100.96,51354217.0
2015-01-15,QQQ,101.43,101.59,99.525,99.65,51005416.0
2015-01-16,QQQ,99.52,100.95,99.36,100.82,35362210.0
2015-01-20,QQQ,101.43,101.88,100.29,101.62,30964056.0
2015-01-21,QQQ,101.32,102.619,100.9648,102.14,40128772.0
2015-01-22,QQQ,102.54,104.14,101.64,104.03,40887168.0
2015-01-23,QQQ,104.02,104.58,103.72,104.26,34782992.0
2015-01-26,QQQ,104.14,104.33,103.61,104.14,19960870.0
2015-01-27,QQQ,102.5,102.56,101.1,101.44,45253205.0
2015-01-28,QQQ,103.07,103.18,100.9,100.92,43591675.0
2015-01-29,QQQ,100.84,102.0779,99.96,101.89,46539734.0
2015-01-30,QQQ,101.8,102.58,100.96,101.1,42927638.0
2015-02-02,QQQ,101.33,102.07,99.75,101.98,43624654.0
2015-02-03,QQQ,102.35,103.03,101.68,102.96,30750360.0
2015-02-04,QQQ,102.54,103.55,102.31,102.87,34073211.0
2015-02-05,QQQ,103.13,103.83,102.87,103.76,23605516.0
2015-02-06,QQQ,103.92,104.17,102.76,103.13,34169256.0
2015-02-09,QQQ,102.73,103.285,102.55,102.8,22604655.0
2015-02-10,QQQ,103.37,104.54,103.21,104.4,23686531.0
2015-02-11,QQQ,104.52,105.02,104.32,104.78,20303617.0
2015-02-12,QQQ,105.46,106.04,105.3,106.0,22520295.0
2015-02-13,QQQ,106.3,106.93,106.101,106.91,29030249.0
2015-02-17,QQQ,106.91,107.08,106.6432,107.01,17675344.0
2015-02-18,QQQ,106.88,107.2199,106.74,107.16,15149619.0
2015-02-19,QQQ,107.09,107.76,107.06,107.69,19828113.0
2015-02-20,QQQ,107.62,108.47,107.28,108.41,28336710.0
2015-02-23,QQQ,108.35,108.55,108.11,108.52,17867968.0
2015-02-24,QQQ,108.38,108.73,108.05,108.6,19745011.0
2015-02-25,QQQ,108.44,108.86,108.09,108.33,19472341.0
2015-02-26,QQQ,108.44,108.94,108.135,108.88,22255476.0
2015-02-27,QQQ,108.84,108.91,108.23,108.4,27757584.0
2015-03-02,QQQ,108.61,109.42,108.59,109.38,22988645.0
2015-03-03,QQQ,109.05,109.16,108.18,108.87,20788924.0
2015-03-04,QQQ,108.51,108.67,107.86,108.45,21007420.0
2015-03-05,QQQ,108.73,108.965,108.19,108.64,15381039.0
2015-03-06,QQQ,108.5,108.71,107.14,107.41,30990366.0
2015-03-09,QQQ,107.63,107.9857,107.19,107.72,26237101.0
2015-03-10,QQQ,106.95,106.98,105.72,105.72,34234496.0
2015-03-11,QQQ,105.875,106.01,105.07,105.11,25459733.0
2015-03-12,QQQ,105.03,105.92,104.96,105.8,21473171.0
2015-03-13,QQQ,105.7,106.12,104.68,105.34,42021103.0
2015-03-16,QQQ,105.73,106.74,105.62,106.7,25674085.0
2015-03-17,QQQ,106.405,107.04,106.16,106.87,19603813.0
2015-03-18,QQQ,106.58,108.41,106.03,107.92,40622188.0
2015-03-19,QQQ,108.03,108.38,107.87,108.08,31314035.0
2015-03-20,QQQ,108.72,109.07,108.51,108.53,31761404.0
2015-03-23,QQQ,108.47,108.77,108.28,108.32,17268507.0
2015-03-24,QQQ,108.31,108.81,107.91,107.93,22445280.0
2015-03-25,QQQ,108.1,108.2,105.42,105.46,41581435.0
2015-03-26,QQQ,104.59,105.7,104.24,105.1,47846276.0
2015-03-27,QQQ,105.08,105.77,104.92,105.52,33878385.0
2015-03-30,QQQ,106.16,106.82,106.16,106.73,30570196.0
2015-03-31,QQQ,106.43,106.65,105.57,105.6,30488101.0
2015-04-01,QQQ,105.6,105.62,104.37,105.05,32970452.0
2015-04-02,QQQ,105.15,105.46,104.78,105.12,19164241.0
2015-04-06,QQQ,104.5,106.27,104.34,105.98,24451142.0
2015-04-07,QQQ,105.92,106.7,105.8,105.8,19379381.0
2015-04-08,QQQ,105.84,106.79,105.83,106.64,25866907.0
2015-04-09,QQQ,106.59,107.35,106.23,107.31,23114727.0
2015-04-10,QQQ,107.27,107.76,107.03,107.75,17164343.0
2015-04-13,QQQ,107.83,108.38,107.36,107.48,17783465.0
2015-04-14,QQQ,107.37,107.68,106.56,107.17,23755747.0
2015-04-15,QQQ,107.45,108.07,107.321,107.84,21128576.0
2015-04-16,QQQ,107.55,107.88,107.4,107.69,16195279.0
2015-04-17,QQQ,106.66,106.95,105.55,106.01,46513964.0
2015-04-20,QQQ,106.54,107.79,106.5,107.6,28945909.0
2015-04-21,QQQ,108.22,108.41,107.93,108.06,22759772.0
2015-04-22,QQQ,108.34,108.83,107.64,108.65,21429190.0
2015-04-23,QQQ,108.28,109.55,108.26,109.06,29473221.0
2015-04-24,QQQ,110.21,110.69,110.03,110.54,32508127.0
2015-04-27,QQQ,110.95,111.16,110.02,110.26,31121321.0
2015-04-28,QQQ,110.34,110.55,109.11,110.04,36849221.0
2015-04-29,QQQ,109.43,110.07,108.75,109.35,34043905.0
2015-04-30,QQQ,108.73,109.17,107.06,107.63,44080546.0
2015-05-01,QQQ,108.05,109.12,108.03,109.05,32874307.0
2015-05-04,QQQ,109.4,109.91,109.17,109.23,23507259.0
2015-05-05,QQQ,108.8,109.0,107.4,107.45,47843265.0
2015-05-06,QQQ,107.64,107.95,105.995,106.71,42687150.0
2015-05-07,QQQ,106.68,107.65,106.6,107.35,29335806.0
2015-05-08,QQQ,108.46,108.92,108.3,108.69,33023337.0
2015-05-11,QQQ,108.76,108.98,108.19,108.27,19679255.0
2015-05-12,QQQ,107.63,108.33,106.8,107.78,33665017.0
2015-05-13,QQQ,108.25,108.81,107.84,108.0,20738434.0
2015-05-14,QQQ,108.88,109.67,108.48,109.58,23904233.0
2015-05-15,QQQ,109.86,110.01,109.31,109.58,23937442.0
2015-05-18,QQQ,109.4,110.28,109.32,110.06,17631135.0
2015-05-19,QQQ,110.18,110.35,109.76,109.94,14212896.0
2015-05-20,QQQ,110.02,110.67,109.425,110.01,21131892.0
2015-05-21,QQQ,109.82,110.73,109.66,110.58,16771801.0
2015-05-22,QQQ,110.45,110.87,110.38,110.47,13543774.0
2015-05-26,QQQ,110.23,110.38,108.76,109.2,25488437.0
2015-05-27,QQQ,109.53,111.08,109.29,110.96,30572695.0
2015-05-28,QQQ,110.75,111.01,110.37,110.71,17302408.0
2015-05-29,QQQ,110.64,110.79,109.79,110.05,30382987.0
2015-06-01,QQQ,110.64,110.72,109.52,110.42,24570186.0
2015-06-02,QQQ,110.01,110.61,109.47,110.07,19449634.0
2015-06-03,QQQ,110.57,110.81,110.13,110.4,20507208.0
2015-06-04,QQQ,109.78,110.48,109.21,109.56,31374588.0
2015-06-05,QQQ,109.43,109.69,108.63,109.3,22641732.0
2015-06-08,QQQ,109.25,109.33,107.97,108.19,24549204.0
2015-06-09,QQQ,107.93,108.4,107.2,108.01,27554599.0
2015-06-10,QQQ,108.38,109.81,108.26,109.49,30297862.0
2015-06-11,QQQ,109.86,110.15,109.46,109.65,17593463.0
2015-06-12,QQQ,109.07,109.3,108.6,108.75,27201768.0
2015-06-15,QQQ,107.94,108.38,107.31,108.21,31238798.0
2015-06-16,QQQ,108.1,108.9799,108.05,108.8,16456867.0
2015-06-17,QQQ,108.98,109.45,108.43,109.1,23296738.0
2015-06-18,QQQ,109.5,110.88,109.44,110.69,43032384.0
2015-06-19,QQQ,110.49,110.575,109.81,109.89,27877574.0
2015-06-22,QQQ,110.7,111.03,110.45,110.7,19120898.0
2015-06-23,QQQ,110.82,110.89,110.33,110.79,18127916.0
2015-06-24,QQQ,110.66,111.13,110.19,110.22,15815914.0
2015-06-25,QQQ,110.65,110.76,109.815,110.0,18326654.0
2015-06-26,QQQ,109.98,110.23,108.86,109.27,32311679.0
2015-06-29,QQQ,108.06,108.66,106.64,106.69,50874901.0
2015-06-30,QQQ,107.49,107.72,106.74,107.07,34809920.0
2015-07-01,QQQ,108.13,108.3464,107.42,107.92,21292958.0
2015-07-02,QQQ,108.23,108.32,107.62,107.95,20499447.0
2015-07-06,QQQ,107.27,108.32,107.04,107.7,24311020.0
2015-07-07,QQQ,107.82,108.07,105.83,107.97,44230772.0
2015-07-08,QQQ,107.2,107.33,105.8942,106.09,39691475.0
2015-07-09,QQQ,107.5,107.5955,106.02,106.03,28381041.0
2015-07-10,QQQ,107.44,108.05,107.05,107.65,26415825.0
2015-07-13,QQQ,108.58,109.63,108.57,109.54,25780733.0
2015-07-14,QQQ,109.69,110.56,109.63,110.26,21977167.0
2015-07-15,QQQ,110.47,110.81,110.07,110.38,28631537.0
2015-07-16,QQQ,111.29,111.96,111.07,111.94,29838948.0
2015-07-17,QQQ,112.84,113.59,112.65,113.59,35926804.0
2015-07-20,QQQ,113.83,114.39,113.48,113.98,26539045.0
2015-07-21,QQQ,114.02,114.2,113.58,113.91,35468865.0
2015-07-22,QQQ,112.17,113.169,112.165,112.62,35574962.0
2015-07-23,QQQ,112.73,113.1,111.91,112.2,25698255.0
2015-07-24,QQQ,112.8,113.003,110.93,111.1,30844714.0
2015-07-27,QQQ,110.47,110.946,109.94,110.18,35994837.0
2015-07-28,QQQ,110.67,111.35,109.785,111.13,33553494.0
2015-07-29,QQQ,111.37,111.79,110.94,111.55,26714068.0
2015-07-30,QQQ,111.29,112.2663,110.621,112.08,25438057.0
2015-07-31,QQQ,112.43,112.49,111.72,111.95,22081731.0
2015-08-03,QQQ,111.97,112.28,110.861,111.6,25001780.0
2015-08-04,QQQ,111.55,111.745,110.93,111.39,22132319.0
2015-08-05,QQQ,112.01,113.0,111.88,112.25,28989897.0
2015-08-06,QQQ,112.35,112.5,109.95,110.45,42125401.0
2015-08-07,QQQ,110.18,110.57,109.4,110.31,30006846.0
2015-08-10,QQQ,111.01,111.81,111.0,111.57,21500780.0
2015-08-11,QQQ,110.98,111.4101,109.53,110.14,36123270.0
2015-08-12,QQQ,109.38,110.735,108.22,110.52,41888960.0
2015-08-13,QQQ,110.63,111.16,110.1,110.34,22510520.0
2015-08-14,QQQ,110.08,110.67,109.86,110.51,17924931.0
2015-08-17,QQQ,110.24,111.46,109.96,111.43,21224913.0
2015-08-18,QQQ,111.275,111.37,110.71,110.86,13984363.0
2015-08-19,QQQ,110.52,111.105,109.49,110.13,42511384.0
2015-08-20,QQQ,109.11,109.46,107.07,107.08,57747349.0
2015-08-21,QQQ,105.57,106.47,102.4,102.4,97763445.0
2015-08-24,QQQ,94.23,102.53,84.74,98.46,150829863.0
2015-08-25,QQQ,102.07,102.74,98.01,98.09,75088278.0
2015-08-26,QQQ,100.96,103.23,98.93,103.03,104103817.0
2015-08-27,QQQ,104.52,105.71,103.2799,105.64,69377690.0
2015-08-28,QQQ,105.08,106.0,104.85,105.62,49919628.0
2015-08-31,QQQ,105.03,105.61,104.05,104.31,39549380.0
2015-09-01,QQQ,101.71,103.29,100.63,101.05,73155538.0
2015-09-02,QQQ,102.88,103.92,101.7,103.9,43963563.0
2015-09-03,QQQ,104.31,105.02,103.1,103.39,45131794.0
2015-09-04,QQQ,101.97,102.845,101.59,102.16,49379643.0
2015-09-08,QQQ,104.12,105.165,103.69,105.04,37343527.0
2015-09-09,QQQ,106.28,106.31,103.59,103.86,47146743.0
2015-09-10,QQQ,103.74,105.68,103.62,104.99,47686714.0
2015-09-11,QQQ,104.51,105.57,104.21,105.57,29106088.0
2015-09-14,QQQ,105.96,105.98,104.85,105.25,19718804.0
2015-09-15,QQQ,105.5,106.82,105.11,106.49,30020216.0
2015-09-16,QQQ,106.51,107.19,106.14,107.09,31329146.0
2015-09-17,QQQ,106.98,108.725,106.64,107.13,56139806.0
2015-09-18,QQQ,105.23,106.6,105.17,105.35,48383995.0
2015-09-21,QQQ,105.93,106.55,104.73,105.68,35772624.0
2015-09-22,QQQ,104.06,104.4225,103.13,104.1,47359654.0
2015-09-23,QQQ,104.38,104.66,103.64,104.18,21775134.0
2015-09-24,QQQ,103.17,104.19,102.27,103.8,38284331.0
2015-09-25,QQQ,104.91,105.01,102.28,102.92,44700006.0
2015-09-28,QQQ,102.48,102.55,99.69,99.99,44077490.0
2015-09-29,QQQ,100.24,101.26,98.75,99.47,49315527.0
2015-09-30,QQQ,100.89,101.87,100.5,101.76,41411432.0
2015-10-01,QQQ,101.94,102.23,100.59,102.22,39339134.0
2015-10-02,QQQ,100.8,104.01,100.48,104.01,59370859.0
2015-10-05,QQQ,104.78,105.78,104.55,105.5,32853533.0
2015-10-06,QQQ,105.25,105.6,104.18,105.0,33051534.0
2015-10-07,QQQ,105.66,105.86,104.29,105.63,37389334.0
2015-10-08,QQQ,105.23,106.23,104.21,106.05,50188873.0
2015-10-09,QQQ,106.1,106.73,105.81,106.53,23916227.0
2015-10-12,QQQ,106.73,106.9899,106.35,106.79,16161955.0
2015-10-13,QQQ,106.18,107.26,106.0,106.1,26999613.0
2015-10-14,QQQ,106.1,106.63,105.49,105.93,30902637.0
2015-10-15,QQQ,106.32,107.675,106.18,107.67,38393838.0
2015-10-16,QQQ,107.9,108.18,107.3794,108.12,27091100.0
2015-10-19,QQQ,107.98,108.81,107.74,108.74,23776270.0
2015-10-20,QQQ,108.545,108.78,107.81,108.18,23404691.0
2015-10-21,QQQ,108.73,108.84,107.48,107.52,30195241.0
2015-10-22,QQQ,108.48,109.8,108.171,109.71,42778702.0
2015-10-23,QQQ,112.66,113.24,112.07,112.78,53170910.0
2015-10-26,QQQ,112.7,113.07,112.27,112.85,25918004.0
2015-10-27,QQQ,112.55,113.24,112.52,113.08,31390511.0
2015-10-28,QQQ,113.25,114.02,112.34,114.02,42221867.0
2015-10-29,QQQ,113.5,114.03,113.38,113.84,24913340.0
2015-10-30,QQQ,113.89,114.08,113.3,113.33,27199231.0
2015-11-02,QQQ,113.63,114.745,113.39,114.61,22176916.0
2015-11-03,QQQ,114.38,115.42,114.21,115.01,20418387.0
2015-11-04,QQQ,115.39,115.47,114.54,115.02,28633048.0
2015-11-05,QQQ,115.12,115.395,114.11,114.71,25004080.0
2015-11-06,QQQ,114.49,114.92,113.76,114.79,29924901.0
2015-11-09,QQQ,114.36,114.51,112.865,113.57,33479755.0
2015-11-10,QQQ,112.97,113.39,112.63,113.28,35452127.0
2015-11-11,QQQ,113.59,114.14,112.95,113.14,22748808.0
2015-11-12,QQQ,112.65,113.23,111.96,112.04,31196876.0
2015-11-13,QQQ,111.57,111.69,109.78,109.84,52836036.0
2015-11-16,QQQ,109.74,111.44,109.48,111.42,33980633.0
2015-11-17,QQQ,111.61,112.29,111.2099,111.49,30579457.0
2015-11-18,QQQ,111.94,113.74,111.83,113.63,32966463.0
2015-11-19,QQQ,113.68,114.23,113.49,113.71,26188119.0
2015-11-20,QQQ,114.24,114.57,114.14,114.48,22727591.0
2015-11-23,QQQ,114.53,114.94,113.66,114.15,20696175.0
2015-11-24,QQQ,113.42,114.32,112.8377,114.05,26374412.0
2015-11-25,QQQ,114.19,114.36,113.91,114.15,14159935.0
2015-11-27,QQQ,114.395,114.541,113.92,114.31,8827991.0
2015-11-30,QQQ,114.6,114.65,113.65,114.02,25041649.0
2015-12-01,QQQ,114.475,115.16,114.34,115.16,28639445.0
2015-12-02,QQQ,115.23,115.75,114.28,114.45,22395483.0
2015-12-03,QQQ,114.76,114.96,111.8432,112.51,42754345.0
2015-12-04,QQQ,112.84,115.33,112.62,115.14,40037322.0
2015-12-07,QQQ,115.22,115.29,114.07,114.62,25892101.0
2015-12-08,QQQ,113.44,114.995,113.38,114.63,30792648.0
2015-12-09,QQQ,114.11,114.76,112.2,112.89,48509199.0
2015-12-10,QQQ,113.15,114.16,112.811,113.4,30154621.0
2015-12-11,QQQ,112.09,112.39,110.72,110.79,56022221.0
2015-12-14,QQQ,110.98,111.68,109.38,111.63,53098514.0
2015-12-15,QQQ,112.6,113.28,112.17,112.31,48428014.0
2015-12-16,QQQ,113.07,114.17,111.89,113.98,44944106.0
2015-12-17,QQQ,114.46,114.48,112.3,112.32,45668795.0
2015-12-18,QQQ,111.58,111.88,109.83,109.83,53746061.0
2015-12-21,QQQ,110.87,111.07,110.05,111.05,26432807.0
2015-12-22,QQQ,111.65,111.94,111.05,111.78,26540310.0
2015-12-23,QQQ,112.34,112.69,112.16,112.61,25656928.0
2015-12-24,QQQ,112.57,112.9,112.54,112.59,11480244.0
2015-12-28,QQQ,112.32,112.55,111.51,112.53,19183637.0
2015-12-29,QQQ,113.215,114.545,113.13,114.3,27725673.0
2015-12-30,QQQ,114.16,114.24,113.25,113.27,19520081.0
2015-12-31,QQQ,112.87,113.08,111.84,111.86,29886849.0
2016-01-04,QQQ,109.43,109.6,108.12,109.5,50807643.0
2016-01-05,QQQ,110.04,110.18,108.8,109.31,38795182.0
2016-01-06,QQQ,107.43,108.89,107.41,108.26,41891091.0
2016-01-07,QQQ,105.96,107.29,104.81,104.87,61386300.0
2016-01-08,QQQ,105.67,106.29,103.9,104.01,69344012.0
2016-01-11,QQQ,104.79,105.06,102.73,104.33,50024094.0
2016-01-12,QQQ,105.31,106.08,104.08,105.54,46734241.0
2016-01-13,QQQ,106.0,106.23,101.74,101.9,69870673.0
2016-01-14,QQQ,102.3,104.98,100.67,104.07,78445735.0
2016-01-15,QQQ,100.57,101.94,99.51,100.84,91443918.0
2016-01-19,QQQ,102.2,102.37,99.88,101.06,56563845.0
2016-01-20,QQQ,99.48,101.83,97.25,100.75,86674981.0
2016-01-21,QQQ,101.19,102.349,99.82,100.85,61660101.0
2016-01-22,QQQ,102.84,103.81,102.5305,103.77,42229803.0
2016-01-25,QQQ,103.46,103.99,102.14,102.23,38881485.0
2016-01-26,QQQ,102.65,103.59,101.76,103.15,36143916.0
2016-01-27,QQQ,102.55,102.99,100.15,100.58,54524736.0
2016-01-28,QQQ,102.19,102.29,100.26,102.0,47641532.0
2016-01-29,QQQ,102.0,104.17,101.94,104.13,54245067.0
2016-02-01,QQQ,103.62,104.8,103.23,104.41,32750348.0
2016-02-02,QQQ,103.97,103.97,101.84,102.15,44928088.0
2016-02-03,QQQ,102.8,102.83,99.88,101.66,61572882.0
2016-02-04,QQQ,101.35,102.455,100.44,101.65,49321638.0
2016-02-05,QQQ,101.29,101.33,97.72,98.12,70749932.0
2016-02-08,QQQ,96.33,97.05,94.84,96.62,91673063.0
2016-02-09,QQQ,95.36,97.78,95.18,96.32,73778426.0
2016-02-10,QQQ,97.5,98.69,96.62,96.69,59421699.0
2016-02-11,QQQ,95.45,97.32,95.19,96.55,76839183.0
2016-02-12,QQQ,97.68,98.12,96.73,98.02,49186494.0
2016-02-16,QQQ,99.44,100.23,98.85,100.23,40565911.0
2016-02-17,QQQ,101.01,102.64,100.7,102.5,41766451.0
2016-02-18,QQQ,102.81,102.84,101.2,101.33,38991469.0
2016-02-19,QQQ,100.91,101.94,100.615,101.63,28257915.0
2016-02-22,QQQ,102.54,103.38,102.48,103.28,23979113.0
2016-02-23,QQQ,102.67,102.96,101.51,101.58,29869660.0
2016-02-24,QQQ,100.44,102.68,99.77,102.55,40739103.0
2016-02-25,QQQ,102.76,103.56,101.84,103.56,29389315.0
2016-02-26,QQQ,104.28,104.3659,103.1835,103.43,30925045.0
2016-02-29,QQQ,103.31,104.1,102.5,102.5,27553937.0
2016-03-01,QQQ,103.45,105.79,103.16,105.79,37699779.0
2016-03-02,QQQ,105.63,105.85,105.01,105.83,29209756.0
2016-03-03,QQQ,105.71,105.75,104.87,105.63,25474625.0
2016-03-04,QQQ,105.76,106.35,104.97,105.67,31655424.0
2016-03-07,QQQ,105.12,105.74,104.27,105.02,25861160.0
2016-03-08,QQQ,104.3,105.2138,103.97,104.15,28898525.0
2016-03-09,QQQ,104.57,104.84,103.96,104.82,31047351.0
2016-03-10,QQQ,105.31,105.86,103.31,104.66,44997649.0
2016-03-11,QQQ,105.8,106.49,105.46,106.49,31453958.0
2016-03-14,QQQ,106.08,106.92,106.06,106.67,25374912.0
2016-03-15,QQQ,106.27,106.75,105.95,106.63,26524632.0
2016-03-16,QQQ,106.37,107.86,106.34,107.58,31693050.0
2016-03-17,QQQ,107.26,107.77,106.87,107.52,29623740.0
2016-03-18,QQQ,107.46,107.635,106.8,107.37,37682293.0
2016-03-21,QQQ,107.16,107.89,107.12,107.79,17288559.0
2016-03-22,QQQ,107.18,108.37,107.16,108.12,18840278.0
2016-03-23,QQQ,107.91,107.99,106.99,107.23,20912873.0
2016-03-24,QQQ,106.67,107.29,106.53,107.26,19017258.0
2016-03-28,QQQ,107.56,107.58,106.92,107.11,13892303.0
2016-03-29,QQQ,106.93,108.9,106.73,108.83,29963923.0
2016-03-30,QQQ,109.48,110.04,109.13,109.36,23807235.0
2016-03-31,QQQ,109.3,109.69,109.03,109.2,21447236.0
2016-04-01,QQQ,108.58,110.4,108.39,110.36,26389045.0
2016-04-04,QQQ,110.31,110.435,109.68,109.94,17162988.0
2016-04-05,QQQ,109.08,109.5,108.74,108.88,20107915.0
2016-04-06,QQQ,109.0,110.71,108.99,110.67,25056031.0
2016-04-07,QQQ,110.04,110.225,108.61,109.08,28567202.0
2016-04-08,QQQ,109.77,110.02,108.615,109.0,22897951.0
2016-04-11,QQQ,109.48,110.02,108.585,108.6,25772058.0
2016-04-12,QQQ,108.66,109.72,108.015,109.51,28564087.0
2016-04-13,QQQ,110.32,111.08,110.21,110.91,25356728.0
2016-04-14,QQQ,110.0,111.33,110.0,110.92,17199671.0
2016-04-15,QQQ,110.83,111.055,110.36,110.64,21353343.0
2016-04-18,QQQ,110.33,111.265,110.25,111.23,17126086.0
2016-04-19,QQQ,111.44,111.44,109.88,110.55,42481435.0
2016-04-20,QQQ,110.54,111.15,110.17,110.64,18078307.0
2016-04-21,QQQ,110.58,111.05,110.15,110.65,20215983.0
2016-04-22,QQQ,109.21,109.72,108.12,108.98,39073996.0
2016-04-25,QQQ,108.62,108.99,108.45,108.98,14351890.0
2016-04-26,QQQ,109.2,109.39,108.12,108.45,19118334.0
2016-04-27,QQQ,107.34,107.83,106.69,107.58,33059790.0
2016-04-28,QQQ,107.69,108.3335,106.0705,106.28,29818155.0
2016-04-29,QQQ,106.22,106.495,104.88,105.72,67502786.0
2016-05-02,QQQ,105.97,106.87,105.5525,106.72,24813813.0
2016-05-03,QQQ,105.96,106.4399,105.45,105.73,38569433.0
2016-05-04,QQQ,105.12,105.4811,104.7902,105.05,27474504.0
2016-05-05,QQQ,105.43,105.66,104.81,105.02,20788119.0
2016-05-06,QQQ,104.51,105.6,104.4,105.58,30758516.0
2016-05-09,QQQ,105.61,106.37,105.54,105.88,19289615.0
2016-05-10,QQQ,106.26,107.38,106.07,107.33,21178851.0
2016-05-11,QQQ,107.16,107.49,106.33,106.36,20966257.0
2016-05-12,QQQ,106.68,106.735,105.14,105.89,29196323.0
2016-05-13,QQQ,105.85,106.449,105.29,105.5,21059255.0
2016-05-16,QQQ,105.67,107.21,105.56,106.82,18311860.0
2016-05-17,QQQ,106.74,107.04,105.2,105.48,29932711.0
2016-05-18,QQQ,105.29,106.43,105.04,105.86,28177911.0
2016-05-19,QQQ,105.45,105.705,104.54,105.31,27334610.0
2016-05-20,QQQ,105.74,106.9,105.67,106.47,29549578.0
2016-05-23,QQQ,106.55,106.97,106.23,106.33,15729764.0
2016-05-24,QQQ,106.92,108.59,106.885,108.46,29931309.0
2016-05-25,QQQ,108.86,109.57,108.684,109.24,38464750.0
2016-05-26,QQQ,109.35,109.7,109.09,109.56,21885871.0
2016-05-27,QQQ,109.65,110.14,109.61,110.13,19870010.0
2016-05-31,QQQ,110.28,110.51,109.7837,110.34,24366106.0
2016-06-01,QQQ,110.0,110.6,109.91,110.35,19571528.0
2016-06-02,QQQ,110.13,110.59,109.53,110.58,15696618.0
2016-06-03,QQQ,110.37,110.42,109.34,110.06,20269923.0
2016-06-06,QQQ,110.25,110.75,110.07,110.46,12502365.0
2016-06-07,QQQ,110.53,110.63,110.13,110.18,12184296.0
2016-06-08,QQQ,110.37,110.6,109.96,110.37,14568699.0
2016-06-09,QQQ,109.93,110.31,109.71,110.19,17571631.0
2016-06-10,QQQ,109.2,109.4,108.56,108.94,32965003.0
2016-06-13,QQQ,108.34,108.93,107.89,108.03,25412177.0
2016-06-14,QQQ,107.78,108.415,107.24,108.03,24588506.0
2016-06-15,QQQ,108.32,108.44,107.54,107.72,24605701.0
2016-06-16,QQQ,107.17,108.14,106.5,108.04,32079929.0
2016-06-17,QQQ,107.53,107.6819,106.24,106.49,29208832.0
2016-06-20,QQQ,107.73,108.24,107.08,107.16,20562769.0
2016-06-21,QQQ,107.33,107.715,107.1,107.5,22804112.0
2016-06-22,QQQ,107.58,108.19,107.15,107.24,22724174.0
2016-06-23,QQQ,108.09,108.79,107.62,108.77,18714227.0
2016-06-24,QQQ,104.81,106.5,104.06,104.29,68012733.0
2016-06-27,QQQ,103.6,103.6,101.75,102.22,50044303.0
2016-06-28,QQQ,103.33,104.51,103.3,104.46,28260604.0
2016-06-29,QQQ,105.26,106.53,105.231,106.31,31356723.0
2016-06-30,QQQ,106.52,107.61,106.13,107.54,36300819.0
2016-07-01,QQQ,107.49,108.48,107.45,108.08,19902803.0
2016-07-05,QQQ,107.58,107.66,106.84,107.42,21167903.0
2016-07-06,QQQ,106.92,108.35,106.57,108.3,24579270.0
2016-07-07,QQQ,108.39,108.86,108.11,108.62,19161748.0
2016-07-08,QQQ,109.17,110.36,109.02,110.3,29457871.0
2016-07-11,QQQ,110.68,111.335,110.66,110.93,20218504.0
2016-07-12,QQQ,111.59,111.79,111.34,111.49,21906145.0
2016-07-13,QQQ,111.79,111.82,111.21,111.22,21107762.0
2016-07-14,QQQ,111.96,112.19,111.7,111.98,20870986.0
2016-07-15,QQQ,112.22,112.3,111.55,111.8,17999312.0
2016-07-18,QQQ,111.86,112.74,111.85,112.54,20713924.0
2016-07-19,QQQ,112.17,112.48,111.93,112.13,18936702.0
2016-07-20,QQQ,112.75,113.65,112.6,113.44,24997929.0
2016-07-21,QQQ,113.52,113.74,112.87,113.18,18885367.0
2016-07-22,QQQ,113.28,113.78,112.911,113.65,20003363.0
2016-07-25,QQQ,113.56,113.69,113.28,113.66,12968085.0
2016-07-26,QQQ,113.63,114.2,113.22,113.79,21223845.0
2016-07-27,QQQ,114.76,114.88,114.1,114.58,27646113.0
2016-07-28,QQQ,114.76,115.11,114.4,114.98,16939662.0
2016-07-29,QQQ,115.24,115.54,114.87,115.23,22385320.0
2016-08-01,QQQ,115.31,118.7799,115.17,115.84,13990077.0
2016-08-02,QQQ,115.68,115.77,114.22,114.96,21278383.0
2016-08-03,QQQ,114.88,115.35,114.8005,115.34,15011273.0
2016-08-04,QQQ,115.32,115.78,115.03,115.67,12835296.0
2016-08-05,QQQ,116.28,117.04,116.13,116.78,23196570.0
2016-08-08,QQQ,116.82,116.87,116.28,116.65,12358181.0
2016-08-09,QQQ,116.73,117.29,116.67,116.92,13276458.0
2016-08-10,QQQ,116.96,117.02,116.31,116.62,14688405.0
2016-08-11,QQQ,117.01,117.37,116.78,117.12,12969799.0
2016-08-12,QQQ,116.91,117.21,116.79,117.2,19379036.0
2016-08-15,QQQ,117.33,117.97,117.31,117.7,11777762.0
2016-08-16,QQQ,117.47,117.49,117.03,117.05,14161446.0
2016-08-17,QQQ,117.08,117.3,116.43,117.26,15980334.0
2016-08-18,QQQ,117.15,117.46,116.945,117.29,10036285.0
2016-08-19,QQQ,117.1,117.52,116.76,117.26,18742961.0
2016-08-22,QQQ,117.09,117.55,116.87,117.35,14500622.0
2016-08-23,QQQ,117.79,118.0095,117.51,117.56,11997927.0
2016-08-24,QQQ,117.49,117.64,116.41,116.8,17728656.0
2016-08-25,QQQ,116.48,116.97,116.36,116.61,24266264.0
2016-08-26,QQQ,116.66,117.54,116.08,116.78,23895963.0
2016-08-29,QQQ,116.81,117.251,116.79,116.94,11184872.0
2016-08-30,QQQ,116.73,117.09,116.16,116.56,19843301.0
2016-08-31,QQQ,116.38,116.56,115.95,116.44,16169794.0
2016-09-01,QQQ,116.48,116.88,115.91,116.74,20944727.0
2016-09-02,QQQ,117.32,117.56,116.68,117.12,18088215.0
2016-09-06,QQQ,117.29,117.85,117.06,117.85,18525231.0
2016-09-07,QQQ,117.95,118.12,117.47,117.92,17546872.0
2016-09-08,QQQ,117.57,117.6,116.92,117.23,20125319.0
2016-09-09,QQQ,116.23,116.51,114.26,114.28,50813287.0
2016-09-12,QQQ,113.64,116.49,113.63,116.33,39645960.0
2016-09-13,QQQ,115.73,116.09,114.73,115.29,45863935.0
2016-09-14,QQQ,115.43,116.47,115.38,115.84,28221762.0
2016-09-15,QQQ,115.89,117.815,115.86,117.64,39466531.0
2016-09-16,QQQ,117.22,117.412,116.71,117.29,27596527.0
2016-09-19,QQQ,117.57,117.95,116.55,116.78,16222870.0
2016-09-20,QQQ,117.19,117.48,116.8,117.0,18078584.0
2016-09-21,QQQ,117.48,118.32,116.81,118.15,31546776.0
2016-09-22,QQQ,118.85,119.22,118.7177,119.09,22614422.0
2016-09-23,QQQ,118.92,119.0,118.16,118.33,22213394.0
2016-09-26,QQQ,117.66,117.8,117.17,117.34,16403881.0
2016-09-27,QQQ,117.31,118.5552,117.15,118.5,20238432.0
2016-09-28,QQQ,118.62,118.77,118.09,118.7,14794330.0
2016-09-29,QQQ,118.51,118.72,117.3338,117.84,27207499.0
2016-09-30,QQQ,118.145,119.07,118.03,118.72,25543200.0
2016-10-03,QQQ,118.53,118.7,118.09,118.55,19216438.0
2016-10-04,QQQ,118.86,119.16,117.92,118.37,21239742.0
2016-10-05,QQQ,118.7,119.17,118.67,118.79,14481285.0
2016-10-06,QQQ,118.63,118.981,118.15,118.73,11987056.0
2016-10-07,QQQ,118.86,119.01,117.89,118.47,19984158.0
2016-10-10,QQQ,119.06,119.48,119.03,119.22,19687341.0
2016-10-11,QQQ,119.1,119.14,117.0,117.52,27774426.0
2016-10-12,QQQ,117.575,117.82,117.06,117.42,14267824.0
2016-10-13,QQQ,116.635,117.32,115.94,117.0,22821011.0
2016-10-14,QQQ,117.58,118.05,117.07,117.14,21313321.0
2016-10-17,QQQ,117.1,117.3,116.672,116.82,14182694.0
2016-10-18,QQQ,118.18,118.41,117.8,117.86,19276656.0
2016-10-19,QQQ,117.77,118.02,117.64,117.85,13702918.0
2016-10-20,QQQ,117.68,117.97,117.03,117.71,18132245.0
2016-10-21,QQQ,117.8,118.22,117.41,118.15,15707804.0
2016-10-24,QQQ,118.93,119.65,118.8918,119.57,19142985.0
2016-10-25,QQQ,119.62,119.66,119.01,119.19,20341835.0
2016-10-26,QQQ,118.41,119.03,118.03,118.38,20463696.0
2016-10-27,QQQ,118.9,118.99,117.67,117.84,19099790.0
2016-10-28,QQQ,117.47,118.11,116.74,117.1,35369254.0
2016-10-31,QQQ,117.53,117.53,116.93,116.99,18749357.0
2016-11-01,QQQ,117.19,117.21,115.1047,116.11,23498712.0
2016-11-02,QQQ,116.05,116.3,114.89,115.18,26960093.0
2016-11-03,QQQ,115.02,115.37,113.92,114.05,36205193.0
2016-11-04,QQQ,113.72,114.54,113.45,113.65,26997454.0
2016-11-07,QQQ,115.45,116.47,115.3,116.35,26591245.0
2016-11-08,QQQ,116.21,117.64,115.96,117.11,20777919.0
2016-11-09,QQQ,115.71,117.84,115.6,117.65,70234393.0
2016-11-10,QQQ,118.14,118.38,114.195,115.75,72825446.0
2016-11-11,QQQ,115.21,116.05,114.84,115.8,41115166.0
2016-11-14,QQQ,115.84,115.94,114.03,114.63,35905979.0
2016-11-15,QQQ,115.47,116.62,115.33,116.22,31796602.0
2016-11-16,QQQ,115.7,116.9932,115.67,116.91,16538132.0
2016-11-17,QQQ,116.86,117.78,116.61,117.76,20598553.0
2016-11-18,QQQ,117.83,118.1,117.21,117.32,16428659.0
2016-11-21,QQQ,117.6,118.65,117.57,118.54,20268547.0
2016-11-22,QQQ,118.97,119.19,118.61,118.9,18850641.0
2016-11-23,QQQ,118.51,118.64,117.9,118.42,22925954.0
2016-11-25,QQQ,118.56,118.85,118.42,118.8,7162785.0
2016-11-28,QQQ,118.64,119.08,118.4101,118.53,13479045.0
2016-11-29,QQQ,118.63,119.51,118.3,118.94,18552957.0
2016-11-30,QQQ,119.06,119.1335,117.46,117.5,30405342.0
2016-12-01,QQQ,117.46,117.47,115.29,115.47,39796590.0
2016-12-02,QQQ,115.57,116.16,115.22,115.7,32876845.0
2016-12-05,QQQ,116.32,117.06,115.77,116.6,21419667.0
2016-12-06,QQQ,116.88,117.08,116.39,116.88,27293348.0
2016-12-07,QQQ,116.64,118.51,116.2919,118.36,26622442.0
2016-12-08,QQQ,118.4,118.87,118.18,118.57,18578433.0
2016-12-09,QQQ,119.03,119.5402,119.0,119.5,21863133.0
2016-12-12,QQQ,118.95,119.21,118.47,118.96,23259310.0
2016-12-13,QQQ,119.35,121.11,119.32,120.46,54477889.0
2016-12-14,QQQ,120.56,121.0,119.86,120.21,28745991.0
2016-12-15,QQQ,120.37,121.11,120.08,120.4,22762305.0
2016-12-16,QQQ,120.28,120.5817,119.36,119.6,26283907.0
2016-12-19,QQQ,119.74,120.83,119.55,120.09,21138658.0
2016-12-20,QQQ,120.43,120.77,120.33,120.55,11461799.0
2016-12-21,QQQ,120.57,120.68,120.19,120.46,7079300.0
2016-12-22,QQQ,120.46,120.5,119.65,120.12,16644996.0
2016-12-23,QQQ,119.96,120.25,119.81,120.2,9007470.0
2016-12-27,QQQ,120.44,121.52,120.41,120.82,16110554.0
2016-12-28,QQQ,121.06,121.19,119.795,119.88,17975235.0
2016-12-29,QQQ,119.86,120.13,119.33,119.71,13267519.0
2016-12-30,QQQ,119.93,119.95,118.14,118.48,41749028.0
2017-01-03,QQQ,119.31,119.99,118.89,119.54,22307608.0
2017-01-04,QQQ,119.67,120.41,119.6561,120.19,19749074.0
2017-01-05,QQQ,120.16,120.95,120.1,120.87,20644254.0
2017-01-06,QQQ,120.99,122.25,120.685,121.93,24074305.0
2017-01-09,QQQ,122.03,122.55,121.95,122.33,18909234.0
2017-01-10,QQQ,122.37,122.97,122.1,122.6,16176631.0
2017-01-11,QQQ,122.63,122.93,122.02,122.93,20685983.0
2017-01-12,QQQ,122.49,122.819,121.6,122.74,19622511.0
2017-01-13,QQQ,122.81,123.37,122.8,123.16,16930803.0
2017-01-17,QQQ,122.79,123.03,122.4342,122.79,14538484.0
2017-01-18,QQQ,122.96,123.16,122.66,123.04,12499663.0
2017-01-19,QQQ,123.19,123.65,122.72,122.98,12710659.0
2017-01-20,QQQ,123.51,123.83,122.92,123.25,22091039.0
2017-01-23,QQQ,123.16,123.53,122.57,123.35,17434167.0
2017-01-24,QQQ,123.59,124.37,123.3847,124.18,17640869.0
2017-01-25,QQQ,124.94,125.46,124.85,125.43,15036221.0
2017-01-26,QQQ,125.59,125.82,125.3438,125.56,16052150.0
2017-01-27,QQQ,125.8,125.9211,125.39,125.8,15052983.0
2017-01-30,QQQ,125.37,125.38,124.13,124.82,25006715.0
2017-01-31,QQQ,124.4,124.6,123.85,124.57,19091133.0
2017-02-01,QQQ,125.42,125.68,124.86,125.43,22861876.0
2017-02-02,QQQ,125.21,125.7,124.86,125.32,15101363.0
2017-02-03,QQQ,125.49,125.81,125.33,125.68,16957154.0
2017-02-06,QQQ,125.42,125.85,125.35,125.83,11630139.0
2017-02-07,QQQ,126.06,126.55,125.97,126.29,17541101.0
2017-02-08,QQQ,126.12,126.68,125.88,126.5,12569147.0
2017-02-09,QQQ,126.63,127.24,126.56,126.96,17542726.0
2017-02-10,QQQ,127.2,127.56,127.02,127.38,13915697.0
2017-02-13,QQQ,127.76,128.26,127.7199,128.1,19120150.0
2017-02-14,QQQ,128.15,128.535,127.74,128.53,16333480.0
2017-02-15,QQQ,128.44,129.35,128.37,129.29,17891355.0
2017-02-16,QQQ,129.36,129.63,128.92,129.25,15098286.0
2017-02-17,QQQ,129.09,129.82,129.04,129.81,15563730.0
2017-02-21,QQQ,130.03,130.53,129.99,130.45,18479628.0
2017-02-22,QQQ,130.32,130.59,130.111,130.5,12110876.0
2017-02-23,QQQ,130.7,130.7,129.49,130.01,17489023.0
2017-02-24,QQQ,129.47,130.26,129.38,130.26,18624489.0
2017-02-27,QQQ,130.02,130.43,129.8,130.42,12008672.0
2017-02-28,QQQ,130.39,130.45,129.66,130.02,16598581.0
2017-03-01,QQQ,130.81,131.68,130.6,131.44,25813827.0
2017-03-02,QQQ,131.43,131.43,130.62,130.78,19951386.0
2017-03-03,QQQ,130.65,131.06,130.341,131.02,13722749.0
2017-03-06,QQQ,130.56,130.95,130.21,130.73,12026151.0
2017-03-07,QQQ,130.45,131.08,130.28,130.51,15500945.0
2017-03-08,QQQ,130.57,131.15,130.46,130.74,15776027.0
2017-03-09,QQQ,130.71,131.02,130.14,130.84,20855253.0
2017-03-10,QQQ,131.42,131.6,130.82,131.39,21922601.0
2017-03-13,QQQ,131.34,131.64,131.27,131.61,10731575.0
2017-03-14,QQQ,131.31,131.36,130.76,131.29,14019689.0
2017-03-15,QQQ,131.58,132.405,131.14,132.1,22709139.0
2017-03-16,QQQ,132.33,132.35,131.71,132.01,18457291.0
2017-03-17,QQQ,131.86,132.04,131.62,131.69,21234529.0
2017-03-20,QQQ,131.65,132.11,131.4601,131.81,10105210.0
2017-03-21,QQQ,132.31,132.43,129.73,129.81,35841897.0
2017-03-22,QQQ,129.89,130.82,129.68,130.69,29177883.0
2017-03-23,QQQ,130.52,130.88,130.14,130.36,20311655.0
2017-03-24,QQQ,130.78,131.29,130.13,130.63,22967566.0
2017-03-27,QQQ,129.73,131.07,129.4,130.84,18472445.0
2017-03-28,QQQ,130.81,132.03,130.55,131.64,23721947.0
2017-03-29,QQQ,131.73,132.3,131.59,132.25,13709968.0
2017-03-30,QQQ,132.22,132.61,132.08,132.47,16092374.0
2017-03-31,QQQ,132.27,132.74,132.125,132.38,19841411.0
2017-04-03,QQQ,132.48,132.81,131.56,132.3,23700310.0
2017-04-04,QQQ,131.9,132.53,131.87,132.51,13400022.0
2017-04-05,QQQ,132.68,133.48,131.72,131.97,32011155.0
2017-04-06,QQQ,132.12,132.39,131.7,132.04,18832193.0
2017-04-07,QQQ,131.99,132.37,131.5,131.97,16743064.0
2017-04-10,QQQ,132.11,132.565,131.6564,132.02,15619276.0
2017-04-11,QQQ,131.86,132.095,130.5,131.45,33778359.0
2017-04-12,QQQ,131.45,131.54,130.78,130.92,15955195.0
2017-04-13,QQQ,130.75,131.51,130.38,130.4,23683020.0
2017-04-17,QQQ,130.8,131.5,130.72,131.48,13325508.0
2017-04-18,QQQ,131.01,131.66,130.95,131.28,12841087.0
2017-04-19,QQQ,131.85,132.29,131.31,131.49,17764817.0
2017-04-20,QQQ,132.04,132.88,131.82,132.59,21977910.0
2017-04-21,QQQ,132.7,132.76,132.22,132.56,22454948.0
2017-04-24,QQQ,134.02,134.285,133.8042,134.16,22469948.0
2017-04-25,QQQ,134.58,135.3664,134.48,135.13,19384398.0
2017-04-26,QQQ,135.17,135.51,134.86,134.94,25398542.0
2017-04-27,QQQ,135.28,135.75,135.19,135.75,16136538.0
2017-04-28,QQQ,136.28,136.34,135.77,135.99,22771946.0
2017-05-01,QQQ,136.46,137.38,136.38,137.2,24815525.0
2017-05-02,QQQ,137.38,137.49,137.02,137.43,18345071.0
2017-05-03,QQQ,137.14,137.17,136.615,136.99,23827550.0
2017-05-04,QQQ,137.01,137.43,136.56,137.04,14630063.0
2017-05-05,QQQ,137.39,137.54,136.88,137.54,19330652.0
2017-05-08,QQQ,137.61,137.84,137.33,137.84,13279931.0
2017-05-09,QQQ,138.05,138.628,137.93,138.32,28426109.0
2017-05-10,QQQ,138.4,138.45,137.91,138.4,20499363.0
2017-05-11,QQQ,138.03,138.33,137.38,138.29,27232074.0
2017-05-12,QQQ,138.37,138.63,138.23,138.6,19738629.0
2017-05-15,QQQ,138.63,139.12,138.53,139.04,20481327.0
2017-05-16,QQQ,139.36,139.64,138.99,139.62,21785994.0
2017-05-17,QQQ,138.55,138.77,136.05,136.07,55642178.0
2017-05-18,QQQ,136.06,137.72,135.87,137.26,41319882.0
2017-05-19,QQQ,137.71,138.42,137.66,137.84,36730112.0
2017-05-22,QQQ,138.14,139.075,138.0967,139.0,19509659.0
2017-05-23,QQQ,139.42,139.42,138.7801,139.14,19687534.0
2017-05-24,QQQ,139.56,139.85,139.17,139.78,18323864.0
2017-05-25,QQQ,140.315,141.33,140.01,140.97,23928591.0
2017-05-26,QQQ,141.0,141.28,140.81,141.22,13851582.0
2017-05-30,QQQ,141.13,141.505,141.06,141.34,20306409.0
2017-05-31,QQQ,141.8,141.84,140.57,141.29,33229404.0
2017-06-01,QQQ,141.57,141.9,140.98,141.84,20120741.0
2017-06-02,QQQ,142.34,143.49,142.11,143.46,37222881.0
2017-06-05,QQQ,143.44,143.68,143.23,143.43,15727526.0
2017-06-06,QQQ,143.28,143.73,142.65,142.86,22393024.0
2017-06-07,QQQ,143.23,143.54,142.6,143.42,18842408.0
2017-06-08,QQQ,143.74,143.8,142.79,143.57,25417408.0
2017-06-09,QQQ,143.73,143.9,138.11,139.98,109783737.0
2017-06-12,QQQ,138.84,139.48,137.47,139.23,104453977.0
2017-06-13,QQQ,140.01,140.56,139.28,140.36,51193010.0
2017-06-14,QQQ,140.92,140.93,138.62,139.75,60093764.0
2017-06-15,QQQ,138.35,139.28,137.49,139.13,55145160.0
2017-06-16,QQQ,138.72,138.777,137.638,138.15,48087413.0
2017-06-19,QQQ,139.45,140.59,139.28,140.46,39626533.0
2017-06-20,QQQ,140.31,140.5,139.31,139.36,40935078.0
2017-06-21,QQQ,139.66,140.81,139.59,140.74,35743366.0
2017-06-22,QQQ,140.94,141.22,140.34,140.7,24099115.0
2017-06-23,QQQ,140.53,141.42,140.15,141.24,21654314.0
2017-06-26,QQQ,142.0,142.29,140.27,140.58,34411094.0
2017-06-27,QQQ,140.07,140.22,138.02,138.03,65957819.0
2017-06-28,QQQ,138.54,140.14,137.74,140.02,57427180.0
2017-06-29,QQQ,139.4,139.44,136.25,137.59,88769351.0
2017-06-30,QQQ,138.0,138.6687,137.19,137.64,68898255.0
2017-07-03,QQQ,138.25,138.43,136.1,136.19,32797005.0
2017-07-05,QQQ,136.57,137.9,136.16,137.53,42116584.0
2017-07-06,QQQ,136.47,137.06,135.8,136.29,48430476.0
2017-07-07,QQQ,136.74,138.13,136.74,137.76,36970402.0
2017-07-10,QQQ,137.84,138.985,137.5,138.66,24853545.0
2017-07-11,QQQ,138.44,139.22,137.94,139.05,31517660.0
2017-07-12,QQQ,140.21,140.86,139.955,140.7,36045799.0
2017-07-13,QQQ,140.85,141.35,140.6,141.01,31073595.0
2017-07-14,QQQ,141.57,142.3,141.19,142.12,34544847.0
2017-07-17,QQQ,142.25,142.69,141.92,142.19,25343155.0
2017-07-18,QQQ,142.06,143.17,141.64,143.14,25748527.0
2017-07-19,QQQ,143.53,144.19,143.5,143.98,33752309.0
2017-07-20,QQQ,144.31,144.44,143.52,144.17,36139449.0
2017-07-21,QQQ,143.62,144.11,143.35,144.11,39697094.0
2017-07-24,QQQ,144.07,144.87,143.92,144.77,26712732.0
2017-07-25,QQQ,144.29,144.74,144.01,144.4,28120884.0
2017-07-26,QQQ,144.74,144.95,144.53,144.87,18610634.0
2017-07-27,QQQ,145.86,145.96,142.3,143.96,80665866.0
2017-07-28,QQQ,143.14,144.0752,142.87,143.84,38013176.0
2017-07-31,QQQ,144.22,144.43,142.92,143.23,33848645.0
2017-08-01,QQQ,143.7,143.76,143.12,143.56,20149421.0
2017-08-02,QQQ,144.45,144.52,142.61,143.95,41769667.0
2017-08-03,QQQ,144.17,144.17,143.13,143.39,27112799.0
2017-08-04,QQQ,143.65,143.97,143.06,143.65,29472909.0
2017-08-07,QQQ,143.89,144.56,143.71,144.56,17933942.0
2017-08-08,QQQ,144.27,145.47,143.9,144.31,30810364.0
2017-08-09,QQQ,143.14,144.19,142.795,144.12,36169473.0
2017-08-10,QQQ,143.33,143.4,140.89,141.03,63331663.0
2017-08-11,QQQ,141.24,142.41,140.9,142.1,45862488.0
2017-08-14,QQQ,143.23,144.15,143.19,143.93,34161024.0
2017-08-15,QQQ,144.22,144.302,143.64,144.03,25509181.0
2017-08-16,QQQ,144.37,144.96,143.8007,144.28,31913002.0
2017-08-17,QQQ,143.73,143.94,141.33,141.33,70190975.0
2017-08-18,QQQ,141.43,142.2,140.65,141.23,60751940.0
2017-08-21,QQQ,141.23,141.53,140.18,141.05,37111487.0
2017-08-22,QQQ,141.8,143.35,141.76,143.2,36294232.0
2017-08-23,QQQ,142.5,143.01,142.38,142.69,25702324.0
2017-08-24,QQQ,143.03,143.17,141.47,142.27,38160803.0
2017-08-25,QQQ,142.8,143.18,141.78,141.97,26380436.0
2017-08-28,QQQ,142.41,142.74,141.9501,142.41,15362141.0
2017-08-29,QQQ,141.18,143.21,141.06,142.97,24498333.0
2017-08-30,QQQ,143.11,144.89,143.0,144.65,33642716.0
2017-08-31,QQQ,145.03,146.21,144.98,146.2,38480747.0
2017-09-01,QQQ,146.36,146.585,145.61,146.0,22293553.0
2017-09-05,QQQ,145.55,145.88,143.6,144.69,45480562.0
2017-09-06,QQQ,145.06,145.46,144.08,145.13,30722723.0
2017-09-07,QQQ,145.4,145.84,144.94,145.47,22721131.0
2017-09-08,QQQ,145.28,145.35,144.06,144.21,27890115.0
2017-09-11,QQQ,145.3,146.12,145.3,145.87,27126332.0
2017-09-12,QQQ,146.25,146.41,145.53,146.22,30256661.0
2017-09-13,QQQ,145.95,146.44,145.73,146.42,28450864.0
2017-09-14,QQQ,145.85,146.2869,145.47,145.56,35296413.0
2017-09-15,QQQ,145.56,146.59,145.29,146.06,46422402.0
2017-09-18,QQQ,145.88,146.37,145.11,145.55,24858157.0
2017-09-19,QQQ,145.81,146.01,145.31,145.8,20871237.0
2017-09-20,QQQ,145.75,145.91,144.23,145.35,34236155.0
2017-09-21,QQQ,145.25,145.26,143.95,144.46,28841835.0
2017-09-22,QQQ,144.0,144.53,143.855,144.32,21702401.0
2017-09-25,QQQ,143.75,143.8299,142.1,142.8,54947712.0
2017-09-26,QQQ,143.51,143.8,142.67,143.17,29628806.0
2017-09-27,QQQ,143.93,145.0,143.57,144.46,33249403.0
2017-09-28,QQQ,144.14,144.5566,143.78,144.41,24149422.0
2017-09-29,QQQ,144.7,145.555,144.32,145.45,43102366.0
2017-10-02,QQQ,145.67,146.17,144.93,145.58,27351260.0
2017-10-03,QQQ,145.74,146.06,145.45,145.89,19715152.0
2017-10-04,QQQ,145.6,146.34,145.47,146.03,26381099.0
2017-10-05,QQQ,146.54,147.54,146.4063,147.46,31562353.0
2017-10-06,QQQ,146.97,147.66,146.96,147.66,23561069.0
2017-10-09,QQQ,147.86,148.0093,147.3,147.49,13704835.0
2017-10-10,QQQ,147.98,148.14,146.95,147.6,19223092.0
2017-10-11,QQQ,147.53,148.07,147.34,148.04,12439051.0
2017-10-12,QQQ,147.84,148.355,147.615,147.77,14513477.0
2017-10-13,QQQ,148.4,148.51,147.7772,148.34,18409888.0
2017-10-16,QQQ,148.7,148.89,148.3928,148.85,21809410.0
2017-10-17,QQQ,148.79,149.06,148.57,149.04,13138157.0
2017-10-18,QQQ,149.21,149.21,148.64,148.86,17218243.0
2017-10-19,QQQ,148.02,148.33,147.27,148.31,27680285.0
2017-10-20,QQQ,148.91,149.04,148.53,148.71,30173268.0
2017-10-23,QQQ,149.01,149.03,147.53,147.74,29297126.0
2017-10-24,QQQ,148.0,148.3,147.44,147.99,20289467.0
2017-10-25,QQQ,147.7,148.18,146.33,147.43,36179124.0
2017-10-26,QQQ,147.36,147.705,146.92,146.96,28230199.0
2017-10-27,QQQ,149.33,151.52,149.2,151.24,60165127.0
2017-10-30,QQQ,151.08,152.19,150.9899,151.58,31733386.0
2017-10-31,QQQ,152.04,152.37,151.63,152.15,26319327.0
2017-11-01,QQQ,152.75,152.83,151.5,152.1,29481569.0
2017-11-02,QQQ,151.92,151.99,150.77,151.81,31017426.0
2017-11-03,QQQ,152.39,153.29,151.84,153.27,26199249.0
2017-11-06,QQQ,153.13,153.85,153.1,153.79,28693919.0
2017-11-07,QQQ,153.67,154.0823,153.34,153.88,21333062.0
2017-11-08,QQQ,153.81,154.54,153.62,154.5,17373517.0
2017-11-09,QQQ,153.26,153.77,152.11,153.69,40594482.0
2017-11-10,QQQ,153.36,153.8,153.06,153.68,20150762.0
2017-11-13,QQQ,153.12,154.0693,153.1,153.87,12522399.0
2017-11-14,QQQ,153.31,153.5,152.57,153.31,25173763.0
2017-11-15,QQQ,152.61,153.0,151.78,152.59,24808004.0
2017-11-16,QQQ,153.38,154.89,153.33,154.54,34790570.0
2017-11-17,QQQ,154.58,154.69,153.8,153.95,28725800.0
2017-11-20,QQQ,154.08,154.2,153.61,153.83,21143944.0
2017-11-21,QQQ,154.56,155.57,154.485,155.5,20147763.0
2017-11-22,QQQ,155.63,155.84,155.341,155.69,17299040.0
2017-11-24,QQQ,155.86,156.31,155.76,156.26,8280586.0
2017-11-27,QQQ,156.2,156.56,155.83,156.19,22653389.0
2017-11-28,QQQ,156.52,156.69,155.7,156.59,25227320.0
2017-11-29,QQQ,156.45,156.45,153.12,153.86,71986338.0
2017-11-30,QQQ,154.46,155.45,154.145,155.15,56595465.0
2017-12-01,QQQ,154.19,155.24,152.26,154.49,59015828.0
2017-12-04,QQQ,155.47,155.625,152.56,152.71,51319146.0
2017-12-05,QQQ,152.64,154.55,152.1,152.81,40604211.0
2017-12-06,QQQ,152.26,153.735,152.06,153.5,28647769.0
2017-12-07,QQQ,153.49,154.46,153.33,154.02,32666207.0
2017-12-08,QQQ,155.1,155.53,154.46,154.7,28081666.0
2017-12-11,QQQ,154.76,155.95,154.76,155.9,20821528.0
2017-12-12,QQQ,155.81,156.15,155.36,155.69,20310252.0
2017-12-13,QQQ,156.28,156.49,155.76,155.99,24418479.0
2017-12-14,QQQ,156.28,156.66,155.71,155.88,24594682.0
2017-12-15,QQQ,156.49,157.82,156.23,157.65,49816151.0
2017-12-18,QQQ,158.29,158.77,158.07,158.64,26844519.0
2017-12-19,QQQ,158.34,158.5,157.26,157.7,31414968.0
2017-12-20,QQQ,158.25,158.28,156.91,157.53,38972602.0
2017-12-21,QQQ,157.73,158.25,157.37,157.55,18638679.0
2017-12-22,QQQ,157.31,157.432,156.95,157.37,23330440.0
2017-12-26,QQQ,156.53,156.72,155.95,156.52,21918720.0
2017-12-27,QQQ,156.52,156.96,156.39,156.54,22388186.0
2017-12-28,QQQ,157.05,157.0653,156.54,156.73,25393825.0
2017-12-29,QQQ,156.9,156.9,155.7,155.76,33185962.0
2018-01-02,QQQ,156.5,158.525,156.17,158.49,32573272.0
2018-01-03,QQQ,158.61,160.17,158.61,160.03,29383557.0
2018-01-04,QQQ,160.59,160.79,160.0825,160.31,24776125.0
2018-01-05,QQQ,161.04,162.03,160.77,161.92,26992340.0
2018-01-08,QQQ,161.9,162.63,161.86,162.55,23159061.0
2018-01-09,QQQ,162.85,163.04,162.07,162.56,24782448.0
2018-01-10,QQQ,161.8,162.21,161.12,162.18,34004028.0
2018-01-11,QQQ,162.48,163.3,162.21,163.29,20473518.0
2018-01-12,QQQ,163.03,164.66,162.94,164.49,37762708.0
2018-01-16,QQQ,165.55,166.415,163.53,164.02,41231849.0
2018-01-17,QQQ,164.77,166.04,163.9982,165.79,33849879.0
2018-01-18,QQQ,165.55,166.1999,165.135,165.82,26432166.0
2018-01-19,QQQ,166.32,166.61,165.535,166.34,38937588.0
2018-01-22,QQQ,166.27,168.12,166.09,168.12,26081388.0
2018-01-23,QQQ,168.64,169.66,168.555,169.51,37989650.0
2018-01-24,QQQ,169.81,170.24,167.44,168.41,54287377.0
2018-01-25,QQQ,169.55,169.63,167.81,168.35,28924956.0
2018-01-26,QQQ,169.27,170.952,168.96,170.93,32038184.0
2018-01-29,QQQ,170.52,170.91,169.74,170.1,37277849.0
2018-01-30,QQQ,168.55,169.42,167.82,168.7,44987688.0
2018-01-31,QQQ,169.67,169.9899,168.34,169.4,42449199.0
2018-02-01,QQQ,168.12,169.73,167.42,167.96,38037875.0
2018-02-02,QQQ,167.34,167.7,164.47,164.61,68478082.0
2018-02-05,QQQ,163.13,165.75,158.0,158.12,105372224.0
2018-02-06,QQQ,155.96,162.51,155.1,162.31,118537891.0
2018-02-07,QQQ,161.79,163.55,160.2,160.21,91028328.0
2018-02-08,QQQ,160.69,160.8,153.45,153.45,94184831.0
2018-02-09,QQQ,155.66,157.24,150.125,156.1,113836554.0
2018-02-12,QQQ,157.67,159.95,156.46,158.87,63050637.0
2018-02-13,QQQ,157.98,160.01,157.7197,159.69,31785595.0
2018-02-14,QQQ,158.79,162.93,158.0,162.68,52107431.0
2018-02-15,QQQ,164.14,165.7,162.44,165.7,51633887.0
2018-02-16,QQQ,165.18,166.755,164.6799,164.96,62256291.0
2018-02-20,QQQ,164.39,166.68,164.31,165.29,36785626.0
2018-02-21,QQQ,166.06,167.72,164.72,164.82,41161779.0
2018-02-22,QQQ,165.54,166.42,164.3769,164.8,37074413.0
2018-02-23,QQQ,166.06,168.17,165.45,168.17,50096916.0
2018-02-26,QQQ,168.93,170.4,168.82,170.4,39266658.0
2018-02-27,QQQ,170.42,170.73,168.21,168.29,42209873.0
2018-02-28,QQQ,169.25,169.8,167.1,167.21,42936334.0
2018-03-01,QQQ,167.29,168.07,163.001,164.48,76809904.0
2018-03-02,QQQ,162.59,166.28,161.96,165.99,57445063.0
2018-03-05,QQQ,165.26,168.26,164.59,167.83,38540207.0
2018-03-06,QQQ,168.61,169.11,167.48,168.54,29480927.0
2018-03-07,QQQ,167.26,169.07,166.96,168.93,34609407.0
2018-03-08,QQQ,169.54,169.98,168.95,169.86,25828371.0
2018-03-09,QQQ,171.1,173.16,170.82,173.16,38310546.0
2018-03-12,QQQ,173.65,174.48,173.28,174.08,37634971.0
2018-03-13,QQQ,174.8,175.21,171.2666,171.71,55638925.0
2018-03-14,QQQ,172.58,172.74,170.93,171.68,40536383.0
2018-03-15,QQQ,171.83,172.53,170.9,171.53,28810366.0
2018-03-16,QQQ,171.78,172.2,170.935,171.02,31176742.0
2018-03-19,QQQ,169.16,169.22,165.6393,167.1,71395061.0
2018-03-20,QQQ,167.1,168.04,166.61,167.65,34075664.0
2018-03-21,QQQ,167.23,168.76,166.19,166.92,43863543.0
2018-03-22,QQQ,164.7,165.77,162.59,162.8,66607288.0
2018-03-23,QQQ,162.6,163.3,158.43,158.51,80110392.0
2018-03-26,QQQ,161.68,164.6,159.16,164.4,57481503.0
2018-03-27,QQQ,165.6,165.62,157.68,159.08,78889105.0
2018-03-28,QQQ,158.25,159.78,156.04,157.25,89369655.0
2018-03-29,QQQ,158.13,161.71,156.6338,160.13,68692566.0
2018-04-02,QQQ,159.0,159.74,153.88,155.51,85549443.0
2018-04-03,QQQ,156.92,157.92,154.44,157.26,64090049.0
2018-04-04,QQQ,154.27,160.23,154.04,159.74,65768692.0
2018-04-05,QQQ,161.33,161.58,159.48,160.65,43054868.0
2018-04-06,QQQ,158.94,160.4601,155.88,156.63,59870865.0
2018-04-09,QQQ,158.01,160.88,157.46,157.73,41810380.0
2018-04-10,QQQ,160.13,161.73,159.07,161.21,48601323.0
2018-04-11,QQQ,160.2,162.0,160.1,160.28,41622139.0
2018-04-12,QQQ,161.3,162.77,161.16,162.21,30467889.0
2018-04-13,QQQ,163.01,163.26,160.67,161.37,44604892.0
2018-04-16,QQQ,162.45,163.19,161.48,162.6,28180780.0
2018-04-17,QQQ,164.19,166.4592,163.91,166.1,35536087.0
2018-04-18,QQQ,166.12,167.0,165.31,166.44,29573880.0
2018-04-19,QQQ,165.65,165.99,164.34,164.91,34705692.0
2018-04-20,QQQ,164.49,164.61,161.73,162.3,49197140.0
2018-04-23,QQQ,163.08,163.73,161.02,161.89,33040646.0
2018-04-24,QQQ,162.62,162.905,157.39,158.46,70256751.0
2018-04-25,QQQ,158.8,159.31,156.47,158.65,52089323.0
2018-04-26,QQQ,160.72,162.53,160.18,161.99,43005532.0
2018-04-27,QQQ,164.35,164.41,161.17,162.09,51043406.0
2018-04-30,QQQ,162.48,163.48,160.54,160.94,35615273.0
2018-05-01,QQQ,160.52,162.8,160.14,162.78,36513529.0
2018-05-02,QQQ,163.1,163.57,161.63,161.82,38646842.0
2018-05-03,QQQ,161.08,162.4,159.22,161.8,60337134.0
2018-05-04,QQQ,161.11,165.25,160.98,164.87,41543243.0
2018-05-07,QQQ,165.64,166.78,165.51,166.24,32500152.0
2018-05-08,QQQ,165.83,166.43,164.86,166.07,26040170.0
2018-05-09,QQQ,166.4,168.0,165.78,167.88,29122718.0
2018-05-10,QQQ,168.43,169.74,168.29,169.62,27067597.0
2018-05-11,QQQ,169.35,169.86,168.72,169.46,24688847.0
2018-05-14,QQQ,169.8398,170.82,169.47,169.75,21821749.0
2018-05-15,QQQ,168.4,168.5,166.98,167.87,49361638.0
2018-05-16,QQQ,168.1,169.37,168.01,168.98,22941159.0
2018-05-17,QQQ,168.4,169.61,167.51,168.33,27480164.0
2018-05-18,QQQ,167.71,168.26,167.21,167.46,26217939.0
2018-05-21,QQQ,168.73,169.5,167.68,168.4,22954565.0
2018-05-22,QQQ,169.15,169.45,167.88,168.18,19477721.0
2018-05-23,QQQ,166.9,169.62,166.88,169.6,26557835.0
2018-05-24,QQQ,169.56,169.85,167.84,169.55,27696539.0
2018-05-25,QQQ,169.54,170.33,169.21,169.72,27460536.0
2018-05-29,QQQ,168.91,169.92,167.96,168.97,41220468.0
2018-05-30,QQQ,169.63,170.48,169.22,170.18,22665836.0
2018-05-31,QQQ,170.13,171.2,169.63,170.07,35670946.0
2018-06-01,QQQ,170.88,172.84,170.87,172.74,45543331.0
2018-06-04,QQQ,173.16,174.34,173.07,174.3,20459634.0
2018-06-05,QQQ,174.69,175.13,174.065,174.84,24779284.0
2018-06-06,QQQ,175.0248,175.89,174.14,175.86,25036647.0
2018-06-07,QQQ,175.91,175.93,173.55,174.43,39600316.0
2018-06-08,QQQ,173.57,174.8803,173.18,174.44,31780348.0
2018-06-11,QQQ,174.3,175.34,174.28,174.91,22319709.0
2018-06-12,QQQ,175.15,176.0,174.96,175.83,22511832.0
2018-06-13,QQQ,176.09,177.14,175.43,175.82,37858584.0
2018-06-14,QQQ,176.62,177.89,176.5,177.6,35915978.0
2018-06-15,QQQ,176.98,177.325,176.11,176.98,49615730.0
2018-06-18,QQQ,175.53,176.65,174.94,176.5,31633192.0
2018-06-19,QQQ,174.26,176.04,173.71,176.0,38235994.0
2018-06-20,QQQ,176.79,177.98,176.65,177.25,33038042.0
2018-06-21,QQQ,177.69,177.88,175.37,175.71,43469439.0
2018-06-22,QQQ,176.31,176.369,174.69,175.32,30073187.0
2018-06-25,QQQ,173.76,173.99,169.81,171.37,77799725.0
2018-06-26,QQQ,171.99,173.0585,171.37,172.07,39008146.0
2018-06-27,QQQ,172.77,173.58,169.61,169.73,52843497.0
2018-06-28,QQQ,169.52,171.77,169.17,171.19,46407708.0
2018-06-29,QQQ,172.0,172.92,171.395,171.65,36408464.0
2018-07-02,QQQ,170.04,172.85,169.67,172.8,31770026.0
2018-07-03,QQQ,173.41,173.45,170.63,170.8,25512707.0
2018-07-05,QQQ,171.91,173.06,171.03,172.92,31626198.0
2018-07-06,QQQ,173.31,175.74,173.0,175.61,37005574.0
2018-07-09,QQQ,176.49,177.23,175.82,177.19,27362061.0
2018-07-10,QQQ,177.41,177.72,176.71,177.32,23902488.0
2018-07-11,QQQ,175.96,177.07,175.8,176.42,30280553.0
2018-07-12,QQQ,177.21,179.46,177.08,179.46,27930119.0
2018-07-13,QQQ,179.42,179.9,178.95,179.61,28067961.0
2018-07-16,QQQ,179.64,179.95,178.88,179.18,21405310.0
2018-07-17,QQQ,177.3,180.65,177.28,180.27,31034075.0
2018-07-18,QQQ,180.28,180.44,179.38,179.93,23220839.0
2018-07-19,QQQ,179.34,179.88,178.82,179.03,31094145.0
2018-07-20,QQQ,179.57,180.17,178.79,178.99,35907619.0
2018-07-23,QQQ,178.45,179.64,177.74,179.56,22184720.0
2018-07-24,QQQ,181.39,182.05,179.56,180.3,36900281.0
2018-07-25,QQQ,180.36,182.93,180.29,182.82,36022078.0
2018-07-26,QQQ,180.35,180.92,179.81,180.05,40873485.0
2018-07-27,QQQ,181.26,181.31,176.6,177.62,59456093.0
2018-07-30,QQQ,177.66,177.73,174.27,175.11,60192990.0
2018-07-31,QQQ,175.75,177.13,174.82,176.45,47285135.0
2018-08-01,QQQ,176.87,177.65,176.0967,177.12,37101925.0
2018-08-02,QQQ,175.87,179.74,175.79,179.53,47178229.0
2018-08-03,QQQ,179.8,180.09,179.08,180.08,28934445.0
2018-08-06,QQQ,179.97,181.19,179.74,181.14,24808763.0
2018-08-07,QQQ,181.63,182.14,181.26,181.8,29895664.0
2018-08-08,QQQ,181.55,182.35,181.06,182.02,22680749.0
2018-08-09,QQQ,181.94,182.63,181.64,181.91,18852898.0
2018-08-10,QQQ,180.68,181.22,179.84,180.52,33818464.0
2018-08-13,QQQ,180.85,182.01,180.241,180.32,26089195.0
2018-08-14,QQQ,181.01,181.66,180.04,181.45,20913021.0
2018-08-15,QQQ,180.09,180.58,178.12,179.23,58528016.0
2018-08-16,QQQ,180.57,180.99,179.47,179.82,27711761.0
2018-08-17,QQQ,179.36,180.31,178.2679,179.86,36092641.0
2018-08-20,QQQ,180.28,180.3251,179.0,179.7,24938956.0
2018-08-21,QQQ,180.26,181.44,180.13,180.36,26258657.0
2018-08-22,QQQ,179.96,181.27,179.75,181.06,18042380.0
2018-08-23,QQQ,180.77,182.045,180.5,180.8,25776166.0
2018-08-24,QQQ,181.4,182.63,181.36,182.48,23136113.0
2018-08-27,QQQ,183.43,184.34,183.11,184.34,29343552.0
2018-08-28,QQQ,184.8,185.02,184.22,184.61,20277036.0
2018-08-29,QQQ,184.91,186.84,184.86,186.74,29175591.0
2018-08-30,QQQ,186.41,187.5199,185.79,186.41,29315453.0
2018-08-31,QQQ,186.18,187.18,185.98,186.65,28653248.0
2018-09-04,QQQ,186.1,186.4,184.85,185.85,29063537.0
2018-09-05,QQQ,185.55,185.55,182.82,183.45,42623326.0
2018-09-06,QQQ,183.54,183.75,180.58,181.81,46091403.0
2018-09-07,QQQ,180.53,182.67,180.44,181.11,46629495.0
2018-09-10,QQQ,182.12,182.25,180.725,181.72,26131977.0
2018-09-11,QQQ,180.97,183.42,180.52,183.12,30116460.0
2018-09-12,QQQ,182.87,182.98,181.01,182.58,36203973.0
2018-09-13,QQQ,183.67,184.88,183.6401,184.53,31133188.0
2018-09-14,QQQ,184.66,184.945,183.26,183.99,31224132.0
2018-09-17,QQQ,183.66,183.81,181.17,181.34,33071197.0
2018-09-18,QQQ,181.52,183.73,181.4,182.84,31877347.0
2018-09-19,QQQ,182.86,183.3,181.51,182.7,31843377.0
2018-09-20,QQQ,183.95,184.97,183.5199,184.72,33295820.0
2018-09-21,QQQ,185.27,185.48,183.48,183.71,38605353.0
2018-09-24,QQQ,182.05,183.96,181.3,183.89,34945602.0
2018-09-25,QQQ,183.78,184.28,183.18,184.14,25277520.0
2018-09-26,QQQ,184.25,185.99,183.905,184.27,36210571.0
2018-09-27,QQQ,185.04,186.49,184.92,185.83,33113269.0
2018-09-28,QQQ,185.25,186.28,184.97,185.79,28076843.0
2018-10-01,QQQ,186.82,187.53,185.7,186.17,27371297.0
2018-10-02,QQQ,185.95,187.175,185.32,185.75,25618608.0
2018-10-03,QQQ,186.52,186.97,185.66,185.95,29128683.0
2018-10-04,QQQ,185.22,185.32,181.06,182.38,80557283.0
2018-10-05,QQQ,182.39,182.97,178.43,180.15,83325630.0
2018-10-08,QQQ,179.37,180.6427,176.93,179.05,66864481.0
2018-10-09,QQQ,179.2,181.02,178.75,179.63,49097949.0
2018-10-10,QQQ,178.53,178.62,171.5,171.73,114471052.0
2018-10-11,QQQ,171.04,173.4,167.81,169.6,143084463.0
2018-10-12,QQQ,173.99,174.86,170.9328,174.32,102078388.0
2018-10-15,QQQ,173.69,174.04,171.56,172.21,64885255.0
2018-10-16,QQQ,174.02,177.65,173.7,177.22,71979688.0
2018-10-17,QQQ,178.14,178.2585,175.47,177.29,66987639.0
2018-10-18,QQQ,176.6,176.68,172.44,173.18,82486208.0
2018-10-19,QQQ,174.39,176.07,172.39,173.02,82923733.0
2018-10-22,QQQ,174.06,175.2485,172.59,173.91,52909281.0
2018-10-23,QQQ,170.79,174.13,168.82,173.27,77566972.0
2018-10-24,QQQ,173.12,173.36,165.04,165.34,102997449.0
2018-10-25,QQQ,167.99,172.08,167.16,171.06,83481070.0
2018-10-26,QQQ,165.24,169.96,164.23,166.66,130970908.0
2018-10-29,QQQ,169.16,169.86,160.09,163.23,111871933.0
2018-10-30,QQQ,162.8,166.035,162.015,165.92,92583965.0
2018-10-31,QQQ,168.55,171.25,168.54,169.82,73828635.0
2018-11-01,QQQ,170.08,172.24,168.78,172.06,52706823.0
2018-11-02,QQQ,171.53,172.55,168.22,169.38,75966781.0
2018-11-05,QQQ,169.61,169.66,167.08,168.96,39573533.0
2018-11-06,QQQ,168.93,171.19,168.72,170.24,34410390.0
2018-11-07,QQQ,172.25,175.58,171.87,175.58,51169614.0
2018-11-08,QQQ,174.76,175.302,173.63,174.46,40296538.0
2018-11-09,QQQ,172.83,173.25,170.16,171.52,50602710.0
2018-11-12,QQQ,170.33,170.64,166.18,166.33,62578371.0
2018-11-13,QQQ,167.15,169.48,166.0,166.47,64128079.0
2018-11-14,QQQ,168.09,168.7,164.25,165.2,75270714.0
2018-11-15,QQQ,164.84,168.54,163.46,168.09,73254349.0
2018-11-16,QQQ,166.49,168.31,165.78,167.5,65390675.0
2018-11-19,QQQ,166.74,166.9,161.54,162.06,67280478.0
2018-11-20,QQQ,158.37,161.38,157.13,159.16,102652794.0
2018-11-21,QQQ,161.29,161.97,159.2323,160.37,42965839.0
2018-11-23,QQQ,159.09,160.84,159.09,159.21,23503729.0
2018-11-26,QQQ,161.44,162.97,160.76,162.89,42012633.0
2018-11-27,QQQ,162.0,163.85,161.18,163.44,36608063.0
2018-11-28,QQQ,164.62,168.7,163.4719,168.7,70140986.0
2018-11-29,QQQ,168.0,169.26,166.82,168.15,44885711.0
2018-11-30,QQQ,168.38,169.47,167.54,169.37,36722760.0
2018-12-03,QQQ,173.1,173.31,169.5101,172.33,50771695.0
2018-12-04,QQQ,171.38,171.91,165.52,165.72,70594743.0
2018-12-06,QQQ,162.46,166.91,161.77,166.89,71715526.0
2018-12-07,QQQ,166.13,167.12,160.86,161.38,80432176.0
2018-12-10,QQQ,161.11,163.78,159.41,163.07,73960758.0
2018-12-11,QQQ,165.66,165.77,162.23,163.61,59058296.0
2018-12-12,QQQ,166.06,167.6,164.96,165.05,53779992.0
2018-12-13,QQQ,166.06,166.82,164.03,165.1,46377864.0
2018-12-14,QQQ,163.19,163.81,160.7,161.08,56547419.0
2018-12-17,QQQ,160.41,161.67,156.17,157.43,74834076.0
2018-12-18,QQQ,158.67,159.95,157.04,158.42,63642120.0
2018-12-19,QQQ,158.24,160.72,153.34,154.53,81856456.0
2018-12-20,QQQ,154.16,155.87,150.39,152.29,99002139.0
2018-12-21,QQQ,153.06,154.09,146.72,147.57,141129408.0
2018-12-24,QQQ,146.14,147.98,143.46,143.5,56163290.0
2018-12-26,QQQ,145.12,152.54,144.09,152.46,98982064.0
2018-12-27,QQQ,150.57,153.18,147.08,153.05,85824343.0
2018-12-28,QQQ,154.01,155.59,151.72,152.97,77856625.0
2018-12-31,QQQ,154.47,154.98,152.71,154.26,53015313.0
2019-01-02,QQQ,150.99,155.75,150.88,154.88,58576672.0
2019-01-03,QQQ,152.6,153.26,149.49,149.82,74820225.0
2019-01-04,QQQ,152.18,157.0,151.74,156.23,74709320.0
2019-01-07,QQQ,156.54,158.86,156.11,158.09,52059331.0
2019-01-08,QQQ,159.56,160.11,157.2,159.52,49388694.0
2019-01-09,QQQ,160.15,161.5229,159.47,160.82,46491747.0
2019-01-10,QQQ,159.59,161.37,158.7,161.28,38943414.0
2019-01-11,QQQ,160.32,160.86,159.79,160.69,30176643.0
2019-01-14,QQQ,159.32,159.96,158.59,159.27,30710234.0
2019-01-15,QQQ,159.97,162.6,159.9096,162.38,40874224.0
2019-01-16,QQQ,162.63,163.78,162.29,162.35,33812190.0
2019-01-17,QQQ,161.84,164.36,161.57,163.63,39328959.0
2019-01-18,QQQ,164.84,166.02,163.82,165.25,57183243.0
2019-01-22,QQQ,164.05,164.14,160.76,161.94,56711694.0
2019-01-23,QQQ,162.77,163.51,160.32,162.15,38106062.0
2019-01-24,QQQ,162.66,163.44,162.0626,163.2,32413351.0
2019-01-25,QQQ,164.48,165.65,163.95,165.15,36466069.0
2019-01-28,QQQ,163.03,163.12,161.75,163.11,33491216.0
2019-01-29,QQQ,163.2,163.24,160.99,161.57,30784175.0
2019-01-30,QQQ,163.39,166.28,162.89,165.68,41346533.0
2019-01-31,QQQ,166.65,168.99,166.4701,168.16,37258361.0
2019-02-01,QQQ,167.37,168.6,166.99,167.45,32143672.0
2019-02-04,QQQ,167.51,169.53,167.33,169.53,26718781.0
2019-02-05,QQQ,169.75,171.23,169.69,171.03,28156368.0
2019-02-06,QQQ,171.06,171.37,169.75,170.52,27970006.0
2019-02-07,QQQ,169.03,169.4499,166.95,168.23,42036193.0
2019-02-08,QQQ,166.73,168.59,166.57,168.56,29020747.0
2019-02-11,QQQ,169.14,169.58,167.98,168.4,21434088.0
2019-02-12,QQQ,169.59,171.14,169.33,170.89,29722073.0
2019-02-13,QQQ,171.62,172.16,170.82,171.01,26094136.0
2019-02-14,QQQ,170.38,171.83,169.83,171.22,30326830.0
2019-02-15,QQQ,172.51,172.5623,171.1392,171.94,32521685.0
2019-02-19,QQQ,171.39,172.8,171.38,172.28,19487679.0
2019-02-20,QQQ,172.43,173.08,171.32,172.25,32592995.0
2019-02-21,QQQ,171.77,172.26,170.71,171.62,25207401.0
2019-02-22,QQQ,171.98,173.01,171.9,172.89,27735358.0
2019-02-25,QQQ,174.2,174.66,173.4,173.52,32608754.0
2019-02-26,QQQ,173.04,174.25,172.81,173.7,21939717.0
2019-02-27,QQQ,172.92,173.8,171.76,173.59,25162014.0
2019-02-28,QQQ,173.04,173.81,172.7,173.19,25085470.0
2019-03-01,QQQ,174.41,174.65,173.18,174.39,31431156.0
2019-03-04,QQQ,175.37,175.79,172.47,174.42,38063458.0
2019-03-05,QQQ,174.52,175.085,173.685,174.55,22319863.0
2019-03-06,QQQ,174.68,174.75,173.28,173.56,27194581.0
2019-03-07,QQQ,173.09,173.18,170.79,171.43,39407443.0
2019-03-08,QQQ,169.51,171.26,169.3375,171.17,39303225.0
2019-03-11,QQQ,171.86,174.85,171.85,174.73,30518408.0
2019-03-12,QQQ,175.17,176.14,174.7715,175.69,33953500.0
2019-03-13,QQQ,176.6,177.93,176.35,177.01,42426135.0
2019-03-14,QQQ,177.115,177.34,176.66,176.71,23751477.0
2019-03-15,QQQ,177.43,178.88,177.28,178.35,38191958.0
2019-03-18,QQQ,177.95,178.99,177.5915,178.45,32935125.0
2019-03-19,QQQ,179.16,180.0,178.29,179.05,36893341.0
2019-03-20,QQQ,179.06,180.86,178.24,179.76,50104996.0
2019-03-21,QQQ,179.24,182.83,179.2,182.57,42428481.0
2019-03-22,QQQ,181.76,182.27,178.37,178.56,70794543.0
2019-03-25,QQQ,177.92,178.84,176.93,178.22,46336524.0
2019-03-26,QQQ,179.58,180.69,178.14,179.05,33248121.0
2019-03-27,QQQ,179.27,179.72,176.6,177.9,37096697.0
2019-03-28,QQQ,178.36,178.98,177.24,178.31,30368235.0
2019-03-29,QQQ,179.63,179.83,178.59,179.66,35205511.0
2019-04-01,QQQ,181.42,182.26,180.77,182.04,30969472.0
2019-04-02,QQQ,182.23,182.905,181.78,182.73,22645151.0
2019-04-03,QQQ,183.74,184.92,183.2089,183.78,31633476.0
2019-04-04,QQQ,183.81,184.5,182.65,183.71,28530828.0
2019-04-05,QQQ,184.3,184.77,184.0183,184.66,25674660.0
2019-04-08,QQQ,184.37,185.28,183.63,185.13,22697543.0
2019-04-09,QQQ,184.5,185.11,184.09,184.48,25631886.0
2019-04-10,QQQ,184.75,185.53,184.52,185.47,24562958.0
2019-04-11,QQQ,185.77,185.78,184.6899,185.03,20654094.0
2019-04-12,QQQ,185.86,185.95,185.0601,185.83,24989136.0
2019-04-15,QQQ,185.81,186.07,184.62,185.86,21073046.0
2019-04-16,QQQ,186.51,186.91,185.93,186.5,27195709.0
2019-04-17,QQQ,187.75,187.93,186.6,187.15,29651575.0
2019-04-18,QQQ,187.48,187.7905,186.29,187.39,28580864.0
2019-04-22,QQQ,186.54,187.99,186.43,187.92,17936033.0
2019-04-23,QQQ,188.37,190.54,188.13,190.31,33665561.0
2019-04-24,QQQ,190.44,190.71,189.65,189.71,24977108.0
2019-04-25,QQQ,191.15,191.22,189.45,190.48,29517497.0
2019-04-26,QQQ,190.2,190.69,188.59,190.65,26359537.0
2019-04-29,QQQ,190.62,191.32,190.34,191.02,21716242.0
2019-04-30,QQQ,189.48,189.85,188.21,189.54,31495277.0
2019-05-01,QQQ,190.76,191.32,188.795,188.93,34797109.0
2019-05-02,QQQ,188.88,189.85,186.87,188.11,44110122.0
2019-05-03,QQQ,189.69,191.25,189.33,191.11,30386180.0
2019-05-06,QQQ,187.1,190.2,186.76,189.94,38371777.0
2019-05-07,QQQ,187.86,188.67,184.51,186.24,58818134.0
2019-05-08,QQQ,185.68,187.17,184.96,185.77,37165319.0
2019-05-09,QQQ,183.76,185.4121,182.09,184.77,55351668.0
2019-05-10,QQQ,184.06,185.89,181.0302,185.0,58526402.0
2019-05-13,QQQ,180.3,181.26,178.06,178.58,67185766.0
2019-05-14,QQQ,179.51,181.63,178.86,180.54,43360636.0
2019-05-15,QQQ,179.39,183.55,179.31,183.09,40944547.0
2019-05-16,QQQ,183.11,186.07,182.95,184.93,39281157.0
2019-05-17,QQQ,183.1,185.5813,182.88,183.04,44702276.0
2019-05-20,QQQ,180.51,181.1799,179.34,179.95,38608294.0
2019-05-21,QQQ,181.5,182.33,180.92,181.83,31613790.0
2019-05-22,QQQ,180.81,182.07,180.75,181.02,24332550.0
2019-05-23,QQQ,179.0,179.023,177.14,178.25,45351309.0
2019-05-24,QQQ,179.3,179.85,177.94,178.16,25903267.0
2019-05-28,QQQ,178.67,179.66,177.47,177.49,24763823.0
2019-05-29,QQQ,176.45,177.0,175.09,176.03,42178772.0
2019-05-30,QQQ,176.54,177.27,175.77,176.77,30354790.0
2019-05-31,QQQ,174.71,175.29,173.87,173.95,45446206.0
2019-06-03,QQQ,173.52,173.95,169.27,170.12,75842290.0
2019-06-04,QQQ,171.98,174.97,171.37,174.91,47797848.0
2019-06-05,QQQ,176.6,176.61,174.38,176.21,34412697.0
2019-06-06,QQQ,176.52,178.04,175.73,177.61,29913205.0
2019-06-07,QQQ,178.5,181.7666,178.33,181.04,45888345.0
2019-06-10,QQQ,182.23,184.85,182.21,183.15,41385280.0
2019-06-11,QQQ,185.07,185.4,182.78,183.4,41260320.0
2019-06-12,QQQ,182.88,183.28,182.0,182.34,27758120.0
2019-06-13,QQQ,183.12,183.87,182.74,183.42,23715829.0
2019-06-14,QQQ,182.44,183.11,181.94,182.64,22844089.0
2019-06-17,QQQ,183.01,184.25,182.835,183.74,20379476.0
2019-06-18,QQQ,185.88,187.72,185.4291,186.41,48177301.0
2019-06-19,QQQ,186.73,187.53,185.57,187.11,31672855.0
2019-06-20,QQQ,189.72,189.76,187.1585,188.85,40921964.0
2019-06-21,QQQ,188.57,189.77,188.1736,188.57,39980418.0
2019-06-24,QQQ,188.52,188.72,188.06,188.16,19375205.0
2019-06-25,QQQ,188.06,188.14,184.65,184.93,33921112.0
2019-06-26,QQQ,186.13,187.33,185.49,185.79,22595721.0
2019-06-27,QQQ,186.47,186.94,185.99,186.5,19709228.0
2019-06-28,QQQ,186.95,187.15,186.07,186.74,21179248.0
2019-07-01,QQQ,190.3,190.5699,188.38,189.26,31193393.0
2019-07-02,QQQ,189.19,190.03,188.66,190.01,18035768.0
2019-07-03,QQQ,190.45,191.44,190.29,191.44,15792067.0
2019-07-05,QQQ,190.15,191.4,189.39,191.05,21415620.0
2019-07-08,QQQ,189.86,189.87,188.93,189.71,17598826.0
2019-07-09,QQQ,188.79,190.9,188.65,190.66,19193497.0
2019-07-10,QQQ,191.79,193.09,191.47,192.56,28374513.0
2019-07-11,QQQ,192.88,193.34,191.81,192.42,23736122.0
2019-07-12,QQQ,192.63,193.54,192.45,193.53,20211883.0
2019-07-15,QQQ,193.97,194.19,193.44,194.15,15606074.0
2019-07-16,QQQ,193.86,194.09,192.56,193.15,20190891.0
2019-07-17,QQQ,193.2,193.49,192.18,192.2,16765069.0
2019-07-18,QQQ,191.3,192.79,190.69,192.42,29066336.0
2019-07-19,QQQ,193.82,193.83,190.81,191.01,29387945.0
2019-07-22,QQQ,191.5,192.94,191.44,192.53,18953596.0
2019-07-23,QQQ,193.58,193.81,192.29,193.79,23786726.0
2019-07-24,QQQ,193.07,195.16,193.03,195.15,20422872.0
2019-07-25,QQQ,194.48,194.52,192.93,193.3,23434744.0
2019-07-26,QQQ,194.52,195.55,194.43,195.29,20431243.0
2019-07-29,QQQ,195.18,195.18,193.39,194.62,20451652.0
2019-07-30,QQQ,193.16,194.54,192.99,193.78,18705006.0
2019-07-31,QQQ,194.31,194.43,189.32,191.1,41627473.0
2019-08-01,QQQ,191.51,194.98,189.23,190.15,63251648.0
2019-08-02,QQQ,188.82,188.99,186.21,187.35,55214006.0
2019-08-05,QQQ,183.51,183.51,179.2,180.73,75039971.0
2019-08-06,QQQ,182.38,183.8,181.07,183.26,41897249.0
2019-08-07,QQQ,181.32,184.51,179.89,184.25,49990586.0
2019-08-08,QQQ,185.15,188.32,184.57,188.26,38418084.0
2019-08-09,QQQ,187.32,188.0,185.03,186.49,33608926.0
2019-08-12,QQQ,185.34,185.9,183.5,184.35,24642870.0
2019-08-13,QQQ,184.27,189.68,184.02,188.39,40473043.0
2019-08-14,QQQ,185.31,185.95,182.42,182.76,51000548.0
2019-08-15,QQQ,183.11,183.59,181.16,182.55,36848178.0
2019-08-16,QQQ,184.11,185.95,184.1,185.48,34785006.0
2019-08-19,QQQ,188.03,188.83,187.5,188.43,22568634.0
2019-08-20,QQQ,188.0,188.635,186.92,186.97,19939552.0
2019-08-21,QQQ,188.66,189.23,187.96,188.63,20745478.0
2019-08-22,QQQ,188.98,189.46,186.54,188.02,24270520.0
2019-08-23,QQQ,186.76,188.45,181.56,182.07,55442893.0
2019-08-26,QQQ,184.19,184.87,183.08,184.82,27689838.0
2019-08-27,QQQ,186.08,186.42,183.71,184.43,28080093.0
2019-08-28,QQQ,183.84,185.4,182.91,185.09,21848789.0
2019-08-29,QQQ,187.37,188.4562,186.675,187.92,25427207.0
2019-08-30,QQQ,188.94,188.97,186.41,187.47,26332749.0
2019-09-03,QQQ,186.26,187.18,185.03,185.65,28026617.0
2019-09-04,QQQ,187.43,188.49,186.9,188.33,21676335.0
2019-09-05,QQQ,190.39,192.325,190.34,191.78,34060994.0
2019-09-06,QQQ,192.03,192.17,191.17,191.59,19487821.0
2019-09-09,QQQ,192.18,192.27,190.215,191.19,24407580.0
2019-09-10,QQQ,190.19,190.74,188.91,190.64,23744687.0
2019-09-11,QQQ,190.98,192.53,190.56,192.43,25063617.0
2019-09-12,QQQ,193.64,194.71,192.97,193.23,28689878.0
2019-09-13,QQQ,192.95,193.4,192.29,192.54,27669795.0
2019-09-16,QQQ,191.3,192.08,191.11,191.68,20318987.0
2019-09-17,QQQ,191.7,192.6,191.29,192.6,21113675.0
2019-09-18,QQQ,192.2,192.6,190.11,192.52,31173056.0
2019-09-19,QQQ,192.86,194.035,192.47,192.84,26214873.0
2019-09-20,QQQ,193.11,193.31,190.16,190.8,30131528.0
2019-09-23,QQQ,190.36,191.07,189.72,190.5,22917563.0
2019-09-24,QQQ,191.37,191.79,187.151,187.97,41096614.0
2019-09-25,QQQ,187.79,190.58,186.21,190.08,36499191.0
2019-09-26,QQQ,189.87,190.0,187.98,189.38,27030029.0
2019-09-27,QQQ,189.7,189.83,185.75,187.03,40804222.0
2019-09-30,QQQ,187.75,189.11,187.4,188.81,26559841.0
2019-10-01,QQQ,189.54,190.5898,186.955,187.27,32665025.0
2019-10-02,QQQ,186.01,187.204,183.02,184.05,48931982.0
2019-10-03,QQQ,184.07,186.2065,181.82,186.07,39612315.0
2019-10-04,QQQ,186.99,189.08,186.88,188.81,32752668.0
2019-10-07,QQQ,188.23,189.74,187.91,188.24,21404580.0
2019-10-08,QQQ,187.01,187.8562,185.27,185.42,33201939.0
2019-10-09,QQQ,186.96,188.08,186.43,187.23,20829012.0
2019-10-10,QQQ,187.25,189.43,187.12,188.68,26693780.0
2019-10-11,QQQ,190.8,192.63,190.72,191.11,41428907.0
2019-10-14,QQQ,190.82,191.7,190.645,191.09,15372774.0
2019-10-15,QQQ,191.65,193.97,191.56,193.52,23735826.0
2019-10-16,QQQ,192.88,193.53,192.43,193.04,20689207.0
2019-10-17,QQQ,194.18,194.5,192.81,193.55,19161821.0
2019-10-18,QQQ,193.26,193.67,190.705,191.69,27719069.0
2019-10-21,QQQ,192.65,193.52,192.14,193.39,15868946.0
2019-10-22,QQQ,194.06,194.42,191.79,191.85,22988988.0
2019-10-23,QQQ,191.43,192.2582,191.15,192.22,15198327.0
2019-10-24,QQQ,193.62,194.21,192.74,194.09,19264220.0
2019-10-25,QQQ,193.09,195.74,193.05,195.64,21507115.0
2019-10-28,QQQ,196.57,197.83,196.55,197.57,18842303.0
2019-10-29,QQQ,197.24,197.535,196.01,196.04,18569675.0
2019-10-30,QQQ,196.42,197.32,195.29,196.99,21764311.0
2019-10-31,QQQ,197.56,197.65,195.94,197.08,26801803.0
2019-11-01,QQQ,197.93,198.88,197.63,198.87,22131875.0
2019-11-04,QQQ,200.19,200.5251,198.8658,200.1,19015855.0
2019-11-05,QQQ,200.35,200.55,199.55,200.21,15048864.0
2019-11-06,QQQ,199.98,200.0,198.785,199.76,19725486.0
2019-11-07,QQQ,200.76,201.72,199.85,200.43,17832355.0
2019-11-08,QQQ,200.02,201.25,199.54,201.23,15272516.0
2019-11-11,QQQ,200.23,201.0363,199.94,200.96,10187222.0
2019-11-12,QQQ,201.13,202.21,200.82,201.54,14778283.0
2019-11-13,QQQ,200.84,201.775,200.71,201.59,16110341.0
2019-11-14,QQQ,200.83,201.56,200.22,201.43,17055686.0
2019-11-15,QQQ,202.61,202.91,202.0,202.91,18434519.0
2019-11-18,QQQ,202.61,203.39,201.77,203.07,18408797.0
2019-11-19,QQQ,203.84,203.84,202.59,203.37,16997568.0
2019-11-20,QQQ,202.85,203.45,200.62,202.15,36706275.0
2019-11-21,QQQ,201.94,202.07,201.07,201.7,17934353.0
2019-11-22,QQQ,202.17,202.32,200.74,201.83,17197019.0
2019-11-25,QQQ,202.67,204.26,202.67,204.22,17794718.0
2019-11-26,QQQ,204.32,204.87,204.05,204.61,14812921.0
2019-11-27,QQQ,205.13,206.05,204.89,206.04,17060233.0
2019-11-29,QQQ,205.59,205.83,205.0,205.1,9854553.0
2019-12-02,QQQ,205.11,205.18,201.78,203.0,28121020.0
2019-12-03,QQQ,200.32,201.49,193.785,201.41,31425404.0
2019-12-04,QQQ,202.49,202.91,202.14,202.43,15336754.0
2019-12-05,QQQ,203.15,203.15,201.84,202.83,15038785.0
2019-12-06,QQQ,204.25,205.145,204.1501,205.0,16562247.0
2019-12-09,QQQ,204.63,205.5937,203.98,204.07,14032175.0
2019-12-10,QQQ,204.17,204.88,203.44,203.9,21849714.0
2019-12-11,QQQ,204.37,205.19,204.04,204.98,18897759.0
2019-12-12,QQQ,204.77,207.32,204.491,206.51,32704625.0
2019-12-13,QQQ,206.36,207.91,205.96,207.19,32534393.0
2019-12-16,QQQ,208.5,209.53,208.48,209.27,21366177.0
2019-12-17,QQQ,209.5,209.71,209.04,209.39,16034647.0
2019-12-18,QQQ,209.6,210.13,209.33,209.55,15490828.0
2019-12-19,QQQ,209.64,210.93,209.62,210.86,17892062.0
2019-12-20,QQQ,211.81,212.5186,211.27,211.71,27690934.0
2019-12-23,QQQ,212.03,212.15,211.63,211.81,23798671.0
2019-12-24,QQQ,211.97,212.09,211.44,211.92,7089020.0
2019-12-26,QQQ,212.26,213.81,212.23,213.79,17159310.0
2019-12-27,QQQ,214.55,214.56,213.04,213.61,18142239.0
2019-12-30,QQQ,213.51,213.63,211.16,212.21,21829913.0
2019-12-31,QQQ,211.62,212.76,211.2,212.61,18201585.0
2020-01-02,QQQ,214.4,216.16,213.98,216.16,31014904.0
2020-01-03,QQQ,213.29,215.47,213.28,214.18,27532657.0
2020-01-06,QQQ,212.49,215.59,212.24,215.56,21726989.0
2020-01-07,QQQ,215.64,216.14,214.85,215.53,23120994.0
2020-01-08,QQQ,215.47,218.14,215.16,217.15,26464212.0
2020-01-09,QQQ,218.91,219.41,217.7125,218.99,23641291.0
2020-01-10,QQQ,219.76,219.87,218.04,218.43,21914631.0
2020-01-13,QQQ,219.31,220.98,218.98,220.95,22846102.0
2020-01-14,QQQ,220.75,221.21,219.74,220.08,24573340.0
2020-01-15,QQQ,220.18,221.2,219.45,220.17,25742084.0
2020-01-16,QQQ,221.24,222.32,220.8,222.28,18804959.0
2020-01-17,QQQ,223.24,223.56,222.1221,223.38,24325167.0
2020-01-21,QQQ,222.73,223.84,222.66,223.28,21146264.0
2020-01-22,QQQ,224.38,225.15,223.59,223.87,20736403.0
2020-01-23,QQQ,223.71,224.69,222.7,224.59,26496113.0
2020-01-24,QQQ,225.62,225.88,221.6701,222.7,37436483.0
2020-01-27,QQQ,217.72,219.2845,217.18,218.1,42264418.0
2020-01-28,QQQ,219.6,221.96,219.06,221.45,26731876.0
2020-01-29,QQQ,222.66,222.93,220.83,221.81,29063128.0
2020-01-30,QQQ,220.37,222.7,219.6891,222.6,39568093.0
2020-01-31,QQQ,223.5,223.56,218.285,219.07,52015832.0
2020-02-03,QQQ,220.14,222.885,219.99,222.38,25468307.0
2020-02-04,QQQ,225.39,227.86,224.6523,227.47,30691211.0
2020-02-05,QQQ,230.22,230.25,226.85,228.22,38534817.0
2020-02-06,QQQ,228.77,230.25,227.98,230.19,22467077.0
2020-02-07,QQQ,229.16,230.44,228.54,229.2,25884933.0
2020-02-10,QQQ,228.43,231.98,228.38,231.97,21478925.0
2020-02-11,QQQ,233.21,234.02,231.3999,232.01,30197983.0
2020-02-12,QQQ,233.34,234.38,232.8,234.27,24471275.0
2020-02-13,QQQ,232.62,234.93,232.36,233.97,22773159.0
2020-02-14,QQQ,234.28,234.86,233.5501,234.64,23438530.0
2020-02-18,QQQ,233.47,235.17,233.25,234.73,24521242.0
2020-02-19,QQQ,236.07,237.47,235.85,236.98,22230464.0
2020-02-20,QQQ,236.46,236.95,231.88,234.78,42604016.0
2020-02-21,QQQ,233.64,234.01,229.3211,230.27,66058611.0
2020-02-24,QQQ,221.84,224.25,220.26,221.39,84522551.0
2020-02-25,QQQ,223.19,223.9879,214.74,215.37,97742982.0
2020-02-26,QQQ,216.67,220.28,214.9,216.48,80400053.0
2020-02-27,QQQ,211.05,216.4235,205.5,205.64,121822562.0
2020-02-28,QQQ,198.92,207.17,198.17,205.8,149247073.0
2020-03-02,QQQ,208.88,216.57,205.94,216.42,112933945.0
2020-03-03,QQQ,217.11,219.61,207.62,209.48,131953546.0
2020-03-04,QQQ,213.32,218.33,211.37,218.22,73086209.0
2020-03-05,QQQ,212.69,216.36,210.1,211.59,78705458.0
2020-03-06,QQQ,204.67,209.15,202.91,208.02,89828392.0
2020-03-09,QQQ,193.48,201.16,192.11,193.57,116423986.0
2020-03-10,QQQ,201.11,204.3,193.6802,204.11,100599233.0
2020-03-11,QQQ,199.35,200.75,192.73,195.22,89168783.0
2020-03-12,QQQ,182.09,190.78,176.94,177.32,137820698.0
2020-03-13,QQQ,187.07,194.48,178.13,192.34,134881981.0
2020-03-16,QQQ,174.15,184.68,169.16,169.3,92054386.0
2020-03-17,QQQ,175.47,184.39,169.78,182.14,121257108.0
2020-03-18,QQQ,171.605,179.22,166.8,176.6,114156320.0
2020-03-19,QQQ,175.69,183.49,171.63,177.66,120896481.0
2020-03-20,QQQ,181.74,182.87,170.1,170.7,118983891.0
2020-03-23,QQQ,170.92,174.21,164.93,170.46,124639782.0
2020-03-24,QQQ,179.91,183.83,177.95,183.66,94881785.0
2020-03-25,QQQ,184.42,189.51,179.98,182.3,88754909.0
2020-03-26,QQQ,183.87,192.72,183.61,191.9,79887564.0
2020-03-27,QQQ,186.93,190.5149,184.66,185.3,58844975.0
2020-03-30,QQQ,187.1,192.49,186.3406,192.04,49356936.0
2020-03-31,QQQ,191.53,195.25,189.2,190.4,62659265.0
2020-04-01,QQQ,184.81,187.66,180.86,182.31,53715375.0
2020-04-02,QQQ,181.59,190.1,180.97,186.01,56465348.0
2020-04-03,QQQ,185.5,187.0716,181.29,183.37,47487621.0
2020-04-06,QQQ,190.38,197.65,189.19,196.48,64763518.0
2020-04-07,QQQ,202.14,202.66,196.0,196.4,69904478.0
2020-04-08,QQQ,198.0835,201.17,196.1733,200.57,45940439.0
2020-04-09,QQQ,202.27,203.22,199.0281,200.86,68323929.0
2020-04-13,QQQ,199.92,203.42,198.75,203.03,42853948.0
2020-04-14,QQQ,207.17,212.5,206.42,211.86,63959563.0
2020-04-15,QQQ,208.48,211.8338,207.12,209.43,47035953.0
2020-04-16,QQQ,211.78,214.369,209.69,213.25,64657362.0
2020-04-17,QQQ,215.96,216.51,212.0801,215.29,62863223.0
2020-04-20,QQQ,213.27,215.88,212.57,212.74,38249128.0
2020-04-21,QQQ,210.63,211.16,203.63,204.89,72932771.0
2020-04-22,QQQ,209.14,212.35,208.33,210.97,40188772.0
2020-04-23,QQQ,211.8,214.435,210.095,210.52,43278542.0
2020-04-24,QQQ,210.94,214.3,209.5,213.84,34303365.0
2020-04-27,QQQ,216.18,216.63,214.5,215.56,36451698.0
2020-04-28,QQQ,217.27,217.32,211.21,211.5,46862816.0
2020-04-29,QQQ,216.21,219.97,215.14,219.0,48716406.0
2020-04-30,QQQ,220.01,220.04,217.35,218.91,43359476.0
2020-05-01,QQQ,214.54,216.67,211.68,212.74,48794968.0
2020-05-04,QQQ,211.61,215.45,211.12,215.22,32841020.0
2020-05-05,QQQ,217.4,220.14,216.85,217.66,37783075.0
2020-05-06,QQQ,219.37,221.04,218.11,219.0,36455218.0
2020-05-07,QQQ,221.75,222.73,220.42,221.82,38624836.0
2020-05-08,QQQ,223.55,225.0,222.48,224.86,31964416.0
2020-05-11,QQQ,223.5,227.93,223.25,226.87,35714128.0
2020-05-12,QQQ,227.48,228.095,222.09,222.12,41054123.0
2020-05-13,QQQ,222.65,224.61,216.71,219.34,65521208.0
2020-05-14,QQQ,218.12,221.87,215.99,221.83,51549345.0
2020-05-15,QQQ,218.77,223.33,218.33,223.27,55747208.0
2020-05-18,QQQ,226.28,228.68,225.47,227.43,42597551.0
2020-05-19,QQQ,227.66,229.85,226.71,226.86,36237303.0
2020-05-20,QQQ,229.48,231.76,229.48,231.39,37417000.0
2020-05-21,QQQ,231.49,232.135,228.34,228.87,43642908.0
2020-05-22,QQQ,228.46,229.87,227.5,229.66,28762389.0
2020-05-26,QQQ,233.44,233.57,228.79,229.04,33055346.0
2020-05-27,QQQ,228.51,230.41,223.94,230.29,55665565.0
2020-05-28,QQQ,229.05,233.47,229.05,229.99,43008478.0
2020-05-29,QQQ,230.43,233.6,228.76,233.36,50878596.0
2020-06-01,QQQ,232.4,234.45,232.0,234.06,26140125.0
2020-06-02,QQQ,234.42,235.69,232.01,235.63,33383415.0
2020-06-03,QQQ,236.23,237.47,235.35,236.69,37228701.0
2020-06-04,QQQ,236.32,237.79,233.68,235.03,38716097.0
2020-06-05,QQQ,236.06,240.297,235.63,239.69,47365569.0
2020-06-08,QQQ,239.54,241.68,237.91,241.55,32937305.0
2020-06-09,QQQ,240.66,244.18,240.47,243.3,35046254.0
2020-06-10,QQQ,245.0,247.815,244.51,246.22,58084410.0
2020-06-11,QQQ,242.29,243.59,233.96,234.02,72919442.0
2020-06-12,QQQ,239.09,240.4,231.74,235.88,72034787.0
2020-06-15,QQQ,232.44,239.45,231.47,238.75,45307371.0
2020-06-16,QQQ,243.78,244.39,239.1,242.85,48890095.0
2020-06-17,QQQ,244.4,245.5,242.73,243.62,34749268.0
2020-06-18,QQQ,243.29,244.53,242.49,244.28,30578648.0
2020-06-19,QQQ,246.74,247.0,242.45,244.24,49422112.0
2020-06-22,QQQ,243.77,246.87,243.38,246.74,24068676.0
2020-06-23,QQQ,248.39,251.15,247.82,248.84,32767370.0
2020-06-24,QQQ,247.99,249.325,242.16,243.71,46032376.0
2020-06-25,QQQ,243.91,246.34,241.14,246.03,36940811.0
2020-06-26,QQQ,245.75,245.96,239.68,240.22,52824554.0
2020-06-29,QQQ,239.98,242.85,237.35,242.84,34377800.0
2020-06-30,QQQ,242.77,248.16,242.58,247.6,38909219.0
2020-07-01,QQQ,247.66,251.52,247.0802,250.49,34689213.0
2020-07-02,QQQ,252.97,254.27,251.71,252.19,31956497.0
2020-07-06,QQQ,255.46,258.928,255.43,258.39,34589049.0
2020-07-07,QQQ,258.1,260.88,256.3,256.61,36578191.0
2020-07-08,QQQ,258.0,260.02,256.5,259.99,30426273.0
2020-07-09,QQQ,261.89,262.87,257.63,262.18,40312906.0
2020-07-10,QQQ,262.0,264.23,259.26,263.97,32885298.0
2020-07-13,QQQ,266.87,269.79,257.69,258.54,64108090.0
2020-07-14,QQQ,256.07,260.79,252.76,260.37,72230512.0
2020-07-15,QQQ,261.68,262.69,257.49,260.9,54523869.0
2020-07-16,QQQ,257.97,259.78,255.62,259.12,47594111.0
2020-07-17,QQQ,259.71,260.31,257.17,259.42,35137871.0
2020-07-20,QQQ,260.12,267.43,258.79,266.78,40610128.0
2020-07-21,QQQ,268.41,268.41,263.125,264.0,43442967.0
2020-07-22,QQQ,264.46,265.89,262.55,264.93,29865519.0
2020-07-23,QQQ,264.55,265.24,256.55,258.01,51363538.0
2020-07-24,QQQ,254.12,256.93,251.32,255.56,54054536.0
2020-07-27,QQQ,257.36,260.52,256.445,260.12,36445741.0
2020-07-28,QQQ,259.33,259.85,256.51,256.81,31302390.0
2020-07-29,QQQ,258.33,260.66,257.91,259.77,27556884.0
2020-07-30,QQQ,257.78,261.71,256.55,261.13,41774456.0
2020-07-31,QQQ,265.83,265.95,260.85,265.79,53756159.0
2020-08-03,QQQ,268.05,270.15,267.87,269.38,32081566.0
2020-08-04,QQQ,268.74,270.48,268.09,270.38,24911286.0
2020-08-05,QQQ,270.83,271.52,269.96,271.05,21685921.0
2020-08-06,QQQ,270.78,274.98,270.19,274.64,28048224.0
2020-08-07,QQQ,274.04,274.8818,269.245,271.47,44969356.0
2020-08-10,QQQ,271.74,271.98,266.67,270.31,35088373.0
2020-08-11,QQQ,269.1,270.44,264.63,265.19,43104323.0
2020-08-12,QQQ,267.37,272.84,267.37,271.86,38894272.0
2020-08-13,QQQ,272.64,274.83,271.51,272.48,31895717.0
2020-08-14,QQQ,273.01,273.4,270.72,272.16,30799494.0
2020-08-17,QQQ,273.91,275.84,272.1978,275.32,24802966.0
2020-08-18,QQQ,276.41,278.465,274.91,277.97,23529498.0
2020-08-19,QQQ,277.93,279.02,275.57,276.1,31999359.0
2020-08-20,QQQ,275.3,280.43,274.86,279.93,27723379.0
2020-08-21,QQQ,280.07,282.34,279.461,281.87,34748934.0
2020-08-24,QQQ,285.06,286.0,281.27,283.63,36418533.0
2020-08-25,QQQ,282.78,286.06,282.37,285.86,34866586.0
2020-08-26,QQQ,287.11,292.22,285.829,291.96,42216690.0
2020-08-27,QQQ,293.08,293.851,288.705,291.05,49482715.0
2020-08-28,QQQ,292.27,293.18,290.93,292.53,28021022.0
2020-08-31,QQQ,293.16,296.745,292.62,294.88,36321027.0
2020-09-01,QQQ,297.6,300.04,295.79,299.92,36395774.0
2020-09-02,QQQ,303.26,303.5,296.89,302.76,50836767.0
2020-09-03,QQQ,298.2,298.62,284.41,287.41,110083282.0
2020-09-04,QQQ,285.76,288.93,271.8,283.58,123958978.0
2020-09-08,QQQ,272.27,278.22,269.66,269.95,99568645.0
2020-09-09,QQQ,275.54,280.045,273.0,277.88,64837872.0
2020-09-10,QQQ,280.97,282.195,270.56,272.34,69667462.0
2020-09-11,QQQ,274.33,275.22,266.9,270.45,71809014.0
2020-09-14,QQQ,274.28,277.22,272.96,275.16,38525194.0
2020-09-15,QQQ,278.9,280.45,275.1332,279.06,41849926.0
2020-09-16,QQQ,279.77,280.36,274.25,274.61,42435626.0
2020-09-17,QQQ,267.52,274.3955,266.68,270.32,81570844.0
2020-09-18,QQQ,271.62,272.09,262.63,266.87,86251117.0
2020-09-21,QQQ,262.52,267.65,260.11,267.51,57168570.0
2020-09-22,QQQ,270.05,273.08,266.54,272.48,41128886.0
2020-09-23,QQQ,272.15,272.34,263.2502,264.16,48837270.0
2020-09-24,QQQ,261.58,268.7,261.22,265.39,70631704.0
2020-09-25,QQQ,265.82,272.395,264.2999,271.56,55242376.0
2020-09-28,QQQ,276.615,277.2,271.674,277.2,58438286.0
2020-09-29,QQQ,276.72,277.71,275.3719,275.95,27178921.0
2020-09-30,QQQ,276.09,281.09,275.8717,277.84,49380802.0
2020-10-01,QQQ,281.79,282.8794,279.84,282.25,50020223.0
2020-10-02,QQQ,276.01,282.2412,273.44,274.31,75497391.0
2020-10-05,QQQ,276.34,280.49,276.23,280.16,28184581.0
2020-10-06,QQQ,279.29,281.19,274.25,275.16,49704236.0
2020-10-07,QQQ,277.83,280.74,277.28,279.92,27539663.0
2020-10-08,QQQ,282.32,282.47,280.31,281.41,25443287.0
2020-10-09,QQQ,283.09,285.79,282.71,285.71,30201144.0
2020-10-12,QQQ,290.6,297.46,289.47,294.53,79370657.0
2020-10-13,QQQ,296.34,297.0496,293.11,294.52,64240031.0
2020-10-14,QQQ,295.32,296.35,290.26,292.06,37181227.0
2020-10-15,QQQ,287.25,290.71,286.54,290.1,42514177.0
2020-10-16,QQQ,291.8,293.269,288.15,288.51,40570702.0
2020-10-19,QQQ,290.49,291.48,282.79,283.8,36756754.0
2020-10-20,QQQ,284.56,287.62,282.95,284.41,32195361.0
2020-10-21,QQQ,284.67,287.32,283.69,284.19,29306137.0
2020-10-22,QQQ,285.05,285.98,280.82,284.18,32196162.0
2020-10-23,QQQ,284.79,284.91,281.7818,284.74,24658542.0
2020-10-26,QQQ,282.32,285.3,276.76,280.47,38421094.0
2020-10-27,QQQ,281.42,283.505,280.2,282.66,30559123.0
2020-10-28,QQQ,278.13,278.6401,271.38,271.64,53413523.0
2020-10-29,QQQ,273.04,279.49,272.52,276.39,43246302.0
2020-10-30,QQQ,274.375,275.24,267.07,269.38,65935893.0
2020-11-02,QQQ,271.73,273.52,266.97,269.98,39987409.0
2020-11-03,QQQ,271.86,276.82,270.84,274.65,43604145.0
2020-11-04,QQQ,283.56,288.77,281.87,286.91,75728206.0
2020-11-05,QQQ,293.41,295.39,292.0,294.39,52054186.0
2020-11-06,QQQ,293.58,295.36,289.83,294.61,40959764.0
2020-11-09,QQQ,297.31,299.14,288.12,288.59,86537071.0
2020-11-10,QQQ,285.26,286.6599,280.62,283.42,69024878.0
2020-11-11,QQQ,285.92,290.25,283.38,289.76,36102931.0
2020-11-12,QQQ,290.72,292.074,287.25,288.4,34516826.0
2020-11-13,QQQ,290.01,291.57,287.8701,290.93,24880582.0
2020-11-16,QQQ,290.68,293.51,289.99,293.2,30168361.0
2020-11-17,QQQ,293.4,293.74,291.61,292.27,21843463.0
2020-11-18,QQQ,291.7,293.37,290.02,290.11,28069619.0
2020-11-19,QQQ,289.48,292.7,288.85,292.38,22718422.0
2020-11-20,QQQ,292.3,293.065,290.29,290.38,25907308.0
2020-11-23,QQQ,291.41,292.75,288.07,290.39,26875588.0
2020-11-24,QQQ,291.49,294.98,289.63,294.47,24516791.0
2020-11-25,QQQ,295.44,296.94,294.59,296.28,23326826.0
2020-11-27,QQQ,298.29,300.17,297.9,299.01,17163115.0
2020-11-30,QQQ,299.3,299.97,294.78,299.62,27836232.0
2020-12-01,QQQ,301.87,305.14,300.83,303.46,27642640.0
2020-12-02,QQQ,302.22,304.195,300.35,303.85,23620003.0
2020-12-03,QQQ,304.07,305.88,303.531,304.28,22828727.0
2020-12-04,QQQ,304.33,305.67,303.63,305.52,19332081.0
2020-12-07,QQQ,305.71,307.63,305.52,307.25,20850969.0
2020-12-08,QQQ,306.76,308.6,304.95,308.29,18341464.0
2020-12-09,QQQ,308.07,308.36,300.21,301.31,48839306.0
2020-12-10,QQQ,299.21,303.68,298.09,302.52,27519544.0
2020-12-11,QQQ,300.81,301.98,298.47,301.85,26760416.0
2020-12-14,QQQ,303.08,306.05,303.01,304.04,28804832.0
2020-12-15,QQQ,306.37,307.29,304.11,307.29,25790455.0
2020-12-16,QQQ,307.7,309.785,306.621,308.98,25461890.0
2020-12-17,QQQ,310.63,311.24,309.39,311.0,23730524.0
2020-12-18,QQQ,311.66,311.98,307.61,310.06,41173392.0
2020-12-21,QQQ,306.46,309.47,303.6,308.92,37095480.0
2020-12-22,QQQ,309.85,310.7105,306.845,309.76,26378343.0
2020-12-23,QQQ,309.81,310.18,308.035,308.2,21201280.0
2020-12-24,QQQ,308.47,310.02,308.39,309.56,16784997.0
2020-12-28,QQQ,312.25,313.17,310.36,312.68,22497745.0
2020-12-29,QQQ,314.05,314.685,312.03,312.96,25871925.0
2020-12-30,QQQ,314.16,314.49,312.33,312.97,18138071.0
2020-12-31,QQQ,312.87,314.24,311.76,313.74,21611412.0
2021-01-04,QQQ,315.11,315.29,305.18,309.31,45305898.0
2021-01-05,QQQ,308.29,312.14,308.29,311.86,29323409.0
2021-01-06,QQQ,307.0,311.88,305.98,307.54,52809622.0
2021-01-07,QQQ,310.28,315.84,310.25,314.98,30394826.0
2021-01-08,QQQ,317.34,319.39,315.0814,319.03,33955847.0
2021-01-11,QQQ,315.98,317.19,313.75,314.42,32869095.0
2021-01-12,QQQ,314.46,315.58,311.2,313.92,29266762.0
2021-01-13,QQQ,314.19,316.86,313.57,316.04,22898417.0
2021-01-14,QQQ,316.5,317.53,313.8616,314.35,23500129.0
2021-01-15,QQQ,314.13,315.12,310.58,311.86,35118718.0
2021-01-19,QQQ,314.25,316.93,313.12,316.41,24537049.0
2021-01-20,QQQ,320.14,324.74,316.509,323.77,30728096.0
2021-01-21,QQQ,325.15,327.13,323.73,326.36,25316935.0
2021-01-22,QQQ,325.29,326.46,324.71,325.42,21609444.0
2021-01-25,QQQ,328.91,330.32,321.41,328.11,39080644.0
2021-01-26,QQQ,328.85,329.76,327.22,328.59,25498112.0
2021-01-27,QQQ,326.26,326.27,317.36,319.43,55263985.0
2021-01-28,QQQ,320.67,326.42,320.03,321.32,42836324.0
2021-01-29,QQQ,319.58,320.7193,312.76,314.56,55259018.0
2021-02-01,QQQ,318.11,323.54,316.02,322.42,35646008.0
2021-02-02,QQQ,325.48,328.87,325.31,327.68,33930844.0
2021-02-03,QQQ,329.82,330.195,326.32,326.38,24824518.0
2021-02-04,QQQ,327.82,330.33,326.46,330.24,22350947.0
2021-02-05,QQQ,331.22,332.4025,329.53,331.36,22731960.0
2021-02-08,QQQ,333.1,333.74,331.41,333.58,20462812.0
2021-02-09,QQQ,332.62,334.81,332.61,333.51,17597478.0
2021-02-10,QQQ,334.99,335.46,329.5,332.75,28068700.0
2021-02-11,QQQ,334.33,335.0,332.12,334.58,22046071.0
2021-02-12,QQQ,333.71,336.62,332.63,336.45,20346819.0
2021-02-16,QQQ,337.27,338.19,334.34,335.54,27080777.0
2021-02-17,QQQ,332.47,335.657,330.17,333.93,31467456.0
2021-02-18,QQQ,330.23,333.8661,328.36,332.47,32236240.0
2021-02-19,QQQ,333.86,333.99,329.97,331.02,39157677.0
2021-02-22,QQQ,326.5,327.8,322.23,322.44,47256944.0
2021-02-23,QQQ,317.0,323.2,311.0,321.48,97241936.0
2021-02-24,QQQ,318.74,324.45,315.96,324.13,58206272.0
2021-02-25,QQQ,321.39,324.03,311.24,312.83,110182582.0
2021-02-26,QQQ,315.85,319.11,310.88,314.14,104739841.0
2021-03-01,QQQ,319.27,323.94,317.935,323.59,49164518.0
2021-03-02,QQQ,324.25,324.33,318.14,318.4,48370034.0
2021-03-03,QQQ,317.27,318.24,309.1,309.16,86301073.0
2021-03-04,QQQ,308.78,312.04,300.11,304.1,139131582.0
2021-03-05,QQQ,306.795,309.609,297.45,308.68,121523726.0
2021-03-08,QQQ,308.12,310.06,299.51,299.94,88409781.0
2021-03-09,QQQ,307.47,313.73,306.92,311.77,80391114.0
2021-03-10,QQQ,316.16,316.47,310.17,310.88,76798065.0
2021-03-11,QQQ,315.77,319.86,314.85,318.04,53484804.0
2021-03-12,QQQ,313.86,318.2302,311.391,315.46,69315601.0
2021-03-15,QQQ,315.79,319.0,314.095,318.83,43123176.0
2021-03-16,QQQ,321.09,324.2,319.1,320.58,54925896.0
2021-03-17,QQQ,317.45,323.85,315.68,321.9,78258729.0
2021-03-18,QQQ,316.87,317.8801,311.57,312.04,82942269.0
2021-03-19,QQQ,311.87,314.73,309.6601,313.14,78446204.0
2021-03-22,QQQ,315.21,320.74,315.21,318.61,56194755.0
2021-03-23,QQQ,319.73,321.09,316.375,317.22,53455411.0
2021-03-24,QQQ,318.63,318.67,311.72,311.87,64803729.0
2021-03-25,QQQ,309.968,312.885,307.3899,311.33,78729008.0
2021-03-26,QQQ,311.11,316.33,309.67,316.0,63519634.0
2021-03-29,QQQ,315.45,316.99,312.47,315.91,54607963.0
2021-03-30,QQQ,313.89,314.91,311.54,314.32,44635676.0
2021-03-31,QQQ,316.16,320.74,315.81,319.13,55032535.0
2021-04-01,QQQ,323.07,324.71,322.81,324.57,55685602.0
2021-04-05,QQQ,327.13,331.84,324.6375,331.05,42172475.0
2021-04-06,QQQ,330.73,332.83,330.02,330.82,33537210.0
2021-04-07,QQQ,330.33,332.48,329.37,331.62,32046381.0
2021-04-08,QQQ,334.56,335.27,333.7399,335.08,29940799.0
2021-04-09,QQQ,333.68,337.32,332.92,337.11,36664892.0
2021-04-12,QQQ,336.04,337.1,334.73,336.67,25833013.0
2021-04-13,QQQ,338.24,341.08,338.02,340.6,30374033.0
2021-04-14,QQQ,340.85,340.98,335.67,336.51,42564337.0
2021-04-15,QQQ,339.47,342.01,336.2153,341.61,36342821.0
2021-04-16,QQQ,342.15,342.23,340.08,342.01,40860099.0
2021-04-19,QQQ,340.39,341.58,336.9016,338.88,34533129.0
2021-04-20,QQQ,338.2,339.52,334.3816,336.41,38081818.0
2021-04-21,QQQ,335.09,339.48,333.97,339.29,36598082.0
2021-04-22,QQQ,338.89,339.9,334.01,335.2,45936143.0
2021-04-23,QQQ,335.85,340.767,335.85,339.42,36414916.0
2021-04-26,QQQ,339.67,341.92,338.9,341.63,30811968.0
2021-04-27,QQQ,341.93,342.15,339.17,340.15,33187183.0
2021-04-28,QQQ,339.81,340.85,338.3301,339.0,33615696.0
2021-04-29,QQQ,342.37,342.8,336.9001,340.22,37708884.0
2021-04-30,QQQ,337.7,340.26,337.05,337.99,38263421.0
2021-05-03,QQQ,339.23,340.0,335.73,336.19,29729730.0
2021-05-04,QQQ,333.56,333.89,326.21,330.14,65146972.0
2021-05-05,QQQ,332.25,333.14,328.23,329.03,46219307.0
2021-05-06,QQQ,328.76,331.67,326.45,331.51,46814283.0
2021-05-07,QQQ,334.37,336.65,331.6914,334.2,53324460.0
2021-05-10,QQQ,332.78,332.96,325.55,325.76,60700462.0
2021-05-11,QQQ,319.7,326.1299,319.02,325.31,71963612.0
2021-05-12,QQQ,320.23,322.62,316.0,316.89,91164855.0
2021-05-13,QQQ,319.92,322.4,316.9,319.34,69877765.0
2021-05-14,QQQ,322.6,327.33,322.08,326.39,44370015.0
2021-05-17,QQQ,324.63,326.3721,321.45,324.41,39394997.0
2021-05-18,QQQ,325.39,326.65,321.94,322.22,36528454.0
2021-05-19,QQQ,316.66,322.9,316.3,322.59,66319108.0
2021-05-20,QQQ,324.12,329.71,323.89,328.83,46466135.0
2021-05-21,QQQ,330.43,330.86,326.64,327.01,50330449.0
2021-05-24,QQQ,329.37,333.67,326.9032,332.51,32475771.0
2021-05-25,QQQ,334.07,334.81,331.755,332.97,31280314.0
2021-05-26,QQQ,333.66,334.61,332.95,334.13,25444932.0
2021-05-27,QQQ,333.67,334.54,332.67,332.88,27931747.0
2021-05-28,QQQ,334.12,335.5699,333.6,333.93,29927449.0
2021-06-01,QQQ,335.3,335.785,331.43,332.82,31145424.0
2021-06-02,QQQ,333.25,334.34,331.695,333.47,22047940.0
2021-06-03,QQQ,330.55,331.86,328.28,330.0,37057825.0
2021-06-04,QQQ,331.85,336.0582,331.78,335.6,38736545.0
2021-06-07,QQQ,335.05,336.66,334.34,336.6,32611852.0
2021-06-08,QQQ,338.395,339.29,335.03,336.76,27282819.0
2021-06-09,QQQ,338.17,338.97,336.651,336.84,21485319.0
2021-06-10,QQQ,337.19,340.46,336.73,340.35,33702067.0
2021-06-11,QQQ,340.36,341.25,339.69,341.24,21222830.0
2021-06-14,QQQ,341.68,344.52,340.46,344.51,27827716.0
2021-06-15,QQQ,344.15,344.47,341.52,342.26,35963780.0
2021-06-16,QQQ,342.74,343.84,337.45,341.01,55399538.0
2021-06-17,QQQ,339.97,346.38,339.92,345.34,59722700.0
2021-06-18,QQQ,343.63,344.8082,341.86,342.63,55414862.0
2021-06-21,QQQ,342.43,344.69,340.15,344.36,32992649.0
2021-06-22,QQQ,344.15,348.03,343.84,347.57,28941626.0
2021-06-23,QQQ,347.51,348.92,346.88,347.74,27188454.0
2021-06-24,QQQ,349.73,351.46,349.17,349.89,32581605.0
2021-06-25,QQQ,350.47,350.72,348.84,349.46,28682801.0
2021-06-28,QQQ,350.78,353.85,350.72,353.71,39130305.0
2021-06-29,QQQ,353.53,355.0199,352.67,354.99,29426039.0
2021-06-30,QQQ,354.83,355.23,353.83,354.43,32723964.0
2021-07-01,QQQ,354.07,355.09,352.68,354.57,29289978.0
2021-07-02,QQQ,356.52,358.97,356.28,358.64,32727244.0
2021-07-06,QQQ,359.26,360.48,356.49,360.19,38842397.0
2021-07-07,QQQ,362.45,362.76,358.94,360.95,35265242.0
2021-07-08,QQQ,355.74,359.65,354.42,358.77,50890021.0
2021-07-09,QQQ,358.17,361.5,357.57,361.01,35184534.0
2021-07-12,QQQ,362.45,362.89,360.83,362.42,25717677.0
2021-07-13,QQQ,362.03,365.465,361.54,362.42,39723015.0
2021-07-14,QQQ,364.83,365.49,362.22,363.07,35336350.0
2021-07-15,QQQ,362.98,363.19,358.46,360.52,53391557.0
2021-07-16,QQQ,361.4,362.41,357.24,357.6,47261961.0
2021-07-19,QQQ,354.05,355.18,352.04,354.67,64404625.0
2021-07-20,QQQ,355.63,360.28,353.8,358.79,42183702.0
2021-07-21,QQQ,358.35,361.56,358.12,361.56,30259860.0
2021-07-22,QQQ,361.77,363.96,361.77,363.95,30252240.0
2021-07-23,QQQ,365.31,368.485,363.9157,368.2,31960799.0
2021-07-26,QQQ,367.49,368.89,366.601,368.49,28438126.0
2021-07-27,QQQ,368.22,368.22,360.16,364.43,57933148.0
2021-07-28,QQQ,365.6,367.45,363.24,365.83,42066195.0
2021-07-29,QQQ,365.25,367.6794,365.25,366.48,25672533.0
2021-07-30,QQQ,362.44,365.17,362.41,364.57,36484649.0
2021-08-02,QQQ,366.28,366.88,363.87,364.6,27334097.0
2021-08-03,QQQ,365.28,366.93,362.0,366.81,35558511.0
2021-08-04,QQQ,366.77,368.32,365.63,367.34,29602236.0
2021-08-05,QQQ,368.18,369.91,367.45,369.67,21443925.0
2021-08-06,QQQ,368.37,369.37,366.905,368.05,33332107.0
2021-08-09,QQQ,368.52,369.27,367.39,368.73,25960245.0
2021-08-10,QQQ,369.26,369.56,365.62,366.84,35130796.0
2021-08-11,QQQ,368.14,368.65,364.84,366.21,34249812.0
2021-08-12,QQQ,365.69,367.9,364.295,367.53,26003877.0
2021-08-13,QQQ,367.89,369.16,367.38,368.82,19336190.0
2021-08-16,QQQ,367.67,369.02,363.7,368.98,35044107.0
2021-08-17,QQQ,366.15,367.15,363.23,365.73,44793902.0
2021-08-18,QQQ,365.18,366.62,361.865,362.21,38541940.0
2021-08-19,QQQ,360.22,365.68,359.96,363.96,48499368.0
2021-08-20,QQQ,365.06,368.14,364.74,367.73,39486034.0
2021-08-23,QQQ,368.8,373.935,368.79,373.23,34034744.0
2021-08-24,QQQ,373.84,374.99,373.36,374.37,21732913.0
2021-08-25,QQQ,374.63,375.39,373.855,374.8,20441880.0
2021-08-26,QQQ,373.92,374.62,371.97,372.42,29133325.0
2021-08-27,QQQ,373.07,376.56,372.57,376.04,27104749.0
2021-08-30,QQQ,376.85,380.76,376.83,380.26,27295665.0
2021-08-31,QQQ,380.51,380.579,378.36,379.95,29628175.0
2021-09-01,QQQ,381.04,382.71,380.37,380.58,28138311.0
2021-09-02,QQQ,381.97,382.31,379.15,380.4,25503535.0
2021-09-03,QQQ,379.22,381.98,379.2003,381.57,24624937.0
2021-09-07,QQQ,381.68,382.778,380.4882,382.11,23970203.0
2021-09-08,QQQ,381.93,381.93,378.45,380.78,32949159.0
2021-09-09,QQQ,381.01,382.15,379.22,379.47,29398978.0
2021-09-10,QQQ,381.23,381.97,376.245,376.59,40249405.0
2021-09-13,QQQ,378.99,379.43,374.22,376.33,48741781.0
2021-09-14,QQQ,377.86,378.61,374.28,375.26,41826624.0
2021-09-15,QQQ,375.73,378.41,373.37,378.05,34097865.0
2021-09-16,QQQ,376.68,378.9,374.695,378.31,35193083.0
2021-09-17,QQQ,377.82,377.87,372.76,373.83,60912267.0
2021-09-20,QQQ,367.46,369.25,360.93,365.7,76203202.0
2021-09-21,QQQ,367.58,368.81,364.99,366.15,41927483.0
2021-09-22,QQQ,367.09,371.07,365.9584,369.57,46972920.0
2021-09-23,QQQ,370.76,374.04,370.099,372.98,44652002.0
2021-09-24,QQQ,370.65,373.76,370.27,373.33,36056800.0
2021-09-27,QQQ,370.2,371.2516,367.73,370.35,43338079.0
2021-09-28,QQQ,365.67,370.302,359.35,359.87,97701632.0
2021-09-29,QQQ,361.17,363.37,358.635,359.28,58076621.0
2021-09-30,QQQ,360.97,362.68,357.1,357.96,61384577.0
2021-10-01,QQQ,358.6,361.25,354.38,360.18,56375488.0
2021-10-04,QQQ,358.52,358.86,350.32,352.62,76766005.0
2021-10-05,QQQ,353.71,359.69,353.48,357.38,47232904.0
2021-10-06,QQQ,354.08,359.95,353.15,359.67,56806536.0
2021-10-07,QQQ,362.8,365.69,362.25,362.97,39411172.0
2021-10-08,QQQ,364.08,364.3166,360.61,361.16,41822309.0
2021-10-11,QQQ,359.58,363.2,358.3,358.39,34847182.0
2021-10-12,QQQ,359.88,360.33,356.48,357.14,43905101.0
2021-10-13,QQQ,359.51,360.69,357.43,360.0,40120795.0
2021-10-14,QQQ,363.69,366.85,363.01,366.63,43433867.0
2021-10-15,QQQ,367.88,369.06,366.82,368.94,40419878.0
2021-10-18,QQQ,367.61,372.87,366.99,372.65,34513514.0
2021-10-19,QQQ,373.75,375.52,372.6974,375.47,29090963.0
2021-10-20,QQQ,375.94,376.565,373.46,374.98,31390338.0
2021-10-21,QQQ,374.16,377.47,373.85,377.27,25469277.0
2021-10-22,QQQ,375.98,376.97,372.385,374.1,36275822.0
2021-10-25,QQQ,375.56,378.87,373.56,377.93,32597804.0
2021-10-26,QQQ,380.23,382.71,377.905,379.12,47191279.0
2021-10-27,QQQ,379.58,383.15,379.31,380.0,45760496.0
2021-10-28,QQQ,381.95,384.48,381.155,384.22,38007005.0
2021-10-29,QQQ,381.06,386.28,380.7,386.11,37310116.0
2021-11-01,QQQ,386.56,387.56,384.42,387.43,30765303.0
2021-11-02,QQQ,386.8,389.54,386.75,389.05,25135292.0
2021-11-03,QQQ,389.55,393.61,388.48,393.18,33748901.0
2021-11-04,QQQ,394.48,399.2,393.92,398.22,40265313.0
2021-11-05,QQQ,400.04,400.99,397.16,398.6,43383802.0
2021-11-08,QQQ,398.57,399.62,397.4,398.06,29256270.0
2021-11-09,QQQ,399.16,399.57,393.92,395.32,50490720.0
2021-11-10,QQQ,392.47,395.36,387.53,389.51,54937385.0
2021-11-11,QQQ,392.57,392.75,390.24,390.59,32242983.0
2021-11-12,QQQ,391.77,395.25,390.13,394.7,34730564.0
2021-11-15,QQQ,395.91,396.24,392.095,394.61,33716861.0
2021-11-16,QQQ,393.86,397.93,393.66,397.42,27872940.0
2021-11-17,QQQ,397.75,399.7196,396.64,397.63,28703263.0
2021-11-18,QQQ,399.73,402.27,397.45,401.75,45721515.0
2021-11-19,QQQ,403.43,405.3,402.58,403.99,45191721.0
2021-11-22,QQQ,405.57,408.71,399.19,399.3,61715370.0
2021-11-23,QQQ,398.11,400.23,392.92,397.48,70098736.0
2021-11-24,QQQ,394.93,399.05,392.54,398.76,46954382.0
2021-11-26,QQQ,396.11,397.54,389.77,391.2,51533314.0
2021-11-29,QQQ,395.89,400.73,395.14,399.69,54447106.0
2021-11-30,QQQ,398.78,401.19,391.75,393.82,81332693.0
2021-12-01,QQQ,398.28,400.48,386.64,387.12,78379245.0
2021-12-02,QQQ,385.8,391.74,384.34,389.91,84416623.0
2021-12-03,QQQ,391.31,392.34,378.9,383.13,105349104.0
2021-12-06,QQQ,383.63,387.6,379.3,386.2,67588801.0
2021-12-07,QQQ,393.03,398.46,392.99,397.83,56005264.0
2021-12-08,QQQ,398.17,399.82,396.22,399.61,39204041.0
2021-12-09,QQQ,398.35,400.2,393.5299,393.73,49973714.0
2021-12-10,QQQ,396.62,398.28,393.36,398.01,52545767.0
2021-12-13,QQQ,398.0,398.325,391.88,392.26,50166410.0
2021-12-14,QQQ,387.3,390.09,383.63,388.2,75199181.0
2021-12-15,QQQ,387.94,397.4198,383.88,397.05,73858028.0
2021-12-16,QQQ,398.04,398.475,385.21,386.84,82591368.0
2021-12-17,QQQ,383.33,389.19,381.77,384.91,81642848.0
2021-12-20,QQQ,379.565,381.5,377.47,380.69,65336827.0
2021-12-21,QQQ,384.05,389.53,380.201,389.21,48899477.0
2021-12-22,QQQ,388.91,394.16,388.23,393.95,37042200.0
2021-12-23,QQQ,394.31,398.425,394.14,396.92,29595536.0
2021-12-27,QQQ,398.25,403.48,398.2194,403.48,32820705.0
2021-12-28,QQQ,404.4,404.58,400.71,401.61,33113728.0
2021-12-29,QQQ,401.75,403.05,399.11,401.55,32248484.0
2021-12-30,QQQ,401.33,403.5699,399.75,400.35,23850065.0
2021-12-31,QQQ,399.66,401.0589,397.34,397.85,34752884.0
2022-01-03,QQQ,399.05,401.94,396.88,401.68,40575854.0
2022-01-04,QQQ,402.24,402.28,393.288,396.47,58027206.0
2022-01-05,QQQ,394.74,395.89,384.03,384.29,75739847.0
2022-01-06,QQQ,382.42,387.35,380.13,384.02,70814324.0
2022-01-07,QQQ,384.03,385.76,378.04,379.86,72652304.0
2022-01-10,QQQ,374.82,380.64,369.31,380.11,91770497.0
2022-01-11,QQQ,379.355,385.9899,377.2182,385.82,68295698.0
2022-01-12,QQQ,388.46,390.2,385.01,387.35,54576366.0
2022-01-13,QQQ,388.77,389.47,376.7,377.66,77993962.0
2022-01-14,QQQ,375.07,380.35,374.86,380.01,80121210.0
2022-01-18,QQQ,374.04,376.22,369.7704,370.55,75812296.0
2022-01-19,QQQ,372.15,374.69,366.21,366.48,81791482.0
2022-01-20,QQQ,369.79,373.87,361.17,361.72,88610680.0
2022-01-21,QQQ,359.47,362.18,351.4,351.69,143388920.0
2022-01-24,QQQ,345.905,353.98,334.15,353.3,199448109.0
2022-01-25,QQQ,346.67,351.0295,341.68,345.11,124398394.0
2022-01-26,QQQ,352.91,356.88,340.78,344.57,146559524.0
2022-01-27,QQQ,349.4,351.27,340.05,341.1,95255656.0
2022-01-28,QQQ,343.03,352.02,337.95,351.8,108167897.0
2022-01-31,QQQ,353.2,363.65,351.52,363.05,94326389.0
2022-02-01,QQQ,364.43,366.19,359.14,365.52,74433023.0
2022-02-02,QQQ,369.76,370.1,364.285,368.49,78777135.0
2022-02-03,QQQ,358.53,361.93,352.46,353.55,95384771.0
2022-02-04,QQQ,354.08,361.4,351.97,358.01,86318301.0
2022-02-07,QQQ,358.62,361.05,353.84,355.13,58198087.0
2022-02-08,QQQ,353.96,360.24,352.8,359.12,64720897.0
2022-02-09,QQQ,363.76,366.81,362.12,366.73,55766422.0
2022-02-10,QQQ,359.52,366.4885,356.54,358.43,112468483.0
2022-02-11,QQQ,358.43,360.07,345.8,347.06,101569102.0
2022-02-14,QQQ,346.49,350.98,343.89,347.49,80254439.0
2022-02-15,QQQ,352.91,356.37,351.82,356.13,55390805.0
2022-02-16,QQQ,353.82,357.0896,350.71,356.04,58947086.0
2022-02-17,QQQ,352.74,353.46,345.02,345.45,61801353.0
2022-02-18,QQQ,346.41,346.81,339.14,341.51,80001513.0
2022-02-22,QQQ,338.49,344.04,334.35,338.08,85967095.0
2022-02-23,QQQ,341.32,342.183,329.1,329.42,86215371.0
2022-02-24,QQQ,318.84,341.04,318.26,340.49,130614053.0
2022-02-25,QQQ,341.31,345.98,337.39,345.77,78842088.0
2022-02-28,QQQ,342.51,348.54,341.32,346.8,77515544.0
2022-03-01,QQQ,345.75,348.078,338.9,341.49,67407000.0
2022-03-02,QQQ,343.08,348.59,340.24,347.22,70609015.0
2022-03-03,QQQ,349.93,350.04,340.35,342.26,71089385.0
2022-03-04,QQQ,339.84,341.31,334.92,337.3,77009763.0
2022-03-07,QQQ,337.29,338.48,324.65,324.86,89933794.0
2022-03-08,QQQ,324.05,333.21,319.94,323.35,116153921.0
2022-03-09,QQQ,331.75,336.38,329.09,334.99,64723366.0
2022-03-10,QQQ,330.82,332.51,326.71,331.27,69362714.0
2022-03-11,QQQ,334.32,334.64,323.9,324.4,66228432.0
2022-03-14,QQQ,323.13,326.59,317.45,318.17,79802606.0
2022-03-15,QQQ,320.88,328.95,319.23,328.15,76470991.0
2022-03-16,QQQ,332.17,340.44,328.401,340.32,105242954.0
2022-03-17,QQQ,338.37,344.5,337.0406,344.44,67809951.0
2022-03-18,QQQ,342.74,351.79,341.55,351.49,85446347.0
2022-03-21,QQQ,350.2,352.48,345.575,350.08,73799072.0
2022-03-22,QQQ,350.59,357.85,350.2,356.96,63345928.0
2022-03-23,QQQ,354.01,357.66,351.77,351.83,70615457.0
2022-03-24,QQQ,353.8,359.7,351.5939,359.65,53555251.0
2022-03-25,QQQ,359.59,360.67,354.9438,359.35,57584158.0
2022-03-28,QQQ,359.34,365.01,358.07,364.91,56833866.0
2022-03-29,QQQ,368.9,371.83,366.06,371.19,68072955.0
2022-03-30,QQQ,369.275,370.98,365.57,367.09,68757710.0
2022-03-31,QQQ,367.24,367.6,361.68,362.54,67011405.0
2022-04-01,QQQ,362.81,363.61,358.59,361.85,54527761.0
2022-04-04,QQQ,362.71,369.31,362.44,369.3,45950171.0
2022-04-05,QQQ,367.81,368.54,359.93,361.1,62738661.0
2022-04-06,QQQ,355.65,356.78,350.56,353.26,90077072.0
2022-04-07,QQQ,352.24,356.35,348.69,354.1,63777373.0
2022-04-08,QQQ,352.32,353.09,348.5,349.15,61956094.0
2022-04-11,QQQ,344.81,345.75,340.535,340.89,66107401.0
2022-04-12,QQQ,345.76,347.69,338.035,339.45,72790215.0
2022-04-13,QQQ,339.8,347.43,339.06,346.35,61367755.0
2022-04-14,QQQ,346.44,346.97,338.21,338.43,73519367.0
2022-04-18,QQQ,337.35,341.04,335.791,338.69,58560555.0
2022-04-19,QQQ,338.03,346.85,336.98,346.26,56515684.0
2022-04-20,QQQ,347.09,347.56,339.96,341.21,65500022.0
2022-04-21,QQQ,345.19,347.87,333.2,334.15,75801008.0
2022-04-22,QQQ,334.31,335.56,324.96,325.4,82562145.0
2022-04-25,QQQ,323.73,329.9,322.43,329.58,101755856.0
2022-04-26,QQQ,327.47,327.66,316.855,317.14,105819629.0
2022-04-27,QQQ,317.24,322.88,315.0,316.76,111204164.0
2022-04-28,QQQ,321.85,329.89,317.52,328.01,99449957.0
2022-04-29,QQQ,323.7,327.225,312.6,313.25,91977859.0
2022-05-02,QQQ,312.83,318.72,309.645,318.48,115511770.0
2022-05-03,QQQ,318.5,321.17,315.98,318.82,78185527.0
2022-05-04,QQQ,319.31,330.29,313.891,329.6,116083395.0
2022-05-05,QQQ,325.17,325.25,309.62,313.0,154607447.0
2022-05-06,QQQ,310.95,315.09,305.105,309.25,139572805.0
2022-05-09,QQQ,303.48,309.3487,295.72,297.15,113387342.0
2022-05-10,QQQ,304.51,305.76,296.57,300.76,124124550.0
2022-05-11,QQQ,298.44,304.09,290.95,291.84,140326148.0
2022-05-12,QQQ,287.45,295.75,284.94,291.15,120910850.0
2022-05-13,QQQ,295.72,302.999,294.0825,301.94,83684931.0
2022-05-16,QQQ,300.15,302.26,297.13,298.44,59190432.0
2022-05-17,QQQ,304.45,306.56,300.55,306.17,62715293.0
2022-05-18,QQQ,301.54,302.25,289.85,291.14,79477109.0
2022-05-19,QQQ,289.29,294.39,287.58,289.58,79920709.0
2022-05-20,QQQ,293.13,293.8,280.21,288.68,91764174.0
2022-05-23,QQQ,289.75,293.87,287.29,293.48,63648400.0
2022-05-24,QQQ,288.125,288.86,282.25,287.24,73491124.0
2022-05-25,QQQ,285.71,293.39,285.5,291.26,67144548.0
2022-05-26,QQQ,290.44,300.92,290.15,299.33,59462231.0
2022-05-27,QQQ,302.54,309.25,302.42,309.1,66985596.0
2022-05-31,QQQ,309.07,311.33,304.33,308.28,60968330.0
2022-06-01,QQQ,310.47,312.65,303.73,306.0,65341653.0
2022-06-02,QQQ,304.85,314.56,303.4001,314.38,59291333.0
2022-06-03,QQQ,309.03,310.47,304.92,306.2,60914684.0
2022-06-06,QQQ,310.75,312.35,305.62,307.22,51785013.0
2022-06-07,QQQ,303.81,310.67,302.6886,309.87,44900292.0
2022-06-08,QQQ,309.05,311.72,306.77,307.64,38342062.0
2022-06-09,QQQ,305.91,309.05,299.23,299.4,55900475.0
2022-06-10,QQQ,293.65,294.87,288.384,288.84,85963456.0
2022-06-13,QQQ,279.75,282.34,274.53,275.41,94442009.0
2022-06-14,QQQ,277.66,278.66,273.3375,275.91,64697521.0
2022-06-15,QQQ,279.415,286.83,276.61,282.8,86051428.0
2022-06-16,QQQ,275.59,276.06,269.28,271.39,81910297.0
2022-06-17,QQQ,272.18,277.19,270.5119,274.69,82703402.0
2022-06-21,QQQ,278.75,283.45,278.64,281.08,51633741.0
2022-06-22,QQQ,278.52,285.18,277.91,280.67,67472924.0
2022-06-23,QQQ,283.21,285.72,280.31,284.85,57457796.0
2022-06-24,QQQ,287.74,295.04,287.5001,294.61,58422262.0
2022-06-27,QQQ,296.0,296.5799,291.29,292.45,54151452.0
2022-06-28,QQQ,293.0,295.65,283.35,283.54,61867060.0
2022-06-29,QQQ,283.4,285.34,280.84,283.8,57302726.0
2022-06-30,QQQ,280.75,283.9441,275.78,280.28,79313580.0
2022-07-01,QQQ,278.95,282.53,277.03,282.13,56675107.0
2022-07-05,QQQ,278.31,287.08,276.7501,286.96,61829272.0
2022-07-06,QQQ,287.35,290.95,285.59,288.8,63194715.0
2022-07-07,QQQ,289.63,295.7,289.63,294.98,56620114.0
2022-07-08,QQQ,292.08,296.75,291.12,295.35,59895478.0
2022-07-11,QQQ,292.88,293.11,288.14,289.04,55273920.0
2022-07-12,QQQ,290.32,292.28,284.61,286.24,55797088.0
2022-07-13,QQQ,280.6,288.05,280.02,285.65,73939418.0
2022-07-14,QQQ,282.99,287.56,279.8,286.67,63741837.0
2022-07-15,QQQ,289.73,291.98,288.08,291.87,63818149.0
2022-07-18,QQQ,294.72,296.16,288.2,289.4,59519581.0
2022-07-19,QQQ,293.11,298.6,291.47,298.3,55172640.0
2022-07-20,QQQ,298.73,304.24,297.9329,303.03,67769430.0
2022-07-21,QQQ,303.5,307.435,300.78,307.38,55049363.0
2022-07-22,QQQ,306.43,308.55,300.115,301.99,57127715.0
2022-07-25,QQQ,302.02,302.5,298.22,300.27,40582381.0
2022-07-26,QQQ,298.53,298.79,293.54,294.37,50074122.0
2022-07-27,QQQ,299.04,308.54,298.46,306.81,69304364.0
2022-07-28,QQQ,306.59,310.3965,302.745,309.81,55139941.0
2022-07-29,QQQ,311.385,316.39,309.931,315.46,57501043.0
2022-08-01,QQQ,313.65,318.81,312.53,315.27,46358833.0
2022-08-02,QQQ,312.92,318.545,311.8401,314.33,48676501.0
2022-08-03,QQQ,316.05,323.7291,315.99,322.89,53735729.0
2022-08-04,QQQ,322.97,324.72,320.77,324.4,38973659.0
2022-08-05,QQQ,319.19,323.83,318.39,321.75,53893972.0
2022-08-08,QQQ,322.69,326.47,319.21,320.71,44066297.0
2022-08-09,QQQ,318.77,319.03,315.42,317.08,39764220.0
2022-08-10,QQQ,324.59,326.23,322.0601,325.93,51459564.0
2022-08-11,QQQ,328.305,330.36,323.36,324.08,45897650.0
2022-08-12,QQQ,326.175,330.585,325.1001,330.39,40928379.0
2022-08-15,QQQ,329.42,333.5652,329.4,333.06,38266614.0
2022-08-16,QQQ,332.055,334.4209,329.16,332.28,41186864.0
2022-08-17,QQQ,329.07,331.43,326.36,328.49,47842155.0
2022-08-18,QQQ,328.44,330.49,326.79,329.28,41937172.0
2022-08-19,QQQ,326.17,326.84,322.08,322.86,51770570.0
2022-08-22,QQQ,318.5,318.74,313.53,314.36,51098890.0
2022-08-23,QQQ,314.12,317.0,313.33,314.1,39497074.0
2022-08-24,QQQ,313.61,316.87,312.99,315.01,38057059.0
2022-08-25,QQQ,316.83,320.6,315.7577,320.58,38098255.0
2022-08-26,QQQ,320.28,321.51,307.35,307.44,69047740.0
2022-08-29,QQQ,304.62,307.22,303.28,304.41,48321851.0
2022-08-30,QQQ,306.1,306.73,298.44,301.02,51184500.0
2022-08-31,QQQ,303.99,304.91,299.16,299.27,50044041.0
2022-09-01,QQQ,296.72,299.78,292.95,299.4,57990745.0
2022-09-02,QQQ,302.34,303.75,293.52,295.17,64666839.0
2022-09-06,QQQ,295.66,296.6,290.87,293.05,57005444.0
2022-09-07,QQQ,293.54,299.99,293.27,298.97,49260381.0
2022-09-08,QQQ,296.85,301.87,295.45,300.52,55649821.0
2022-09-09,QQQ,302.83,307.6,300.5209,307.09,56125215.0
2022-09-12,QQQ,308.5,311.08,308.18,310.74,45905737.0
2022-09-13,QQQ,301.8,303.02,292.785,293.7,79562172.0
2022-09-14,QQQ,294.865,296.93,293.06,296.03,54907198.0
2022-09-15,QQQ,294.07,296.53,289.46,291.1,65299411.0
2022-09-16,QQQ,287.72,289.72,285.62,289.32,79920391.0
2022-09-19,QQQ,286.1,291.21,286.04,291.05,52613831.0
2022-09-20,QQQ,288.49,291.07,286.38,288.73,51271117.0
2022-09-21,QQQ,289.59,293.95,283.42,283.56,82930963.0
2022-09-22,QQQ,282.0,283.03,278.815,280.07,62757073.0
2022-09-23,QQQ,277.55,277.85,272.02,275.51,74815189.0
2022-09-26,QQQ,275.03,279.49,273.56,274.37,71176694.0
2022-09-27,QQQ,277.81,280.21,272.11,274.48,69780115.0
2022-09-28,QQQ,274.46,281.25,272.945,279.94,79652140.0
2022-09-29,QQQ,275.86,276.25,268.84,271.87,81215957.0
2022-09-30,QQQ,271.03,275.19,267.1,267.26,78482378.0
2022-10-03,QQQ,269.07,275.16,267.53,273.53,61267449.0
2022-10-04,QQQ,278.99,282.85,278.99,282.13,66696931.0
2022-10-05,QQQ,278.28,283.81,275.42,281.98,55766318.0
2022-10-06,QQQ,280.96,284.18,279.43,279.76,53489411.0
2022-10-07,QQQ,275.02,275.15,267.74,269.1,71354674.0
2022-10-10,QQQ,269.3,269.7,263.64,266.41,60392990.0
2022-10-11,QQQ,264.7,267.63,261.03,262.75,66522509.0
2022-10-12,QQQ,263.4,265.36,261.95,262.66,50580179.0
2022-10-13,QQQ,255.16,270.17,254.26,268.82,112894068.0
2022-10-14,QQQ,271.2,271.81,260.14,260.74,77244302.0
2022-10-17,QQQ,266.84,270.24,266.74,269.35,64576452.0
2022-10-18,QQQ,276.53,277.21,268.74,271.48,69780995.0
2022-10-19,QQQ,269.93,273.68,268.07,270.49,53115405.0
2022-10-20,QQQ,269.58,274.84,267.92,269.11,60605496.0
2022-10-21,QQQ,267.98,275.969,266.8236,275.42,77897694.0
2022-10-24,QQQ,275.69,279.4,271.97,278.45,63963569.0
2022-10-25,QQQ,279.41,284.6,277.9,284.21,59014494.0
2022-10-26,QQQ,278.46,283.98,277.43,277.93,63898246.0
2022-10-27,QQQ,276.79,278.2795,272.34,272.87,57760302.0
2022-10-28,QQQ,272.23,281.698,272.06,281.22,62651312.0
2022-10-31,QQQ,278.92,279.76,275.99,277.95,47741952.0
2022-11-01,QQQ,281.495,282.07,274.74,275.11,45895897.0
2022-11-02,QQQ,275.08,278.21,265.61,265.68,79803142.0
2022-11-03,QQQ,263.01,264.5,260.1,260.49,70038903.0
2022-11-04,QQQ,265.53,266.61,259.08,264.68,78313213.0
2022-11-07,QQQ,265.75,268.14,263.57,267.59,47333828.0
2022-11-08,QQQ,269.14,272.85,265.52,269.54,63213785.0
2022-11-09,QQQ,267.76,268.56,263.03,263.32,64862129.0
2022-11-10,QQQ,276.01,283.05,273.85,282.75,99256693.0
2022-11-11,QQQ,282.56,288.64,281.19,287.96,66961751.0
2022-11-14,QQQ,285.86,289.215,284.44,285.44,55080048.0
2022-11-15,QQQ,292.21,293.26,285.97,289.39,73985372.0
2022-11-16,QQQ,287.39,289.4838,284.6,285.44,48859804.0
2022-11-17,QQQ,280.88,286.3189,280.72,284.81,55462076.0
2022-11-18,QQQ,287.89,287.99,282.3211,284.82,53588631.0
2022-11-21,QQQ,283.4,284.58,281.04,281.89,40083527.0
2022-11-22,QQQ,282.64,286.11,280.46,285.95,41873444.0
2022-11-23,QQQ,285.97,289.46,285.79,288.82,46389967.0
2022-11-25,QQQ,287.19,287.91,286.42,286.92,15498797.0
2022-11-28,QQQ,284.9,286.96,281.76,282.71,38877045.0
2022-11-29,QQQ,282.94,283.35,279.17,280.57,35618878.0
2022-11-30,QQQ,280.84,293.47,279.97,293.36,74718088.0
2022-12-01,QQQ,293.69,295.75,290.88,293.72,51547332.0
2022-12-02,QQQ,288.54,293.45,288.36,292.55,53583172.0
2022-12-05,QQQ,290.38,291.68,286.15,287.64,41482121.0
2022-12-06,QQQ,287.48,287.62,280.255,281.68,53937605.0
2022-12-07,QQQ,280.47,282.57,278.7801,280.53,45614254.0
2022-12-08,QQQ,281.91,284.84,279.79,283.85,42594913.0
2022-12-09,QQQ,282.81,285.64,281.59,282.04,47860487.0
2022-12-12,QQQ,282.22,285.64,281.16,285.58,35732518.0
2022-12-13,QQQ,296.65,296.875,285.91,288.65,80667675.0
2022-12-14,QQQ,288.05,291.41,283.19,286.51,64984432.0
2022-12-15,QQQ,282.33,283.01,275.67,276.89,60554119.0
2022-12-16,QQQ,276.2,277.77,272.61,274.25,68300351.0
2022-12-19,QQQ,273.87,273.96,268.49,269.75,44167920.0
2022-12-20,QQQ,268.56,271.32,266.95,269.54,51064199.0
2022-12-21,QQQ,270.6,274.78,269.74,273.45,46394694.0
2022-12-22,QQQ,270.38,270.5149,262.455,266.76,60278377.0
2022-12-23,QQQ,265.47,268.04,263.53,267.36,39373584.0
2022-12-27,QQQ,266.74,266.85,263.03,263.58,38009005.0
2022-12-28,QQQ,263.17,265.47,259.73,260.1,47139043.0
2022-12-29,QQQ,262.96,267.405,262.25,266.44,45893567.0
2022-12-30,QQQ,263.62,266.41,262.29,266.28,37858277.0
2023-01-03,QQQ,268.65,270.155,262.13,264.48,42335325.0
2023-01-04,QQQ,266.64,267.45,262.53,265.74,47754861.0
2023-01-05,QQQ,264.04,264.21,261.26,261.58,45396744.0
2023-01-06,QQQ,263.35,269.94,260.34,268.8,54659739.0
2023-01-09,QQQ,270.83,275.29,269.92,270.54,45568676.0
2023-01-10,QQQ,269.49,272.94,268.97,272.83,35247763.0
2023-01-11,QQQ,273.92,277.66,273.12,277.55,44077036.0
2023-01-12,QQQ,278.12,280.1,273.74,279.05,60599953.0
2023-01-13,QQQ,276.5,281.219,276.16,280.97,44802936.0
2023-01-17,QQQ,280.77,282.85,279.581,281.54,36269738.0
2023-01-18,QQQ,283.11,284.69,277.67,277.88,47754549.0
2023-01-19,QQQ,276.22,277.375,273.89,275.15,44150436.0
2023-01-20,QQQ,276.79,283.02,275.71,282.68,60613606.0
2023-01-23,QQQ,283.54,290.21,282.73,288.96,52799905.0
2023-01-24,QQQ,287.31,289.55,286.78,288.37,44875146.0
2023-01-25,QQQ,283.77,288.36,281.18,287.73,50872022.0
2023-01-26,QQQ,291.22,293.52,288.519,293.34,51596335.0
2023-01-27,QQQ,292.0,298.26,291.88,296.26,56441939.0
2023-01-30,QQQ,292.93,294.38,289.89,290.27,49405833.0
2023-01-31,QQQ,290.31,294.72,290.2,294.62,46705106.0
2023-02-01,QQQ,294.41,303.43,292.3,300.92,67562173.0
2023-02-02,QQQ,307.57,313.68,306.73,311.72,83070628.0
2023-02-03,QQQ,304.94,312.39,304.54,306.18,76170804.0
2023-02-06,QQQ,303.51,305.91,302.22,303.59,40802348.0
2023-02-07,QQQ,303.46,311.03,302.32,309.88,67583981.0
2023-02-08,QQQ,308.54,309.5,303.67,304.37,56720860.0
2023-02-09,QQQ,308.84,308.99,300.2,301.68,49137818.0
2023-02-10,QQQ,299.48,301.57,297.25,299.7,50050104.0
2023-02-13,QQQ,301.13,305.1,299.93,304.5,39636720.0
2023-02-14,QQQ,302.89,307.72,300.91,306.75,64079057.0
2023-02-15,QQQ,304.9,309.27,304.2,309.1,43427298.0
2023-02-16,QQQ,304.38,308.43,303.15,303.3,59498630.0
2023-02-17,QQQ,301.07,301.93,298.1,301.16,58230729.0
2023-02-21,QQQ,297.26,298.73,293.89,294.03,46526708.0
2023-02-22,QQQ,294.62,296.3599,292.56,294.25,51389237.0
2023-02-23,QQQ,297.97,298.13,292.55,296.82,69294443.0
2023-02-24,QQQ,291.76,292.97,290.05,291.85,74331958.0
2023-02-27,QQQ,295.07,296.49,293.34,293.94,48995009.0
2023-02-28,QQQ,293.3,296.124,292.96,293.56,48243141.0
2023-03-01,QQQ,293.26,293.93,290.2,291.2,58286972.0
2023-03-02,QQQ,288.66,294.43,288.37,293.61,53738557.0
2023-03-03,QQQ,295.39,299.92,294.87,299.68,60511540.0
2023-03-06,QQQ,300.94,304.0,299.82,300.02,56736294.0
2023-03-07,QQQ,300.07,301.01,295.72,296.34,65955756.0
2023-03-08,QQQ,296.77,298.43,294.88,297.82,50876265.0
2023-03-09,QQQ,298.33,300.98,291.8299,292.66,71456691.0
2023-03-10,QQQ,292.83,294.35,287.38,288.55,98593561.0
2023-03-13,QQQ,286.73,294.47,285.19,290.69,97123603.0
2023-03-14,QQQ,294.31,297.93,293.45,297.37,73602545.0
2023-03-15,QQQ,294.71,299.27,293.24,298.93,83631535.0
2023-03-16,QQQ,298.0,307.18,297.19,306.81,98556824.0
2023-03-17,QQQ,306.72,309.15,303.37,305.36,89923732.0
2023-03-20,QQQ,304.26,306.3,302.01,305.97,56359491.0
2023-03-21,QQQ,307.94,310.8,306.395,310.34,49757048.0
2023-03-22,QQQ,310.27,315.25,305.95,306.12,75791914.0
2023-03-23,QQQ,309.92,314.15,307.01,309.75,74575981.0
2023-03-24,QQQ,309.32,310.99,306.95,310.89,57245803.0
2023-03-27,QQQ,311.6,312.7,307.89,308.76,50287407.0
2023-03-28,QQQ,308.17,308.2,304.774,307.12,48585917.0
2023-03-29,QQQ,310.88,313.35,310.05,312.72,53274266.0
2023-03-30,QQQ,315.24,316.32,312.8088,315.68,58354808.0
2023-03-31,QQQ,315.91,321.17,315.6,320.93,62138097.0
2023-04-03,QQQ,318.77,320.42,317.4201,320.15,47126839.0
2023-04-04,QQQ,320.6,321.63,317.8251,319.07,45875384.0
2023-04-05,QQQ,318.1,319.06,314.07,315.92,62795706.0
2023-04-06,QQQ,314.24,318.55,312.82,318.05,46916496.0
2023-04-10,QQQ,315.07,317.92,313.25,317.87,45134736.0
2023-04-11,QQQ,317.83,317.89,315.31,315.83,40113594.0
2023-04-12,QQQ,317.82,318.42,312.565,313.04,62813305.0
2023-04-13,QQQ,314.83,319.65,313.63,319.17,54613792.0
2023-04-14,QQQ,317.59,320.36,315.61,318.57,56278284.0
2023-04-17,QQQ,318.15,319.1999,316.04,318.84,43007023.0
2023-04-18,QQQ,320.99,321.42,317.64,318.86,46746940.0
2023-04-19,QQQ,316.41,319.79,316.28,318.71,38960127.0
2023-04-20,QQQ,315.69,319.27,314.97,316.28,62462142.0
2023-04-21,QQQ,315.91,317.4,314.1,316.61,59002285.0
2023-04-24,QQQ,316.38,317.7391,313.74,315.95,44043063.0
2023-04-25,QQQ,314.29,314.97,309.89,309.99,57121644.0
2023-04-26,QQQ,313.44,314.935,311.34,311.87,55400496.0
2023-04-27,QQQ,315.7,320.86,315.05,320.35,65430392.0
2023-04-28,QQQ,320.11,322.65,318.96,322.56,59712635.0
2023-05-01,QQQ,322.09,323.63,321.09,322.19,41013386.0
2023-05-02,QQQ,322.12,322.45,317.61,319.38,56519407.0
2023-05-03,QQQ,319.75,322.47,317.18,317.29,59882070.0
2023-05-04,QQQ,317.06,318.23,315.115,316.17,50224520.0
2023-05-05,QQQ,318.47,323.76,316.2116,322.89,51806098.0
2023-05-08,QQQ,322.42,324.04,321.315,323.69,36465796.0
2023-05-09,QQQ,322.0,322.88,321.32,321.64,31768800.0
2023-05-10,QQQ,324.12,326.01,321.6,325.14,60446623.0
2023-05-11,QQQ,325.7,326.75,324.12,326.2,44278548.0
2023-05-12,QQQ,326.74,327.17,322.94,325.03,48432836.0
2023-05-15,QQQ,325.51,327.03,323.96,326.79,33375559.0
2023-05-16,QQQ,326.06,328.9025,326.02,327.16,40019151.0
2023-05-17,QQQ,328.24,331.71,327.04,331.12,47486124.0
2023-05-18,QQQ,331.52,337.49,331.5,337.27,64213466.0
2023-05-19,QQQ,337.49,338.205,335.43,336.51,61554926.0
2023-05-22,QQQ,336.25,338.67,336.24,337.64,43015948.0
2023-05-23,QQQ,335.89,337.06,333.0,333.36,48216663.0
2023-05-24,QQQ,331.37,332.905,329.56,331.65,62891169.0
2023-05-25,QQQ,339.14,341.01,336.665,339.72,66862773.0
2023-05-26,QQQ,340.76,349.245,340.66,348.4,63006952.0
2023-05-30,QQQ,352.71,353.93,348.53,349.98,72652156.0
2023-05-31,QQQ,348.37,350.6,346.51,347.99,65105378.0
2023-06-01,QQQ,347.73,353.36,346.66,352.01,50488601.0
2023-06-02,QQQ,353.8,355.83,352.01,354.65,53372113.0
2023-06-05,QQQ,354.43,357.495,353.85,354.9,47266228.0
2023-06-06,QQQ,354.28,355.82,352.93,354.84,41390400.0
2023-06-07,QQQ,355.13,357.12,348.18,348.82,69225936.0
2023-06-08,QQQ,349.12,353.62,348.89,353.15,47153922.0
2023-06-09,QQQ,354.63,357.66,353.03,354.5,53196927.0
2023-06-12,QQQ,356.19,360.59,355.2,360.49,44817646.0
2023-06-13,QQQ,363.29,364.11,360.03,363.26,57097804.0
2023-06-14,QQQ,363.27,366.19,360.42,365.9,69525642.0
2023-06-15,QQQ,364.61,371.77,363.98,370.26,71138823.0
2023-06-16,QQQ,372.72,372.85,367.48,367.93,80931971.0
2023-06-20,QQQ,365.95,368.32,363.8899,366.9,49204722.0
2023-06-21,QQQ,365.74,366.18,360.96,361.9,53378256.0
2023-06-22,QQQ,360.63,366.33,360.22,366.17,47603043.0
2023-06-23,QQQ,362.21,364.88,360.8227,362.54,48922911.0
2023-06-26,QQQ,362.0,364.84,357.59,357.68,52685478.0
2023-06-27,QQQ,359.25,364.57,358.51,363.83,49428091.0
2023-06-28,QQQ,361.98,366.52,361.9038,364.54,46498031.0
2023-06-29,QQQ,364.24,364.89,362.14,363.81,46150967.0
2023-06-30,QQQ,367.55,370.49,367.23,369.42,58712501.0
2023-07-03,QQQ,370.07,370.93,368.97,370.29,19432862.0
2023-07-05,QQQ,368.695,372.01,368.66,370.28,34460883.0
2023-07-06,QQQ,366.51,367.91,364.52,367.46,49374728.0
2023-07-07,QQQ,367.23,370.48,366.01,366.24,47133749.0
2023-07-10,QQQ,365.96,367.05,363.41,366.36,48498800.0
2023-07-11,QQQ,366.79,368.632,364.62,368.17,38214146.0
2023-07-12,QQQ,372.34,374.19,370.3,372.82,61703696.0
2023-07-13,QQQ,376.05,379.99,375.46,379.15,46960012.0
2023-07-14,QQQ,379.585,382.86,378.18,379.07,55148500.0
2023-07-17,QQQ,379.8,383.5,379.31,382.61,40868915.0
2023-07-18,QQQ,381.96,387.13,380.0,385.74,55343438.0
2023-07-19,QQQ,386.82,387.98,384.3,385.65,54092958.0
2023-07-20,QQQ,382.61,384.095,375.72,376.76,71941674.0
2023-07-21,QQQ,379.18,379.92,375.191,375.63,60499643.0
2023-07-24,QQQ,376.62,377.58,374.34,376.23,40380056.0
2023-07-25,QQQ,376.95,380.47,376.93,378.78,38894384.0
2023-07-26,QQQ,377.72,379.24,375.18,377.52,47075710.0
2023-07-27,QQQ,383.07,384.71,375.31,376.62,63940225.0
2023-07-28,QQQ,380.74,384.52,380.22,383.48,56902926.0
2023-07-31,QQQ,383.79,384.88,382.34,383.68,44019905.0
2023-08-01,QQQ,382.31,383.56,380.69,382.79,41308457.0
2023-08-02,QQQ,379.26,379.26,373.13,374.39,72687107.0
2023-08-03,QQQ,371.94,375.95,371.77,373.79,47855381.0
2023-08-04,QQQ,375.75,378.1,371.53,372.04,61702759.0
2023-08-07,QQQ,373.88,375.29,371.51,375.19,37230444.0
2023-08-08,QQQ,372.64,372.66,368.82,372.0,44726453.0
2023-08-09,QQQ,372.29,372.45,367.14,367.91,51150900.0
2023-08-10,QQQ,370.97,374.36,367.035,368.59,72035265.0
2023-08-11,QQQ,365.99,368.0,364.69,366.24,48707187.0
2023-08-14,QQQ,365.43,370.47,364.7,370.35,42130802.0
2023-08-15,QQQ,369.36,370.169,365.74,366.42,45539891.0
2023-08-16,QQQ,365.87,367.43,362.44,362.54,53190525.0
2023-08-17,QQQ,363.96,364.31,358.16,358.58,62604338.0
2023-08-18,QQQ,355.26,359.41,354.71,358.13,61191389.0
2023-08-21,QQQ,359.62,364.59,359.15,363.9,50696518.0
2023-08-22,QQQ,366.55,366.56,362.68,363.38,44613509.0
2023-08-23,QQQ,364.58,370.22,364.36,369.11,51770603.0
2023-08-24,QQQ,372.64,372.74,361.01,361.22,66842491.0
2023-08-25,QQQ,362.07,365.74,358.58,364.02,69960465.0
2023-08-28,QQQ,366.99,367.71,364.25,366.76,40910019.0
2023-08-29,QQQ,366.56,375.13,366.231,374.77,58492371.0
2023-08-30,QQQ,374.88,377.4467,373.86,376.86,41731511.0
2023-08-31,QQQ,376.94,379.719,376.87,377.99,35730701.0
2023-09-01,QQQ,380.4,380.83,376.0801,377.59,39801177.0
2023-09-05,QQQ,376.77,379.3093,375.83,378.07,32344222.0
2023-09-06,QQQ,377.28,377.63,372.7,374.74,42998735.0
2023-09-07,QQQ,370.21,372.85,369.15,372.06,52060716.0
2023-09-08,QQQ,372.01,374.85,371.6,372.58,35847359.0
2023-09-11,QQQ,375.66,377.49,373.66,376.97,39936634.0
2023-09-12,QQQ,375.27,376.9517,372.5,372.79,41391024.0
2023-09-13,QQQ,373.03,375.84,371.88,374.21,46300677.0
2023-09-14,QQQ,375.99,378.27,373.89,377.27,48039388.0
2023-09-15,QQQ,375.91,376.32,369.86,370.81,69811206.0
2023-09-18,QQQ,369.32,371.79,369.03,370.66,36903545.0
2023-09-19,QQQ,369.32,370.6826,366.8,369.87,37621734.0
2023-09-20,QQQ,370.95,371.31,364.46,364.54,45514189.0
2023-09-21,QQQ,360.8,361.6,357.69,357.86,69734845.0
2023-09-22,QQQ,359.63,361.8,357.59,357.91,51589689.0
2023-09-25,QQQ,356.93,359.7,355.93,359.61,39167985.0
2023-09-26,QQQ,356.99,357.54,353.2101,354.21,53657748.0
2023-09-27,QQQ,355.38,356.98,351.36,355.04,56065972.0
2023-09-28,QQQ,354.11,360.17,353.24,358.01,56453312.0
2023-09-29,QQQ,361.54,362.95,357.02,358.27,64829616.0
2023-10-02,QQQ,358.54,362.68,357.92,361.26,51625054.0
2023-10-03,QQQ,358.78,361.01,353.275,354.92,60478489.0
2023-10-04,QQQ,355.77,360.61,355.3,359.75,54786686.0
2023-10-05,QQQ,359.74,360.15,355.14,358.69,45897390.0
2023-10-06,QQQ,355.65,365.91,354.85,364.7,75049119.0
2023-10-09,QQQ,362.3,367.11,360.78,366.56,45304766.0
2023-10-10,QQQ,366.9,371.28,366.39,368.59,46968806.0
2023-10-11,QQQ,369.94,371.412,368.19,371.22,38215088.0
2023-10-12,QQQ,371.73,373.74,367.5,369.93,49587942.0
2023-10-13,QQQ,370.57,371.16,363.86,365.28,52519876.0
2023-10-16,QQQ,366.62,370.48,366.47,369.41,44201059.0
2023-10-17,QQQ,365.81,369.92,363.66,368.2,50999102.0
2023-10-18,QQQ,365.67,367.91,362.02,363.37,54280490.0
2023-10-19,QQQ,364.81,366.02,359.16,359.97,72274238.0
2023-10-20,QQQ,359.46,360.04,354.37,354.6,72559723.0
2023-10-23,QQQ,353.26,359.26,351.1199,355.67,60665185.0
2023-10-24,QQQ,357.51,359.91,355.79,359.13,47082078.0
2023-10-25,QQQ,356.7,356.88,349.75,350.34,71190536.0
2023-10-26,QQQ,349.12,350.07,342.35,343.66,78621425.0
2023-10-27,QQQ,346.43,348.84,344.08,345.31,63476707.0
2023-10-30,QQQ,347.83,350.54,346.45,349.2,55298536.0
2023-10-31,QQQ,349.23,351.25,346.62,350.87,47671906.0
2023-11-01,QQQ,351.72,357.5298,351.62,356.96,58992666.0
2023-11-02,QQQ,361.54,363.68,360.3,363.44,58162442.0
2023-11-03,QQQ,364.75,369.02,364.52,367.71,53280457.0
2023-11-06,QQQ,368.49,369.78,366.91,369.21,38848743.0
2023-11-07,QQQ,370.27,373.58,369.045,372.7,50777398.0
2023-11-08,QQQ,373.08,373.79,370.62,372.94,35663373.0
2023-11-09,QQQ,373.64,374.8,369.57,370.07,53859421.0
2023-11-10,QQQ,371.82,378.54,371.28,378.39,58368439.0
2023-11-13,QQQ,376.79,378.28,375.24,377.21,40733505.0
2023-11-14,QQQ,383.71,386.26,383.18,385.33,67792634.0
2023-11-15,QQQ,387.25,387.75,384.235,385.62,54141385.0
2023-11-16,QQQ,384.84,386.19,383.56,385.95,45343544.0
2023-11-17,QQQ,385.21,387.07,384.29,386.04,46622745.0
2023-11-20,QQQ,386.05,391.41,386.05,390.74,44536669.0
2023-11-21,QQQ,389.01,389.23,386.7,388.47,43336989.0
2023-11-22,QQQ,390.57,393.07,389.04,390.06,44178572.0
2023-11-24,QQQ,389.65,390.25,388.5,389.51,15718832.0
2023-11-27,QQQ,389.01,391.1499,388.28,389.17,34139656.0
2023-11-28,QQQ,388.41,390.78,388.05,390.19,35491123.0
2023-11-29,QQQ,392.69,394.14,389.46,389.81,38811745.0
2023-11-30,QQQ,390.08,390.55,385.82,388.83,52834381.0
2023-12-01,QQQ,387.75,390.54,386.0726,389.94,40490068.0
2023-12-04,QQQ,386.09,386.595,382.66,386.32,51186944.0
2023-12-05,QQQ,384.39,388.5,384.21,387.29,42932956.0
2023-12-06,QQQ,390.27,390.37,384.7,385.05,41994072.0
2023-12-07,QQQ,388.07,391.27,386.96,390.43,49593545.0
2023-12-08,QQQ,388.67,392.62,388.4801,392.17,46687525.0
2023-12-11,QQQ,391.74,395.79,391.53,395.52,41198021.0
2023-12-12,QQQ,395.56,398.79,394.41,398.67,39221152.0
2023-12-13,QQQ,399.62,404.36,398.8399,403.74,55408129.0
2023-12-14,QQQ,404.98,406.3,400.34,403.39,55447808.0
2023-12-15,QQQ,404.18,406.5399,403.57,405.34,62896645.0
2023-12-18,QQQ,404.93,407.99,404.6,407.08,46609985.0
2023-12-19,QQQ,407.54,409.28,407.345,409.16,35711855.0
2023-12-20,QQQ,408.35,410.4699,402.9,403.08,54042443.0
2023-12-21,QQQ,407.06,408.14,404.47,407.77,45568914.0
2023-12-22,QQQ,409.0,409.97,406.4787,408.38,34314003.0
2023-12-26,QQQ,409.25,411.56,409.15,410.88,22722545.0
2023-12-27,QQQ,410.95,411.7875,410.08,411.5,31980481.0
2023-12-28,QQQ,412.67,412.92,410.94,411.3,27029152.0
2023-12-29,QQQ,411.28,411.64,407.58,409.52,42662120.0
2024-01-02,QQQ,405.84,406.09,400.24,402.59,58026946.0
2024-01-03,QQQ,399.93,401.0,397.89,398.33,47002803.0
2024-01-04,QQQ,396.44,399.59,396.06,396.28,39432797.0
2024-01-05,QQQ,396.45,399.56,395.34,396.75,44922810.0
2024-01-08,QQQ,397.99,405.24,397.8399,404.95,42473796.0
2024-01-09,QQQ,401.91,406.69,401.71,405.75,39132860.0
2024-01-10,QQQ,406.07,409.515,405.17,408.5,33962774.0
2024-01-11,QQQ,409.79,411.2004,404.242,409.35,54536198.0
2024-01-12,QQQ,410.4,411.25,408.15,409.56,39594952.0
2024-01-16,QQQ,408.31,411.12,406.83,409.52,43903027.0
2024-01-17,QQQ,406.17,407.585,402.92,407.21,54385974.0
2024-01-18,QQQ,410.52,413.575,409.1601,412.99,59562505.0
2024-01-19,QQQ,415.22,421.34,414.625,421.18,70325123.0
2024-01-22,QQQ,423.41,424.7275,421.12,421.73,44880639.0
2024-01-23,QQQ,422.43,423.7,420.57,423.48,33003806.0
2024-01-24,QQQ,427.44,429.85,425.33,425.83,46948016.0
2024-01-25,QQQ,428.36,429.04,423.98,426.35,44367205.0
2024-01-26,QQQ,424.44,426.21,423.15,423.81,37137028.0
2024-01-29,QQQ,424.27,428.35,423.61,428.15,38694724.0
2024-01-30,QQQ,427.1,427.68,424.38,425.3,36738956.0
2024-01-31,QQQ,420.85,422.8699,416.79,416.97,64010649.0
2024-02-01,QQQ,418.79,422.375,417.81,421.88,51008622.0
2024-02-02,QQQ,423.8,430.24,422.79,429.01,59602435.0
2024-02-05,QQQ,429.07,429.61,425.0,428.45,39889209.0
2024-02-06,QQQ,429.61,430.22,425.22,427.59,35846134.0
2024-02-07,QQQ,430.41,432.83,429.09,431.99,37712661.0
2024-02-08,QQQ,432.11,433.56,431.42,432.79,29889892.0
2024-02-09,QQQ,433.94,437.845,433.1401,437.05,36943905.0
2024-02-12,QQQ,436.94,439.14,434.65,435.34,33203305.0
2024-02-13,QQQ,427.28,431.27,425.3305,428.55,64491669.0
2024-02-14,QQQ,431.26,433.65,428.8799,433.22,45092722.0
2024-02-15,QQQ,433.92,434.98,431.33,434.51,38796137.0
2024-02-16,QQQ,434.89,434.99,429.85,430.57,53716475.0
2024-02-20,QQQ,428.55,430.08,423.5,427.32,53999452.0
2024-02-21,QQQ,424.55,425.7,421.63,425.61,50179697.0
2024-02-22,QQQ,434.49,439.12,433.71,438.07,53887751.0
2024-02-23,QQQ,439.65,440.59,435.79,436.78,39853861.0
2024-02-26,QQQ,437.6,438.6,436.355,436.55,33043238.0
2024-02-27,QQQ,437.67,437.99,435.025,437.6,33713220.0
2024-02-28,QQQ,435.43,436.67,434.3,435.27,32938821.0
2024-02-29,QQQ,438.23,440.09,435.02,439.0,42495152.0
2024-03-01,QQQ,439.9,446.58,439.84,445.61,43853029.0
2024-03-04,QQQ,445.61,446.04,443.77,444.02,34325687.0
2024-03-05,QQQ,440.94,440.95,433.65,436.05,57917135.0
2024-03-06,QQQ,440.32,441.99,436.89,438.79,46234460.0
2024-03-07,QQQ,442.42,446.72,440.86,445.45,44526666.0
2024-03-08,QQQ,445.81,448.64,438.34,439.02,72095957.0
2024-03-11,QQQ,437.51,438.66,435.44,437.39,45859992.0
2024-03-12,QQQ,439.73,444.02,436.46,443.66,55300909.0
2024-03-13,QQQ,442.65,442.67,439.12,440.25,37928691.0
2024-03-14,QQQ,441.5,442.03,436.39,439.14,52195208.0
2024-03-15,QQQ,436.07,438.8733,432.7417,433.92,73069824.0
2024-03-18,QQQ,438.73,441.04,437.24,437.48,47323802.0
2024-03-19,QQQ,435.45,438.98,433.33,438.57,43004105.0
2024-03-20,QQQ,439.78,444.11,438.06,443.77,43653490.0
2024-03-21,QQQ,448.88,449.34,445.67,445.87,39345652.0
2024-03-22,QQQ,445.35,447.49,444.49,446.38,28253899.0
2024-03-25,QQQ,443.55,446.26,442.54,444.76,27789154.0
2024-03-26,QQQ,446.3,447.225,443.09,443.32,34142043.0
2024-03-27,QQQ,446.44,446.54,441.93,444.83,41359240.0
2024-03-28,QQQ,444.78,445.64,443.65,444.01,36839641.0
2024-04-01,QQQ,444.97,447.53,443.02,444.95,38728951.0
2024-04-02,QQQ,440.08,441.43,438.03,441.11,44259665.0
2024-04-03,QQQ,438.96,444.0,438.95,442.1,39949750.0
2024-04-04,QQQ,446.33,446.95,435.11,435.34,57267660.0
2024-04-05,QQQ,436.78,443.17,435.96,440.47,54744634.0
2024-04-08,QQQ,441.41,442.5,439.2,440.6,28144944.0
2024-04-09,QQQ,442.96,443.24,437.44,442.23,39521568.0
2024-04-10,QQQ,437.0,439.24,436.28,438.37,61502191.0
2024-04-11,QQQ,440.26,446.33,437.96,445.37,45474550.0
2024-04-12,QQQ,441.1,442.24,436.88,438.27,53664995.0
2024-04-15,QQQ,442.06,442.15,430.21,431.06,63453622.0
2024-04-16,QQQ,430.9,433.76,429.7,431.1,47618961.0
2024-04-17,QQQ,433.1,433.12,424.9,425.84,56880536.0
2024-04-18,QQQ,426.49,428.24,422.83,423.41,46549363.0
2024-04-19,QQQ,422.22,422.75,413.07,414.65,75230990.0
2024-04-22,QQQ,417.31,421.18,413.94,418.82,47807663.0
2024-04-23,QQQ,420.77,426.28,418.8715,425.07,44384741.0
2024-04-24,QQQ,428.2,429.73,424.2,426.51,48440305.0
2024-04-25,QQQ,419.24,425.32,418.14,424.45,57392169.0
2024-04-26,QQQ,427.62,432.55,426.92,431.0,41874907.0
2024-04-29,QQQ,433.13,433.76,429.98,432.75,30022161.0
2024-04-30,QQQ,431.15,432.56,424.51,424.59,43665934.0
2024-05-01,QQQ,423.15,430.14,420.66,421.52,52251707.0
2024-05-02,QQQ,425.3,427.81,420.63,426.9,36559007.0
2024-05-03,QQQ,434.44,436.48,432.62,435.48,48515252.0
2024-05-06,QQQ,437.3,440.34,436.52,440.25,30227200.0
2024-05-07,QQQ,440.7,441.97,439.58,440.32,30996094.0
2024-05-08,QQQ,437.67,441.48,437.55,440.06,24896723.0
2024-05-09,QQQ,440.33,441.6,438.46,441.02,24580121.0
2024-05-10,QQQ,442.54,444.31,440.499,442.06,27116566.0
2024-05-13,QQQ,443.99,444.09,441.65,443.08,22994192.0
2024-05-14,QQQ,442.65,446.465,442.46,445.93,34478321.0
2024-05-15,QQQ,448.43,453.15,446.9,452.9,41464651.0
2024-05-16,QQQ,452.71,454.69,451.81,451.98,34780412.0
2024-05-17,QQQ,452.11,452.72,449.5399,451.76,35803719.0
2024-05-20,QQQ,451.98,455.58,451.785,454.91,24474226.0
2024-05-21,QQQ,453.04,455.99,452.84,455.8,23167720.0
2024-05-22,QQQ,456.06,456.82,453.08,455.71,25120040.0
2024-05-23,QQQ,460.55,460.58,451.8503,453.66,40899230.0
2024-05-24,QQQ,455.29,459.23,453.5674,457.95,29669461.0
2024-05-28,QQQ,459.18,459.74,456.69,459.68,26216815.0
2024-05-29,QQQ,455.48,458.24,455.34,456.44,29739238.0
2024-05-30,QQQ,455.5,455.64,450.21,451.55,30714121.0
2024-05-31,QQQ,451.78,452.48,443.055,450.71,55941301.0
2024-06-03,QQQ,454.57,455.58,447.9,453.13,32997467.0
2024-06-04,QQQ,452.87,455.575,451.1311,454.37,23767436.0
2024-06-05,QQQ,457.98,463.61,454.408,463.53,33817409.0
2024-06-06,QQQ,464.22,464.54,462.19,463.37,21966820.0
2024-06-07,QQQ,463.0,465.74,461.84,462.96,25829720.0
2024-06-10,QQQ,461.82,465.19,461.53,464.83,20719771.0
2024-06-11,QQQ,463.54,468.14,462.03,468.02,22053281.0
2024-06-12,QQQ,471.99,476.5,471.29,474.15,34532585.0
2024-06-13,QQQ,477.72,478.39,474.42,476.72,25859014.0
2024-06-14,QQQ,476.52,479.26,476.05,479.19,23372620.0
2024-06-17,QQQ,479.46,486.86,478.14,485.06,37054504.0
2024-06-18,QQQ,485.01,485.9,483.43,485.21,24438565.0
2024-06-20,QQQ,486.42,486.8387,479.62,481.47,33918683.0
2024-06-21,QQQ,481.19,482.535,478.67,480.18,39432913.0
2024-06-24,QQQ,478.18,479.93,473.82,473.96,37750969.0
2024-06-25,QQQ,476.07,479.68,475.12,479.38,29250209.0
2024-06-26,QQQ,478.55,480.92,478.13,480.37,22737105.0
2024-06-27,QQQ,480.12,483.1,479.3,481.61,26222135.0
2024-06-28,QQQ,482.41,487.2,478.46,479.11,34881581.0
2024-07-01,QQQ,480.04,482.49,476.255,481.92,24898336.0
2024-07-02,QQQ,480.41,487.04,480.28,486.98,26723559.0
2024-07-03,QQQ,486.22,491.17,486.22,491.04,18064880.0
2024-07-05,QQQ,491.89,496.6,491.59,496.16,28495936.0
2024-07-08,QQQ,496.53,497.895,495.5,497.34,22109420.0
2024-07-09,QQQ,498.87,500.0,496.24,497.77,25701253.0
2024-07-10,QQQ,499.71,503.52,498.39,502.96,28046901.0
2024-07-11,QQQ,503.07,503.28,490.725,491.93,49966590.0
2024-07-12,QQQ,492.51,499.62,492.04,494.82,37109399.0
2024-07-15,QQQ,496.61,501.01,494.09,496.15,31151386.0
2024-07-16,QQQ,497.62,498.44,493.15,496.34,25950622.0
2024-07-17,QQQ,488.28,488.7984,481.7,481.77,56268768.0
2024-07-18,QQQ,485.53,485.71,476.27,479.49,49347361.0
2024-07-19,QQQ,479.15,481.69,473.94,475.24,42042856.0
2024-07-22,QQQ,481.16,483.35,477.7068,482.32,40299999.0
2024-07-23,QQQ,481.41,484.43,480.14,480.62,23282454.0
2024-07-24,QQQ,473.82,474.19,462.51,463.38,58818629.0
2024-07-25,QQQ,463.72,467.94,455.63,458.27,59256759.0
2024-07-26,QQQ,462.65,465.93,459.77,462.97,39992132.0
2024-07-29,QQQ,465.71,467.91,461.615,463.9,28218476.0
2024-07-30,QQQ,465.85,466.561,454.15,457.53,41317210.0
2024-07-31,QQQ,467.87,472.79,466.41,471.07,44552134.0
2024-08-01,QQQ,471.76,475.55,455.98,459.66,56653900.0
2024-08-02,QQQ,450.89,453.57,444.47,448.75,66323244.0
2024-08-05,QQQ,424.71,442.29,423.45,435.37,87483452.0
2024-08-06,QQQ,437.23,447.07,434.56,439.53,63164429.0
2024-08-07,QQQ,446.49,449.0,434.37,434.77,54929163.0
2024-08-08,QQQ,441.06,448.99,437.15,448.07,47890071.0
2024-08-09,QQQ,446.74,452.06,445.61,450.41,33573976.0
2024-08-12,QQQ,451.39,454.37,448.5546,451.38,27795006.0
2024-08-13,QQQ,455.82,462.85,455.68,462.58,40084457.0
2024-08-14,QQQ,463.51,465.1093,458.4,462.73,34733746.0
2024-08-15,QQQ,468.76,474.82,468.38,474.42,38280565.0
2024-08-16,QQQ,472.62,476.41,471.65,475.03,38383623.0
2024-08-19,QQQ,475.17,481.31,473.37,481.27,23737674.0
2024-08-20,QQQ,480.35,482.94,478.55,480.26,29209340.0
2024-08-21,QQQ,481.05,484.37,479.32,482.5,25658787.0
2024-08-22,QQQ,484.84,485.54,473.81,474.85,37739576.0
2024-08-23,QQQ,479.24,482.74,475.28,480.0,36061508.0
2024-08-26,QQQ,479.45,480.38,473.24,475.34,27452641.0
2024-08-27,QQQ,473.69,477.84,471.71,476.76,27510003.0
2024-08-28,QQQ,476.29,477.02,467.89,471.35,37372436.0
2024-08-29,QQQ,473.28,477.93,469.372,470.66,41081465.0
2024-08-30,QQQ,475.04,476.9,470.51,476.27,33466473.0
2024-09-03,QQQ,473.2,473.33,459.4101,461.81,44985219.0
2024-09-04,QQQ,458.67,464.45,457.73,460.61,32505102.0
2024-09-05,QQQ,458.97,465.36,457.939,461.04,34452385.0
2024-09-06,QQQ,460.33,461.22,448.19,448.69,50624385.0
2024-09-09,QQQ,453.06,455.46,449.8234,454.46,32981169.0
2024-09-10,QQQ,456.24,459.17,452.23,458.66,29680319.0
2024-09-11,QQQ,459.91,469.37,451.28,468.62,57842992.0
2024-09-12,QQQ,468.65,474.04,466.8491,473.22,40175456.0
2024-09-13,QQQ,472.48,476.53,472.25,475.34,29111849.0
2024-09-16,QQQ,473.19,473.8599,469.89,473.24,22585596.0
2024-09-17,QQQ,476.29,477.6,470.97,473.49,30084438.0
2024-09-18,QQQ,474.7,478.83,470.83,471.44,39909215.0
2024-09-19,QQQ,482.61,486.23,480.49,483.36,52782523.0
2024-09-20,QQQ,482.49,483.69,478.3,482.44,34577663.0
2024-09-23,QQQ,482.95,484.14,481.6,483.04,24842972.0
2024-09-24,QQQ,484.46,486.33,480.17,485.37,25952637.0
2024-09-25,QQQ,484.74,487.79,484.56,485.82,26549866.0
2024-09-26,QQQ,493.37,493.7,485.8,489.47,32020206.0
2024-09-27,QQQ,490.5,490.64,485.56,486.75,22851120.0
2024-09-30,QQQ,485.78,488.41,482.92,488.07,30330605.0
2024-10-01,QQQ,487.7,488.0,477.4,481.27,42735424.0
2024-10-02,QQQ,480.36,483.88,477.72,481.95,23744049.0
2024-10-03,QQQ,479.74,484.545,478.99,481.59,25337220.0
2024-10-04,QQQ,487.45,487.88,482.385,487.32,30744909.0
2024-10-07,QQQ,485.39,486.57,480.87,482.1,24975119.0
2024-10-08,QQQ,484.66,489.99,483.845,489.3,28272017.0
2024-10-09,QQQ,489.0,493.73,487.95,493.15,24994950.0
2024-10-10,QQQ,490.85,494.47,489.53,492.59,25750446.0
2024-10-11,QQQ,490.74,494.39,490.17,493.36,20644497.0
2024-10-14,QQQ,495.77,498.83,495.26,497.5,26060145.0
2024-10-15,QQQ,497.83,498.5,488.68,490.85,34784506.0
2024-10-16,QQQ,491.18,491.69,487.57,490.91,22996776.0
2024-10-17,QQQ,496.44,496.49,491.1901,491.25,27210658.0
2024-10-18,QQQ,494.06,495.57,493.3,494.47,25335030.0
2024-10-21,QQQ,493.25,496.23,491.31,495.42,30336549.0
2024-10-22,QQQ,492.73,497.445,491.97,495.96,26685841.0
2024-10-23,QQQ,493.59,494.25,485.05,488.36,39346565.0
2024-10-24,QQQ,492.11,493.0,489.44,492.32,22024930.0
2024-10-25,QQQ,495.14,500.28,494.43,495.32,38762143.0
2024-10-28,QQQ,498.46,498.52,495.1,495.4,20477778.0
2024-10-29,QQQ,495.72,501.35,493.85,500.16,28014059.0
2024-10-30,QQQ,499.39,500.35,495.89,496.38,29755960.0
2024-10-31,QQQ,492.38,492.43,483.75,483.85,41245248.0
2024-11-01,QQQ,485.5,490.7507,485.2,487.43,33655757.0
2024-11-04,QQQ,486.82,489.38,484.2545,486.01,23291580.0
2024-11-05,QQQ,487.61,492.88,487.52,492.21,24353615.0
2024-11-06,QQQ,500.56,506.41,499.6,505.58,43082198.0
2024-11-07,QQQ,508.4,514.33,508.34,513.54,32853120.0
2024-11-08,QQQ,513.035,514.9175,512.41,514.14,22924483.0
2024-11-11,QQQ,515.37,515.58,510.92,513.84,24167479.0
2024-11-12,QQQ,513.77,514.66,509.83,512.91,25835288.0
2024-11-13,QQQ,512.4,514.98,509.95,512.25,24567416.0
2024-11-14,QQQ,511.91,512.79,507.77,508.69,28679519.0
2024-11-15,QQQ,502.94,503.33,494.49,496.57,51461054.0
2024-11-18,QQQ,498.13,502.14,496.73,500.02,27192662.0
2024-11-19,QQQ,497.42,503.9536,497.08,503.46,24523020.0
2024-11-20,QQQ,503.16,503.48,496.555,503.17,29565491.0
2024-11-21,QQQ,506.24,506.96,497.56,504.98,34526738.0
2024-11-22,QQQ,504.42,506.53,502.78,505.79,23826644.0
2024-11-25,QQQ,509.9,511.4525,504.2625,506.59,26375166.0
2024-11-26,QQQ,508.08,510.14,507.23,509.31,26557061.0
2024-11-27,QQQ,508.17,508.24,501.93,505.3,24957441.0
2024-11-29,QQQ,505.93,510.34,505.31,509.74,15333968.0
2024-12-02,QQQ,511.01,516.26,510.62,515.29,25147165.0
2024-12-03,QQQ,513.95,517.15,513.37,516.87,18597900.0
2024-12-04,QQQ,520.32,523.52,519.6,523.26,26086222.0
2024-12-05,QQQ,523.31,524.0399,521.42,521.81,18169632.0
2024-12-06,QQQ,522.48,526.72,522.35,526.48,23762611.0
2024-12-09,QQQ,525.55,526.35,521.22,522.38,20674405.0
2024-12-10,QQQ,523.62,525.38,519.16,520.6,24350040.0
2024-12-11,QQQ,525.0,530.61,524.59,529.92,32168579.0
2024-12-12,QQQ,527.68,528.96,526.02,526.5,23577504.0
2024-12-13,QQQ,530.46,533.1661,527.3001,530.53,28780405.0
2024-12-16,QQQ,533.08,539.15,533.0,538.17,31979863.0
2024-12-17,QQQ,536.36,537.48,534.13,535.8,28579070.0
2024-12-18,QQQ,535.15,536.8799,515.01,516.47,54703155.0
2024-12-19,QQQ,521.19,521.7599,513.83,514.17,46441754.0
2024-12-20,QQQ,510.44,524.82,509.29,518.66,60529961.0
2024-12-23,QQQ,519.55,523.25,516.13,522.87,29672800.0
2024-12-24,QQQ,524.83,530.05,524.19,529.96,17558215.0
2024-12-26,QQQ,528.32,531.24,526.31,529.6,19141494.0
2024-12-27,QQQ,526.01,526.45,517.86,522.56,33839555.0
2024-12-30,QQQ,515.51,519.36,511.83,515.61,34584028.0
2024-12-31,QQQ,516.9,517.66,510.26,511.23,29117028.0
2025-01-02,QQQ,514.3,516.64,505.71,510.23,36389783.0
2025-01-03,QQQ,513.35,519.6454,512.53,518.58,29059520.0
2025-01-06,QQQ,524.02,527.92,522.03,524.54,36109734.0
2025-01-07,QQQ,525.59,525.99,513.28,515.18,36690272.0
2025-01-08,QQQ,515.08,516.9199,510.57,515.27,30777777.0
2025-01-10,QQQ,511.48,511.58,503.92,507.19,40532495.0
2025-01-13,QQQ,501.2,506.02,499.7,505.56,31694210.0
2025-01-14,QQQ,508.74,510.155,501.59,505.08,33737237.0
2025-01-15,QQQ,513.03,517.85,511.46,516.7,34957554.0
2025-01-16,QQQ,518.98,519.0599,512.95,513.08,28229037.0
2025-01-17,QQQ,522.85,524.0733,513.1086,521.74,51837941.0
2025-01-21,QQQ,524.48,525.97,520.06,524.8,23627971.0
2025-01-22,QQQ,529.57,533.82,529.26,531.51,33592988.0
2025-01-23,QQQ,529.04,532.76,528.45,532.64,23096588.0
2025-01-24,QQQ,533.02,533.79,528.15,529.63,19878251.0
2025-01-27,QQQ,511.0,517.99,510.15,514.21,60771695.0
2025-01-28,QQQ,515.22,523.0,511.78,521.81,33194214.0
2025-01-29,QQQ,522.46,522.59,516.8988,520.83,26649011.0
2025-01-30,QQQ,523.71,526.095,518.21,523.05,27431302.0
2025-01-31,QQQ,526.92,531.5178,521.19,522.29,38845467.0
2025-02-03,QQQ,513.47,520.8496,511.05,518.11,40580835.0
2025-02-04,QQQ,518.63,525.11,518.23,524.47,26046753.0
2025-02-05,QQQ,521.82,527.01,520.62,526.85,21134070.0
2025-02-06,QQQ,527.36,529.81,525.7413,529.6,19434454.0
2025-02-07,QQQ,530.14,532.1,522.19,522.92,29605470.0
2025-02-10,QQQ,527.22,530.3571,526.75,529.25,20852784.0
2025-02-11,QQQ,525.96,529.92,525.83,527.99,19325500.0
2025-02-12,QQQ,522.3,529.19,521.95,528.3,25009362.0
2025-02-13,QQQ,529.98,536.22,529.19,535.9,28714799.0
2025-02-14,QQQ,536.005,538.84,535.67,538.15,17862572.0
2025-02-18,QQQ,539.73,540.0,536.04,539.37,20565028.0
2025-02-19,QQQ,538.57,540.81,536.46,539.52,19666861.0
2025-02-20,QQQ,538.73,539.1,532.46,537.23,26550753.0
2025-02-21,QQQ,538.38,538.4,525.71,526.08,47093750.0
2025-02-24,QQQ,527.88,529.069,519.53,519.87,39268392.0
2025-02-25,QQQ,519.24,519.32,509.44,513.32,48940025.0
2025-02-26,QQQ,515.53,519.66,511.37,514.56,34457618.0
2025-02-27,QQQ,518.13,519.0699,500.05,500.27,52447966.0
2025-02-28,QQQ,500.13,508.78,496.93,508.17,47654043.0
2025-03-03,QQQ,511.52,513.04,493.58,497.05,44587204.0
2025-03-04,QQQ,494.18,503.74,487.735,495.55,67875402.0
2025-03-05,QQQ,496.2,503.63,491.26,502.01,46323725.0
2025-03-06,QQQ,493.69,498.58,486.2,488.2,57574332.0
2025-03-07,QQQ,487.16,493.28,480.53,491.79,54714726.0
2025-03-10,QQQ,483.45,483.97,468.66,472.73,76668029.0
2025-03-11,QQQ,472.35,478.805,467.01,471.6,68760771.0
2025-03-12,QQQ,479.16,481.06,471.79,476.92,46971082.0
2025-03-13,QQQ,476.25,476.2801,466.43,468.34,46563349.0
2025-03-14,QQQ,473.73,480.56,473.12,479.66,43563010.0
2025-03-17,QQQ,479.61,485.84,477.8,482.77,41744354.0
2025-03-18,QQQ,479.41,479.61,472.41,474.54,39072265.0
2025-03-19,QQQ,476.81,485.33,474.87,480.89,40430334.0
2025-03-20,QQQ,476.88,484.55,476.18,479.26,36780549.0
2025-03-21,QQQ,474.08,481.61,472.905,480.84,42234874.0
2025-03-24,QQQ,487.74,491.51,484.4,490.66,34567186.0
2025-03-25,QQQ,491.39,493.62,490.42,493.46,26035241.0
2025-03-26,QQQ,492.3,493.16,482.82,484.38,35043357.0
2025-03-27,QQQ,482.41,486.5799,480.25,481.62,33469817.0
2025-03-28,QQQ,479.81,480.52,468.05,468.94,46363797.0
2025-03-31,QQQ,461.92,469.86,457.33,468.92,53000303.0
2025-04-01,QQQ,467.3,473.63,464.42,472.7,41156226.0
2025-04-02,QQQ,466.12,479.56,465.86,476.15,49894489.0
2025-04-03,QQQ,456.44,460.07,450.14,450.66,70456338.0
2025-04-04,QQQ,438.14,440.37,422.67,422.67,117088441.0
2025-04-07,QQQ,408.66,443.14,402.39,423.69,161556970.0
2025-04-08,QQQ,438.16,443.1384,409.79,416.06,101248060.0
2025-04-09,QQQ,415.57,467.83,415.43,466.0,142876878.0
2025-04-10,QQQ,453.56,455.59,432.63,446.18,108384092.0
2025-04-11,QQQ,444.65,455.79,441.33,454.4,52483779.0
2025-04-14,QQQ,464.46,465.05,452.63,457.48,43941179.0
2025-04-15,QQQ,458.54,462.38,456.15,457.99,35404210.0
2025-04-16,QQQ,449.03,452.62,437.76,444.18,48980552.0
2025-04-17,QQQ,447.17,447.75,441.36,444.1,44837047.0
2025-04-21,QQQ,438.23,439.08,427.93,433.11,44149313.0
2025-04-22,QQQ,438.82,447.58,437.62,444.48,52304388.0
2025-04-23,QQQ,458.17,463.38,452.88,454.56,55801136.0
2025-04-24,QQQ,456.48,467.66,455.83,467.35,45956136.0
2025-04-25,QQQ,466.97,473.09,465.39,472.56,38697063.0
2025-04-28,QQQ,473.03,474.808,466.03,472.41,33550778.0
2025-04-29,QQQ,470.17,476.4243,469.59,475.53,30613120.0
2025-04-30,QQQ,467.13,477.2,462.43,475.47,46810610.0
2025-05-01,QQQ,483.41,487.18,480.74,481.68,43316539.0
2025-05-02,QQQ,486.54,490.91,484.83,488.83,39218082.0
2025-05-05,QQQ,484.6,489.03,484.1,485.93,28309490.0
2025-05-06,QQQ,479.56,485.05,478.19,481.41,32786310.0
2025-05-07,QQQ,482.08,485.8,476.782,483.3,38109864.0
2025-05-08,QQQ,488.53,492.7,484.17,488.29,39577592.0
2025-05-09,QQQ,490.21,491.54,486.195,487.97,27767416.0
2025-05-12,QQQ,506.99,507.89,501.48,507.85,45090616.0
2025-05-13,QQQ,509.16,517.39,508.42,515.59,53269573.0
2025-05-14,QQQ,516.77,519.2279,515.75,518.68,47014516.0
2025-05-15,QQQ,516.52,521.93,515.17,519.25,50153275.0
2025-05-16,QQQ,520.66,521.7,517.1,521.51,48394603.0
2025-05-19,QQQ,514.24,522.53,514.24,522.01,52536154.0
2025-05-20,QQQ,519.47,520.93,516.66,520.27,42517561.0
2025-05-21,QQQ,516.27,523.0,511.24,513.04,71292831.0
2025-05-22,QQQ,513.66,517.71,512.3,514.0,55607169.0
2025-05-23,QQQ,506.18,511.84,505.58,509.24,58368075.0
2025-05-27,QQQ,516.15,521.71,514.59,521.22,47226323.0
2025-05-28,QQQ,522.18,523.68,518.39,518.91,46637175.0
2025-05-29,QQQ,526.33,526.48,517.32,519.93,58724069.0
2025-05-30,QQQ,519.44,520.68,511.93,519.11,67662836.0
2025-06-02,QQQ,517.24,523.45,515.97,523.21,44762817.0
2025-06-03,QQQ,523.56,528.74,522.69,527.3,44070330.0
2025-06-04,QQQ,528.01,529.84,525.9694,528.77,41359322.0
2025-06-05,QQQ,530.18,533.05,522.66,524.79,61286623.0
2025-06-06,QQQ,530.0,531.8,528.21,529.92,42467021.0
2025-06-09,QQQ,530.14,532.35,529.01,530.7,33688671.0
2025-06-10,QQQ,531.17,534.9,528.89,534.21,40664795.0
2025-06-11,QQQ,535.62,536.78,530.11,532.41,53701033.0
2025-06-12,QQQ,531.09,534.6438,530.84,533.66,34104887.0
2025-06-13,QQQ,527.68,531.87,525.73,526.96,55814443.0
2025-06-16,QQQ,530.5,535.37,530.45,534.29,37622051.0
2025-06-17,QQQ,531.71,533.325,527.91,529.08,42180866.0
2025-06-18,QQQ,530.1,532.55,527.4,528.99,43983522.0
2025-06-20,QQQ,532.26,533.56,524.88,526.83,61643519.0
2025-06-23,QQQ,526.81,532.17,523.65,531.65,50666146.0
2025-06-24,QQQ,536.89,540.7,536.27,539.78,45441982.0
2025-06-25,QQQ,542.06,543.31,539.38,541.16,44804168.0
2025-06-26,QQQ,543.35,546.67,541.52,546.22,43811432.0
2025-06-27,QQQ,547.26,549.99,544.545,548.09,57577147.0
2025-06-30,QQQ,551.26,552.8,549.01,551.64,45548742.0
2025-07-01,QQQ,549.73,550.71,544.66,546.99,56166736.0
2025-07-02,QQQ,546.16,551.0,546.12,550.8,36538281.0
2025-07-03,QQQ,553.18,557.2,553.18,556.22,26443524.0
2025-07-07,QQQ,553.52,554.34,549.58,552.03,45349323.0
2025-07-08,QQQ,553.38,554.01,551.1,552.34,36153258.0
2025-07-09,QQQ,554.48,557.63,553.1,556.25,43045534.0
2025-07-10,QQQ,556.89,557.3,552.75,555.45,34710913.0
2025-07-11,QQQ,553.3,555.79,552.05,554.2,39618635.0
2025-07-14,QQQ,553.99,556.945,551.63,556.21,36453314.0
2025-07-15,QQQ,560.25,560.8,556.66,556.72,43277661.0
2025-07-16,QQQ,557.28,560.21,551.56,557.29,52314711.0
2025-07-17,QQQ,558.02,562.31,557.21,561.8,40423778.0
2025-07-18,QQQ,563.12,564.7262,559.98,561.26,50484704.0
2025-07-21,QQQ,562.09,566.06,562.06,564.17,39595214.0
2025-07-22,QQQ,564.3,564.35,558.61,561.25,43270647.0
2025-07-23,QQQ,562.34,563.85,559.58,563.81,40215259.0
2025-07-24,QQQ,565.13,566.24,563.295,565.01,42275541.0
2025-07-25,QQQ,564.93,567.695,564.27,566.37,30630813.0
2025-07-28,QQQ,567.74,569.04,566.87,568.14,31498739.0
2025-07-29,QQQ,570.76,572.11,566.53,567.26,45463317.0
2025-07-30,QQQ,568.18,570.62,565.05,568.02,43433777.0
2025-07-31,QQQ,574.54,574.63,563.87,565.01,64613590.0
2025-08-01,QQQ,558.83,559.02,551.68,553.88,69400789.0
2025-08-04,QQQ,559.05,564.315,558.95,564.1,47669751.0
2025-08-05,QQQ,565.39,566.5607,559.73,560.27,48666640.0
2025-08-06,QQQ,561.11,567.76,560.63,567.32,41823677.0
2025-08-07,QQQ,571.67,573.32,565.11,569.24,44462972.0
2025-08-08,QQQ,570.45,574.77,570.15,574.55,35255472.0
2025-08-11,QQQ,574.69,576.8,571.57,572.85,33112917.0
2025-08-12,QQQ,575.16,580.35,572.485,580.05,42271441.0
2025-08-13,QQQ,582.76,583.3199,578.94,580.34,41209294.0
2025-08-14,QQQ,578.28,581.88,577.91,579.89,45425043.0
2025-08-15,QQQ,579.8,579.84,575.5743,577.34,49480161.0
2025-08-18,QQQ,576.44,577.765,575.2412,577.11,29830957.0
2025-08-19,QQQ,576.39,576.56,568.25,569.28,53752635.0
2025-08-20,QQQ,568.33,568.45,558.84,565.9,76781087.0
2025-08-21,QQQ,564.35,566.49,560.98,563.28,46436899.0
2025-08-22,QQQ,564.67,573.99,563.27,571.97,51502129.0
2025-08-25,QQQ,570.4,573.2871,569.16,570.32,34044749.0
2025-08-26,QQQ,569.83,572.92,568.8,572.61,34103014.0
2025-08-27,QQQ,571.59,574.405,570.37,573.49,36927144.0
2025-08-28,QQQ,574.11,578.0,572.46,577.08,46787857.0
2025-08-29,QQQ,574.655,575.03,568.54,570.4,56030409.0
2025-09-02,QQQ,561.31,565.965,559.535,565.62,65876765.0
2025-09-03,QQQ,569.23,571.695,566.725,570.07,54230213.0
2025-09-04,QQQ,570.74,575.6,569.025,575.23,47526280.0
2025-09-05,QQQ,580.49,581.12,571.53,576.06,68342532.0
2025-09-08,QQQ,578.37,580.84,577.77,578.87,46371354.0
2025-09-09,QQQ,579.67,580.94,577.04,580.51,44007592.0
2025-09-10,QQQ,583.74,583.77,578.55,580.7,49307959.0
2025-09-11,QQQ,583.24,584.88,581.62,584.08,44745766.0
2025-09-12,QQQ,585.04,587.86,584.1,586.66,50745886.0
2025-09-15,QQQ,588.44,591.79,588.295,591.68,44360315.0
2025-09-16,QQQ,592.61,592.86,590.49,591.18,36942130.0
2025-09-17,QQQ,591.1,591.75,584.365,590.0,69384820.0
2025-09-18,QQQ,594.91,598.14,592.96,595.32,61069294.0
2025-09-19,QQQ,597.33,600.05,595.85,599.35,58196109.0
2025-09-22,QQQ,597.74,602.87,597.72,602.2,57154769.0
2025-09-23,QQQ,602.37,602.57,596.98,598.2,64635486.0
2025-09-24,QQQ,599.58,599.9,593.36,596.1,49850301.0
2025-09-25,QQQ,592.2,595.115,588.5,593.53,70920209.0
2025-09-26,QQQ,594.35,596.3,591.06,595.97,54337416.0
2025-09-29,QQQ,599.11,602.05,597.41,598.73,48332934.0
2025-09-30,QQQ,598.43,600.71,596.1,600.37,46533814.0
2025-10-01,QQQ,597.17,603.79,596.34,603.25,46899612.0
2025-10-02,QQQ,607.06,607.16,602.93,605.73,43765410.0
2025-10-03,QQQ,606.51,607.3255,601.385,603.18,46482098.0
2025-10-06,QQQ,608.45,609.36,605.97,607.71,41962115.0
2025-10-07,QQQ,609.02,609.71,603.03,604.51,58209463.0
2025-10-08,QQQ,605.41,611.75,605.26,611.44,50629754.0
2025-10-09,QQQ,611.48,611.61,607.48,610.7,45550958.0
2025-10-10,QQQ,611.4,613.18,589.05,589.5,97614783.0
2025-10-13,QQQ,599.68,602.95,597.23,602.01,65872584.0
2025-10-14,QQQ,595.31,602.69,590.13,598.0,69203187.0
2025-10-15,QQQ,604.01,606.7,595.93,602.22,62805456.0
2025-10-16,QQQ,605.11,608.31,595.5,599.99,70981963.0
2025-10-17,QQQ,597.95,605.51,596.37,603.93,72024872.0
2025-10-20,QQQ,607.14,612.8,607.065,611.54,45761697.0
2025-10-21,QQQ,611.64,612.7213,609.32,611.38,44538161.0
2025-10-22,QQQ,610.82,611.41,599.74,605.49,61478802.0
2025-10-23,QQQ,604.91,611.37,604.52,610.58,42844298.0
2025-10-24,QQQ,615.99,618.42,615.13,617.1,47632473.0
2025-10-27,QQQ,624.52,628.55,624.03,628.09,54098611.0
2025-10-28,QQQ,630.36,634.68,629.25,632.92,61195733.0
2025-10-29,QQQ,635.59,637.01,630.25,635.77,67422806.0
2025-10-30,QQQ,632.17,633.5,625.94,626.05,61628621.0
2025-10-31,QQQ,634.17,634.2,626.69,629.07,66305147.0
2025-11-03,QQQ,635.11,635.82,629.85,632.08,37154307.0
2025-11-04,QQQ,623.28,626.95,618.455,619.25,63830768.0
2025-11-05,QQQ,618.49,626.6,617.21,623.28,48688484.0
2025-11-06,QQQ,621.79,622.04,610.3,611.67,72115128.0
2025-11-07,QQQ,608.31,609.95,598.67,609.74,81835388.0
2025-11-10,QQQ,618.92,624.31,616.89,623.23,55919931.0
2025-11-11,QQQ,620.57,622.72,617.52,621.57,44868841.0
2025-11-12,QQQ,624.84,624.86,617.81,621.08,47444384.0
2025-11-13,QQQ,617.54,618.12,606.08,608.4,71333634.0
2025-11-14,QQQ,599.55,613.35,597.17,608.86,80087291.0
2025-11-17,QQQ,606.3,612.48,599.87,603.66,63850367.0
2025-11-18,QQQ,599.62,602.31,591.34,596.31,83327279.0
2025-11-19,QQQ,597.07,606.16,594.59,599.87,73111487.0
2025-11-20,QQQ,611.62,614.03,584.75,585.67,117743195.0
2025-11-21,QQQ,587.47,596.98,580.74,590.07,103344155.0
2025-11-24,QQQ,595.28,606.68,595.16,605.16,60168149.0
2025-11-25,QQQ,603.51,610.2601,597.32,608.89,57560867.0
2025-11-26,QQQ,612.51,616.19,610.39,614.27,42393598.0
2025-11-28,QQQ,616.11,619.32,615.4174,619.25,23034394.0
2025-12-01,QQQ,613.63,619.4401,612.52,617.17,40957588.0
2025-12-02,QQQ,619.46,623.75,617.59,622.0,54541834.0
2025-12-03,QQQ,619.62,624.22,618.03,623.52,47841627.0
2025-12-04,QQQ,624.93,624.94,619.54,622.94,47067751.0
2025-12-05,QQQ,624.38,628.92,623.71,625.48,53614169.0
2025-12-08,QQQ,627.21,628.84,621.69,624.28,43462406.0
2025-12-09,QQQ,623.01,625.87,621.0,625.05,37155999.0
2025-12-10,QQQ,623.85,629.21,620.99,627.61,55031384.0
2025-12-11,QQQ,623.82,625.78,617.72,625.58,58272844.0
2025-12-12,QQQ,622.08,623.54,611.36,613.62,75158726.0
2025-12-15,QQQ,618.37,618.42,609.32,610.54,49538197.0
2025-12-16,QQQ,608.26,613.51,606.9101,611.75,55152819.0
2025-12-17,QQQ,613.06,613.65,600.28,600.41,70654327.0
2025-12-18,QQQ,609.8,612.93,606.92,609.11,78875824.0
2025-12-19,QQQ,611.95,617.62,611.87,617.05,60369829.0
2025-12-22,QQQ,621.35,621.65,617.77,619.21,43703101.0
2025-12-23,QQQ,618.2,622.41,617.78,622.11,41120445.0
2025-12-24,QQQ,621.99,624.28,621.72,623.93,18468707.0
2025-12-26,QQQ,624.66,625.515,623.14,623.89,28959778.0
2025-12-29,QQQ,620.1,622.78,618.73,620.87,32458308.0
2025-12-30,QQQ,619.84,622.18,619.215,619.43,31226754.0
2025-12-31,QQQ,619.65,619.96,614.05,614.31,40746527.0
2026-01-02,QQQ,620.06,622.85,610.15,613.12,61859163.0
2026-01-05,QQQ,619.32,620.81,616.72,617.99,46828359.0
2026-01-06,QQQ,619.23,624.0213,618.54,623.42,43137520.0
2026-01-07,QQQ,623.04,627.94,622.56,624.02,44880339.0
2026-01-08,QQQ,623.03,623.42,617.8,620.47,50435941.0
2026-01-09,QQQ,621.41,627.89,619.06,626.65,49688734.0
2026-01-12,QQQ,622.31,628.845,622.26,627.17,37388651.0
2026-01-13,QQQ,627.27,629.47,623.695,626.24,44481380.0
2026-01-14,QQQ,622.24,623.45,614.56,619.55,72598700.0
2026-01-15,QQQ,626.6,630.0,620.75,621.78,53934892.0
2026-01-16,QQQ,625.5,626.08,618.88,621.26,61058094.0
2026-01-20,QQQ,610.53,615.055,607.05,608.06,81988898.0
2026-01-21,QQQ,609.47,620.42,607.8635,616.28,79837881.0
2026-01-22,QQQ,622.35,622.46,617.78,620.76,42254757.0
2026-01-23,QQQ,619.73,625.3999,618.65,622.72,43645825.0
2026-01-26,QQQ,623.21,627.61,622.12,625.46,35983008.0
2026-01-27,QQQ,628.91,632.0427,627.34,631.13,38997212.0
2026-01-28,QQQ,635.46,636.6,631.81,633.22,50691691.0
2026-01-29,QQQ,632.65,633.67,618.27,629.43,79944047.0
2026-01-30,QQQ,625.71,628.256,619.2975,621.87,65650714.0
2026-02-02,QQQ,618.7,628.49,618.66,626.14,49020292.0
2026-02-03,QQQ,628.3,629.98,610.96,616.52,81233969.0
2026-02-04,QQQ,615.02,615.1,600.47,605.75,81850748.0
2026-02-05,QQQ,600.21,604.81,594.76,597.03,89354492.0
2026-02-06,QQQ,600.19,611.41,598.77,609.65,78019338.0
2026-02-09,QQQ,607.54,616.46,605.07,614.32,56797557.0
2026-02-10,QQQ,615.305,617.02,611.01,611.47,53938859.0
2026-02-11,QQQ,616.38,617.52,607.69,613.11,58575101.0
2026-02-12,QQQ,614.71,615.81,599.5699,600.64,81378903.0
2026-02-13,QQQ,600.43,606.48,596.42,601.92,69237547.0
2026-02-17,QQQ,598.375,603.95,593.34,601.3,69013763.0
2026-02-18,QQQ,602.11,609.771,600.72,605.79,64250668.0
2026-02-19,QQQ,602.81,605.815,600.75,603.47,60960839.0
2026-02-20,QQQ,600.12,610.35,599.23,608.81,74127323.0
2026-02-23,QQQ,606.605,608.01,599.05,601.41,63859111.0
2026-02-24,QQQ,602.4,608.99,599.73,607.87,55023732.0
2026-02-25,QQQ,611.07,616.83,611.0,616.68,55710653.0
2026-02-26,QQQ,615.59,615.59,603.98,609.24,96178870.0
2026-02-27,QQQ,602.98,608.32,602.19,607.29,68125196.0
2026-03-02,QQQ,598.86,609.92,597.99,608.09,75264644.0
2026-03-03,QQQ,596.33,603.96,591.87,601.58,97015532.0
2026-03-04,QQQ,604.16,612.88,603.43,610.75,70943888.0
2026-03-05,QQQ,607.4,612.76,602.26,608.91,89602407.0
2026-03-06,QQQ,600.31,606.0,598.33,599.75,86302307.0
2026-03-09,QQQ,594.225,609.27,591.33,607.76,93068170.0
2026-03-10,QQQ,607.78,613.29,605.42,607.77,64078867.0
2026-03-11,QQQ,608.95,612.43,605.03,607.69,60114800.0
2026-03-12,QQQ,602.76,604.14,597.05,597.26,71836629.0
2026-03-13,QQQ,599.73,603.5999,592.57,593.72,63145490.0
2026-03-16,QQQ,600.04,603.86,599.11,600.38,49077155.0
2026-03-17,QQQ,603.14,605.9,601.87,603.31,47106607.0
2026-03-18,QQQ,601.49,603.16,594.56,594.9,56127962.0
2026-03-19,QQQ,589.51,595.8,587.08,593.02,75597578.0
2026-03-20,QQQ,591.06,591.17,578.54,582.06,91964677.0
2026-03-23,QQQ,590.52,595.08,585.96,588.0,89936118.0
2026-03-24,QQQ,584.81,587.93,581.93,583.98,57750895.0
2026-03-25,QQQ,589.14,591.37,585.69,587.82,60475491.0
2026-03-26,QQQ,582.6,584.63,573.43,573.79,81492124.0
2026-03-27,QQQ,570.81,571.02,561.57,562.58,82702240.0
2026-03-30,QQQ,567.38,568.05,555.6,558.28,70602622.0
2026-03-31,QQQ,564.29,578.64,564.21,577.18,95877997.0
2026-04-01,QQQ,581.48,587.739,580.42,584.31,79435132.0
2026-04-02,QQQ,573.97,586.05,571.92,584.98,50941709.0
2026-04-06,QQQ,586.23,590.61,584.69,588.5,35108496.0
2026-04-07,QQQ,585.64,588.98,578.4001,588.59,49948195.0
2026-04-08,QQQ,608.71,609.9,602.12,606.09,63085996.0
2026-04-09,QQQ,605.93,610.5,603.03,610.19,37837538.0
2026-04-10,QQQ,611.84,613.67,609.58,611.07,34038533.0
2026-04-13,QQQ,609.48,626.74,608.11,617.39,32972110.0
2026-04-14,QQQ,620.22,628.6,620.1,628.6,49921081.0
2026-04-15,QQQ,629.08,637.83,628.2,637.4,50102386.0
2026-04-16,QQQ,639.21,642.18,635.255,640.47,42320581.0
2026-04-17,QQQ,645.59,650.0,644.07,648.85,53488871.0
2026-04-20,QQQ,648.04,648.76,642.52,646.79,37138511.0
2026-04-21,QQQ,648.41,650.2,642.21,644.33,39580523.0
2026-04-22,QQQ,650.15,655.33,648.52,655.11,37368402.0
2026-04-23,QQQ,653.55,656.92,645.52,651.42,40099827.0
2026-04-24,QQQ,658.51,664.51,656.5301,663.88,45563050.0
2026-04-27,QQQ,663.4,664.43,660.69,664.23,32717030.0
2026-04-28,QQQ,657.41,659.64,653.81,657.55,34147916.0
2026-04-29,QQQ,658.63,661.72,656.5899,661.57,31724860.0
2026-04-30,QQQ,665.35,668.9,657.56,667.74,40622226.0
2026-05-01,QQQ,669.16,675.97,668.8,674.15,39172607.0
2026-05-04,QQQ,674.66,676.73,668.9,672.88,34541990.0
2026-05-05,QQQ,677.96,682.7734,677.51,681.61,37101063.0
2026-05-06,QQQ,687.78,695.93,686.48,695.77,38778492.0
2026-05-07,QQQ,696.58,701.24,691.77,694.94,43779087.0
2026-05-08,QQQ,699.92,711.23,699.5,711.23,44320421.0
2026-05-11,QQQ,710.36,714.59,708.91,713.29,36019146.0
2026-05-12,QQQ,708.22,710.18,696.64,707.24,45873009.0
2026-05-13,QQQ,709.96,716.65,704.83,714.71,40012526.0
2026-05-14,QQQ,714.62,722.03,714.22,719.79,33327545.0
2026-05-15,QQQ,710.14,715.13,705.55,708.93,51792656.0
2026-05-18,QQQ,711.54,712.07,698.85,705.88,49834549.0
2026-05-19,QQQ,699.81,706.49,695.25,701.53,46827529.0
2026-05-20,QQQ,705.29,713.15,703.79,713.15,36779222.0
2026-05-21,QQQ,708.99,717.12,706.77,714.51,36415360.0
2026-05-22,QQQ,718.07,722.12,715.95,717.54,33118575.0
2026-05-26,QQQ,725.96,731.17,724.16,730.28,34254692.0
2026-05-27,QQQ,732.96,733.32,725.44,729.45,35148674.0
2026-05-28,QQQ,729.73,736.6,726.41,735.6,32839952.0
2026-05-29,QQQ,737.84,741.63,735.25,738.31,37541668.0
2026-06-01,QQQ,737.04,745.65,735.99,742.74,33890559.0
2026-06-02,QQQ,742.4,746.44,739.23,746.16,30085237.0
2026-06-03,QQQ,747.31,748.65,741.01,744.21,40270198.0
2026-06-04,QQQ,735.48,743.4988,732.62,740.61,40782580.0
2026-06-05,QQQ,730.06,731.69,704.32,705.06,99606571.0
2026-06-08,QQQ,717.81,723.03,713.07,716.07,47401451.0
2026-06-09,QQQ,722.98,725.66,686.37,707.83,91932171.0
2026-06-10,QQQ,701.66,711.28,692.93,693.69,65334283.0
2026-06-11,QQQ,699.29,718.3721,695.0,717.12,71798857.0
2026-06-12,QQQ,717.61,724.01,711.28,721.34,51236021.0
2026-06-15,QQQ,738.1,744.7599,737.38,744.0,46710216.0
2026-06-16,QQQ,742.25,744.22,729.64,729.86,45348675.0
2026-06-17,QQQ,735.19,735.68,720.85,722.51,51669322.0
2026-06-18,QQQ,737.2,741.82,732.51,740.62,50154595.0
2026-06-22,QQQ,742.02,745.45,734.39,737.95,43518595.0
2026-06-23,QQQ,715.74,723.61,712.1101,713.65,53354151.0
2026-06-24,QQQ,715.37,719.93,704.45,710.62,52480437.0
2026-06-25,QQQ,725.9,726.83,705.3,716.38,50144089.0
2026-06-26,QQQ,707.13,715.555,702.81,706.52,47081821.0
2026-06-29,QQQ,713.99,724.58,705.172,724.08,44939090.0
2026-06-30,QQQ,724.18,737.62,723.91,736.4,42121829.0
2026-07-01,QQQ,729.19,731.92,724.6,725.17,40803791.0
2026-07-02,QQQ,725.58,730.83,707.56,712.6,51086080.0
2026-07-06,QQQ,719.93,726.08,718.45,722.82,30220428.0
2026-07-07,QQQ,714.17,716.35,704.9,709.43,42483079.0
2026-07-08,QQQ,704.95,712.2599,700.91,711.44,35603179.0
2026-07-09,QQQ,718.33,724.23,715.125,723.28,33654712.0
2026-07-10,QQQ,720.7,726.39,717.0,725.51,26415898.0
2026-07-13,QQQ,717.72,718.74,710.08,711.74,36552362
