date,symbol,open,high,low,close,volume
2010-03-11,SOXL,0.6425,0.6605,0.6425,0.6605,61700.0
2010-03-12,SOXL,0.661,0.6653,0.6442,0.6442,75800.0
2010-03-15,SOXL,0.6312,0.6379,0.6142,0.6238,8900.0
2010-03-16,SOXL,0.6317,0.6752,0.6307,0.6745,21000.0
2010-03-17,SOXL,0.7,0.707,0.6862,0.6988,43500.0
2010-03-18,SOXL,0.6988,0.7008,0.6722,0.6818,26400.0
2010-03-19,SOXL,0.6733,0.6736,0.6397,0.6508,26600.0
2010-03-22,SOXL,0.638,0.7003,0.6343,0.6978,63400.0
2010-03-23,SOXL,0.7077,0.7455,0.7073,0.7428,101900.0
2010-03-24,SOXL,0.7357,0.7357,0.698,0.7017,33900.0
2010-03-25,SOXL,0.732,0.7425,0.6975,0.6982,33900.0
2010-03-26,SOXL,0.7168,0.7205,0.6735,0.6872,38700.0
2010-03-29,SOXL,0.7093,0.7137,0.7007,0.7057,23000.0
2010-03-30,SOXL,0.7167,0.7267,0.6982,0.7192,32000.0
2010-03-31,SOXL,0.7247,0.73,0.7042,0.708,18000.0
2010-04-01,SOXL,0.7278,0.7572,0.6985,0.7103,27400.0
2010-04-05,SOXL,0.7373,0.7733,0.6902,0.7705,25000.0
2010-04-06,SOXL,0.7558,0.7697,0.7472,0.7588,33300.0
2010-04-07,SOXL,0.7628,0.7822,0.7418,0.7663,56900.0
2010-04-08,SOXL,0.7525,0.7525,0.7147,0.7392,74500.0
2010-04-09,SOXL,0.7477,0.7592,0.7307,0.7588,20900.0
2010-04-12,SOXL,0.7703,0.7975,0.7612,0.7778,40000.0
2010-04-13,SOXL,0.7822,0.7967,0.7722,0.7928,48400.0
2010-04-14,SOXL,0.842,0.8977,0.842,0.8948,108400.0
2010-04-15,SOXL,0.9108,0.9232,0.8924,0.9025,211100.0
2010-04-16,SOXL,0.8917,0.8917,0.8285,0.8692,74200.0
2010-04-19,SOXL,0.84,0.8655,0.7918,0.8398,95200.0
2010-04-20,SOXL,0.8643,0.8867,0.8583,0.8805,48700.0
2010-04-21,SOXL,0.8867,0.9062,0.814,0.853,96200.0
2010-04-22,SOXL,0.8363,0.904,0.7973,0.9012,109900.0
2010-04-23,SOXL,0.916,0.916,0.8687,0.9052,60000.0
2010-04-26,SOXL,0.9133,0.938,0.9068,0.9132,64100.0
2010-04-27,SOXL,0.875,0.9065,0.816,0.8187,85200.0
2010-04-28,SOXL,0.8353,0.8792,0.7935,0.835,114400.0
2010-04-29,SOXL,0.8353,0.8667,0.8255,0.8637,97300.0
2010-04-30,SOXL,0.8417,0.8417,0.7453,0.7472,168400.0
2010-05-03,SOXL,0.7577,0.8139,0.7577,0.8022,82100.0
2010-05-04,SOXL,0.7855,0.7855,0.6613,0.696,319400.0
2010-05-05,SOXL,0.685,0.7058,0.6415,0.6737,132000.0
2010-05-06,SOXL,0.6667,0.6957,0.4167,0.6163,290800.0
2010-05-07,SOXL,0.6,0.6181,0.5143,0.5788,206200.0
2010-05-10,SOXL,0.68,0.6827,0.6469,0.68,120100.0
2010-05-11,SOXL,0.6437,0.7025,0.6355,0.667,462000.0
2010-05-12,SOXL,0.678,0.7247,0.678,0.7212,705500.0
2010-05-13,SOXL,0.7018,0.7308,0.6555,0.6647,483200.0
2010-05-14,SOXL,0.649,0.649,0.5677,0.604,264100.0
2010-05-17,SOXL,0.5912,0.6348,0.5701,0.629,319000.0
2010-05-18,SOXL,0.6445,0.6553,0.5691,0.5777,268800.0
2010-05-19,SOXL,0.5748,0.6042,0.5467,0.5868,355100.0
2010-05-20,SOXL,0.5417,0.5762,0.5043,0.539,177300.0
2010-05-21,SOXL,0.5167,0.599,0.5038,0.5742,187000.0
2010-05-24,SOXL,0.5628,0.5848,0.5403,0.5403,182400.0
2010-05-25,SOXL,0.4943,0.5527,0.475,0.5525,180300.0
2010-05-26,SOXL,0.5803,0.6037,0.5464,0.5497,237500.0
2010-05-27,SOXL,0.5923,0.6342,0.584,0.6333,176300.0
2010-05-28,SOXL,0.6407,0.6407,0.5772,0.6028,154800.0
2010-06-01,SOXL,0.599,0.6212,0.5618,0.5618,75500.0
2010-06-02,SOXL,0.5818,0.6226,0.5642,0.6218,184900.0
2010-06-03,SOXL,0.633,0.653,0.615,0.6457,151700.0
2010-06-04,SOXL,0.629,0.6305,0.5524,0.5617,227500.0
2010-06-07,SOXL,0.5698,0.578,0.495,0.499,305200.0
2010-06-08,SOXL,0.5018,0.5042,0.4569,0.4935,208400.0
2010-06-09,SOXL,0.507,0.5385,0.4775,0.4837,143900.0
2010-06-10,SOXL,0.5093,0.5387,0.5015,0.5368,158400.0
2010-06-11,SOXL,0.518,0.5622,0.5133,0.5598,108500.0
2010-06-14,SOXL,0.5868,0.6025,0.5692,0.5704,115400.0
2010-06-15,SOXL,0.5833,0.6697,0.5833,0.6654,241800.0
2010-06-16,SOXL,0.6513,0.6896,0.634,0.6747,237100.0
2010-06-17,SOXL,0.688,0.6895,0.6362,0.6703,145400.0
2010-06-18,SOXL,0.6735,0.6825,0.6567,0.6658,77600.0
2010-06-21,SOXL,0.6957,0.7132,0.636,0.6482,150900.0
2010-06-22,SOXL,0.6513,0.677,0.6083,0.614,164800.0
2010-06-23,SOXL,0.62,0.6425,0.5865,0.6193,134600.0
2010-06-24,SOXL,0.6085,0.6107,0.5578,0.5653,195900.0
2010-06-25,SOXL,0.5718,0.5735,0.5367,0.5672,145300.0
2010-06-28,SOXL,0.5615,0.5923,0.5528,0.5738,70800.0
2010-06-29,SOXL,0.5447,0.5447,0.4858,0.4956,399500.0
2010-06-30,SOXL,0.4985,0.5147,0.4677,0.4717,180700.0
2010-07-01,SOXL,0.475,0.4863,0.4345,0.4735,178600.0
2010-07-02,SOXL,0.4745,0.4816,0.4443,0.4677,117200.0
2010-07-06,SOXL,0.4957,0.505,0.4548,0.4668,401000.0
2010-07-07,SOXL,0.467,0.541,0.467,0.5402,227500.0
2010-07-08,SOXL,0.5602,0.5602,0.5107,0.5362,245100.0
2010-07-09,SOXL,0.5385,0.5563,0.5272,0.5547,125200.0
2010-07-12,SOXL,0.5573,0.5822,0.551,0.5758,145300.0
2010-07-13,SOXL,0.5967,0.6186,0.5863,0.6128,194800.0
2010-07-14,SOXL,0.64,0.6467,0.5953,0.6072,281700.0
2010-07-15,SOXL,0.599,0.6057,0.568,0.5993,186100.0
2010-07-16,SOXL,0.5883,0.5923,0.5413,0.5423,131300.0
2010-07-19,SOXL,0.5595,0.5855,0.5472,0.5833,131800.0
2010-07-20,SOXL,0.5395,0.5852,0.5197,0.585,235700.0
2010-07-21,SOXL,0.5962,0.5962,0.5457,0.5495,181500.0
2010-07-22,SOXL,0.5583,0.6117,0.5583,0.5998,171800.0
2010-07-23,SOXL,0.595,0.6154,0.5798,0.6113,118200.0
2010-07-26,SOXL,0.6117,0.6368,0.5932,0.6333,143700.0
2010-07-27,SOXL,0.6472,0.6472,0.6123,0.6203,174500.0
2010-07-28,SOXL,0.6125,0.6265,0.5783,0.5882,285100.0
2010-07-29,SOXL,0.5948,0.596,0.5302,0.5525,411100.0
2010-07-30,SOXL,0.5397,0.5457,0.5077,0.5352,231800.0
2010-08-02,SOXL,0.5622,0.5717,0.5421,0.5635,330200.0
2010-08-03,SOXL,0.5637,0.5648,0.5323,0.5465,195700.0
2010-08-04,SOXL,0.5483,0.5642,0.5323,0.5625,141800.0
2010-08-05,SOXL,0.5593,0.567,0.5433,0.549,120400.0
2010-08-06,SOXL,0.5388,0.561,0.5292,0.5497,131900.0
2010-08-09,SOXL,0.5537,0.5667,0.54,0.5587,126400.0
2010-08-10,SOXL,0.5417,0.5417,0.5008,0.5158,312200.0
2010-08-11,SOXL,0.4827,0.4832,0.4407,0.4537,512000.0
2010-08-12,SOXL,0.4215,0.4415,0.4067,0.4355,462800.0
2010-08-13,SOXL,0.4377,0.4495,0.4215,0.4223,164800.0
2010-08-16,SOXL,0.4183,0.4398,0.4083,0.4267,258800.0
2010-08-17,SOXL,0.4432,0.458,0.4335,0.443,240500.0
2010-08-18,SOXL,0.447,0.4645,0.4382,0.4578,170300.0
2010-08-19,SOXL,0.4525,0.4593,0.4288,0.4348,186600.0
2010-08-20,SOXL,0.4388,0.4528,0.4307,0.4398,144700.0
2010-08-23,SOXL,0.4523,0.4543,0.4238,0.4243,256500.0
2010-08-24,SOXL,0.4073,0.4167,0.3932,0.4028,233300.0
2010-08-25,SOXL,0.3972,0.4202,0.3825,0.415,326300.0
2010-08-26,SOXL,0.4223,0.4247,0.387,0.3913,263600.0
2010-08-27,SOXL,0.4032,0.4192,0.3713,0.4147,380400.0
2010-08-30,SOXL,0.4087,0.4142,0.384,0.3847,197900.0
2010-08-31,SOXL,0.3817,0.3895,0.3548,0.3602,284100.0
2010-09-01,SOXL,0.3748,0.4055,0.3748,0.3937,354900.0
2010-09-02,SOXL,0.4003,0.4198,0.3923,0.4198,538500.0
2010-09-03,SOXL,0.4363,0.4475,0.4167,0.438,666200.0
2010-09-07,SOXL,0.4342,0.4375,0.41,0.4143,409000.0
2010-09-08,SOXL,0.4162,0.4188,0.3958,0.4075,919600.0
2010-09-09,SOXL,0.4228,0.4238,0.4043,0.4092,275600.0
2010-09-10,SOXL,0.4055,0.4107,0.3757,0.3932,842800.0
2010-09-13,SOXL,0.405,0.4332,0.4045,0.4322,569400.0
2010-09-14,SOXL,0.4283,0.4617,0.4163,0.4533,499000.0
2010-09-15,SOXL,0.444,0.4508,0.4315,0.4498,340000.0
2010-09-16,SOXL,0.4408,0.461,0.438,0.4593,266300.0
2010-09-17,SOXL,0.466,0.468,0.4525,0.4597,240300.0
2010-09-20,SOXL,0.4598,0.4679,0.4458,0.4652,653200.0
2010-09-21,SOXL,0.4635,0.4742,0.4577,0.462,310500.0
2010-09-22,SOXL,0.456,0.4605,0.4325,0.4428,422000.0
2010-09-23,SOXL,0.4305,0.4743,0.4222,0.4513,352500.0
2010-09-24,SOXL,0.4717,0.5077,0.4717,0.505,421100.0
2010-09-27,SOXL,0.5088,0.5102,0.4905,0.4964,341000.0
2010-09-28,SOXL,0.5023,0.5223,0.4818,0.5195,424000.0
2010-09-29,SOXL,0.51,0.5427,0.51,0.531,528200.0
2010-09-30,SOXL,0.5393,0.55,0.5048,0.5195,606600.0
2010-10-01,SOXL,0.5322,0.5355,0.5022,0.514,404300.0
2010-10-04,SOXL,0.511,0.5113,0.4758,0.493,422200.0
2010-10-05,SOXL,0.5033,0.5285,0.5033,0.5238,403700.0
2010-10-06,SOXL,0.5233,0.5242,0.4875,0.5058,369900.0
2010-10-07,SOXL,0.5047,0.5132,0.4883,0.506,347300.0
2010-10-08,SOXL,0.5025,0.5248,0.4858,0.5225,489100.0
2010-10-11,SOXL,0.5225,0.5473,0.5225,0.532,339500.0
2010-10-12,SOXL,0.5253,0.55,0.516,0.5433,305500.0
2010-10-13,SOXL,0.5485,0.5542,0.5307,0.5458,456400.0
2010-10-14,SOXL,0.5468,0.5568,0.5318,0.5413,322300.0
2010-10-15,SOXL,0.5527,0.5583,0.5288,0.5537,372900.0
2010-10-18,SOXL,0.5508,0.5508,0.5273,0.5408,354700.0
2010-10-19,SOXL,0.5238,0.5463,0.5012,0.5182,630700.0
2010-10-20,SOXL,0.5187,0.5348,0.5083,0.5268,406300.0
2010-10-21,SOXL,0.5295,0.5322,0.5043,0.519,367700.0
2010-10-22,SOXL,0.519,0.5523,0.519,0.5498,497200.0
2010-10-25,SOXL,0.5583,0.5773,0.5583,0.5678,206900.0
2010-10-26,SOXL,0.5598,0.5692,0.5418,0.5607,182700.0
2010-10-27,SOXL,0.5627,0.613,0.5625,0.6122,327200.0
2010-10-28,SOXL,0.6138,0.6175,0.591,0.6137,232200.0
2010-10-29,SOXL,0.6087,0.63,0.6077,0.6252,180300.0
2010-11-01,SOXL,0.6297,0.6378,0.604,0.6188,325900.0
2010-11-02,SOXL,0.6302,0.6403,0.6217,0.6308,191200.0
2010-11-03,SOXL,0.6372,0.6517,0.622,0.6517,306100.0
2010-11-04,SOXL,0.6695,0.7138,0.6695,0.7115,311400.0
2010-11-05,SOXL,0.7187,0.7367,0.7093,0.7263,302700.0
2010-11-08,SOXL,0.7223,0.7415,0.7143,0.7273,290600.0
2010-11-09,SOXL,0.7273,0.7295,0.692,0.6997,245800.0
2010-11-10,SOXL,0.699,0.7023,0.673,0.7005,236200.0
2010-11-11,SOXL,0.647,0.6833,0.6215,0.676,409500.0
2010-11-12,SOXL,0.6708,0.7073,0.6547,0.6743,269200.0
2010-11-15,SOXL,0.6893,0.6948,0.6593,0.6593,237000.0
2010-11-16,SOXL,0.6432,0.664,0.6213,0.6313,271900.0
2010-11-17,SOXL,0.629,0.6515,0.6218,0.6295,129800.0
2010-11-18,SOXL,0.6487,0.6728,0.6487,0.6647,175300.0
2010-11-19,SOXL,0.6603,0.702,0.6603,0.697,160900.0
2010-11-22,SOXL,0.699,0.7243,0.6928,0.7228,534400.0
2010-11-23,SOXL,0.7002,0.719,0.6957,0.7035,367900.0
2010-11-24,SOXL,0.7188,0.7639,0.7188,0.7598,403500.0
2010-11-26,SOXL,0.7485,0.7583,0.7383,0.7472,106300.0
2010-11-29,SOXL,0.7347,0.7462,0.7138,0.742,205900.0
2010-11-30,SOXL,0.7193,0.7258,0.7073,0.7145,244300.0
2010-12-01,SOXL,0.7498,0.7853,0.7498,0.783,271200.0
2010-12-02,SOXL,0.7875,0.8284,0.7848,0.8271,226000.0
2010-12-03,SOXL,0.8148,0.8432,0.8083,0.839,180400.0
2010-12-06,SOXL,0.8418,0.8418,0.8134,0.8347,196800.0
2010-12-07,SOXL,0.861,0.8712,0.832,0.833,372400.0
2010-12-08,SOXL,0.842,0.8587,0.8267,0.8558,140100.0
2010-12-09,SOXL,0.8707,0.8763,0.8538,0.862,119500.0
2010-12-10,SOXL,0.8652,0.8728,0.8528,0.8643,122900.0
2010-12-13,SOXL,0.8818,0.8818,0.8417,0.8482,149900.0
2010-12-14,SOXL,0.848,0.852,0.8183,0.8265,183900.0
2010-12-15,SOXL,0.8202,0.8342,0.7967,0.8008,232900.0
2010-12-16,SOXL,0.8077,0.8218,0.7922,0.815,98500.0
2010-12-17,SOXL,0.819,0.8366,0.8163,0.8317,87500.0
2010-12-20,SOXL,0.828,0.8373,0.8115,0.8222,400300.0
2010-12-21,SOXL,0.8327,0.8477,0.8285,0.8395,130400.0
2010-12-22,SOXL,0.8267,0.8417,0.813,0.8403,174500.0
2010-12-23,SOXL,0.8258,0.8407,0.8258,0.8333,69300.0
2010-12-27,SOXL,0.8178,0.8403,0.8025,0.8358,122700.0
2010-12-28,SOXL,0.8333,0.8415,0.8153,0.8252,103100.0
2010-12-29,SOXL,0.8285,0.8325,0.8178,0.8285,56000.0
2010-12-30,SOXL,0.8285,0.8395,0.8242,0.8358,62200.0
2010-12-31,SOXL,0.8293,0.8377,0.82,0.8332,100400.0
2011-01-03,SOXL,0.8495,0.8792,0.842,0.8518,194100.0
2011-01-04,SOXL,0.8597,0.8722,0.828,0.8547,168300.0
2011-01-05,SOXL,0.8425,0.8695,0.8342,0.863,74700.0
2011-01-06,SOXL,0.8705,0.913,0.8705,0.9108,163500.0
2011-01-07,SOXL,0.9167,0.9293,0.8748,0.9168,365600.0
2011-01-10,SOXL,0.9117,0.9508,0.9,0.9456,166000.0
2011-01-11,SOXL,0.9617,0.9617,0.9353,0.9562,165700.0
2011-01-12,SOXL,0.9748,1.01,0.9572,1.0098,161600.0
2011-01-13,SOXL,1.0108,1.0258,0.9898,1.0095,140800.0
2011-01-14,SOXL,1.024,1.092,1.02,1.092,300700.0
2011-01-18,SOXL,1.08,1.092,1.0627,1.0792,230700.0
2011-01-19,SOXL,1.0525,1.0573,0.9967,1.004,245900.0
2011-01-20,SOXL,0.9845,0.9845,0.9305,0.9675,312000.0
2011-01-21,SOXL,1.0,1.0025,0.9475,0.9508,209600.0
2011-01-24,SOXL,0.9613,1.0217,0.96,1.0195,216500.0
2011-01-25,SOXL,1.0063,1.0178,0.9743,0.9981,217100.0
2011-01-26,SOXL,1.0183,1.0315,0.9898,1.0258,273200.0
2011-01-27,SOXL,1.0465,1.0883,1.0465,1.0825,330900.0
2011-01-28,SOXL,1.104,1.104,0.9702,0.9948,602800.0
2011-01-31,SOXL,1.0033,1.0205,0.9667,1.0062,203900.0
2011-02-01,SOXL,1.036,1.0933,1.0343,1.079,370900.0
2011-02-02,SOXL,1.0672,1.112,1.057,1.0973,307000.0
2011-02-03,SOXL,1.0978,1.1048,1.0647,1.0985,174100.0
2011-02-04,SOXL,1.1087,1.166,1.103,1.1635,280900.0
2011-02-07,SOXL,1.176,1.1917,1.1402,1.1515,351700.0
2011-02-08,SOXL,1.1518,1.1583,1.1222,1.1488,138200.0
2011-02-09,SOXL,1.134,1.1507,1.1125,1.127,204200.0
2011-02-10,SOXL,1.09,1.1393,1.0787,1.1367,205700.0
2011-02-11,SOXL,1.129,1.1742,1.1105,1.1627,140600.0
2011-02-14,SOXL,1.1763,1.2162,1.1715,1.1892,256000.0
2011-02-15,SOXL,1.187,1.1883,1.1398,1.1552,240100.0
2011-02-16,SOXL,1.1798,1.2023,1.1654,1.1917,169300.0
2011-02-17,SOXL,1.1847,1.25,1.175,1.2442,254100.0
2011-02-18,SOXL,1.2558,1.256,1.2165,1.2298,224500.0
2011-02-22,SOXL,1.1663,1.1743,1.075,1.0833,680200.0
2011-02-23,SOXL,1.0943,1.0943,0.9817,1.0252,597400.0
2011-02-24,SOXL,1.039,1.0827,1.0152,1.0758,686800.0
2011-02-25,SOXL,1.111,1.1593,1.1072,1.1572,635500.0
2011-02-28,SOXL,1.1817,1.1817,1.0851,1.1222,643800.0
2011-03-01,SOXL,1.1372,1.1447,1.0529,1.0552,630000.0
2011-03-02,SOXL,1.0535,1.1387,1.0532,1.1002,860000.0
2011-03-03,SOXL,1.1398,1.1742,1.1374,1.164,557900.0
2011-03-04,SOXL,1.1555,1.1647,1.1045,1.1274,525000.0
2011-03-07,SOXL,1.1292,1.1442,1.0012,1.034,841000.0
2011-03-08,SOXL,1.0427,1.071,1.0077,1.0395,443300.0
2011-03-09,SOXL,1.0212,1.0212,0.9412,0.9468,1114100.0
2011-03-10,SOXL,0.8997,0.9167,0.8703,0.8752,1014800.0
2011-03-11,SOXL,0.8585,0.9075,0.8568,0.8985,627700.0
2011-03-14,SOXL,0.8945,0.9297,0.8775,0.8948,624300.0
2011-03-15,SOXL,0.8048,0.8803,0.7823,0.8623,664200.0
2011-03-16,SOXL,0.8652,0.892,0.7885,0.8067,587800.0
2011-03-17,SOXL,0.8423,0.8662,0.827,0.8362,625500.0
2011-03-18,SOXL,0.878,0.878,0.8342,0.8445,537900.0
2011-03-21,SOXL,0.8747,0.9068,0.8707,0.8882,658900.0
2011-03-22,SOXL,0.8943,0.8943,0.8627,0.8673,402600.0
2011-03-23,SOXL,0.8613,0.8958,0.84,0.8908,420300.0
2011-03-24,SOXL,0.9222,0.9627,0.9089,0.9565,744400.0
2011-03-25,SOXL,0.9653,0.9802,0.9468,0.9485,525800.0
2011-03-28,SOXL,0.9633,0.977,0.9485,0.953,380200.0
2011-03-29,SOXL,0.9493,0.9793,0.9235,0.9792,499500.0
2011-03-30,SOXL,1.0022,1.0082,0.9595,0.9823,496900.0
2011-03-31,SOXL,0.9748,0.9872,0.9458,0.9573,349300.0
2011-04-01,SOXL,0.9785,0.9785,0.9137,0.9238,565700.0
2011-04-04,SOXL,0.9288,0.9373,0.8832,0.9,450900.0
2011-04-05,SOXL,0.9417,0.9812,0.9407,0.9587,737900.0
2011-04-06,SOXL,0.9875,1.007,0.9761,1.0057,500200.0
2011-04-07,SOXL,1.0058,1.0058,0.96,0.991,333700.0
2011-04-08,SOXL,1.008,1.0167,0.9522,0.9667,341600.0
2011-04-11,SOXL,0.9737,0.9737,0.9328,0.9407,309900.0
2011-04-12,SOXL,0.9167,0.9167,0.8685,0.883,521700.0
2011-04-13,SOXL,0.9008,0.908,0.8737,0.8905,566000.0
2011-04-14,SOXL,0.8717,0.8937,0.853,0.8924,301200.0
2011-04-15,SOXL,0.8863,0.9172,0.8725,0.91,287700.0
2011-04-18,SOXL,0.8773,0.8825,0.8397,0.8613,487800.0
2011-04-19,SOXL,0.856,0.8734,0.85,0.8717,370700.0
2011-04-20,SOXL,0.9498,0.9833,0.9433,0.9833,880200.0
2011-04-21,SOXL,1.0042,1.0042,0.968,0.9807,374400.0
2011-04-25,SOXL,0.9778,0.9982,0.9712,0.9835,225600.0
2011-04-26,SOXL,0.9853,1.0333,0.9845,1.0308,514400.0
2011-04-27,SOXL,1.02,1.0342,0.9927,1.0307,442900.0
2011-04-28,SOXL,1.0202,1.0305,0.9895,1.0102,432500.0
2011-04-29,SOXL,1.0047,1.0295,1.0043,1.025,209000.0
2011-05-02,SOXL,1.035,1.035,0.9867,0.993,350100.0
2011-05-03,SOXL,0.9833,0.9877,0.9368,0.9563,551600.0
2011-05-04,SOXL,0.9805,0.9812,0.9232,0.958,335300.0
2011-05-05,SOXL,0.9417,0.9925,0.9358,0.9638,699900.0
2011-05-06,SOXL,1.0,1.0178,0.973,0.985,681000.0
2011-05-09,SOXL,0.985,0.9853,0.9568,0.9765,311800.0
2011-05-10,SOXL,0.9903,0.9983,0.9725,0.9892,324100.0
2011-05-11,SOXL,0.9932,1.0047,0.9477,0.9665,301600.0
2011-05-12,SOXL,0.9527,1.0153,0.9495,1.0062,421000.0
2011-05-13,SOXL,1.0008,1.0085,0.9642,0.9672,274800.0
2011-05-16,SOXL,0.9645,0.9883,0.9227,0.9262,385700.0
2011-05-17,SOXL,0.916,0.9168,0.8668,0.8927,597200.0
2011-05-18,SOXL,0.9028,0.9517,0.902,0.943,299800.0
2011-05-19,SOXL,0.9315,0.932,0.8943,0.9195,349700.0
2011-05-20,SOXL,0.9215,0.9277,0.8968,0.911,182900.0
2011-05-23,SOXL,0.8802,0.8802,0.8538,0.855,394800.0
2011-05-24,SOXL,0.8702,0.8713,0.8335,0.8357,399700.0
2011-05-25,SOXL,0.8293,0.8663,0.82,0.8577,318300.0
2011-05-26,SOXL,0.8548,0.8873,0.8457,0.8818,245100.0
2011-05-27,SOXL,0.8993,0.9212,0.8993,0.9132,316800.0
2011-05-31,SOXL,0.9417,0.9542,0.927,0.9542,265900.0
2011-06-01,SOXL,0.9468,0.9468,0.8667,0.8677,297300.0
2011-06-02,SOXL,0.869,0.8935,0.8542,0.868,268700.0
2011-06-03,SOXL,0.8405,0.86,0.8182,0.8218,635400.0
2011-06-06,SOXL,0.8177,0.8282,0.8002,0.8018,311000.0
2011-06-07,SOXL,0.8265,0.8385,0.8133,0.8137,244800.0
2011-06-08,SOXL,0.8028,0.803,0.7572,0.7648,603300.0
2011-06-09,SOXL,0.7675,0.7817,0.7544,0.7673,429500.0
2011-06-10,SOXL,0.7583,0.762,0.7145,0.7302,379200.0
2011-06-13,SOXL,0.7305,0.7423,0.7017,0.7088,313800.0
2011-06-14,SOXL,0.7337,0.762,0.7337,0.7485,262800.0
2011-06-15,SOXL,0.732,0.7418,0.703,0.7045,224400.0
2011-06-16,SOXL,0.7102,0.7103,0.6625,0.6807,290300.0
2011-06-17,SOXL,0.7047,0.7047,0.6442,0.651,397000.0
2011-06-20,SOXL,0.647,0.6617,0.6438,0.653,312500.0
2011-06-21,SOXL,0.665,0.7055,0.6542,0.7022,502900.0
2011-06-22,SOXL,0.6922,0.7118,0.6857,0.6918,347600.0
2011-06-23,SOXL,0.6667,0.7245,0.6537,0.723,692000.0
2011-06-24,SOXL,0.7162,0.7162,0.6665,0.6713,361000.0
2011-06-27,SOXL,0.6713,0.6927,0.6517,0.6828,256500.0
2011-06-28,SOXL,0.691,0.7095,0.6865,0.7088,411600.0
2011-06-29,SOXL,0.7152,0.7237,0.6955,0.7118,278800.0
2011-06-30,SOXL,0.7167,0.77,0.7167,0.7633,508200.0
2011-07-01,SOXL,0.7692,0.8167,0.7574,0.8132,420200.0
2011-07-05,SOXL,0.8088,0.8177,0.7792,0.791,257400.0
2011-07-06,SOXL,0.7828,0.7832,0.7535,0.7727,175100.0
2011-07-07,SOXL,0.7943,0.8317,0.7883,0.8183,313700.0
2011-07-08,SOXL,0.7868,0.79,0.7562,0.7817,281600.0
2011-07-11,SOXL,0.7663,0.787,0.735,0.7415,376800.0
2011-07-12,SOXL,0.7192,0.7225,0.6675,0.6782,771400.0
2011-07-13,SOXL,0.6945,0.7033,0.6635,0.671,451800.0
2011-07-14,SOXL,0.6737,0.6978,0.6367,0.6408,686400.0
2011-07-15,SOXL,0.6538,0.6543,0.6275,0.651,407400.0
2011-07-18,SOXL,0.6428,0.6505,0.6092,0.623,427400.0
2011-07-19,SOXL,0.6427,0.689,0.6427,0.6847,529100.0
2011-07-20,SOXL,0.7015,0.7082,0.6633,0.6758,357000.0
2011-07-21,SOXL,0.6708,0.6983,0.6444,0.6943,534300.0
2011-07-22,SOXL,0.6978,0.7483,0.6978,0.7413,672300.0
2011-07-25,SOXL,0.7193,0.7286,0.6978,0.713,292000.0
2011-07-26,SOXL,0.726,0.7558,0.726,0.7308,504700.0
2011-07-27,SOXL,0.707,0.707,0.6463,0.6508,913600.0
2011-07-28,SOXL,0.65,0.68,0.627,0.646,392200.0
2011-07-29,SOXL,0.612,0.648,0.6027,0.6305,562500.0
2011-08-01,SOXL,0.6568,0.6663,0.6037,0.629,698700.0
2011-08-02,SOXL,0.6148,0.627,0.5708,0.5732,739400.0
2011-08-03,SOXL,0.5767,0.596,0.5388,0.5913,814000.0
2011-08-04,SOXL,0.572,0.5733,0.4895,0.4943,1167000.0
2011-08-05,SOXL,0.5092,0.5257,0.4187,0.4583,1002500.0
2011-08-08,SOXL,0.4082,0.4407,0.3815,0.3867,702600.0
2011-08-09,SOXL,0.4092,0.44,0.37,0.4387,830300.0
2011-08-10,SOXL,0.4245,0.4542,0.393,0.4123,598400.0
2011-08-11,SOXL,0.4298,0.4912,0.427,0.4737,493600.0
2011-08-12,SOXL,0.4855,0.4998,0.459,0.469,451900.0
2011-08-15,SOXL,0.4775,0.4977,0.4727,0.4967,372100.0
2011-08-16,SOXL,0.4793,0.4938,0.45,0.4687,418200.0
2011-08-17,SOXL,0.4643,0.49,0.446,0.4585,287200.0
2011-08-18,SOXL,0.4203,0.4203,0.37,0.3792,633500.0
2011-08-19,SOXL,0.3703,0.4037,0.355,0.357,472400.0
2011-08-22,SOXL,0.387,0.3878,0.3597,0.367,359900.0
2011-08-23,SOXL,0.38,0.4243,0.37,0.4232,865400.0
2011-08-24,SOXL,0.4232,0.4343,0.3974,0.4225,865900.0
2011-08-25,SOXL,0.4158,0.4312,0.3867,0.3889,558700.0
2011-08-26,SOXL,0.3903,0.4268,0.3717,0.4198,644600.0
2011-08-29,SOXL,0.4408,0.4675,0.4375,0.4667,490800.0
2011-08-30,SOXL,0.4557,0.475,0.4463,0.4667,419200.0
2011-08-31,SOXL,0.4807,0.4885,0.4468,0.4567,494400.0
2011-09-01,SOXL,0.4573,0.4748,0.4333,0.4338,435100.0
2011-09-02,SOXL,0.4142,0.4167,0.3963,0.404,383200.0
2011-09-06,SOXL,0.3665,0.3968,0.3647,0.396,485600.0
2011-09-07,SOXL,0.4192,0.4483,0.4192,0.447,720400.0
2011-09-08,SOXL,0.436,0.474,0.433,0.4403,546400.0
2011-09-09,SOXL,0.4252,0.4612,0.4173,0.426,655100.0
2011-09-12,SOXL,0.4148,0.4648,0.4148,0.4648,574100.0
2011-09-13,SOXL,0.4732,0.4967,0.4619,0.493,724900.0
2011-09-14,SOXL,0.5007,0.5475,0.4942,0.5301,1437800.0
2011-09-15,SOXL,0.5467,0.559,0.533,0.554,1017200.0
2011-09-16,SOXL,0.5533,0.5733,0.5484,0.5558,1042400.0
2011-09-19,SOXL,0.5303,0.5486,0.5099,0.5372,914700.0
2011-09-20,SOXL,0.5458,0.5505,0.5162,0.5195,1214700.0
2011-09-21,SOXL,0.5298,0.5413,0.4867,0.487,1953100.0
2011-09-22,SOXL,0.45,0.4525,0.4133,0.4382,1030900.0
2011-09-23,SOXL,0.428,0.4692,0.4217,0.4622,876100.0
2011-09-26,SOXL,0.4788,0.4788,0.4297,0.4613,1643600.0
2011-09-27,SOXL,0.4862,0.5163,0.4782,0.4865,1264100.0
2011-09-28,SOXL,0.495,0.495,0.4435,0.4445,961500.0
2011-09-29,SOXL,0.4617,0.466,0.4017,0.4263,1368300.0
2011-09-30,SOXL,0.4053,0.4185,0.3833,0.3835,797400.0
2011-10-03,SOXL,0.3758,0.3878,0.34,0.3408,882600.0
2011-10-04,SOXL,0.33,0.3845,0.326,0.3838,1499500.0
2011-10-05,SOXL,0.3848,0.423,0.369,0.42,1312300.0
2011-10-06,SOXL,0.4173,0.4351,0.4025,0.4345,1307200.0
2011-10-07,SOXL,0.4458,0.4565,0.4267,0.4413,894200.0
2011-10-10,SOXL,0.4603,0.4842,0.4603,0.4765,507800.0
2011-10-11,SOXL,0.4688,0.4811,0.4637,0.4733,504900.0
2011-10-12,SOXL,0.4913,0.5017,0.4858,0.4858,696300.0
2011-10-13,SOXL,0.4777,0.5203,0.4762,0.5163,758100.0
2011-10-14,SOXL,0.5365,0.5373,0.507,0.5347,788700.0
2011-10-17,SOXL,0.522,0.524,0.4849,0.4907,610800.0
2011-10-18,SOXL,0.4915,0.5267,0.4738,0.5223,872200.0
2011-10-19,SOXL,0.5212,0.5212,0.4845,0.4882,747100.0
2011-10-20,SOXL,0.4747,0.4812,0.4363,0.4647,891100.0
2011-10-21,SOXL,0.4833,0.512,0.483,0.493,473900.0
2011-10-24,SOXL,0.5042,0.5463,0.5015,0.5441,1364100.0
2011-10-25,SOXL,0.5323,0.5443,0.5117,0.5148,1063300.0
2011-10-26,SOXL,0.5283,0.539,0.4897,0.522,641500.0
2011-10-27,SOXL,0.5637,0.5985,0.5558,0.5885,924400.0
2011-10-28,SOXL,0.5797,0.5932,0.5755,0.5932,419500.0
2011-10-31,SOXL,0.5752,0.5752,0.5475,0.548,492700.0
2011-11-01,SOXL,0.5032,0.5152,0.4852,0.4955,672800.0
2011-11-02,SOXL,0.5133,0.5167,0.4907,0.503,263900.0
2011-11-03,SOXL,0.5167,0.5511,0.4875,0.5482,744900.0
2011-11-04,SOXL,0.5355,0.5732,0.5337,0.5673,681900.0
2011-11-07,SOXL,0.5592,0.5695,0.5333,0.5648,748300.0
2011-11-08,SOXL,0.5772,0.5825,0.5468,0.5739,704300.0
2011-11-09,SOXL,0.5365,0.5365,0.4947,0.496,690400.0
2011-11-10,SOXL,0.5205,0.5215,0.4867,0.5092,353400.0
2011-11-11,SOXL,0.5233,0.5673,0.5233,0.5612,582000.0
2011-11-14,SOXL,0.553,0.5695,0.5312,0.5418,489700.0
2011-11-15,SOXL,0.5383,0.5733,0.5352,0.5638,759000.0
2011-11-16,SOXL,0.55,0.5808,0.543,0.5547,613500.0
2011-11-17,SOXL,0.55,0.5533,0.4722,0.4917,1220700.0
2011-11-18,SOXL,0.5018,0.5018,0.4695,0.477,538100.0
2011-11-21,SOXL,0.4568,0.4592,0.43,0.4497,655200.0
2011-11-22,SOXL,0.4447,0.4583,0.4252,0.4335,473000.0
2011-11-23,SOXL,0.4197,0.4203,0.3923,0.3927,527700.0
2011-11-25,SOXL,0.3887,0.4037,0.3763,0.3763,378800.0
2011-11-28,SOXL,0.4198,0.4228,0.4027,0.4148,396700.0
2011-11-29,SOXL,0.4187,0.4267,0.4023,0.4055,390400.0
2011-11-30,SOXL,0.4385,0.4763,0.4385,0.4748,855700.0
2011-12-01,SOXL,0.4758,0.4873,0.4588,0.483,404400.0
2011-12-02,SOXL,0.4977,0.5062,0.4785,0.4798,472300.0
2011-12-05,SOXL,0.503,0.5092,0.4852,0.4947,487200.0
2011-12-06,SOXL,0.4925,0.4997,0.4792,0.4917,277000.0
2011-12-07,SOXL,0.4852,0.5131,0.4733,0.509,340600.0
2011-12-08,SOXL,0.4943,0.513,0.462,0.4657,437100.0
2011-12-09,SOXL,0.4558,0.4883,0.4413,0.4825,598400.0
2011-12-12,SOXL,0.4528,0.4528,0.4271,0.4438,477500.0
2011-12-13,SOXL,0.4507,0.4587,0.4058,0.412,695600.0
2011-12-14,SOXL,0.41,0.4188,0.3855,0.3922,525000.0
2011-12-15,SOXL,0.4138,0.417,0.3855,0.3912,333400.0
2011-12-16,SOXL,0.404,0.4162,0.395,0.4003,300600.0
2011-12-19,SOXL,0.4045,0.4055,0.365,0.3667,604400.0
2011-12-20,SOXL,0.3885,0.4187,0.3885,0.415,608200.0
2011-12-21,SOXL,0.4145,0.4167,0.3859,0.4028,415200.0
2011-12-22,SOXL,0.409,0.446,0.4077,0.4425,473500.0
2011-12-23,SOXL,0.4438,0.4498,0.4335,0.4488,254200.0
2011-12-27,SOXL,0.4425,0.4577,0.4417,0.4477,325600.0
2011-12-28,SOXL,0.443,0.4478,0.425,0.4258,395600.0
2011-12-29,SOXL,0.4342,0.4398,0.4242,0.4382,232700.0
2011-12-30,SOXL,0.4383,0.4433,0.432,0.4327,258800.0
2012-01-03,SOXL,0.46,0.47,0.445,0.4485,347300.0
2012-01-04,SOXL,0.4462,0.4513,0.4313,0.4482,327200.0
2012-01-05,SOXL,0.4465,0.4692,0.444,0.4675,418200.0
2012-01-06,SOXL,0.4673,0.4733,0.4565,0.4717,320400.0
2012-01-09,SOXL,0.4797,0.5016,0.4767,0.4978,458600.0
2012-01-10,SOXL,0.5163,0.5227,0.5073,0.5132,344300.0
2012-01-11,SOXL,0.5035,0.524,0.5025,0.5195,278300.0
2012-01-12,SOXL,0.5288,0.5387,0.5134,0.537,347500.0
2012-01-13,SOXL,0.5223,0.5226,0.4988,0.502,403300.0
2012-01-17,SOXL,0.522,0.5248,0.5062,0.5085,283800.0
2012-01-18,SOXL,0.5265,0.5878,0.5265,0.5833,840700.0
2012-01-19,SOXL,0.6003,0.6217,0.5972,0.6192,685800.0
2012-01-20,SOXL,0.6167,0.6313,0.6098,0.6282,294900.0
2012-01-23,SOXL,0.632,0.6367,0.6078,0.6233,373500.0
2012-01-24,SOXL,0.6132,0.6352,0.6098,0.6277,199900.0
2012-01-25,SOXL,0.6338,0.6417,0.6082,0.6358,498400.0
2012-01-26,SOXL,0.6442,0.6543,0.6073,0.6162,379900.0
2012-01-27,SOXL,0.6085,0.6295,0.6052,0.6247,161000.0
2012-01-30,SOXL,0.6103,0.6103,0.5833,0.6028,266000.0
2012-01-31,SOXL,0.6188,0.6215,0.5932,0.6053,285800.0
2012-02-01,SOXL,0.6257,0.66,0.6227,0.6452,657400.0
2012-02-02,SOXL,0.655,0.671,0.6463,0.6577,376700.0
2012-02-03,SOXL,0.6802,0.6952,0.6721,0.6855,438500.0
2012-02-06,SOXL,0.679,0.6797,0.653,0.6637,270300.0
2012-02-07,SOXL,0.6533,0.6708,0.6433,0.6643,315100.0
2012-02-08,SOXL,0.6685,0.7038,0.6685,0.6895,473800.0
2012-02-09,SOXL,0.7008,0.7008,0.6789,0.6955,340800.0
2012-02-10,SOXL,0.6735,0.6775,0.6452,0.6525,470100.0
2012-02-13,SOXL,0.6725,0.675,0.6343,0.6593,315900.0
2012-02-14,SOXL,0.6527,0.6688,0.65,0.6688,340300.0
2012-02-15,SOXL,0.683,0.7025,0.675,0.6778,533600.0
2012-02-16,SOXL,0.6733,0.7317,0.6733,0.728,536400.0
2012-02-17,SOXL,0.7458,0.746,0.7045,0.711,309900.0
2012-02-21,SOXL,0.7163,0.7167,0.6733,0.6825,326100.0
2012-02-22,SOXL,0.6738,0.6912,0.665,0.6722,202000.0
2012-02-23,SOXL,0.6733,0.6795,0.6467,0.6762,239100.0
2012-02-24,SOXL,0.68,0.691,0.6673,0.6712,145000.0
2012-02-27,SOXL,0.658,0.6863,0.6448,0.6718,270800.0
2012-02-28,SOXL,0.6763,0.7147,0.6763,0.7058,427000.0
2012-02-29,SOXL,0.7083,0.7095,0.669,0.6732,299900.0
2012-03-01,SOXL,0.6852,0.693,0.6653,0.6738,187000.0
2012-03-02,SOXL,0.6687,0.6843,0.65,0.6532,261200.0
2012-03-05,SOXL,0.6465,0.6468,0.598,0.6043,626700.0
2012-03-06,SOXL,0.5772,0.5904,0.5665,0.586,420700.0
2012-03-07,SOXL,0.5962,0.621,0.5915,0.6142,553600.0
2012-03-08,SOXL,0.6333,0.6457,0.622,0.6403,305600.0
2012-03-09,SOXL,0.6397,0.6627,0.6392,0.661,428200.0
2012-03-12,SOXL,0.6617,0.6617,0.6355,0.643,281700.0
2012-03-13,SOXL,0.6547,0.6847,0.6547,0.6847,489200.0
2012-03-14,SOXL,0.6917,0.7113,0.6742,0.6785,548600.0
2012-03-15,SOXL,0.6903,0.7203,0.6863,0.7168,549600.0
2012-03-16,SOXL,0.7175,0.7257,0.7093,0.7183,292900.0
2012-03-19,SOXL,0.715,0.7445,0.7117,0.7357,297600.0
2012-03-20,SOXL,0.7188,0.7273,0.7025,0.7213,281900.0
2012-03-21,SOXL,0.7272,0.7378,0.715,0.7283,175700.0
2012-03-22,SOXL,0.7133,0.722,0.6983,0.7158,205500.0
2012-03-23,SOXL,0.7197,0.7217,0.6938,0.7213,284500.0
2012-03-26,SOXL,0.7398,0.7518,0.7258,0.7518,332300.0
2012-03-27,SOXL,0.7467,0.7675,0.7467,0.75,187700.0
2012-03-28,SOXL,0.7492,0.7548,0.7077,0.723,337600.0
2012-03-29,SOXL,0.7097,0.7288,0.6958,0.7253,222800.0
2012-03-30,SOXL,0.7485,0.7485,0.7167,0.7337,296200.0
2012-04-02,SOXL,0.7283,0.7403,0.7018,0.733,280800.0
2012-04-03,SOXL,0.73,0.73,0.6904,0.6992,411400.0
2012-04-04,SOXL,0.6723,0.6743,0.6341,0.6515,718500.0
2012-04-05,SOXL,0.649,0.6633,0.6445,0.6577,220700.0
2012-04-09,SOXL,0.6277,0.6355,0.6175,0.6303,340300.0
2012-04-10,SOXL,0.627,0.6425,0.5915,0.5973,321300.0
2012-04-11,SOXL,0.6167,0.6383,0.6158,0.6252,261900.0
2012-04-12,SOXL,0.6295,0.6675,0.6277,0.6595,498200.0
2012-04-13,SOXL,0.6513,0.659,0.6238,0.6242,230900.0
2012-04-16,SOXL,0.6405,0.6437,0.6085,0.6252,448500.0
2012-04-17,SOXL,0.638,0.6625,0.638,0.6542,428500.0
2012-04-18,SOXL,0.6328,0.6462,0.6185,0.6378,300300.0
2012-04-19,SOXL,0.6302,0.6616,0.605,0.617,322400.0
2012-04-20,SOXL,0.6175,0.6177,0.5722,0.5742,671200.0
2012-04-23,SOXL,0.5535,0.5543,0.5357,0.5532,458900.0
2012-04-24,SOXL,0.5603,0.5608,0.5337,0.5398,319500.0
2012-04-25,SOXL,0.5663,0.5797,0.5575,0.5758,491700.0
2012-04-26,SOXL,0.5803,0.6182,0.5803,0.6147,481700.0
2012-04-27,SOXL,0.6137,0.621,0.5965,0.6152,497400.0
2012-04-30,SOXL,0.6137,0.6152,0.605,0.6052,250000.0
2012-05-01,SOXL,0.605,0.6273,0.5999,0.6123,329800.0
2012-05-02,SOXL,0.6,0.625,0.5958,0.6208,258000.0
2012-05-03,SOXL,0.6235,0.6248,0.574,0.5763,438000.0
2012-05-04,SOXL,0.5675,0.5767,0.5375,0.5392,527700.0
2012-05-07,SOXL,0.5312,0.5476,0.5312,0.5358,360000.0
2012-05-08,SOXL,0.5257,0.5302,0.4932,0.5265,553900.0
2012-05-09,SOXL,0.5023,0.5285,0.4883,0.522,555300.0
2012-05-10,SOXL,0.5325,0.5325,0.5028,0.5153,352400.0
2012-05-11,SOXL,0.5125,0.545,0.5107,0.5263,395600.0
2012-05-14,SOXL,0.5105,0.5203,0.5033,0.5108,310000.0
2012-05-15,SOXL,0.5088,0.5232,0.4914,0.4947,308700.0
2012-05-16,SOXL,0.4992,0.5045,0.47,0.4718,547600.0
2012-05-17,SOXL,0.4747,0.4765,0.4377,0.4377,454700.0
2012-05-18,SOXL,0.4463,0.4478,0.4108,0.4135,815100.0
2012-05-21,SOXL,0.4153,0.4467,0.4133,0.4448,729000.0
2012-05-22,SOXL,0.4457,0.4457,0.427,0.4362,492300.0
2012-05-23,SOXL,0.4207,0.4425,0.41,0.4413,455000.0
2012-05-24,SOXL,0.442,0.444,0.415,0.424,468100.0
2012-05-25,SOXL,0.4235,0.444,0.4232,0.4393,359900.0
2012-05-29,SOXL,0.4527,0.4713,0.4513,0.4652,306600.0
2012-05-30,SOXL,0.4523,0.4527,0.4353,0.44,369100.0
2012-05-31,SOXL,0.4373,0.4402,0.4123,0.4253,353200.0
2012-06-01,SOXL,0.404,0.4051,0.375,0.3755,754900.0
2012-06-04,SOXL,0.3768,0.3885,0.3603,0.3703,466000.0
2012-06-05,SOXL,0.3717,0.3989,0.3717,0.3953,600900.0
2012-06-06,SOXL,0.4068,0.4372,0.4057,0.4353,695600.0
2012-06-07,SOXL,0.4505,0.4558,0.4158,0.4177,548300.0
2012-06-08,SOXL,0.4098,0.4375,0.4084,0.436,372100.0
2012-06-11,SOXL,0.4538,0.4558,0.4097,0.4112,496000.0
2012-06-12,SOXL,0.4172,0.4395,0.4158,0.4392,600100.0
2012-06-13,SOXL,0.433,0.4433,0.4193,0.4242,358100.0
2012-06-14,SOXL,0.4257,0.4295,0.4074,0.4228,355300.0
2012-06-15,SOXL,0.424,0.4435,0.4232,0.4418,273200.0
2012-06-18,SOXL,0.4337,0.4687,0.4337,0.4625,533000.0
2012-06-19,SOXL,0.4737,0.484,0.4648,0.4767,389000.0
2012-06-20,SOXL,0.4803,0.4982,0.4775,0.4928,651100.0
2012-06-21,SOXL,0.4877,0.4883,0.43,0.4312,803200.0
2012-06-22,SOXL,0.4383,0.454,0.4367,0.449,364800.0
2012-06-25,SOXL,0.4377,0.438,0.4037,0.4057,695600.0
2012-06-26,SOXL,0.4112,0.4169,0.3963,0.4093,412400.0
2012-06-27,SOXL,0.4158,0.43,0.4117,0.4262,395800.0
2012-06-28,SOXL,0.4123,0.4222,0.4008,0.4177,502000.0
2012-06-29,SOXL,0.449,0.4708,0.4464,0.47,813400.0
2012-07-02,SOXL,0.4792,0.4823,0.4598,0.4682,294800.0
2012-07-03,SOXL,0.4733,0.4895,0.469,0.4895,302700.0
2012-07-05,SOXL,0.4788,0.483,0.462,0.4762,285100.0
2012-07-06,SOXL,0.4632,0.4648,0.4292,0.4413,507700.0
2012-07-09,SOXL,0.4363,0.4428,0.4193,0.426,428300.0
2012-07-10,SOXL,0.4163,0.431,0.3883,0.3962,807700.0
2012-07-11,SOXL,0.3997,0.403,0.3783,0.3838,574600.0
2012-07-12,SOXL,0.3757,0.3762,0.3562,0.3664,817000.0
2012-07-13,SOXL,0.3692,0.3795,0.367,0.3758,500800.0
2012-07-16,SOXL,0.3707,0.3707,0.3552,0.3633,462700.0
2012-07-17,SOXL,0.37,0.3708,0.3403,0.3583,829700.0
2012-07-18,SOXL,0.3538,0.4022,0.3527,0.3947,1376700.0
2012-07-19,SOXL,0.4117,0.4288,0.4117,0.4198,900900.0
2012-07-20,SOXL,0.4183,0.4207,0.3983,0.3988,510000.0
2012-07-23,SOXL,0.3733,0.3935,0.3593,0.387,601800.0
2012-07-24,SOXL,0.39,0.393,0.3717,0.3833,502900.0
2012-07-25,SOXL,0.3915,0.4192,0.3913,0.4037,733200.0
2012-07-26,SOXL,0.4288,0.4408,0.42,0.432,706200.0
2012-07-27,SOXL,0.4383,0.4658,0.4318,0.462,738800.0
2012-07-30,SOXL,0.4625,0.4729,0.442,0.4498,350700.0
2012-07-31,SOXL,0.4643,0.4765,0.4583,0.4605,1066700.0
2012-08-01,SOXL,0.4682,0.4735,0.45,0.4597,341800.0
2012-08-02,SOXL,0.446,0.4767,0.4407,0.4553,362900.0
2012-08-03,SOXL,0.4767,0.4917,0.4667,0.4833,426800.0
2012-08-06,SOXL,0.4925,0.4995,0.4882,0.4918,256500.0
2012-08-07,SOXL,0.5013,0.5333,0.5013,0.5215,528100.0
2012-08-08,SOXL,0.5167,0.5295,0.514,0.5285,259200.0
2012-08-09,SOXL,0.5257,0.5412,0.525,0.5382,247200.0
2012-08-10,SOXL,0.5367,0.547,0.533,0.5452,220400.0
2012-08-13,SOXL,0.5452,0.5452,0.5148,0.5347,287800.0
2012-08-14,SOXL,0.5442,0.5453,0.5133,0.52,350900.0
2012-08-15,SOXL,0.5078,0.5362,0.5078,0.5288,229200.0
2012-08-16,SOXL,0.5287,0.5567,0.5273,0.5563,239100.0
2012-08-17,SOXL,0.553,0.553,0.5372,0.5452,269900.0
2012-08-20,SOXL,0.5412,0.5418,0.5198,0.5308,1000400.0
2012-08-21,SOXL,0.5368,0.5532,0.5263,0.532,241000.0
2012-08-22,SOXL,0.5238,0.5283,0.5105,0.5208,276000.0
2012-08-23,SOXL,0.5163,0.5182,0.501,0.5103,212100.0
2012-08-24,SOXL,0.505,0.5223,0.5,0.5187,189200.0
2012-08-27,SOXL,0.524,0.5245,0.5058,0.514,132900.0
2012-08-28,SOXL,0.5077,0.519,0.505,0.5127,175300.0
2012-08-29,SOXL,0.5108,0.5198,0.5017,0.5137,146200.0
2012-08-30,SOXL,0.505,0.505,0.4853,0.4882,226100.0
2012-08-31,SOXL,0.4985,0.5135,0.4858,0.5073,312000.0
2012-09-04,SOXL,0.506,0.5072,0.4775,0.4957,551600.0
2012-09-05,SOXL,0.493,0.5027,0.479,0.4847,252000.0
2012-09-06,SOXL,0.497,0.5387,0.497,0.5363,564800.0
2012-09-07,SOXL,0.5288,0.5323,0.5152,0.5263,224800.0
2012-09-10,SOXL,0.518,0.5198,0.4957,0.4988,316900.0
2012-09-11,SOXL,0.504,0.514,0.4955,0.5073,259700.0
2012-09-12,SOXL,0.5117,0.5222,0.5028,0.5105,306500.0
2012-09-13,SOXL,0.5077,0.5297,0.497,0.5247,501100.0
2012-09-14,SOXL,0.5337,0.562,0.5323,0.5448,378000.0
2012-09-17,SOXL,0.5523,0.5523,0.5228,0.5298,228000.0
2012-09-18,SOXL,0.5258,0.5283,0.517,0.5225,141200.0
2012-09-19,SOXL,0.5232,0.5235,0.51,0.5125,196800.0
2012-09-20,SOXL,0.506,0.5085,0.49,0.4992,309100.0
2012-09-21,SOXL,0.5073,0.5163,0.4993,0.4997,177700.0
2012-09-24,SOXL,0.4867,0.4893,0.4717,0.4772,336800.0
2012-09-25,SOXL,0.483,0.488,0.4407,0.4407,498000.0
2012-09-26,SOXL,0.4317,0.436,0.4148,0.433,485400.0
2012-09-27,SOXL,0.4428,0.4655,0.4352,0.462,379800.0
2012-09-28,SOXL,0.4565,0.46,0.4478,0.4493,314100.0
2012-10-01,SOXL,0.457,0.4652,0.4423,0.4455,290900.0
2012-10-02,SOXL,0.4562,0.4567,0.4425,0.4535,203100.0
2012-10-03,SOXL,0.4587,0.4587,0.443,0.446,184600.0
2012-10-04,SOXL,0.4502,0.4575,0.4403,0.4563,218400.0
2012-10-05,SOXL,0.4632,0.4763,0.451,0.4545,351800.0
2012-10-08,SOXL,0.4467,0.4478,0.4343,0.4393,230000.0
2012-10-09,SOXL,0.4358,0.4358,0.4147,0.4187,449800.0
2012-10-10,SOXL,0.4155,0.4185,0.4007,0.4013,557600.0
2012-10-11,SOXL,0.4157,0.4167,0.4033,0.4038,404700.0
2012-10-12,SOXL,0.4023,0.4083,0.3967,0.397,336900.0
2012-10-15,SOXL,0.4027,0.4167,0.4027,0.4143,395900.0
2012-10-16,SOXL,0.4175,0.4425,0.4175,0.441,423300.0
2012-10-17,SOXL,0.4297,0.4462,0.4273,0.438,318900.0
2012-10-18,SOXL,0.4327,0.438,0.42,0.427,293000.0
2012-10-19,SOXL,0.4238,0.4242,0.3897,0.3903,942600.0
2012-10-22,SOXL,0.3958,0.4007,0.3842,0.3897,384000.0
2012-10-23,SOXL,0.3777,0.3961,0.3733,0.3933,686400.0
2012-10-24,SOXL,0.406,0.406,0.3748,0.3752,646200.0
2012-10-25,SOXL,0.3942,0.3942,0.3788,0.3903,463400.0
2012-10-26,SOXL,0.39,0.4038,0.3867,0.3958,475600.0
2012-10-31,SOXL,0.4,0.4047,0.3917,0.3954,298200.0
2012-11-01,SOXL,0.4,0.4367,0.3965,0.4357,994700.0
2012-11-02,SOXL,0.4372,0.4402,0.4112,0.4113,497100.0
2012-11-05,SOXL,0.4108,0.4353,0.4075,0.4318,352600.0
2012-11-06,SOXL,0.436,0.4538,0.4318,0.449,613500.0
2012-11-07,SOXL,0.4302,0.4357,0.406,0.4152,826300.0
2012-11-08,SOXL,0.4217,0.423,0.4,0.4,491400.0
2012-11-09,SOXL,0.3985,0.4178,0.3978,0.4028,666100.0
2012-11-12,SOXL,0.4123,0.4132,0.3947,0.4032,345900.0
2012-11-13,SOXL,0.3958,0.4043,0.3918,0.3945,428200.0
2012-11-14,SOXL,0.4023,0.4058,0.3725,0.3752,689200.0
2012-11-15,SOXL,0.377,0.3802,0.358,0.3598,737200.0
2012-11-16,SOXL,0.3665,0.3665,0.3412,0.3603,717500.0
2012-11-19,SOXL,0.376,0.382,0.3693,0.3808,732100.0
2012-11-20,SOXL,0.376,0.3792,0.366,0.3783,483200.0
2012-11-21,SOXL,0.38,0.3841,0.3753,0.3802,225100.0
2012-11-23,SOXL,0.3875,0.4053,0.3867,0.3997,655900.0
2012-11-26,SOXL,0.399,0.4083,0.396,0.4063,464500.0
2012-11-27,SOXL,0.4083,0.414,0.4003,0.4015,443400.0
2012-11-28,SOXL,0.396,0.4166,0.3847,0.4155,504800.0
2012-11-29,SOXL,0.4215,0.4265,0.411,0.419,477700.0
2012-11-30,SOXL,0.4187,0.4242,0.413,0.4173,296900.0
2012-12-03,SOXL,0.4252,0.4287,0.41,0.4118,348200.0
2012-12-04,SOXL,0.4137,0.4225,0.4055,0.4188,187400.0
2012-12-05,SOXL,0.4153,0.4235,0.409,0.4162,191100.0
2012-12-06,SOXL,0.4182,0.432,0.4167,0.431,379400.0
2012-12-07,SOXL,0.4357,0.4377,0.4252,0.4338,206100.0
2012-12-10,SOXL,0.432,0.4457,0.432,0.4418,176300.0
2012-12-11,SOXL,0.4482,0.4715,0.4478,0.4685,732200.0
2012-12-12,SOXL,0.4777,0.4777,0.4597,0.463,360900.0
2012-12-13,SOXL,0.4602,0.474,0.4445,0.45,458100.0
2012-12-14,SOXL,0.4438,0.4505,0.4337,0.4407,314700.0
2012-12-17,SOXL,0.4427,0.4518,0.4347,0.4458,286100.0
2012-12-18,SOXL,0.457,0.4703,0.4457,0.4665,498900.0
2012-12-19,SOXL,0.4685,0.4828,0.4685,0.4702,409000.0
2012-12-20,SOXL,0.4695,0.472,0.4569,0.4694,261000.0
2012-12-21,SOXL,0.4467,0.4563,0.43,0.4545,386500.0
2012-12-24,SOXL,0.462,0.4715,0.445,0.4505,150900.0
2012-12-26,SOXL,0.452,0.4617,0.4388,0.4403,185600.0
2012-12-27,SOXL,0.439,0.4397,0.4183,0.4333,401900.0
2012-12-28,SOXL,0.4233,0.4387,0.4215,0.4258,210200.0
2012-12-31,SOXL,0.4298,0.4512,0.4225,0.4482,486800.0
2013-01-02,SOXL,0.4753,0.5055,0.475,0.5052,451999.0
2013-01-03,SOXL,0.5033,0.5078,0.4903,0.4962,173697.0
2013-01-04,SOXL,0.4975,0.4997,0.4857,0.4945,131442.0
2013-01-07,SOXL,0.4913,0.496,0.4793,0.4895,111841.0
2013-01-08,SOXL,0.4857,0.4922,0.4717,0.4733,170248.0
2013-01-09,SOXL,0.4763,0.4878,0.4763,0.4873,124741.0
2013-01-10,SOXL,0.5033,0.5098,0.4952,0.5069,242639.0
2013-01-11,SOXL,0.5013,0.5167,0.5013,0.5158,102835.0
2013-01-14,SOXL,0.5008,0.516,0.4985,0.5115,118751.0
2013-01-15,SOXL,0.5053,0.5057,0.4967,0.5038,191125.0
2013-01-16,SOXL,0.5062,0.525,0.5022,0.5202,266707.0
2013-01-17,SOXL,0.5323,0.5542,0.5287,0.5532,584691.0
2013-01-18,SOXL,0.5408,0.5498,0.535,0.5443,427812.0
2013-01-22,SOXL,0.5442,0.5442,0.5295,0.5395,246667.0
2013-01-23,SOXL,0.5458,0.5585,0.5413,0.5572,319305.0
2013-01-24,SOXL,0.5343,0.5567,0.53,0.5423,263411.0
2013-01-25,SOXL,0.5478,0.5707,0.5478,0.5625,296301.0
2013-01-28,SOXL,0.5683,0.572,0.5608,0.5663,164587.0
2013-01-29,SOXL,0.5608,0.5618,0.5492,0.5558,214681.0
2013-01-30,SOXL,0.5533,0.5675,0.5533,0.5587,233734.0
2013-01-31,SOXL,0.5577,0.5668,0.5492,0.5537,283919.0
2013-02-01,SOXL,0.5673,0.5855,0.5635,0.5832,392582.0
2013-02-04,SOXL,0.57,0.588,0.5565,0.5578,288926.0
2013-02-05,SOXL,0.5683,0.5883,0.565,0.5842,217667.0
2013-02-06,SOXL,0.5752,0.59,0.5728,0.5873,138320.0
2013-02-07,SOXL,0.5927,0.5927,0.5633,0.5797,235055.0
2013-02-08,SOXL,0.5833,0.6035,0.5833,0.6022,335443.0
2013-02-11,SOXL,0.6032,0.6088,0.5943,0.6048,130074.0
2013-02-12,SOXL,0.6048,0.6118,0.5983,0.6087,212333.0
2013-02-13,SOXL,0.6155,0.6217,0.6022,0.6135,150356.0
2013-02-14,SOXL,0.6043,0.6318,0.6033,0.631,139656.0
2013-02-15,SOXL,0.6342,0.6368,0.6122,0.6188,252327.0
2013-02-19,SOXL,0.6212,0.6425,0.6195,0.6412,241866.0
2013-02-20,SOXL,0.6417,0.645,0.5982,0.5982,431353.0
2013-02-21,SOXL,0.5817,0.5902,0.5538,0.5655,456982.0
2013-02-22,SOXL,0.5815,0.6032,0.577,0.6008,498451.0
2013-02-25,SOXL,0.615,0.6188,0.5665,0.5665,450782.0
2013-02-26,SOXL,0.5692,0.5848,0.5648,0.5807,294075.0
2013-02-27,SOXL,0.5835,0.6158,0.5803,0.6067,203464.0
2013-02-28,SOXL,0.602,0.6225,0.602,0.6222,315435.0
2013-03-01,SOXL,0.5927,0.6083,0.5762,0.6002,354817.0
2013-03-04,SOXL,0.6032,0.6053,0.5835,0.5977,181493.0
2013-03-05,SOXL,0.6137,0.636,0.6135,0.6317,409302.0
2013-03-06,SOXL,0.645,0.6453,0.6287,0.6345,366709.0
2013-03-07,SOXL,0.6412,0.6524,0.6366,0.6427,260859.0
2013-03-08,SOXL,0.6583,0.6583,0.6275,0.6442,492926.0
2013-03-11,SOXL,0.6408,0.6493,0.6292,0.6472,166079.0
2013-03-12,SOXL,0.6382,0.6575,0.6382,0.6568,172455.0
2013-03-13,SOXL,0.655,0.6665,0.6442,0.6627,214660.0
2013-03-14,SOXL,0.6698,0.6813,0.6668,0.6718,166864.0
2013-03-15,SOXL,0.6718,0.6718,0.633,0.6392,367942.0
2013-03-18,SOXL,0.6127,0.6305,0.6047,0.6133,371050.0
2013-03-19,SOXL,0.6232,0.6255,0.5905,0.6062,303704.0
2013-03-20,SOXL,0.62,0.6333,0.618,0.6299,351720.0
2013-03-21,SOXL,0.6282,0.6282,0.5981,0.6002,343031.0
2013-03-22,SOXL,0.61,0.6291,0.6082,0.619,245333.0
2013-03-25,SOXL,0.632,0.6415,0.606,0.6158,229316.0
2013-03-26,SOXL,0.6208,0.6338,0.6208,0.6328,160277.0
2013-03-27,SOXL,0.6225,0.6375,0.6103,0.6355,156630.0
2013-03-28,SOXL,0.6457,0.65,0.6276,0.647,193903.0
2013-04-01,SOXL,0.6375,0.6433,0.6046,0.6105,248155.0
2013-04-02,SOXL,0.628,0.628,0.5863,0.593,395648.0
2013-04-03,SOXL,0.6167,0.6167,0.5512,0.5573,421802.0
2013-04-04,SOXL,0.558,0.58,0.5462,0.5787,289502.0
2013-04-05,SOXL,0.5508,0.5732,0.5392,0.5703,452887.0
2013-04-08,SOXL,0.5642,0.5913,0.557,0.5913,233762.0
2013-04-09,SOXL,0.5858,0.62,0.5808,0.6075,331443.0
2013-04-10,SOXL,0.6133,0.6488,0.613,0.6465,488466.0
2013-04-11,SOXL,0.6397,0.652,0.6278,0.6402,226235.0
2013-04-12,SOXL,0.6248,0.6365,0.6092,0.6307,190142.0
2013-04-15,SOXL,0.614,0.6255,0.5823,0.5857,383242.0
2013-04-16,SOXL,0.6002,0.6225,0.5943,0.6209,250538.0
2013-04-17,SOXL,0.5967,0.5967,0.5522,0.5597,441826.0
2013-04-18,SOXL,0.5743,0.5882,0.5417,0.5445,321164.0
2013-04-19,SOXL,0.5503,0.5613,0.5327,0.5575,381061.0
2013-04-22,SOXL,0.5617,0.5809,0.5397,0.5745,370872.0
2013-04-23,SOXL,0.5833,0.6143,0.5833,0.6115,497001.0
2013-04-24,SOXL,0.6005,0.6393,0.6005,0.6335,299817.0
2013-04-25,SOXL,0.6402,0.664,0.6383,0.652,301536.0
2013-04-26,SOXL,0.634,0.6412,0.627,0.6342,154677.0
2013-04-29,SOXL,0.6333,0.6608,0.6333,0.6558,167063.0
2013-04-30,SOXL,0.6623,0.6753,0.6467,0.6753,160869.0
2013-05-01,SOXL,0.6787,0.6787,0.6542,0.6563,164687.0
2013-05-02,SOXL,0.6717,0.6865,0.6585,0.6835,210162.0
2013-05-03,SOXL,0.7075,0.7167,0.7008,0.7033,355954.0
2013-05-06,SOXL,0.717,0.726,0.7082,0.7175,291559.0
2013-05-07,SOXL,0.728,0.728,0.7048,0.7165,169654.0
2013-05-08,SOXL,0.7167,0.7458,0.716,0.7447,176795.0
2013-05-09,SOXL,0.7448,0.7665,0.742,0.7565,251499.0
2013-05-10,SOXL,0.7637,0.7773,0.7618,0.7772,200179.0
2013-05-13,SOXL,0.7792,0.7792,0.7505,0.7538,244126.0
2013-05-14,SOXL,0.76,0.77,0.7515,0.7653,190585.0
2013-05-15,SOXL,0.7653,0.7955,0.7583,0.7857,137428.0
2013-05-16,SOXL,0.7922,0.7983,0.7678,0.7707,141993.0
2013-05-17,SOXL,0.7883,0.8008,0.7777,0.7997,154702.0
2013-05-20,SOXL,0.8042,0.8092,0.7905,0.7952,280916.0
2013-05-21,SOXL,0.8037,0.8037,0.786,0.7935,154945.0
2013-05-22,SOXL,0.8003,0.8188,0.7455,0.7572,427745.0
2013-05-23,SOXL,0.7345,0.7603,0.7142,0.7563,311239.0
2013-05-24,SOXL,0.7417,0.7562,0.7333,0.7562,104439.0
2013-05-28,SOXL,0.7962,0.7962,0.7708,0.7763,183332.0
2013-05-29,SOXL,0.7548,0.7932,0.7548,0.7858,99219.0
2013-05-30,SOXL,0.7908,0.831,0.7908,0.822,189779.0
2013-05-31,SOXL,0.8027,0.8268,0.792,0.798,153696.0
2013-06-03,SOXL,0.7948,0.8185,0.7713,0.8,239801.0
2013-06-04,SOXL,0.8067,0.8358,0.799,0.8107,414033.0
2013-06-05,SOXL,0.8057,0.8057,0.7702,0.773,223793.0
2013-06-06,SOXL,0.7718,0.7887,0.7465,0.767,193494.0
2013-06-07,SOXL,0.7815,0.805,0.7655,0.8037,195403.0
2013-06-10,SOXL,0.8165,0.821,0.7973,0.8163,182943.0
2013-06-11,SOXL,0.7992,0.7995,0.7613,0.7642,277112.0
2013-06-12,SOXL,0.783,0.7879,0.7335,0.7362,289059.0
2013-06-13,SOXL,0.732,0.7838,0.7285,0.7807,236450.0
2013-06-14,SOXL,0.7973,0.7998,0.7677,0.7722,144242.0
2013-06-17,SOXL,0.7928,0.8202,0.7928,0.8053,206172.0
2013-06-18,SOXL,0.8228,0.8477,0.8085,0.8445,256244.0
2013-06-19,SOXL,0.8458,0.856,0.8145,0.817,273595.0
2013-06-20,SOXL,0.7865,0.7865,0.733,0.7408,320746.0
2013-06-21,SOXL,0.7427,0.7633,0.7193,0.7465,316925.0
2013-06-24,SOXL,0.7175,0.7312,0.6833,0.7002,378763.0
2013-06-25,SOXL,0.719,0.7558,0.7172,0.752,230610.0
2013-06-26,SOXL,0.7738,0.7762,0.7483,0.7617,191038.0
2013-06-27,SOXL,0.7833,0.7913,0.7702,0.7717,188987.0
2013-06-28,SOXL,0.7737,0.7923,0.7525,0.782,189115.0
2013-07-01,SOXL,0.7878,0.8013,0.7738,0.7762,138047.0
2013-07-02,SOXL,0.7762,0.8017,0.7627,0.7782,215820.0
2013-07-03,SOXL,0.755,0.8,0.755,0.7905,107331.0
2013-07-05,SOXL,0.805,0.8246,0.7942,0.8213,192868.0
2013-07-08,SOXL,0.8418,0.8418,0.7645,0.7725,494984.0
2013-07-09,SOXL,0.7933,0.8032,0.7877,0.7963,179717.0
2013-07-10,SOXL,0.7943,0.8279,0.7938,0.8237,233585.0
2013-07-11,SOXL,0.8585,0.877,0.8489,0.8762,227296.0
2013-07-12,SOXL,0.8833,0.8948,0.8762,0.8912,138258.0
2013-07-15,SOXL,0.8983,0.8983,0.8847,0.891,136298.0
2013-07-16,SOXL,0.8857,0.9113,0.8843,0.8983,192124.0
2013-07-17,SOXL,0.911,0.9113,0.8933,0.9007,217054.0
2013-07-18,SOXL,0.9077,0.9077,0.8688,0.8783,234149.0
2013-07-19,SOXL,0.864,0.873,0.8477,0.873,202483.0
2013-07-22,SOXL,0.8792,0.8792,0.8555,0.8667,113351.0
2013-07-23,SOXL,0.867,0.8935,0.8532,0.8572,219934.0
2013-07-24,SOXL,0.8667,0.8667,0.8069,0.8102,348892.0
2013-07-25,SOXL,0.7998,0.8252,0.7945,0.8247,153744.0
2013-07-26,SOXL,0.823,0.823,0.7892,0.8023,171548.0
2013-07-29,SOXL,0.8013,0.8072,0.7825,0.7892,121320.0
2013-07-30,SOXL,0.7972,0.8208,0.7967,0.8155,131171.0
2013-07-31,SOXL,0.8233,0.8428,0.8177,0.8272,131081.0
2013-08-01,SOXL,0.8547,0.8737,0.8488,0.872,183531.0
2013-08-02,SOXL,0.8637,0.8637,0.8392,0.8555,84547.0
2013-08-05,SOXL,0.8457,0.8553,0.8435,0.8515,58944.0
2013-08-06,SOXL,0.8527,0.8527,0.8245,0.8342,78043.0
2013-08-07,SOXL,0.8207,0.824,0.7985,0.8082,103902.0
2013-08-08,SOXL,0.8212,0.822,0.7962,0.8107,71222.0
2013-08-09,SOXL,0.8083,0.8123,0.7927,0.7987,71818.0
2013-08-12,SOXL,0.7868,0.8145,0.7867,0.8075,62155.0
2013-08-13,SOXL,0.815,0.8378,0.7985,0.8345,148459.0
2013-08-14,SOXL,0.8165,0.8183,0.7928,0.7973,206287.0
2013-08-15,SOXL,0.7717,0.7717,0.7417,0.7427,175325.0
2013-08-16,SOXL,0.7425,0.7715,0.7382,0.75,121328.0
2013-08-19,SOXL,0.7398,0.759,0.7342,0.7348,104510.0
2013-08-20,SOXL,0.7365,0.757,0.736,0.7495,110572.0
2013-08-21,SOXL,0.7423,0.752,0.725,0.733,147067.0
2013-08-22,SOXL,0.741,0.7625,0.741,0.7578,140901.0
2013-08-23,SOXL,0.766,0.7684,0.7455,0.7583,151570.0
2013-08-26,SOXL,0.7552,0.7682,0.7495,0.7532,68303.0
2013-08-27,SOXL,0.725,0.7278,0.6938,0.697,267452.0
2013-08-28,SOXL,0.7027,0.731,0.7027,0.72,113908.0
2013-08-29,SOXL,0.7245,0.7525,0.7202,0.7475,99410.0
2013-08-30,SOXL,0.746,0.749,0.7195,0.727,122704.0
2013-09-03,SOXL,0.7605,0.7733,0.7342,0.7448,127111.0
2013-09-04,SOXL,0.759,0.807,0.7525,0.802,283595.0
2013-09-05,SOXL,0.8085,0.8253,0.8063,0.8208,85588.0
2013-09-06,SOXL,0.829,0.8305,0.79,0.8108,176056.0
2013-09-09,SOXL,0.8142,0.8469,0.8123,0.8433,99357.0
2013-09-10,SOXL,0.8623,0.8917,0.862,0.8902,167422.0
2013-09-11,SOXL,0.879,0.8892,0.8592,0.8825,70880.0
2013-09-12,SOXL,0.8873,0.889,0.8633,0.8672,59598.0
2013-09-13,SOXL,0.8647,0.879,0.8537,0.8787,48930.0
2013-09-16,SOXL,0.9102,0.9115,0.8863,0.8892,110747.0
2013-09-17,SOXL,0.8942,0.9117,0.8942,0.9072,85324.0
2013-09-18,SOXL,0.9058,0.9328,0.8945,0.9305,107895.0
2013-09-19,SOXL,0.935,0.9458,0.9125,0.9208,97488.0
2013-09-20,SOXL,0.9192,0.9367,0.902,0.906,72046.0
2013-09-23,SOXL,0.9092,0.922,0.8832,0.8943,214486.0
2013-09-24,SOXL,0.905,0.923,0.8942,0.9123,97048.0
2013-09-25,SOXL,0.9177,0.9292,0.897,0.9147,74181.0
2013-09-26,SOXL,0.9268,0.9302,0.9023,0.9133,104596.0
2013-09-27,SOXL,0.8998,0.9043,0.885,0.8923,64079.0
2013-09-30,SOXL,0.8677,0.9008,0.8535,0.894,140220.0
2013-10-01,SOXL,0.8998,0.9242,0.8935,0.9172,97492.0
2013-10-02,SOXL,0.8955,0.9155,0.8955,0.9155,39935.0
2013-10-03,SOXL,0.9097,0.9297,0.8797,0.9082,80582.0
2013-10-04,SOXL,0.9082,0.9358,0.9082,0.9285,78290.0
2013-10-07,SOXL,0.9068,0.9333,0.8967,0.9147,52096.0
2013-10-08,SOXL,0.9165,0.9222,0.8606,0.8712,114182.0
2013-10-09,SOXL,0.8717,0.879,0.8318,0.86,128078.0
2013-10-10,SOXL,0.8857,0.9227,0.883,0.9185,180441.0
2013-10-11,SOXL,0.9083,0.9333,0.8992,0.927,113294.0
2013-10-14,SOXL,0.9015,0.9485,0.9,0.9452,90687.0
2013-10-15,SOXL,0.9463,0.951,0.9167,0.921,107621.0
2013-10-16,SOXL,0.927,0.9495,0.9225,0.9472,72417.0
2013-10-17,SOXL,0.9325,0.9692,0.9182,0.9672,83422.0
2013-10-18,SOXL,0.9778,0.9778,0.9508,0.9737,104756.0
2013-10-21,SOXL,0.9817,0.9867,0.9717,0.9852,76950.0
2013-10-22,SOXL,0.9912,0.9912,0.9618,0.9787,102751.0
2013-10-23,SOXL,0.935,0.935,0.8687,0.882,231646.0
2013-10-24,SOXL,0.8973,0.913,0.8973,0.9035,84758.0
2013-10-25,SOXL,0.9118,0.9167,0.9035,0.9135,120586.0
2013-10-28,SOXL,0.9133,0.9358,0.9073,0.9323,54634.0
2013-10-29,SOXL,0.9417,0.9747,0.9417,0.9733,109915.0
2013-10-30,SOXL,0.9785,0.9849,0.9473,0.959,69627.0
2013-10-31,SOXL,0.9615,0.9927,0.9602,0.9753,110730.0
2013-11-01,SOXL,0.9832,0.9875,0.955,0.9647,76243.0
2013-11-04,SOXL,0.9768,0.9768,0.9572,0.9628,34662.0
2013-11-05,SOXL,0.9413,0.9656,0.9305,0.9542,54552.0
2013-11-06,SOXL,0.9682,0.9701,0.9478,0.9648,47129.0
2013-11-07,SOXL,0.962,0.962,0.9052,0.9093,123104.0
2013-11-08,SOXL,0.9053,0.9405,0.9,0.9395,91874.0
2013-11-11,SOXL,0.9305,0.9417,0.922,0.9388,34728.0
2013-11-12,SOXL,0.93,0.9571,0.93,0.9545,73810.0
2013-11-13,SOXL,0.9433,0.9823,0.937,0.9815,48753.0
2013-11-14,SOXL,0.9808,0.9808,0.9617,0.9678,49140.0
2013-11-15,SOXL,0.9727,0.99,0.9558,0.9862,60540.0
2013-11-18,SOXL,0.99,0.9907,0.9537,0.9595,130767.0
2013-11-19,SOXL,0.9648,0.9662,0.9235,0.926,105586.0
2013-11-20,SOXL,0.9295,0.9365,0.9052,0.9122,83959.0
2013-11-21,SOXL,0.9218,0.9627,0.9213,0.9608,69402.0
2013-11-22,SOXL,0.9573,0.9662,0.9482,0.9625,38712.0
2013-11-25,SOXL,0.9677,0.9677,0.9413,0.9592,65046.0
2013-11-26,SOXL,0.9743,0.99,0.9618,0.9838,93356.0
2013-11-27,SOXL,0.9738,0.997,0.967,0.9967,80027.0
2013-11-29,SOXL,1.0,1.0093,0.9937,0.9965,49629.0
2013-12-02,SOXL,1.0053,1.007,0.9872,0.9912,86882.0
2013-12-03,SOXL,0.9845,1.011,0.9825,1.0013,83661.0
2013-12-04,SOXL,0.9972,1.0083,0.9683,0.9887,45206.0
2013-12-05,SOXL,0.99,1.007,0.988,0.9952,63527.0
2013-12-06,SOXL,1.0402,1.0402,1.0183,1.0295,78807.0
2013-12-09,SOXL,1.0463,1.049,1.0322,1.0375,52805.0
2013-12-10,SOXL,1.034,1.0422,1.0178,1.0287,32251.0
2013-12-11,SOXL,1.0325,1.036,0.9942,0.9983,58360.0
2013-12-12,SOXL,0.9953,1.0017,0.9695,0.9732,68999.0
2013-12-13,SOXL,0.9833,0.989,0.9617,0.968,76981.0
2013-12-16,SOXL,0.989,1.0247,0.989,1.007,59900.0
2013-12-17,SOXL,1.007,1.0455,1.007,1.0383,84947.0
2013-12-18,SOXL,1.0405,1.0618,0.9924,1.059,111390.0
2013-12-19,SOXL,1.0573,1.0573,1.0262,1.04,56138.0
2013-12-20,SOXL,1.04,1.0752,1.04,1.0665,121916.0
2013-12-23,SOXL,1.086,1.0972,1.0773,1.093,81989.0
2013-12-24,SOXL,1.1013,1.113,1.095,1.106,34191.0
2013-12-26,SOXL,1.1117,1.121,1.1053,1.1162,72673.0
2013-12-27,SOXL,1.1195,1.1265,1.1108,1.1132,34833.0
2013-12-30,SOXL,1.1078,1.1287,1.1078,1.1217,45273.0
2013-12-31,SOXL,1.1292,1.1513,1.1292,1.1503,78675.0
2014-01-02,SOXL,1.1287,1.1287,1.0873,1.0987,122428.0
2014-01-03,SOXL,1.1035,1.1035,1.0785,1.0947,69639.0
2014-01-06,SOXL,1.1005,1.1005,1.0692,1.074,59124.0
2014-01-07,SOXL,1.0837,1.1028,1.0798,1.099,46578.0
2014-01-08,SOXL,1.124,1.15,1.1167,1.1475,73363.0
2014-01-09,SOXL,1.159,1.159,1.1102,1.1232,42579.0
2014-01-10,SOXL,1.1233,1.1417,1.1212,1.1368,43679.0
2014-01-13,SOXL,1.131,1.142,1.0875,1.0963,87799.0
2014-01-14,SOXL,1.1013,1.1742,1.0972,1.1717,136809.0
2014-01-15,SOXL,1.1848,1.2113,1.1817,1.2013,92849.0
2014-01-16,SOXL,1.1983,1.2017,1.175,1.1813,112840.0
2014-01-17,SOXL,1.167,1.1853,1.1535,1.161,68162.0
2014-01-21,SOXL,1.176,1.1842,1.1543,1.1838,91219.0
2014-01-22,SOXL,1.1838,1.225,1.1755,1.2243,60756.0
2014-01-23,SOXL,1.1897,1.2019,1.162,1.1827,104217.0
2014-01-24,SOXL,1.1613,1.1669,1.098,1.0997,147405.0
2014-01-27,SOXL,1.1133,1.1138,1.0585,1.0787,134011.0
2014-01-28,SOXL,1.0707,1.0974,1.0573,1.0918,77363.0
2014-01-29,SOXL,1.071,1.1073,1.071,1.0765,110918.0
2014-01-30,SOXL,1.1023,1.1278,1.0958,1.1183,84583.0
2014-01-31,SOXL,1.0848,1.117,1.072,1.101,58018.0
2014-02-03,SOXL,1.0985,1.0985,1.0222,1.0315,123778.0
2014-02-04,SOXL,1.0323,1.0403,1.0162,1.0332,113404.0
2014-02-05,SOXL,1.0275,1.0512,1.0023,1.0373,70047.0
2014-02-06,SOXL,1.0545,1.0933,1.0537,1.0867,129310.0
2014-02-07,SOXL,1.1015,1.1423,1.0894,1.1392,118304.0
2014-02-10,SOXL,1.1323,1.1615,1.1319,1.1567,81823.0
2014-02-11,SOXL,1.1623,1.2097,1.159,1.2008,102004.0
2014-02-12,SOXL,1.22,1.2403,1.2137,1.2347,143102.0
2014-02-13,SOXL,1.213,1.279,1.2093,1.279,97482.0
2014-02-14,SOXL,1.2788,1.305,1.2625,1.3002,130273.0
2014-02-18,SOXL,1.3177,1.3177,1.2833,1.3107,90433.0
2014-02-19,SOXL,1.3052,1.3265,1.2968,1.3077,76426.0
2014-02-20,SOXL,1.3103,1.3417,1.3035,1.3385,86251.0
2014-02-21,SOXL,1.3438,1.3517,1.3062,1.3182,84380.0
2014-02-24,SOXL,1.3375,1.3583,1.3285,1.3333,75201.0
2014-02-25,SOXL,1.3282,1.3387,1.2918,1.3138,105894.0
2014-02-26,SOXL,1.3227,1.3678,1.3227,1.3393,84709.0
2014-02-27,SOXL,1.3333,1.3464,1.3103,1.3375,52985.0
2014-02-28,SOXL,1.3482,1.3508,1.307,1.3333,80619.0
2014-03-03,SOXL,1.2935,1.32,1.2725,1.3115,139126.0
2014-03-04,SOXL,1.3518,1.3848,1.3514,1.3795,116900.0
2014-03-05,SOXL,1.3795,1.4,1.3718,1.3882,56091.0
2014-03-06,SOXL,1.4,1.4213,1.3852,1.4198,52060.0
2014-03-07,SOXL,1.4332,1.4368,1.3997,1.4132,66300.0
2014-03-10,SOXL,1.4017,1.4223,1.385,1.4042,33003.0
2014-03-11,SOXL,1.4182,1.4275,1.3702,1.3818,34799.0
2014-03-12,SOXL,1.3602,1.4167,1.3535,1.4167,41760.0
2014-03-13,SOXL,1.4317,1.4382,1.323,1.3458,96557.0
2014-03-14,SOXL,1.3333,1.3583,1.3218,1.3245,61345.0
2014-03-17,SOXL,1.3523,1.3852,1.3493,1.372,66743.0
2014-03-18,SOXL,1.3878,1.4327,1.3713,1.4305,135676.0
2014-03-19,SOXL,1.4328,1.457,1.4003,1.4273,110377.0
2014-03-20,SOXL,1.4047,1.5085,1.4047,1.5077,109893.0
2014-03-21,SOXL,1.5255,1.5272,1.456,1.468,124496.0
2014-03-24,SOXL,1.4897,1.4897,1.4137,1.4498,164758.0
2014-03-25,SOXL,1.461,1.5052,1.4568,1.4798,114321.0
2014-03-26,SOXL,1.51,1.5333,1.4327,1.435,135448.0
2014-03-27,SOXL,1.4228,1.4478,1.3893,1.3995,96336.0
2014-03-28,SOXL,1.415,1.4617,1.4083,1.4297,68640.0
2014-03-31,SOXL,1.4632,1.5095,1.455,1.4985,159124.0
2014-04-01,SOXL,1.5308,1.5685,1.5148,1.5685,135171.0
2014-04-02,SOXL,1.5833,1.5833,1.5362,1.5587,121054.0
2014-04-03,SOXL,1.5667,1.6118,1.5447,1.568,113403.0
2014-04-04,SOXL,1.6108,1.6108,1.4303,1.4362,266006.0
2014-04-07,SOXL,1.4117,1.4592,1.3703,1.3965,164323.0
2014-04-08,SOXL,1.4083,1.4539,1.4007,1.4488,86819.0
2014-04-09,SOXL,1.4787,1.5002,1.45,1.4955,125216.0
2014-04-10,SOXL,1.5007,1.502,1.3533,1.3577,185249.0
2014-04-11,SOXL,1.3167,1.3687,1.2823,1.2928,156356.0
2014-04-14,SOXL,1.3228,1.3455,1.2885,1.3232,96021.0
2014-04-15,SOXL,1.3375,1.362,1.28,1.3505,114476.0
2014-04-16,SOXL,1.3777,1.3777,1.2867,1.3427,88945.0
2014-04-17,SOXL,1.3397,1.4377,1.3397,1.4202,179743.0
2014-04-21,SOXL,1.4257,1.4586,1.4018,1.4577,105231.0
2014-04-22,SOXL,1.4667,1.51,1.458,1.4993,99036.0
2014-04-23,SOXL,1.504,1.5142,1.4805,1.4932,43531.0
2014-04-24,SOXL,1.5323,1.5323,1.4598,1.5163,114829.0
2014-04-25,SOXL,1.478,1.478,1.3603,1.3697,213462.0
2014-04-28,SOXL,1.3792,1.4043,1.2919,1.3447,127715.0
2014-04-29,SOXL,1.3637,1.3854,1.3389,1.3692,64893.0
2014-04-30,SOXL,1.3545,1.3968,1.3538,1.3968,78209.0
2014-05-01,SOXL,1.399,1.4353,1.3758,1.383,73272.0
2014-05-02,SOXL,1.3698,1.4123,1.3698,1.3913,70192.0
2014-05-05,SOXL,1.3763,1.4088,1.3572,1.398,47360.0
2014-05-06,SOXL,1.4042,1.4217,1.3808,1.3813,34434.0
2014-05-07,SOXL,1.3943,1.3993,1.3488,1.384,51540.0
2014-05-08,SOXL,1.3715,1.4707,1.3712,1.4123,129785.0
2014-05-09,SOXL,1.408,1.4112,1.3701,1.4008,49790.0
2014-05-12,SOXL,1.4093,1.4812,1.4093,1.4767,165654.0
2014-05-13,SOXL,1.488,1.4894,1.4422,1.444,76397.0
2014-05-14,SOXL,1.433,1.4428,1.405,1.4072,64075.0
2014-05-15,SOXL,1.395,1.4065,1.3255,1.3578,138533.0
2014-05-16,SOXL,1.3555,1.4045,1.3515,1.398,56723.0
2014-05-19,SOXL,1.3928,1.4543,1.3928,1.4428,74016.0
2014-05-20,SOXL,1.4442,1.4568,1.4,1.4225,61104.0
2014-05-21,SOXL,1.4367,1.4554,1.422,1.443,72502.0
2014-05-22,SOXL,1.4528,1.48,1.4473,1.4642,79026.0
2014-05-23,SOXL,1.4628,1.5062,1.4578,1.5035,127938.0
2014-05-27,SOXL,1.5457,1.561,1.522,1.561,108319.0
2014-05-28,SOXL,1.5748,1.5798,1.543,1.566,78953.0
2014-05-29,SOXL,1.5697,1.5939,1.5669,1.5757,50458.0
2014-05-30,SOXL,1.5742,1.5882,1.5638,1.5822,40031.0
2014-06-02,SOXL,1.6097,1.6208,1.5675,1.6078,65253.0
2014-06-03,SOXL,1.6092,1.6588,1.6008,1.6532,104107.0
2014-06-04,SOXL,1.6535,1.6825,1.6364,1.6757,67430.0
2014-06-05,SOXL,1.6858,1.7142,1.6558,1.6988,104421.0
2014-06-06,SOXL,1.7108,1.7355,1.7047,1.7242,110887.0
2014-06-09,SOXL,1.733,1.7655,1.7283,1.7365,115362.0
2014-06-10,SOXL,1.7398,1.7553,1.7142,1.7538,68798.0
2014-06-11,SOXL,1.7378,1.7977,1.7378,1.7793,81365.0
2014-06-12,SOXL,1.7788,1.7948,1.7403,1.7608,114246.0
2014-06-13,SOXL,1.811,1.8292,1.7813,1.8108,103524.0
2014-06-16,SOXL,1.8162,1.8547,1.8023,1.8447,124512.0
2014-06-17,SOXL,1.8508,1.8933,1.8387,1.8862,107214.0
2014-06-18,SOXL,1.8912,1.8928,1.8163,1.8635,151454.0
2014-06-19,SOXL,1.8803,1.8832,1.8317,1.8687,132409.0
2014-06-20,SOXL,1.8722,1.885,1.8578,1.885,69458.0
2014-06-23,SOXL,1.8927,1.8927,1.8585,1.8642,112308.0
2014-06-24,SOXL,1.8537,1.9042,1.8075,1.8227,152658.0
2014-06-25,SOXL,1.8083,1.8488,1.7843,1.8423,105061.0
2014-06-26,SOXL,1.8308,1.8453,1.7765,1.8188,89236.0
2014-06-27,SOXL,1.8052,1.8275,1.7962,1.8275,44896.0
2014-06-30,SOXL,1.8292,1.89,1.8292,1.8847,77670.0
2014-07-01,SOXL,1.8983,1.9882,1.8983,1.9623,166318.0
2014-07-02,SOXL,1.9788,1.9858,1.9585,1.9772,94440.0
2014-07-03,SOXL,1.9817,2.0247,1.9817,2.017,65675.0
2014-07-07,SOXL,2.017,2.0227,1.9643,1.9748,135941.0
2014-07-08,SOXL,1.9635,1.9762,1.8872,1.945,175065.0
2014-07-09,SOXL,1.9605,1.985,1.915,1.9788,108751.0
2014-07-10,SOXL,1.8923,1.9745,1.872,1.9503,112880.0
2014-07-11,SOXL,1.9607,1.969,1.9268,1.9542,64701.0
2014-07-14,SOXL,1.9905,2.002,1.965,1.9805,119377.0
2014-07-15,SOXL,1.9987,1.9988,1.9097,1.9648,113761.0
2014-07-16,SOXL,2.0105,2.0358,1.9954,2.0328,96469.0
2014-07-17,SOXL,1.9845,1.9845,1.8652,1.8758,210721.0
2014-07-18,SOXL,1.9,1.9547,1.887,1.9493,87956.0
2014-07-21,SOXL,1.9492,1.9762,1.9317,1.9653,56797.0
2014-07-22,SOXL,2.0002,2.0152,1.975,2.0028,71759.0
2014-07-23,SOXL,1.9825,1.9825,1.862,1.8645,203378.0
2014-07-24,SOXL,1.8645,1.8667,1.8112,1.8173,164566.0
2014-07-25,SOXL,1.7817,1.7817,1.6913,1.708,177689.0
2014-07-28,SOXL,1.7133,1.7136,1.6397,1.7025,135860.0
2014-07-29,SOXL,1.7135,1.7427,1.6922,1.6947,97215.0
2014-07-30,SOXL,1.7238,1.7583,1.7115,1.7447,98687.0
2014-07-31,SOXL,1.6912,1.6993,1.6144,1.6263,160102.0
2014-08-01,SOXL,1.6167,1.6817,1.61,1.6507,156224.0
2014-08-04,SOXL,1.6645,1.6867,1.625,1.6713,76743.0
2014-08-05,SOXL,1.6468,1.6747,1.6,1.6215,114761.0
2014-08-06,SOXL,1.597,1.6682,1.5937,1.636,134192.0
2014-08-07,SOXL,1.6707,1.6767,1.5583,1.5718,118328.0
2014-08-08,SOXL,1.5875,1.629,1.578,1.6245,107574.0
2014-08-11,SOXL,1.6482,1.6998,1.6482,1.6735,128326.0
2014-08-12,SOXL,1.6638,1.6872,1.6242,1.6672,94043.0
2014-08-13,SOXL,1.6822,1.7152,1.6773,1.7152,98495.0
2014-08-14,SOXL,1.7167,1.7345,1.7091,1.7243,79570.0
2014-08-15,SOXL,1.7595,1.7977,1.719,1.7763,121015.0
2014-08-18,SOXL,1.7985,1.8025,1.7623,1.7998,100911.0
2014-08-19,SOXL,1.8058,1.8475,1.8058,1.8383,75789.0
2014-08-20,SOXL,1.8383,1.8931,1.8318,1.8835,81307.0
2014-08-21,SOXL,1.8898,1.9108,1.8732,1.9085,72903.0
2014-08-22,SOXL,1.9162,1.9348,1.8877,1.9127,105793.0
2014-08-25,SOXL,1.9505,1.9505,1.8804,1.8895,113650.0
2014-08-26,SOXL,1.8852,1.9115,1.8852,1.8912,57556.0
2014-08-27,SOXL,1.8902,1.9072,1.8655,1.9015,62268.0
2014-08-28,SOXL,1.8835,1.9422,1.8643,1.9422,51666.0
2014-08-29,SOXL,1.9525,1.9817,1.9392,1.9637,86913.0
2014-09-02,SOXL,1.9765,1.9765,1.9118,1.9372,69298.0
2014-09-03,SOXL,1.9718,1.9782,1.9392,1.9542,65055.0
2014-09-04,SOXL,1.9652,2.0148,1.9555,1.9692,113130.0
2014-09-05,SOXL,1.9665,2.0187,1.9643,2.0187,141577.0
2014-09-08,SOXL,2.0187,2.0648,2.01,2.0312,97100.0
2014-09-09,SOXL,2.0313,2.0375,1.9692,1.9773,71306.0
2014-09-10,SOXL,1.9767,1.9877,1.9368,1.9753,126400.0
2014-09-11,SOXL,1.9575,1.9913,1.9292,1.9903,68913.0
2014-09-12,SOXL,1.9757,1.9757,1.9,1.9133,92866.0
2014-09-15,SOXL,1.9217,1.9283,1.8415,1.8435,127126.0
2014-09-16,SOXL,1.8365,1.947,1.832,1.9392,102928.0
2014-09-17,SOXL,1.9465,2.0167,1.9465,1.985,135933.0
2014-09-18,SOXL,2.0135,2.0703,1.9928,2.0703,112933.0
2014-09-19,SOXL,2.0875,2.0931,1.985,1.9963,111601.0
2014-09-22,SOXL,1.9783,1.9867,1.9123,1.9233,138520.0
2014-09-23,SOXL,1.8928,1.9538,1.8792,1.9083,91982.0
2014-09-24,SOXL,1.9222,1.9802,1.9172,1.9768,75013.0
2014-09-25,SOXL,1.9723,1.9723,1.8512,1.8698,148281.0
2014-09-26,SOXL,1.898,1.9512,1.896,1.9348,88701.0
2014-09-29,SOXL,1.8748,1.9615,1.8657,1.943,69720.0
2014-09-30,SOXL,1.9462,1.9483,1.875,1.8945,91460.0
2014-10-01,SOXL,1.8858,1.8858,1.7425,1.7563,217029.0
2014-10-02,SOXL,1.7483,1.7483,1.6318,1.7272,292322.0
2014-10-03,SOXL,1.779,1.7917,1.73,1.7533,174424.0
2014-10-06,SOXL,1.7745,1.7755,1.6773,1.711,118034.0
2014-10-07,SOXL,1.6942,1.7046,1.6148,1.6148,116078.0
2014-10-08,SOXL,1.6198,1.73,1.5708,1.7213,198602.0
2014-10-09,SOXL,1.7167,1.7167,1.579,1.5835,190896.0
2014-10-10,SOXL,1.4543,1.4543,1.2137,1.2553,966429.0
2014-10-13,SOXL,1.2602,1.3027,1.1742,1.1742,314132.0
2014-10-14,SOXL,1.2367,1.3051,1.2072,1.2405,502094.0
2014-10-15,SOXL,1.174,1.2833,1.1447,1.2568,685451.0
2014-10-16,SOXL,1.2025,1.3422,1.1917,1.3113,529362.0
2014-10-17,SOXL,1.3875,1.4093,1.3358,1.3433,732198.0
2014-10-20,SOXL,1.336,1.4102,1.3172,1.4068,272988.0
2014-10-21,SOXL,1.4597,1.565,1.4423,1.5598,376287.0
2014-10-22,SOXL,1.5897,1.6067,1.492,1.495,542496.0
2014-10-23,SOXL,1.5478,1.584,1.5385,1.5597,297052.0
2014-10-24,SOXL,1.5583,1.6168,1.5583,1.61,260013.0
2014-10-27,SOXL,1.5835,1.6365,1.5628,1.6265,410974.0
2014-10-28,SOXL,1.646,1.699,1.6353,1.6973,302515.0
2014-10-29,SOXL,1.69,1.72,1.649,1.7075,408548.0
2014-10-30,SOXL,1.6937,1.6937,1.5807,1.6498,143506.0
2014-10-31,SOXL,1.7792,1.8638,1.7792,1.8417,509236.0
2014-11-03,SOXL,1.8732,1.9043,1.8415,1.8758,206662.0
2014-11-04,SOXL,1.859,1.8902,1.8135,1.8602,134102.0
2014-11-05,SOXL,1.9,1.9192,1.8485,1.915,220213.0
2014-11-06,SOXL,1.8853,1.8962,1.8275,1.8662,190878.0
2014-11-07,SOXL,1.8662,1.878,1.7662,1.8113,266852.0
2014-11-10,SOXL,1.8278,1.8607,1.8022,1.8523,62626.0
2014-11-11,SOXL,1.8657,1.8657,1.8213,1.8362,75771.0
2014-11-12,SOXL,1.8117,1.84,1.8033,1.8328,62860.0
2014-11-13,SOXL,1.8472,1.891,1.8167,1.836,128611.0
2014-11-14,SOXL,1.8192,1.886,1.7949,1.8812,165365.0
2014-11-17,SOXL,1.8583,1.8706,1.8093,1.8568,172038.0
2014-11-18,SOXL,1.865,1.9797,1.865,1.9642,180539.0
2014-11-19,SOXL,1.9687,1.9748,1.8972,1.9263,137012.0
2014-11-20,SOXL,1.884,1.9833,1.8739,1.98,138473.0
2014-11-21,SOXL,2.0457,2.06,1.9978,2.0395,215072.0
2014-11-24,SOXL,2.054,2.1063,2.0417,2.1025,150862.0
2014-11-25,SOXL,2.1167,2.1248,2.089,2.1017,102416.0
2014-11-26,SOXL,2.1125,2.2388,2.1125,2.2372,168246.0
2014-11-28,SOXL,2.2562,2.2771,2.213,2.25,102809.0
2014-12-01,SOXL,2.2323,2.262,2.1427,2.1715,216734.0
2014-12-02,SOXL,2.1898,2.2133,2.1273,2.2128,148768.0
2014-12-03,SOXL,2.2332,2.3592,2.2332,2.3503,168459.0
2014-12-04,SOXL,2.3822,2.4033,2.3167,2.3605,193887.0
2014-12-05,SOXL,2.378,2.433,2.3647,2.433,114066.0
2014-12-08,SOXL,2.4288,2.4447,2.2825,2.3282,252473.0
2014-12-09,SOXL,2.2115,2.342,2.2064,2.3218,210730.0
2014-12-10,SOXL,2.324,2.3332,2.1793,2.1918,197279.0
2014-12-11,SOXL,2.2293,2.3049,2.2075,2.223,152317.0
2014-12-12,SOXL,2.1667,2.2085,2.107,2.113,173684.0
2014-12-15,SOXL,2.1508,2.2047,2.0333,2.053,282633.0
2014-12-16,SOXL,2.0277,2.1445,2.0022,2.018,280187.0
2014-12-17,SOXL,2.0237,2.1578,1.9733,2.1482,258485.0
2014-12-18,SOXL,2.2493,2.2667,2.2017,2.2667,354247.0
2014-12-19,SOXL,2.2903,2.2965,2.2137,2.249,256981.0
2014-12-22,SOXL,2.2807,2.3558,2.2715,2.3488,183196.0
2014-12-23,SOXL,2.4,2.4047,2.329,2.3355,272982.0
2014-12-24,SOXL,2.344,2.3716,2.3333,2.3437,50513.0
2014-12-26,SOXL,2.369,2.378,2.3412,2.3528,51203.0
2014-12-29,SOXL,2.3397,2.3473,2.3023,2.3318,99511.0
2014-12-30,SOXL,2.2842,2.32,2.2842,2.2917,88086.0
2014-12-31,SOXL,2.2982,2.3473,2.2457,2.247,140190.0
2015-01-02,SOXL,2.2872,2.322,2.1823,2.2472,266335.0
2015-01-05,SOXL,2.1855,2.225,2.1148,2.12,210795.0
2015-01-06,SOXL,2.1175,2.125,1.9572,1.9757,223052.0
2015-01-07,SOXL,2.0103,2.0637,1.977,2.0355,142940.0
2015-01-08,SOXL,2.1167,2.2618,2.1,2.2187,231365.0
2015-01-09,SOXL,2.2458,2.2525,2.1376,2.2242,184542.0
2015-01-12,SOXL,2.1937,2.1937,2.0557,2.0905,182711.0
2015-01-13,SOXL,2.137,2.2135,1.9963,2.0282,211766.0
2015-01-14,SOXL,1.962,2.0562,1.9335,1.9957,155420.0
2015-01-15,SOXL,2.0343,2.0749,1.9417,1.947,112877.0
2015-01-16,SOXL,1.929,2.021,1.9033,2.0135,143619.0
2015-01-20,SOXL,2.03,2.099,1.9972,2.0772,157306.0
2015-01-21,SOXL,2.0602,2.1715,2.0357,2.1453,160689.0
2015-01-22,SOXL,2.1517,2.1908,2.0183,2.1857,205642.0
2015-01-23,SOXL,2.1612,2.2,2.1293,2.1665,159890.0
2015-01-26,SOXL,2.1642,2.1926,2.1035,2.1892,109591.0
2015-01-27,SOXL,2.1,2.125,2.0203,2.0633,258144.0
2015-01-28,SOXL,2.1333,2.1982,2.0298,2.0325,220349.0
2015-01-29,SOXL,2.002,2.0607,1.9242,2.0383,257916.0
2015-01-30,SOXL,1.9843,2.0483,1.9083,1.913,170535.0
2015-02-02,SOXL,1.932,1.9433,1.806,1.9305,242656.0
2015-02-03,SOXL,1.9595,2.0378,1.9453,2.0347,179959.0
2015-02-04,SOXL,2.0203,2.101,2.0038,2.059,149111.0
2015-02-05,SOXL,2.0692,2.1175,2.0524,2.1153,105422.0
2015-02-06,SOXL,2.1285,2.1785,2.0652,2.0833,186975.0
2015-02-09,SOXL,2.0478,2.0738,2.0,2.0152,105636.0
2015-02-10,SOXL,2.089,2.2208,2.0755,2.2193,174089.0
2015-02-11,SOXL,2.2163,2.2667,2.1538,2.2417,153825.0
2015-02-12,SOXL,2.2832,2.35,2.2661,2.3498,147049.0
2015-02-13,SOXL,2.389,2.419,2.336,2.3999,149563.0
2015-02-17,SOXL,2.4007,2.4295,2.3737,2.4238,97629.0
2015-02-18,SOXL,2.4167,2.4217,2.3733,2.4,94159.0
2015-02-19,SOXL,2.3838,2.443,2.3768,2.422,85430.0
2015-02-20,SOXL,2.4038,2.468,2.3824,2.4652,103342.0
2015-02-23,SOXL,2.4632,2.4648,2.3905,2.4162,83499.0
2015-02-24,SOXL,2.4075,2.5173,2.3687,2.514,139623.0
2015-02-25,SOXL,2.5133,2.5182,2.4524,2.4718,96088.0
2015-02-26,SOXL,2.5052,2.5458,2.4833,2.522,101501.0
2015-02-27,SOXL,2.5275,2.5447,2.4807,2.5038,70580.0
2015-03-02,SOXL,2.5587,2.7131,2.5587,2.7118,176749.0
2015-03-03,SOXL,2.6862,2.6862,2.55,2.5552,190367.0
2015-03-04,SOXL,2.5347,2.5543,2.4593,2.551,128427.0
2015-03-05,SOXL,2.5887,2.5972,2.5208,2.5533,86157.0
2015-03-06,SOXL,2.5218,2.5427,2.4529,2.4763,106681.0
2015-03-09,SOXL,2.47,2.514,2.4627,2.498,63696.0
2015-03-10,SOXL,2.4428,2.4623,2.348,2.357,182469.0
2015-03-11,SOXL,2.3877,2.4485,2.3732,2.3768,96908.0
2015-03-12,SOXL,2.3055,2.3741,2.295,2.3738,86864.0
2015-03-13,SOXL,2.3892,2.434,2.3422,2.4228,99700.0
2015-03-16,SOXL,2.4402,2.5337,2.4402,2.5295,105385.0
2015-03-17,SOXL,2.4818,2.4895,2.4295,2.4757,102453.0
2015-03-18,SOXL,2.4758,2.5675,2.3785,2.53,135785.0
2015-03-19,SOXL,2.53,2.5673,2.5097,2.5485,78394.0
2015-03-20,SOXL,2.6073,2.6808,2.5907,2.6603,110272.0
2015-03-23,SOXL,2.6602,2.6682,2.5858,2.5858,105317.0
2015-03-24,SOXL,2.5742,2.605,2.5168,2.5197,109238.0
2015-03-25,SOXL,2.5292,2.5292,2.1667,2.1745,351057.0
2015-03-26,SOXL,2.0583,2.125,1.9425,2.0848,401131.0
2015-03-27,SOXL,2.0725,2.2828,2.068,2.256,272772.0
2015-03-30,SOXL,2.3,2.3623,2.263,2.35,279429.0
2015-03-31,SOXL,2.3072,2.3233,2.2547,2.2673,115730.0
2015-04-01,SOXL,2.2465,2.2532,2.1667,2.2247,206105.0
2015-04-02,SOXL,2.2297,2.2708,2.1997,2.2023,178123.0
2015-04-06,SOXL,2.1363,2.2492,2.1088,2.2338,141868.0
2015-04-07,SOXL,2.2503,2.2967,2.2252,2.2395,96450.0
2015-04-08,SOXL,2.2265,2.2998,2.22,2.2798,65755.0
2015-04-09,SOXL,2.2413,2.3743,2.2413,2.3683,122640.0
2015-04-10,SOXL,2.382,2.3948,2.3567,2.3948,70754.0
2015-04-13,SOXL,2.3948,2.433,2.3426,2.3483,129308.0
2015-04-14,SOXL,2.368,2.368,2.2548,2.2798,133497.0
2015-04-15,SOXL,2.3363,2.4152,2.3028,2.395,149504.0
2015-04-16,SOXL,2.3333,2.379,2.3195,2.3648,61687.0
2015-04-17,SOXL,2.3128,2.3128,2.2283,2.2635,151790.0
2015-04-20,SOXL,2.2995,2.3465,2.2916,2.3188,73566.0
2015-04-21,SOXL,2.3963,2.4167,2.3422,2.3695,100926.0
2015-04-22,SOXL,2.3992,2.472,2.3583,2.4677,161709.0
2015-04-23,SOXL,2.3325,2.3808,2.2872,2.3518,189797.0
2015-04-24,SOXL,2.3417,2.346,2.1943,2.2368,303563.0
2015-04-27,SOXL,2.2425,2.325,2.2347,2.2602,139596.0
2015-04-28,SOXL,2.2418,2.2752,2.1667,2.263,78125.0
2015-04-29,SOXL,2.2405,2.2462,2.1559,2.225,116843.0
2015-04-30,SOXL,2.2058,2.236,2.126,2.1742,106047.0
2015-05-01,SOXL,2.1959,2.3607,2.1959,2.3437,289726.0
2015-05-04,SOXL,2.3532,2.3803,2.31,2.3283,116859.0
2015-05-05,SOXL,2.3072,2.3072,2.1747,2.1812,197714.0
2015-05-06,SOXL,2.2017,2.2285,2.1247,2.173,150159.0
2015-05-07,SOXL,2.193,2.256,2.193,2.2462,128116.0
2015-05-08,SOXL,2.3002,2.3385,2.2868,2.3105,169035.0
2015-05-11,SOXL,2.3048,2.3382,2.282,2.3112,119423.0
2015-05-12,SOXL,2.2882,2.2912,2.2185,2.2558,112168.0
2015-05-13,SOXL,2.278,2.3413,2.2742,2.2927,84966.0
2015-05-14,SOXL,2.3413,2.4028,2.3144,2.3773,171780.0
2015-05-15,SOXL,2.4,2.4167,2.3536,2.389,69441.0
2015-05-18,SOXL,2.3797,2.4608,2.3797,2.453,105817.0
2015-05-19,SOXL,2.4802,2.5068,2.4035,2.4307,112376.0
2015-05-20,SOXL,2.4547,2.5,2.416,2.4433,194874.0
2015-05-21,SOXL,2.4367,2.4933,2.404,2.48,159320.0
2015-05-22,SOXL,2.4873,2.5233,2.4807,2.498,171114.0
2015-05-26,SOXL,2.4733,2.4913,2.4047,2.444,270918.0
2015-05-27,SOXL,2.462,2.7521,2.4567,2.7293,927792.0
2015-05-28,SOXL,2.7353,2.7807,2.6827,2.7367,440463.0
2015-05-29,SOXL,2.7533,2.8007,2.73,2.7607,348271.0
2015-06-01,SOXL,2.8073,2.8307,2.7313,2.7733,424356.0
2015-06-02,SOXL,2.7493,2.7493,2.6667,2.6753,362362.0
2015-06-03,SOXL,2.7253,2.7273,2.62,2.622,280188.0
2015-06-04,SOXL,2.5893,2.6193,2.5307,2.5533,567798.0
2015-06-05,SOXL,2.5467,2.5733,2.4807,2.5573,419694.0
2015-06-08,SOXL,2.5573,2.5607,2.3923,2.4167,706201.0
2015-06-09,SOXL,2.4073,2.4247,2.3333,2.404,696155.0
2015-06-10,SOXL,2.456,2.5213,2.4333,2.494,566051.0
2015-06-11,SOXL,2.528,2.5333,2.486,2.4927,341614.0
2015-06-12,SOXL,2.4607,2.4667,2.4147,2.4247,231243.0
2015-06-15,SOXL,2.3767,2.4147,2.31,2.4067,236112.0
2015-06-16,SOXL,2.384,2.448,2.3764,2.432,250790.0
2015-06-17,SOXL,2.45,2.4653,2.408,2.4373,271895.0
2015-06-18,SOXL,2.4587,2.5733,2.4587,2.5407,512598.0
2015-06-19,SOXL,2.5473,2.5673,2.4753,2.518,291816.0
2015-06-22,SOXL,2.5633,2.5853,2.5273,2.5653,331773.0
2015-06-23,SOXL,2.5767,2.5941,2.498,2.5213,376036.0
2015-06-24,SOXL,2.5127,2.5313,2.4433,2.4467,304421.0
2015-06-25,SOXL,2.4887,2.4887,2.4193,2.4413,201196.0
2015-06-26,SOXL,2.3813,2.3813,2.228,2.2633,678786.0
2015-06-29,SOXL,2.1667,2.2173,2.0647,2.07,771351.0
2015-06-30,SOXL,2.1273,2.142,2.064,2.0947,786642.0
2015-07-01,SOXL,2.1727,2.1913,2.0927,2.11,701539.0
2015-07-02,SOXL,2.1233,2.156,2.1074,2.136,225829.0
2015-07-06,SOXL,2.0933,2.136,2.0153,2.0507,544300.0
2015-07-07,SOXL,2.0473,2.0473,1.8393,2.0233,563268.0
2015-07-08,SOXL,1.9413,1.9833,1.8433,1.8753,477950.0
2015-07-09,SOXL,1.9667,1.974,1.786,1.786,775937.0
2015-07-10,SOXL,1.8667,1.9074,1.8467,1.8873,717933.0
2015-07-13,SOXL,1.9433,1.9453,1.8924,1.9327,491267.0
2015-07-14,SOXL,1.9533,2.0087,1.9533,1.9993,390197.0
2015-07-15,SOXL,2.0113,2.0113,1.932,1.9587,554521.0
2015-07-16,SOXL,2.0067,2.0067,1.916,1.9713,640526.0
2015-07-17,SOXL,1.952,1.9633,1.9094,1.9547,358687.0
2015-07-20,SOXL,1.9753,1.99,1.9133,1.9147,302767.0
2015-07-21,SOXL,1.902,1.97,1.902,1.92,455440.0
2015-07-22,SOXL,1.794,1.794,1.7132,1.778,997914.0
2015-07-23,SOXL,1.8087,1.9167,1.8087,1.856,548288.0
2015-07-24,SOXL,1.8947,1.8947,1.7367,1.744,478260.0
2015-07-27,SOXL,1.718,1.7393,1.6469,1.7027,638879.0
2015-07-28,SOXL,1.7307,1.8427,1.6907,1.8087,822888.0
2015-07-29,SOXL,1.8087,1.828,1.7567,1.818,603827.0
2015-07-30,SOXL,1.8027,1.8565,1.774,1.8387,337219.0
2015-07-31,SOXL,1.842,1.8467,1.7638,1.774,371190.0
2015-08-03,SOXL,1.762,1.7787,1.7273,1.7567,253735.0
2015-08-04,SOXL,1.74,1.7507,1.664,1.698,427727.0
2015-08-05,SOXL,1.718,1.798,1.718,1.7613,506667.0
2015-08-06,SOXL,1.7667,1.7667,1.6276,1.6693,528654.0
2015-08-07,SOXL,1.6667,1.7013,1.6467,1.6967,416413.0
2015-08-10,SOXL,1.7333,1.8307,1.7333,1.824,544735.0
2015-08-11,SOXL,1.788,1.788,1.6755,1.7,480980.0
2015-08-12,SOXL,1.6493,1.7533,1.5987,1.7287,634584.0
2015-08-13,SOXL,1.7287,1.752,1.676,1.676,485650.0
2015-08-14,SOXL,1.662,1.6717,1.6153,1.6463,373183.0
2015-08-17,SOXL,1.622,1.696,1.6,1.696,297327.0
2015-08-18,SOXL,1.6927,1.6927,1.5832,1.5913,590136.0
2015-08-19,SOXL,1.596,1.602,1.5153,1.5467,514135.0
2015-08-20,SOXL,1.5067,1.5067,1.3733,1.3747,930401.0
2015-08-21,SOXL,1.3227,1.382,1.2607,1.2773,808576.0
2015-08-24,SOXL,1.0213,1.34,1.004,1.1793,1949261.0
2015-08-25,SOXL,1.3067,1.324,1.1403,1.1403,941003.0
2015-08-26,SOXL,1.252,1.3147,1.178,1.31,1412479.0
2015-08-27,SOXL,1.38,1.462,1.3727,1.4573,1611628.0
2015-08-28,SOXL,1.426,1.4907,1.426,1.4853,714918.0
2015-08-31,SOXL,1.4467,1.514,1.4253,1.4673,655609.0
2015-09-01,SOXL,1.3467,1.4253,1.2913,1.316,907092.0
2015-09-02,SOXL,1.3813,1.4087,1.3353,1.4087,346728.0
2015-09-03,SOXL,1.436,1.4967,1.4287,1.4413,520077.0
2015-09-04,SOXL,1.3713,1.4193,1.348,1.3647,517870.0
2015-09-08,SOXL,1.46,1.5485,1.4567,1.5433,762930.0
2015-09-09,SOXL,1.5887,1.6207,1.452,1.462,1182335.0
2015-09-10,SOXL,1.46,1.522,1.4173,1.4827,556964.0
2015-09-11,SOXL,1.438,1.4867,1.4215,1.482,430577.0
2015-09-14,SOXL,1.502,1.5173,1.4774,1.4967,349543.0
2015-09-15,SOXL,1.51,1.5625,1.51,1.548,342219.0
2015-09-16,SOXL,1.5467,1.5653,1.5113,1.5607,421877.0
2015-09-17,SOXL,1.5607,1.5973,1.5127,1.5187,666994.0
2015-09-18,SOXL,1.456,1.5013,1.4247,1.4427,600319.0
2015-09-21,SOXL,1.4667,1.4847,1.4093,1.428,524838.0
2015-09-22,SOXL,1.352,1.3706,1.3171,1.3347,708210.0
2015-09-23,SOXL,1.3387,1.358,1.3007,1.304,363813.0
2015-09-24,SOXL,1.27,1.324,1.196,1.2987,779568.0
2015-09-25,SOXL,1.3527,1.3778,1.282,1.3187,955619.0
2015-09-28,SOXL,1.2907,1.3173,1.2087,1.2087,1309742.0
2015-09-29,SOXL,1.2247,1.2687,1.1893,1.2353,571790.0
2015-09-30,SOXL,1.2913,1.38,1.2907,1.3733,744346.0
2015-10-01,SOXL,1.3707,1.3707,1.2567,1.328,752761.0
2015-10-02,SOXL,1.2827,1.4133,1.2713,1.4133,736286.0
2015-10-05,SOXL,1.452,1.514,1.436,1.492,747594.0
2015-10-06,SOXL,1.5073,1.52,1.4265,1.5073,667789.0
2015-10-07,SOXL,1.5427,1.5953,1.49,1.5753,872423.0
2015-10-08,SOXL,1.558,1.6053,1.5213,1.6047,699380.0
2015-10-09,SOXL,1.596,1.612,1.5387,1.562,642451.0
2015-10-12,SOXL,1.562,1.5767,1.544,1.5687,231069.0
2015-10-13,SOXL,1.5313,1.56,1.5047,1.5053,388843.0
2015-10-14,SOXL,1.5333,1.7147,1.5187,1.6753,858170.0
2015-10-15,SOXL,1.7127,1.7589,1.678,1.7253,481256.0
2015-10-16,SOXL,1.7333,1.7387,1.69,1.732,256536.0
2015-10-19,SOXL,1.7073,1.7647,1.6927,1.7313,225930.0
2015-10-20,SOXL,1.7213,1.7433,1.698,1.7233,240809.0
2015-10-21,SOXL,1.78,1.8318,1.732,1.7327,527359.0
2015-10-22,SOXL,1.8073,1.922,1.8073,1.9087,636912.0
2015-10-23,SOXL,1.9687,1.9987,1.9047,1.9833,853353.0
2015-10-26,SOXL,1.9567,1.9593,1.8467,1.8647,525916.0
2015-10-27,SOXL,1.8267,1.8647,1.8127,1.826,393262.0
2015-10-28,SOXL,1.8607,1.9218,1.842,1.9207,488800.0
2015-10-29,SOXL,1.8053,1.8113,1.7367,1.752,490922.0
2015-10-30,SOXL,1.7633,1.8133,1.7633,1.7967,328855.0
2015-11-02,SOXL,1.814,1.85,1.8045,1.842,300981.0
2015-11-03,SOXL,1.8367,1.892,1.8293,1.8693,239050.0
2015-11-04,SOXL,1.8753,1.9,1.8467,1.8893,284846.0
2015-11-05,SOXL,1.8673,1.8673,1.7587,1.7713,461878.0
2015-11-06,SOXL,1.7993,1.91,1.7993,1.9047,516084.0
2015-11-09,SOXL,1.8907,1.8907,1.8227,1.8507,302164.0
2015-11-10,SOXL,1.792,1.8,1.7333,1.75,458193.0
2015-11-11,SOXL,1.762,1.812,1.75,1.754,451041.0
2015-11-12,SOXL,1.7353,1.7587,1.6873,1.6893,391638.0
2015-11-13,SOXL,1.6847,1.7039,1.6213,1.642,549693.0
2015-11-16,SOXL,1.6393,1.7053,1.638,1.7033,328807.0
2015-11-17,SOXL,1.7053,1.776,1.7023,1.7367,381400.0
2015-11-18,SOXL,1.7387,1.7927,1.7053,1.788,486205.0
2015-11-19,SOXL,1.7973,1.8473,1.77,1.8007,281809.0
2015-11-20,SOXL,1.8233,1.8467,1.802,1.8193,270607.0
2015-11-23,SOXL,1.8227,1.8227,1.7433,1.7467,266876.0
2015-11-24,SOXL,1.7333,1.8247,1.694,1.814,402774.0
2015-11-25,SOXL,1.8227,1.8467,1.796,1.8187,152798.0
2015-11-27,SOXL,1.8353,1.864,1.828,1.8593,120028.0
2015-11-30,SOXL,1.866,1.9193,1.8553,1.916,274476.0
2015-12-01,SOXL,1.9273,1.994,1.9273,1.9907,557025.0
2015-12-02,SOXL,2.0013,2.03,1.953,1.9627,622529.0
2015-12-03,SOXL,2.0313,2.05,1.8973,1.926,463059.0
2015-12-04,SOXL,1.9413,2.0447,1.9101,2.0327,432772.0
2015-12-07,SOXL,2.0213,2.0213,1.9667,1.9747,248563.0
2015-12-08,SOXL,1.8933,1.946,1.8707,1.9267,442123.0
2015-12-09,SOXL,1.9107,1.9353,1.8253,1.85,447705.0
2015-12-10,SOXL,1.8513,1.9253,1.8503,1.882,343685.0
2015-12-11,SOXL,1.8273,1.8427,1.7627,1.7713,502171.0
2015-12-14,SOXL,1.7687,1.7907,1.684,1.7373,541196.0
2015-12-15,SOXL,1.774,1.8387,1.7633,1.8173,346801.0
2015-12-16,SOXL,1.8353,1.8707,1.772,1.8593,365769.0
2015-12-17,SOXL,1.89,1.9107,1.7773,1.7773,393036.0
2015-12-18,SOXL,1.74,1.7667,1.7067,1.7147,360432.0
2015-12-21,SOXL,1.758,1.8107,1.745,1.81,250081.0
2015-12-22,SOXL,1.832,1.8353,1.7734,1.8167,167775.0
2015-12-23,SOXL,1.832,1.8581,1.8103,1.856,218537.0
2015-12-24,SOXL,1.8473,1.894,1.8435,1.8753,103895.0
2015-12-28,SOXL,1.8533,1.8533,1.796,1.8533,243620.0
2015-12-29,SOXL,1.89,1.942,1.8673,1.9207,374179.0
2015-12-30,SOXL,1.91,1.9284,1.8593,1.8613,236193.0
2015-12-31,SOXL,1.8373,1.8463,1.7847,1.7847,149329.0
2016-01-04,SOXL,1.6827,1.7253,1.6487,1.724,456811.0
2016-01-05,SOXL,1.744,1.7453,1.666,1.6707,467245.0
2016-01-06,SOXL,1.5893,1.5918,1.4913,1.536,587803.0
2016-01-07,SOXL,1.4193,1.4827,1.368,1.3787,565032.0
2016-01-08,SOXL,1.408,1.421,1.3067,1.3107,647865.0
2016-01-11,SOXL,1.3333,1.3667,1.2767,1.3307,620192.0
2016-01-12,SOXL,1.378,1.4013,1.3073,1.364,555572.0
2016-01-13,SOXL,1.3667,1.3947,1.2307,1.2347,435411.0
2016-01-14,SOXL,1.2507,1.3307,1.198,1.3107,558250.0
2016-01-15,SOXL,1.1527,1.1813,1.0807,1.134,814688.0
2016-01-19,SOXL,1.1933,1.212,1.1073,1.138,616351.0
2016-01-20,SOXL,1.0933,1.1953,1.064,1.16,739398.0
2016-01-21,SOXL,1.192,1.256,1.156,1.208,888259.0
2016-01-22,SOXL,1.276,1.304,1.2547,1.2787,823422.0
2016-01-25,SOXL,1.2647,1.2773,1.216,1.224,510495.0
2016-01-26,SOXL,1.2433,1.2887,1.2213,1.26,532431.0
2016-01-27,SOXL,1.238,1.286,1.196,1.2153,612033.0
2016-01-28,SOXL,1.2453,1.2507,1.178,1.2047,420199.0
2016-01-29,SOXL,1.2247,1.37,1.2247,1.3673,799138.0
2016-02-01,SOXL,1.3387,1.4087,1.3267,1.388,535896.0
2016-02-02,SOXL,1.3427,1.3427,1.2367,1.2507,583998.0
2016-02-03,SOXL,1.294,1.3,1.1827,1.2607,644454.0
2016-02-04,SOXL,1.2667,1.348,1.2573,1.3227,916368.0
2016-02-05,SOXL,1.3107,1.3107,1.1713,1.1887,1129131.0
2016-02-08,SOXL,1.1293,1.1333,1.0433,1.0967,676197.0
2016-02-09,SOXL,1.056,1.1379,1.0473,1.0753,436895.0
2016-02-10,SOXL,1.1133,1.1353,1.0507,1.052,912663.0
2016-02-11,SOXL,1.0,1.0473,0.9887,1.028,1207400.0
2016-02-12,SOXL,1.08,1.1007,1.0193,1.096,957627.0
2016-02-16,SOXL,1.1447,1.2307,1.1293,1.212,1305190.0
2016-02-17,SOXL,1.2373,1.3067,1.2313,1.2987,1248866.0
2016-02-18,SOXL,1.33,1.3307,1.2756,1.278,791875.0
2016-02-19,SOXL,1.2747,1.3193,1.27,1.2953,516305.0
2016-02-22,SOXL,1.342,1.3793,1.338,1.3567,565318.0
2016-02-23,SOXL,1.3267,1.348,1.2853,1.2907,370100.0
2016-02-24,SOXL,1.2467,1.3533,1.2233,1.3447,977279.0
2016-02-25,SOXL,1.364,1.398,1.312,1.3967,619579.0
2016-02-26,SOXL,1.428,1.4359,1.4007,1.418,743649.0
2016-02-29,SOXL,1.44,1.4841,1.4107,1.4107,1023790.0
2016-03-01,SOXL,1.4633,1.5293,1.44,1.528,828344.0
2016-03-02,SOXL,1.5307,1.5547,1.5113,1.554,571042.0
2016-03-03,SOXL,1.5533,1.5668,1.5247,1.5573,617745.0
2016-03-04,SOXL,1.5913,1.6453,1.5551,1.6067,1150132.0
2016-03-07,SOXL,1.5693,1.646,1.5573,1.6247,879865.0
2016-03-08,SOXL,1.5853,1.59,1.5093,1.514,874406.0
2016-03-09,SOXL,1.5353,1.5633,1.5147,1.5513,730019.0
2016-03-10,SOXL,1.576,1.6167,1.508,1.572,700279.0
2016-03-11,SOXL,1.618,1.666,1.614,1.6653,675432.0
2016-03-14,SOXL,1.654,1.668,1.628,1.646,681003.0
2016-03-15,SOXL,1.6293,1.6367,1.596,1.6367,726140.0
2016-03-16,SOXL,1.624,1.6887,1.6073,1.682,825875.0
2016-03-17,SOXL,1.674,1.7287,1.6597,1.7187,691524.0
2016-03-18,SOXL,1.7293,1.7907,1.7131,1.7873,626052.0
2016-03-21,SOXL,1.7667,1.7973,1.7447,1.796,460845.0
2016-03-22,SOXL,1.7753,1.8087,1.752,1.7913,431740.0
2016-03-23,SOXL,1.782,1.7833,1.7167,1.7193,484019.0
2016-03-24,SOXL,1.6807,1.7167,1.6587,1.7153,677672.0
2016-03-28,SOXL,1.7433,1.7433,1.69,1.7133,550586.0
2016-03-29,SOXL,1.696,1.788,1.666,1.7787,565601.0
2016-03-30,SOXL,1.812,1.8633,1.808,1.832,585912.0
2016-03-31,SOXL,1.8153,1.8273,1.7973,1.8007,407416.0
2016-04-01,SOXL,1.7747,1.8373,1.742,1.836,560141.0
2016-04-04,SOXL,1.836,1.8379,1.7767,1.7853,457278.0
2016-04-05,SOXL,1.742,1.7933,1.7267,1.7533,320266.0
2016-04-06,SOXL,1.7513,1.8113,1.7067,1.8067,522777.0
2016-04-07,SOXL,1.7787,1.7866,1.7047,1.722,274157.0
2016-04-08,SOXL,1.7727,1.7967,1.7307,1.748,395443.0
2016-04-11,SOXL,1.776,1.8247,1.7453,1.7453,318430.0
2016-04-12,SOXL,1.752,1.7709,1.672,1.74,463153.0
2016-04-13,SOXL,1.7747,1.8613,1.77,1.8587,556352.0
2016-04-14,SOXL,1.8087,1.822,1.7577,1.8133,492815.0
2016-04-15,SOXL,1.8173,1.8173,1.7633,1.7647,278265.0
2016-04-18,SOXL,1.7333,1.782,1.7333,1.7673,385309.0
2016-04-19,SOXL,1.7753,1.784,1.6807,1.7,510367.0
2016-04-20,SOXL,1.69,1.774,1.6867,1.75,451612.0
2016-04-21,SOXL,1.7513,1.7513,1.6953,1.7193,239926.0
2016-04-22,SOXL,1.7233,1.7747,1.688,1.7287,323051.0
2016-04-25,SOXL,1.7093,1.7407,1.6853,1.6973,237589.0
2016-04-26,SOXL,1.736,1.8127,1.726,1.7653,348567.0
2016-04-27,SOXL,1.7147,1.8287,1.7087,1.822,469683.0
2016-04-28,SOXL,1.784,1.8207,1.664,1.6753,585129.0
2016-04-29,SOXL,1.6607,1.6607,1.506,1.5467,695932.0
2016-05-02,SOXL,1.5527,1.5853,1.5213,1.5787,296886.0
2016-05-03,SOXL,1.5367,1.5546,1.504,1.526,290691.0
2016-05-04,SOXL,1.4867,1.5233,1.4573,1.4713,318690.0
2016-05-05,SOXL,1.514,1.5273,1.4686,1.4827,371282.0
2016-05-06,SOXL,1.4687,1.4893,1.4287,1.4887,226587.0
2016-05-09,SOXL,1.4947,1.5233,1.4713,1.482,233454.0
2016-05-10,SOXL,1.4973,1.5387,1.4705,1.5373,331985.0
2016-05-11,SOXL,1.528,1.5673,1.5207,1.5233,499204.0
2016-05-12,SOXL,1.5407,1.5433,1.4067,1.4427,556708.0
2016-05-13,SOXL,1.448,1.4939,1.446,1.46,401832.0
2016-05-16,SOXL,1.4694,1.5593,1.4681,1.528,555895.0
2016-05-17,SOXL,1.5267,1.5487,1.4866,1.498,308282.0
2016-05-18,SOXL,1.4693,1.6093,1.4693,1.5707,704319.0
2016-05-19,SOXL,1.552,1.5827,1.502,1.54,363792.0
2016-05-20,SOXL,1.616,1.6873,1.6013,1.6833,614526.0
2016-05-23,SOXL,1.7313,1.7653,1.7107,1.72,434051.0
2016-05-24,SOXL,1.76,1.8493,1.75,1.8447,663560.0
2016-05-25,SOXL,1.8733,1.89,1.8333,1.8773,711865.0
2016-05-26,SOXL,1.8987,1.9078,1.87,1.896,286981.0
2016-05-27,SOXL,1.896,1.94,1.896,1.9307,240154.0
2016-05-31,SOXL,1.9467,1.968,1.924,1.962,329109.0
2016-06-01,SOXL,1.9627,2.0007,1.9353,1.996,310881.0
2016-06-02,SOXL,1.9747,1.9947,1.9573,1.9947,245472.0
2016-06-03,SOXL,2.044,2.054,1.9767,2.0133,324228.0
2016-06-06,SOXL,2.0253,2.0487,1.9867,1.998,304827.0
2016-06-07,SOXL,2.024,2.0673,2.024,2.0567,373597.0
2016-06-08,SOXL,2.0547,2.0693,2.0347,2.0513,291227.0
2016-06-09,SOXL,2.006,2.0627,1.9887,2.0593,373655.0
2016-06-10,SOXL,1.994,1.994,1.9353,1.956,379096.0
2016-06-13,SOXL,1.9207,1.994,1.9153,1.9293,334048.0
2016-06-14,SOXL,1.9007,1.9393,1.8715,1.924,413318.0
2016-06-15,SOXL,1.954,1.9687,1.9161,1.9247,240373.0
2016-06-16,SOXL,1.8553,1.9273,1.8247,1.9227,483287.0
2016-06-17,SOXL,1.9127,1.9266,1.8343,1.8747,260841.0
2016-06-20,SOXL,1.9653,2.0071,1.9347,1.938,398241.0
2016-06-21,SOXL,1.9673,1.97,1.9347,1.958,171222.0
2016-06-22,SOXL,1.956,2.0137,1.944,1.9493,232563.0
2016-06-23,SOXL,2.0307,2.1027,2.014,2.1013,378110.0
2016-06-24,SOXL,1.8167,1.9247,1.7307,1.7467,765264.0
2016-06-27,SOXL,1.6847,1.6847,1.5067,1.5387,763938.0
2016-06-28,SOXL,1.612,1.671,1.6007,1.662,976390.0
2016-06-29,SOXL,1.7233,1.7799,1.702,1.762,658124.0
2016-06-30,SOXL,1.7727,1.858,1.7554,1.858,386292.0
2016-07-01,SOXL,1.8047,1.8245,1.7893,1.798,272047.0
2016-07-05,SOXL,1.7607,1.7613,1.674,1.7073,275811.0
2016-07-06,SOXL,1.6727,1.722,1.6207,1.7147,418210.0
2016-07-07,SOXL,1.726,1.8143,1.726,1.7773,414163.0
2016-07-08,SOXL,1.8293,1.9287,1.8273,1.9267,663794.0
2016-07-11,SOXL,1.968,2.0147,1.9647,1.99,619840.0
2016-07-12,SOXL,2.0413,2.0887,2.0367,2.0713,459980.0
2016-07-13,SOXL,2.0933,2.1146,2.0653,2.0767,347321.0
2016-07-14,SOXL,2.134,2.14,2.0817,2.122,404169.0
2016-07-15,SOXL,2.1247,2.1293,2.0933,2.1173,286753.0
2016-07-18,SOXL,2.1813,2.2233,2.1793,2.2127,391738.0
2016-07-19,SOXL,2.1987,2.2058,2.1687,2.1867,212916.0
2016-07-20,SOXL,2.2113,2.3107,2.206,2.292,419551.0
2016-07-21,SOXL,2.2947,2.304,2.216,2.244,337638.0
2016-07-22,SOXL,2.2293,2.2807,2.1807,2.2793,360499.0
2016-07-25,SOXL,2.2853,2.3307,2.2853,2.316,320400.0
2016-07-26,SOXL,2.3827,2.6187,2.3827,2.5987,1042829.0
2016-07-27,SOXL,2.6567,2.6607,2.5353,2.5827,547036.0
2016-07-28,SOXL,2.5333,2.596,2.5047,2.542,344127.0
2016-07-29,SOXL,2.5447,2.562,2.4747,2.5033,346988.0
2016-08-01,SOXL,2.5233,2.5447,2.4887,2.5167,201080.0
2016-08-02,SOXL,2.5013,2.5013,2.355,2.396,532642.0
2016-08-03,SOXL,2.354,2.4127,2.354,2.4127,279142.0
2016-08-04,SOXL,2.4307,2.4773,2.4133,2.4753,347345.0
2016-08-05,SOXL,2.522,2.576,2.51,2.57,344147.0
2016-08-08,SOXL,2.594,2.6137,2.5473,2.5593,204242.0
2016-08-09,SOXL,2.5753,2.6487,2.5747,2.6253,252368.0
2016-08-10,SOXL,2.6353,2.6373,2.536,2.5643,349577.0
2016-08-11,SOXL,2.5833,2.61,2.5567,2.6013,157324.0
2016-08-12,SOXL,2.6,2.6527,2.6,2.6347,272380.0
2016-08-15,SOXL,2.6593,2.7624,2.6567,2.744,327342.0
2016-08-16,SOXL,2.74,2.74,2.6753,2.6853,163154.0
2016-08-17,SOXL,2.694,2.694,2.64,2.684,232323.0
2016-08-18,SOXL,2.6707,2.7433,2.6707,2.7433,211540.0
2016-08-19,SOXL,2.7527,2.8333,2.7447,2.8147,327545.0
2016-08-22,SOXL,2.806,2.8407,2.7827,2.818,233518.0
2016-08-23,SOXL,2.8573,2.897,2.8548,2.8633,311906.0
2016-08-24,SOXL,2.8633,2.8787,2.7639,2.7893,313703.0
2016-08-25,SOXL,2.8213,2.8593,2.7613,2.8233,231664.0
2016-08-26,SOXL,2.8413,2.9233,2.8,2.8627,205008.0
2016-08-29,SOXL,2.8793,2.9273,2.8793,2.892,335300.0
2016-08-30,SOXL,2.8973,2.9431,2.8433,2.8667,322705.0
2016-08-31,SOXL,2.872,2.8815,2.8227,2.8687,197526.0
2016-09-01,SOXL,2.874,2.944,2.8287,2.944,398054.0
2016-09-02,SOXL,2.978,2.978,2.8887,2.928,326577.0
2016-09-06,SOXL,2.9767,2.9767,2.8613,2.9033,177419.0
2016-09-07,SOXL,2.9113,2.924,2.8253,2.8393,301294.0
2016-09-08,SOXL,2.8133,2.8473,2.7753,2.8267,307965.0
2016-09-09,SOXL,2.7633,2.7633,2.5013,2.5153,509193.0
2016-09-12,SOXL,2.4607,2.6733,2.4333,2.666,505633.0
2016-09-13,SOXL,2.6207,2.6927,2.552,2.5887,295609.0
2016-09-14,SOXL,2.5967,2.6807,2.5647,2.6627,383616.0
2016-09-15,SOXL,2.676,2.862,2.6627,2.8467,753923.0
2016-09-16,SOXL,2.92,2.9253,2.7827,2.848,350964.0
2016-09-19,SOXL,2.9133,2.9843,2.8307,2.862,366331.0
2016-09-20,SOXL,2.9013,2.9133,2.7987,2.826,249073.0
2016-09-21,SOXL,2.8627,2.9477,2.8253,2.9367,263741.0
2016-09-22,SOXL,2.9867,3.0253,2.942,2.9707,303049.0
2016-09-23,SOXL,2.9647,2.9647,2.8633,2.876,160460.0
2016-09-26,SOXL,2.8267,2.8413,2.756,2.7867,190028.0
2016-09-27,SOXL,2.78,2.9373,2.7667,2.9367,292024.0
2016-09-28,SOXL,2.9547,3.0,2.9,2.956,323996.0
2016-09-29,SOXL,2.956,3.118,2.86,3.0647,862936.0
2016-09-30,SOXL,3.132,3.266,3.1259,3.2073,496547.0
2016-10-03,SOXL,3.2133,3.2727,3.1253,3.1407,235806.0
2016-10-04,SOXL,3.192,3.2096,3.0833,3.1167,292109.0
2016-10-05,SOXL,3.1467,3.2533,3.1327,3.1893,234532.0
2016-10-06,SOXL,3.1927,3.2493,3.1227,3.2447,291157.0
2016-10-07,SOXL,3.266,3.2853,3.1413,3.226,315986.0
2016-10-10,SOXL,3.2747,3.3127,3.176,3.178,275015.0
2016-10-11,SOXL,3.1633,3.1653,2.894,2.9793,733715.0
2016-10-12,SOXL,2.9793,2.9793,2.8607,2.946,304176.0
2016-10-13,SOXL,2.8653,2.8707,2.6987,2.8393,487222.0
2016-10-14,SOXL,2.9433,3.0067,2.8987,2.9087,583960.0
2016-10-17,SOXL,2.8947,2.9467,2.8567,2.8593,213425.0
2016-10-18,SOXL,2.992,2.9966,2.9387,2.964,256757.0
2016-10-19,SOXL,2.884,2.934,2.8393,2.92,302597.0
2016-10-20,SOXL,2.9147,3.012,2.852,2.9827,297204.0
2016-10-21,SOXL,2.906,2.9691,2.8734,2.9587,241284.0
2016-10-24,SOXL,3.0267,3.1275,3.0207,3.1233,269809.0
2016-10-25,SOXL,3.1513,3.1574,3.096,3.116,285914.0
2016-10-26,SOXL,3.0567,3.1557,3.041,3.098,299802.0
2016-10-27,SOXL,3.1907,3.216,3.0447,3.0567,330029.0
2016-10-28,SOXL,3.0647,3.1493,2.99,3.004,358770.0
2016-10-31,SOXL,3.064,3.0933,3.0353,3.0513,198106.0
2016-11-01,SOXL,3.0773,3.1227,2.864,2.9653,386198.0
2016-11-02,SOXL,2.9747,3.026,2.8827,2.906,429595.0
2016-11-03,SOXL,2.92,2.9693,2.8587,2.8867,345364.0
2016-11-04,SOXL,2.834,2.9146,2.7753,2.836,193750.0
2016-11-07,SOXL,2.9973,3.0847,2.9607,3.0813,252580.0
2016-11-08,SOXL,3.0867,3.1553,3.024,3.1013,276554.0
2016-11-09,SOXL,2.8867,3.083,2.8469,3.052,542869.0
2016-11-10,SOXL,3.122,3.1707,2.7687,2.8607,779959.0
2016-11-11,SOXL,2.956,3.1987,2.9533,3.1833,598365.0
2016-11-14,SOXL,3.2,3.2353,3.1047,3.13,235072.0
2016-11-15,SOXL,3.1853,3.3334,3.146,3.3107,379962.0
2016-11-16,SOXL,3.296,3.4333,3.286,3.4254,412024.0
2016-11-17,SOXL,3.5207,3.5847,3.4034,3.5374,316625.0
2016-11-18,SOXL,3.556,3.6245,3.514,3.61,210508.0
2016-11-21,SOXL,3.6407,3.696,3.605,3.658,279316.0
2016-11-22,SOXL,3.7634,3.8114,3.7294,3.8047,376359.0
2016-11-23,SOXL,3.7914,3.838,3.748,3.82,263519.0
2016-11-25,SOXL,3.856,3.856,3.7847,3.836,90094.0
2016-11-28,SOXL,3.8167,3.8527,3.7814,3.804,148138.0
2016-11-29,SOXL,3.788,3.8433,3.7247,3.782,132887.0
2016-11-30,SOXL,3.7874,3.8014,3.7094,3.714,121286.0
2016-12-01,SOXL,3.7007,3.7088,3.1049,3.1647,730928.0
2016-12-02,SOXL,3.152,3.3007,3.1199,3.2873,406357.0
2016-12-05,SOXL,3.37,3.4367,3.3042,3.4074,413339.0
2016-12-06,SOXL,3.442,3.5587,3.4407,3.5487,298449.0
2016-12-07,SOXL,3.5334,3.7934,3.5047,3.7734,433651.0
2016-12-08,SOXL,3.7827,3.93,3.7827,3.87,471499.0
2016-12-09,SOXL,3.98,3.986,3.7427,3.8214,358050.0
2016-12-12,SOXL,3.7747,3.7964,3.6407,3.7347,261247.0
2016-12-13,SOXL,3.7867,3.9373,3.7547,3.8607,408996.0
2016-12-14,SOXL,3.8667,3.926,3.8114,3.852,343118.0
2016-12-15,SOXL,3.888,4.1044,3.8773,4.0547,481486.0
2016-12-16,SOXL,4.1334,4.1454,3.872,3.9227,284344.0
2016-12-19,SOXL,4.0,4.09,3.9467,4.0447,273829.0
2016-12-20,SOXL,3.996,3.996,3.9194,3.9687,358318.0
2016-12-21,SOXL,4.0007,4.0174,3.9527,3.9687,158718.0
2016-12-22,SOXL,4.1114,4.1287,3.9827,4.0327,205243.0
2016-12-23,SOXL,4.0067,4.096,3.9947,4.0927,91012.0
2016-12-27,SOXL,4.104,4.266,4.1,4.242,324384.0
2016-12-28,SOXL,4.3254,4.328,3.9894,3.9954,537149.0
2016-12-29,SOXL,3.9554,3.9967,3.868,3.9947,399929.0
2016-12-30,SOXL,4.08,4.0974,3.7734,3.8067,347572.0
2017-01-03,SOXL,3.9087,3.9774,3.7127,3.8127,414261.0
2017-01-04,SOXL,3.864,3.8973,3.791,3.8474,237662.0
2017-01-05,SOXL,3.8574,3.91,3.7227,3.7414,238052.0
2017-01-06,SOXL,3.7674,3.8614,3.6894,3.8314,324718.0
2017-01-09,SOXL,3.8667,4.0007,3.866,3.9547,359817.0
2017-01-10,SOXL,3.9534,4.0394,3.946,4.0147,251915.0
2017-01-11,SOXL,4.0027,4.0527,3.964,4.0527,213744.0
2017-01-12,SOXL,4.026,4.026,3.7687,3.948,334113.0
2017-01-13,SOXL,3.96,4.056,3.9487,4.0227,272760.0
2017-01-17,SOXL,3.9854,3.9854,3.7907,3.8294,271485.0
2017-01-18,SOXL,3.8407,3.9967,3.84,3.9894,243500.0
2017-01-19,SOXL,3.932,4.0667,3.9252,3.9347,179581.0
2017-01-20,SOXL,4.04,4.1566,4.034,4.0874,275810.0
2017-01-23,SOXL,4.0274,4.066,3.9138,4.0067,268863.0
2017-01-24,SOXL,4.0514,4.2594,4.0514,4.2447,314955.0
2017-01-25,SOXL,4.4094,4.4594,4.3134,4.4314,334025.0
2017-01-26,SOXL,4.448,4.458,4.2954,4.354,245746.0
2017-01-27,SOXL,4.424,4.5207,4.416,4.5194,240700.0
2017-01-30,SOXL,4.4494,4.4527,4.2787,4.4474,472998.0
2017-01-31,SOXL,4.3727,4.3844,4.1934,4.274,428225.0
2017-02-01,SOXL,4.4414,4.4894,4.3458,4.4774,377859.0
2017-02-02,SOXL,4.3867,4.5167,4.3114,4.466,322642.0
2017-02-03,SOXL,4.528,4.5647,4.4907,4.5434,185914.0
2017-02-06,SOXL,4.5754,4.598,4.4854,4.5907,316962.0
2017-02-07,SOXL,4.666,4.6894,4.5639,4.6414,270676.0
2017-02-08,SOXL,4.6934,4.722,4.5927,4.664,244515.0
2017-02-09,SOXL,4.6887,4.6887,4.5227,4.542,338021.0
2017-02-10,SOXL,4.638,4.638,4.396,4.5314,396436.0
2017-02-13,SOXL,4.5794,4.6554,4.5394,4.5634,308257.0
2017-02-14,SOXL,4.5474,4.56,4.4407,4.5154,213362.0
2017-02-15,SOXL,4.5394,4.642,4.4887,4.628,236333.0
2017-02-16,SOXL,4.6434,4.6727,4.5614,4.6454,180191.0
2017-02-17,SOXL,4.5887,4.72,4.5247,4.72,238520.0
2017-02-21,SOXL,4.8127,4.9244,4.7874,4.9227,315817.0
2017-02-22,SOXL,4.926,4.9447,4.862,4.9234,183518.0
2017-02-23,SOXL,4.8747,4.8885,4.586,4.6787,500074.0
2017-02-24,SOXL,4.452,4.672,4.4061,4.6707,345117.0
2017-02-27,SOXL,4.68,4.8107,4.6427,4.8054,222296.0
2017-02-28,SOXL,4.8267,4.8267,4.588,4.6194,314146.0
2017-03-01,SOXL,4.7934,4.8534,4.65,4.836,323241.0
2017-03-02,SOXL,4.874,4.9014,4.672,4.686,275150.0
2017-03-03,SOXL,4.6934,4.7007,4.592,4.6774,209477.0
2017-03-06,SOXL,4.6027,4.71,4.52,4.6847,225391.0
2017-03-07,SOXL,4.6587,4.808,4.6187,4.7174,284235.0
2017-03-08,SOXL,4.7854,4.8647,4.7207,4.752,284513.0
2017-03-09,SOXL,4.7394,4.8,4.6607,4.7747,159545.0
2017-03-10,SOXL,4.8587,4.9714,4.8587,4.9394,321858.0
2017-03-13,SOXL,4.9807,5.0574,4.9574,5.054,307589.0
2017-03-14,SOXL,5.0047,5.0107,4.88,5.0074,277112.0
2017-03-15,SOXL,5.0434,5.154,4.9534,5.1287,291727.0
2017-03-16,SOXL,5.196,5.196,5.078,5.1087,195881.0
2017-03-17,SOXL,5.1567,5.1677,5.0987,5.1367,151210.0
2017-03-20,SOXL,5.164,5.3074,5.1334,5.2519,218994.0
2017-03-21,SOXL,5.3174,5.3261,4.8534,4.886,567364.0
2017-03-22,SOXL,4.8927,5.0557,4.8447,5.042,303870.0
2017-03-23,SOXL,5.04,5.074,4.9627,5.0034,256435.0
2017-03-24,SOXL,5.212,5.294,5.0527,5.1087,389605.0
2017-03-27,SOXL,4.9394,5.1714,4.8987,5.1354,490935.0
2017-03-28,SOXL,5.1654,5.2422,5.09,5.1867,276603.0
2017-03-29,SOXL,5.1867,5.1867,5.1,5.1434,230460.0
2017-03-30,SOXL,5.1347,5.2594,5.1347,5.2314,357292.0
2017-03-31,SOXL,5.244,5.3,5.1667,5.2214,222275.0
2017-04-03,SOXL,5.2514,5.2734,5.0257,5.1307,321382.0
2017-04-04,SOXL,5.0354,5.1502,5.0008,5.052,265113.0
2017-04-05,SOXL,5.1087,5.1934,4.9334,4.9427,373918.0
2017-04-06,SOXL,4.9394,4.995,4.8147,4.9614,393691.0
2017-04-07,SOXL,4.9634,5.0716,4.9323,5.0274,189995.0
2017-04-10,SOXL,5.0314,5.0416,4.874,4.9107,242092.0
2017-04-11,SOXL,4.8507,4.8507,4.5707,4.7914,520161.0
2017-04-12,SOXL,4.7607,4.7677,4.51,4.5387,548798.0
2017-04-13,SOXL,4.4694,4.6541,4.448,4.4514,324256.0
2017-04-17,SOXL,4.4927,4.6267,4.4927,4.6254,352924.0
2017-04-18,SOXL,4.5614,4.692,4.53,4.6807,208040.0
2017-04-19,SOXL,4.792,4.8867,4.7334,4.7574,244188.0
2017-04-20,SOXL,4.8614,5.0067,4.7927,4.9854,334063.0
2017-04-21,SOXL,4.9367,4.946,4.7927,4.9154,383946.0
2017-04-24,SOXL,5.1294,5.1734,5.062,5.1267,491744.0
2017-04-25,SOXL,5.226,5.3074,5.162,5.2867,287689.0
2017-04-26,SOXL,5.268,5.284,5.0947,5.1507,369473.0
2017-04-27,SOXL,5.2614,5.39,5.2247,5.37,355385.0
2017-04-28,SOXL,5.3287,5.3287,5.05,5.096,505376.0
2017-05-01,SOXL,5.1534,5.25,5.0554,5.2447,363446.0
2017-05-02,SOXL,5.2,5.2,4.9931,5.076,287028.0
2017-05-03,SOXL,5.0134,5.154,4.998,5.132,191122.0
2017-05-04,SOXL,5.1534,5.1734,5.0587,5.1194,171464.0
2017-05-05,SOXL,5.1594,5.18,5.0387,5.174,196024.0
2017-05-08,SOXL,5.1614,5.1974,5.0847,5.1167,124130.0
2017-05-09,SOXL,5.1167,5.3107,5.1167,5.272,324961.0
2017-05-10,SOXL,5.4507,5.6334,5.448,5.606,465354.0
2017-05-11,SOXL,5.5654,5.7394,5.4507,5.6627,252615.0
2017-05-12,SOXL,5.6847,5.7347,5.6174,5.714,202014.0
2017-05-15,SOXL,5.7534,5.9881,5.7367,5.976,265565.0
2017-05-16,SOXL,6.042,6.244,5.976,6.2427,276157.0
2017-05-17,SOXL,5.9967,6.0573,5.4234,5.4234,970144.0
2017-05-18,SOXL,5.48,5.7767,5.4,5.734,818901.0
2017-05-19,SOXL,5.8934,5.9792,5.8734,5.9227,461968.0
2017-05-22,SOXL,6.008,6.1187,5.9901,6.112,349070.0
2017-05-23,SOXL,6.1254,6.1334,5.888,6.0414,298852.0
2017-05-24,SOXL,6.14,6.1887,6.0734,6.154,216189.0
2017-05-25,SOXL,6.2407,6.316,6.1334,6.2574,255559.0
2017-05-26,SOXL,6.256,6.3367,6.1159,6.3327,288259.0
2017-05-30,SOXL,6.3287,6.5054,6.326,6.4594,269584.0
2017-05-31,SOXL,6.598,6.6327,6.3614,6.4574,422675.0
2017-06-01,SOXL,6.486,6.52,6.3574,6.4734,205936.0
2017-06-02,SOXL,6.5854,6.6967,6.4487,6.666,387983.0
2017-06-05,SOXL,6.6674,6.8226,6.6467,6.724,279972.0
2017-06-06,SOXL,6.634,6.9207,6.6147,6.7907,335064.0
2017-06-07,SOXL,6.8687,7.016,6.83,6.95,429752.0
2017-06-08,SOXL,7.0847,7.3194,6.9227,7.314,513786.0
2017-06-09,SOXL,7.4667,7.5387,5.9627,6.392,2145330.0
2017-06-12,SOXL,6.128,6.3514,5.7454,6.2847,1502664.0
2017-06-13,SOXL,6.5967,6.6,6.1714,6.406,967755.0
2017-06-14,SOXL,6.4827,6.5276,5.9967,6.1994,745443.0
2017-06-15,SOXL,5.876,6.1147,5.87,6.05,588486.0
2017-06-16,SOXL,6.0687,6.196,5.926,5.98,543844.0
2017-06-19,SOXL,6.1654,6.35,6.162,6.3207,761677.0
2017-06-20,SOXL,6.3934,6.444,6.1027,6.1107,587263.0
2017-06-21,SOXL,6.194,6.3267,6.1167,6.3187,425726.0
2017-06-22,SOXL,6.3514,6.3567,6.1834,6.2714,472199.0
2017-06-23,SOXL,6.2474,6.4334,6.2147,6.3294,362477.0
2017-06-26,SOXL,6.4834,6.5407,6.0667,6.172,752381.0
2017-06-27,SOXL,6.0467,6.072,5.6667,5.6734,922180.0
2017-06-28,SOXL,5.7914,5.9867,5.6054,5.9634,653358.0
2017-06-29,SOXL,5.8387,5.8814,5.2767,5.516,1227898.0
2017-06-30,SOXL,5.5707,5.6547,5.3567,5.4334,556787.0
2017-07-03,SOXL,5.5314,5.5837,5.2,5.2,454147.0
2017-07-05,SOXL,5.2667,5.5501,5.2667,5.53,611993.0
2017-07-06,SOXL,5.338,5.5953,5.2934,5.4567,546869.0
2017-07-07,SOXL,5.5674,5.792,5.5027,5.7247,521755.0
2017-07-10,SOXL,5.7874,5.9667,5.6854,5.93,451641.0
2017-07-11,SOXL,5.918,6.0787,5.86,6.0694,510567.0
2017-07-12,SOXL,6.2334,6.398,6.1774,6.3587,974937.0
2017-07-13,SOXL,6.3974,6.5083,6.24,6.3054,887466.0
2017-07-14,SOXL,6.3994,6.5614,6.3527,6.5574,659607.0
2017-07-17,SOXL,6.604,6.6234,6.4027,6.4734,551139.0
2017-07-18,SOXL,6.356,6.534,6.282,6.534,400334.0
2017-07-19,SOXL,6.6334,6.714,6.5741,6.7094,426665.0
2017-07-20,SOXL,6.7327,6.7954,6.5494,6.7674,377224.0
2017-07-21,SOXL,6.614,6.6311,6.488,6.594,417635.0
2017-07-24,SOXL,6.612,6.6134,6.4967,6.5294,340047.0
2017-07-25,SOXL,6.4994,6.566,6.316,6.5254,459302.0
2017-07-26,SOXL,6.668,6.8207,6.6161,6.72,503138.0
2017-07-27,SOXL,6.79,6.82,6.1874,6.4167,1325283.0
2017-07-28,SOXL,6.3187,6.426,6.254,6.354,331794.0
2017-07-31,SOXL,6.3667,6.4528,6.15,6.2114,432393.0
2017-08-01,SOXL,6.256,6.3154,6.1601,6.3154,268092.0
2017-08-02,SOXL,6.4194,6.4634,6.0467,6.1807,596288.0
2017-08-03,SOXL,6.1754,6.2254,6.0167,6.1074,374332.0
2017-08-04,SOXL,6.138,6.26,6.0627,6.114,245025.0
2017-08-07,SOXL,6.156,6.438,6.1554,6.432,456241.0
2017-08-08,SOXL,6.4287,6.5974,6.3,6.3647,426068.0
2017-08-09,SOXL,6.2014,6.3231,6.1334,6.302,319571.0
2017-08-10,SOXL,6.1707,6.1972,5.7667,5.776,714804.0
2017-08-11,SOXL,5.7107,5.9067,5.6574,5.8714,372734.0
2017-08-14,SOXL,6.08,6.3447,6.08,6.326,453671.0
2017-08-15,SOXL,6.386,6.4074,6.234,6.3727,264734.0
2017-08-16,SOXL,6.4274,6.478,6.3054,6.4014,310566.0
2017-08-17,SOXL,6.28,6.3657,5.8914,5.8914,558386.0
2017-08-18,SOXL,6.0067,6.0767,5.846,5.9454,351701.0
2017-08-21,SOXL,5.9667,5.9695,5.69,5.818,448224.0
2017-08-22,SOXL,5.9594,6.1298,5.9334,6.094,320887.0
2017-08-23,SOXL,5.944,6.2214,5.8834,6.1747,269172.0
2017-08-24,SOXL,6.2667,6.2667,6.0588,6.1674,243697.0
2017-08-25,SOXL,6.2174,6.2667,6.04,6.0754,210550.0
2017-08-28,SOXL,6.0934,6.1463,6.0287,6.1227,151593.0
2017-08-29,SOXL,5.8914,6.2067,5.888,6.166,223784.0
2017-08-30,SOXL,6.2134,6.5,6.194,6.48,456554.0
2017-08-31,SOXL,6.5634,6.691,6.5067,6.67,422643.0
2017-09-01,SOXL,6.75,6.8614,6.7014,6.7574,331316.0
2017-09-05,SOXL,6.62,6.708,6.3,6.4714,513396.0
2017-09-06,SOXL,6.5614,6.5947,6.408,6.51,240175.0
2017-09-07,SOXL,6.5667,6.614,6.4527,6.54,199539.0
2017-09-08,SOXL,6.5007,6.5334,6.2334,6.298,302015.0
2017-09-11,SOXL,6.46,6.708,6.448,6.6674,414519.0
2017-09-12,SOXL,6.756,6.8134,6.636,6.7567,296480.0
2017-09-13,SOXL,6.698,6.84,6.6367,6.784,232286.0
2017-09-14,SOXL,6.69,6.9934,6.6674,6.8787,287384.0
2017-09-15,SOXL,6.9334,7.2537,6.922,7.2274,408610.0
2017-09-18,SOXL,7.3614,7.6512,7.3575,7.514,528584.0
2017-09-19,SOXL,7.5887,7.6714,7.4381,7.592,325033.0
2017-09-20,SOXL,7.6094,7.6094,6.978,7.272,805918.0
2017-09-21,SOXL,7.2547,7.264,6.9914,7.1834,315643.0
2017-09-22,SOXL,7.0854,7.3178,7.0673,7.286,258490.0
2017-09-25,SOXL,7.1727,7.1851,6.7634,6.862,713895.0
2017-09-26,SOXL,7.082,7.0974,6.7754,6.85,475570.0
2017-09-27,SOXL,7.0674,7.4109,7.0487,7.33,510946.0
2017-09-28,SOXL,7.3107,7.4953,7.2436,7.4947,315266.0
2017-09-29,SOXL,7.5454,7.702,7.4628,7.684,406124.0
2017-10-02,SOXL,7.752,7.9284,7.6592,7.8174,441033.0
2017-10-03,SOXL,7.866,7.9594,7.7787,7.8947,268717.0
2017-10-04,SOXL,7.8667,7.9467,7.726,7.9467,300586.0
2017-10-05,SOXL,8.034,8.0628,7.8327,7.9634,302661.0
2017-10-06,SOXL,7.8334,8.0667,7.8334,8.0667,194064.0
2017-10-09,SOXL,8.1494,8.2667,8.1276,8.2354,281392.0
2017-10-10,SOXL,8.432,8.4373,8.1392,8.3954,387883.0
2017-10-11,SOXL,8.308,8.564,8.3,8.56,316770.0
2017-10-12,SOXL,8.5334,8.6467,8.4534,8.4734,314909.0
2017-10-13,SOXL,8.5487,8.7234,8.522,8.64,277750.0
2017-10-16,SOXL,8.7334,8.7654,8.5834,8.764,321789.0
2017-10-17,SOXL,8.758,8.7594,8.6048,8.7447,198284.0
2017-10-18,SOXL,8.79,8.8706,8.478,8.8307,454342.0
2017-10-19,SOXL,8.5967,8.7594,8.344,8.7534,499696.0
2017-10-20,SOXL,8.9234,9.0174,8.8467,8.8794,290220.0
2017-10-23,SOXL,9.006,9.1654,8.8854,9.022,482919.0
2017-10-24,SOXL,9.0967,9.2367,8.982,9.206,339047.0
2017-10-25,SOXL,9.034,9.13,8.5687,8.8467,841713.0
2017-10-26,SOXL,8.892,9.0536,8.8567,9.0054,384442.0
2017-10-27,SOXL,9.2334,9.5994,9.0612,9.5574,604869.0
2017-10-30,SOXL,9.486,9.7614,9.4674,9.6474,514494.0
2017-10-31,SOXL,9.7334,9.956,9.6387,9.864,350008.0
2017-11-01,SOXL,10.1114,10.12,9.5067,9.772,526756.0
2017-11-02,SOXL,9.784,9.98,9.5814,9.9014,455363.0
2017-11-03,SOXL,10.0087,10.4327,9.8034,10.4294,787037.0
2017-11-06,SOXL,10.6981,10.8835,10.5001,10.8734,685114.0
2017-11-07,SOXL,10.8294,10.9107,10.6174,10.8434,565117.0
2017-11-08,SOXL,10.7667,10.9701,10.6761,10.9527,371025.0
2017-11-09,SOXL,10.6314,10.6607,9.8891,10.2861,1197078.0
2017-11-10,SOXL,10.3674,10.5106,10.2927,10.4814,432942.0
2017-11-13,SOXL,10.3207,10.6127,10.2667,10.5667,338129.0
2017-11-14,SOXL,10.4887,10.6347,10.3014,10.5374,408029.0
2017-11-15,SOXL,10.2614,10.396,10.0001,10.2581,598298.0
2017-11-16,SOXL,10.4001,10.8467,10.4001,10.7201,490912.0
2017-11-17,SOXL,10.8787,10.9127,10.5267,10.5781,419733.0
2017-11-20,SOXL,10.6681,11.0075,10.6614,10.9514,431372.0
2017-11-21,SOXL,11.2001,11.3707,11.0984,11.3441,658328.0
2017-11-22,SOXL,11.4427,11.4533,11.0718,11.1227,450439.0
2017-11-24,SOXL,11.2174,11.4427,11.2134,11.4201,450539.0
2017-11-27,SOXL,11.2161,11.2167,10.9334,10.9901,713223.0
2017-11-28,SOXL,11.1047,11.1247,10.7934,10.9801,649067.0
2017-11-29,SOXL,10.9167,10.9375,9.2227,9.5367,2434622.0
2017-11-30,SOXL,9.8634,9.9934,9.5207,9.7134,991674.0
2017-12-01,SOXL,9.4194,9.5534,8.6667,9.3807,1271451.0
2017-12-04,SOXL,9.7067,9.73,8.5167,8.7,1582831.0
2017-12-05,SOXL,8.5334,9.1994,8.338,8.7114,1091589.0
2017-12-06,SOXL,8.468,8.8447,8.3528,8.7994,719660.0
2017-12-07,SOXL,9.0107,9.1394,8.884,9.0567,664396.0
2017-12-08,SOXL,9.3434,9.3854,8.8944,8.9167,658113.0
2017-12-11,SOXL,8.96,9.1486,8.8767,9.072,373265.0
2017-12-12,SOXL,9.0,9.0,8.774,8.8,398827.0
2017-12-13,SOXL,8.8847,9.0427,8.7807,8.7987,275047.0
2017-12-14,SOXL,8.7874,8.9494,8.708,8.7787,339613.0
2017-12-15,SOXL,8.8667,9.25,8.7667,9.1694,683652.0
2017-12-18,SOXL,9.5167,9.7934,9.379,9.7874,1026541.0
2017-12-19,SOXL,9.7414,9.844,9.5774,9.744,541771.0
2017-12-20,SOXL,10.0174,10.0834,9.687,9.948,581826.0
2017-12-21,SOXL,10.0081,10.0081,9.584,9.626,460554.0
2017-12-22,SOXL,9.4747,9.618,9.4007,9.6007,262917.0
2017-12-26,SOXL,9.2667,9.342,9.0734,9.3234,301631.0
2017-12-27,SOXL,9.2707,9.558,9.2674,9.4174,198700.0
2017-12-28,SOXL,9.532,9.5614,9.434,9.4774,211357.0
2017-12-29,SOXL,9.5034,9.5374,9.192,9.1934,275477.0
2018-01-02,SOXL,9.35,9.9514,9.3042,9.9514,615840.0
2018-01-03,SOXL,10.0507,10.4641,10.0281,10.4467,658072.0
2018-01-04,SOXL,10.6641,10.7387,10.3686,10.6301,566829.0
2018-01-05,SOXL,10.7461,10.9381,10.5775,10.8221,514214.0
2018-01-08,SOXL,10.8107,11.1667,10.7235,11.0654,436285.0
2018-01-09,SOXL,11.1201,11.1273,10.6907,10.7474,600640.0
2018-01-10,SOXL,10.3781,10.4967,10.0975,10.3501,884962.0
2018-01-11,SOXL,10.4794,10.5474,10.3181,10.5334,368312.0
2018-01-12,SOXL,10.5287,10.7654,10.4406,10.6967,334701.0
2018-01-16,SOXL,10.9374,11.1814,10.6107,10.8114,653590.0
2018-01-17,SOXL,11.0914,11.7927,11.0534,11.7414,766353.0
2018-01-18,SOXL,11.6567,12.0834,11.6301,11.9087,611445.0
2018-01-19,SOXL,12.0481,12.1021,11.7158,11.9407,621048.0
2018-01-22,SOXL,11.9881,12.2174,11.8101,12.2174,374739.0
2018-01-23,SOXL,12.3734,12.4961,12.2341,12.4947,449185.0
2018-01-24,SOXL,12.1387,12.2361,11.3707,11.6347,1241940.0
2018-01-25,SOXL,12.0801,12.0954,11.0287,11.0294,877836.0
2018-01-26,SOXL,11.4667,12.0834,11.4001,12.0754,848913.0
2018-01-29,SOXL,11.9161,12.2774,11.5914,12.0367,612348.0
2018-01-30,SOXL,11.4067,11.7187,11.2681,11.3041,794902.0
2018-01-31,SOXL,11.6834,11.8307,11.3921,11.5941,461498.0
2018-02-01,SOXL,11.2667,11.9274,11.2067,11.4227,459736.0
2018-02-02,SOXL,11.0694,11.1601,10.4667,10.4687,919219.0
2018-02-05,SOXL,10.2001,10.7227,8.9334,9.068,1128596.0
2018-02-06,SOXL,8.5267,10.022,8.5187,10.0001,1374331.0
2018-02-07,SOXL,9.86,10.0507,9.3334,9.3347,834873.0
2018-02-08,SOXL,9.5007,9.528,8.1347,8.1534,1143734.0
2018-02-09,SOXL,8.7574,9.036,7.8207,8.896,1378353.0
2018-02-12,SOXL,9.144,9.5407,8.95,9.3654,939967.0
2018-02-13,SOXL,9.1254,9.396,9.088,9.3514,496006.0
2018-02-14,SOXL,9.1334,10.0347,9.1334,9.9794,741766.0
2018-02-15,SOXL,10.2547,10.3481,9.6334,10.3481,822624.0
2018-02-16,SOXL,10.1574,10.6047,10.1521,10.2307,511781.0
2018-02-20,SOXL,10.1001,11.0527,10.0894,10.7607,772359.0
2018-02-21,SOXL,10.9541,10.968,10.3757,10.3961,660109.0
2018-02-22,SOXL,10.5234,10.6387,10.2247,10.3187,387293.0
2018-02-23,SOXL,10.5874,10.9887,10.5567,10.9887,545237.0
2018-02-26,SOXL,11.2334,11.7001,11.1407,11.6881,576919.0
2018-02-27,SOXL,11.6474,12.17,11.5727,11.5801,722539.0
2018-02-28,SOXL,11.8001,11.9301,11.2316,11.2614,677989.0
2018-03-01,SOXL,11.2821,11.4027,10.3334,10.7181,959835.0
2018-03-02,SOXL,10.2581,11.3314,10.2581,11.2721,640654.0
2018-03-05,SOXL,11.1054,11.7401,10.9334,11.5794,586387.0
2018-03-06,SOXL,11.8534,12.1907,11.7167,12.1027,862194.0
2018-03-07,SOXL,11.7507,12.2564,11.7334,12.1981,665976.0
2018-03-08,SOXL,12.3334,12.4474,12.0267,12.2501,575047.0
2018-03-09,SOXL,12.4614,13.0167,12.4394,13.0134,808032.0
2018-03-12,SOXL,13.2801,13.628,13.1667,13.4187,805251.0
2018-03-13,SOXL,13.6654,13.9334,12.6114,12.7921,1469875.0
2018-03-14,SOXL,12.9494,12.9801,12.4341,12.7867,873529.0
2018-03-15,SOXL,12.8861,13.0127,12.5561,12.7494,504840.0
2018-03-16,SOXL,12.8061,12.9641,12.6821,12.7394,312932.0
2018-03-19,SOXL,12.4081,12.5447,11.4687,12.0014,1180752.0
2018-03-20,SOXL,12.0667,12.3862,12.0174,12.2821,588212.0
2018-03-21,SOXL,12.1961,12.8227,12.0801,12.3654,662596.0
2018-03-22,SOXL,11.7821,12.1467,11.3321,11.3501,1047647.0
2018-03-23,SOXL,11.2847,11.3721,10.2147,10.2147,1103801.0
2018-03-26,SOXL,10.9807,11.5074,10.5347,11.4994,1256517.0
2018-03-27,SOXL,11.8401,11.8514,9.9341,10.2174,1543091.0
2018-03-28,SOXL,10.0927,10.3027,9.4214,9.5694,1337388.0
2018-03-29,SOXL,9.7887,10.4554,9.5434,10.1881,1184592.0
2018-04-02,SOXL,9.88,10.1334,8.7243,9.008,1289223.0
2018-04-03,SOXL,9.3927,9.586,9.0427,9.524,1066232.0
2018-04-04,SOXL,8.7074,9.9607,8.6834,9.8874,1117312.0
2018-04-05,SOXL,10.0934,10.1287,9.374,9.5834,922651.0
2018-04-06,SOXL,9.1707,9.4993,8.5887,8.7087,888354.0
2018-04-09,SOXL,9.046,9.6234,8.854,8.868,1097471.0
2018-04-10,SOXL,9.498,9.87,9.3027,9.7207,1248539.0
2018-04-11,SOXL,9.5747,9.9805,9.4767,9.7247,708867.0
2018-04-12,SOXL,9.9894,10.3587,9.9084,10.2787,928468.0
2018-04-13,SOXL,10.6574,10.6774,9.9167,10.0374,952185.0
2018-04-16,SOXL,10.2281,10.2549,9.8444,10.1021,553320.0
2018-04-17,SOXL,10.2967,10.7373,10.2667,10.6714,825847.0
2018-04-18,SOXL,10.4674,10.5256,10.0467,10.3407,853482.0
2018-04-19,SOXL,9.7974,9.8,8.9067,9.0054,2265439.0
2018-04-20,SOXL,9.0,9.1334,8.5594,8.682,1083320.0
2018-04-23,SOXL,8.8154,8.8387,8.2667,8.3327,1085170.0
2018-04-24,SOXL,8.5447,8.7834,7.906,8.13,1442171.0
2018-04-25,SOXL,8.252,8.2814,7.7107,8.1014,1368982.0
2018-04-26,SOXL,8.4614,8.6174,8.3234,8.596,1177043.0
2018-04-27,SOXL,8.904,8.932,8.2854,8.406,910397.0
2018-04-30,SOXL,8.4,8.5534,8.0227,8.1274,764372.0
2018-05-01,SOXL,8.0667,8.5567,8.0474,8.5294,903534.0
2018-05-02,SOXL,8.5314,8.634,8.3094,8.412,679266.0
2018-05-03,SOXL,8.2,8.6734,8.0147,8.564,1029538.0
2018-05-04,SOXL,8.3814,9.21,8.3094,9.1814,1281251.0
2018-05-07,SOXL,9.3354,9.56,9.2754,9.4327,947396.0
2018-05-08,SOXL,9.3307,9.6334,9.2947,9.6334,693225.0
2018-05-09,SOXL,9.7194,10.0514,9.6307,10.0494,826694.0
2018-05-10,SOXL,10.1741,10.5861,10.1741,10.5861,818487.0
2018-05-11,SOXL,10.3781,10.6334,10.2754,10.3334,786441.0
2018-05-14,SOXL,10.7161,11.0887,10.6647,10.7401,891574.0
2018-05-15,SOXL,10.4914,10.6001,10.1374,10.3601,718281.0
2018-05-16,SOXL,10.3907,10.8257,10.3907,10.7781,723635.0
2018-05-17,SOXL,10.6581,10.9327,10.4209,10.6521,583695.0
2018-05-18,SOXL,10.3927,10.4322,10.0947,10.2041,639203.0
2018-05-21,SOXL,10.6701,10.8254,10.2401,10.5227,871152.0
2018-05-22,SOXL,10.8041,10.93,10.5742,10.7001,859416.0
2018-05-23,SOXL,10.3994,10.8727,10.3068,10.8714,640813.0
2018-05-24,SOXL,10.8441,11.0634,10.5801,10.9841,690774.0
2018-05-25,SOXL,10.9667,11.2821,10.9087,11.2547,645199.0
2018-05-29,SOXL,11.0507,11.3334,10.8101,11.0394,692015.0
2018-05-30,SOXL,11.1934,11.5017,11.0947,11.2581,810571.0
2018-05-31,SOXL,11.1814,11.3541,10.9567,11.0141,637845.0
2018-06-01,SOXL,11.2587,11.7574,11.1767,11.7521,1141022.0
2018-06-04,SOXL,11.8667,12.0794,11.7181,12.0394,796656.0
2018-06-05,SOXL,12.1334,12.3119,11.9967,12.1994,622555.0
2018-06-06,SOXL,12.2241,12.4387,12.0667,12.4347,596697.0
2018-06-07,SOXL,12.4661,12.5194,11.8361,12.1047,639829.0
2018-06-08,SOXL,11.6734,11.8521,11.481,11.7854,654734.0
2018-06-11,SOXL,11.7074,11.8927,11.5867,11.6981,408008.0
2018-06-12,SOXL,11.7781,11.9104,11.5787,11.8774,506487.0
2018-06-13,SOXL,11.8794,12.2094,11.7994,11.8367,573907.0
2018-06-14,SOXL,12.0161,12.2214,11.8341,12.0394,539558.0
2018-06-15,SOXL,11.7394,12.0394,11.6834,12.0161,687240.0
2018-06-18,SOXL,11.7334,11.7334,11.3207,11.6467,854606.0
2018-06-19,SOXL,11.1334,11.2534,10.7234,11.2394,999424.0
2018-06-20,SOXL,11.5101,11.5807,11.2667,11.4161,468881.0
2018-06-21,SOXL,11.6514,11.6587,10.9441,10.9881,657234.0
2018-06-22,SOXL,11.1301,11.1881,10.6561,10.7334,343826.0
2018-06-25,SOXL,10.3334,10.3507,9.3807,9.7854,1066690.0
2018-06-26,SOXL,9.936,10.0311,9.7334,9.888,524620.0
2018-06-27,SOXL,10.0341,10.1274,9.156,9.1607,822454.0
2018-06-28,SOXL,9.1107,9.442,9.0543,9.392,668573.0
2018-06-29,SOXL,9.6034,9.7774,9.4334,9.4334,586633.0
2018-07-02,SOXL,9.1854,9.616,8.9794,9.6074,561544.0
2018-07-03,SOXL,9.6974,9.7647,9.0494,9.064,484800.0
2018-07-05,SOXL,9.378,9.808,9.3497,9.7974,719288.0
2018-07-06,SOXL,9.756,10.2074,9.6388,10.1674,973674.0
2018-07-09,SOXL,10.4767,10.4767,9.992,10.3574,727742.0
2018-07-10,SOXL,10.4001,10.7527,10.3644,10.6814,773890.0
2018-07-11,SOXL,10.1467,10.3534,9.834,9.852,1100286.0
2018-07-12,SOXL,9.8134,10.0974,9.584,10.0634,894297.0
2018-07-13,SOXL,10.0801,10.1187,9.8848,9.9347,465001.0
2018-07-16,SOXL,9.948,10.0954,9.8734,9.894,406256.0
2018-07-17,SOXL,9.6887,10.3334,9.6587,10.3327,686871.0
2018-07-18,SOXL,10.4534,10.6153,10.3501,10.5561,602906.0
2018-07-19,SOXL,10.4267,10.615,10.2701,10.4787,494411.0
2018-07-20,SOXL,10.3934,10.5114,10.1667,10.3254,453996.0
2018-07-23,SOXL,10.2007,10.4214,9.7694,10.3687,586660.0
2018-07-24,SOXL,10.5427,10.7201,9.99,10.0341,682385.0
2018-07-25,SOXL,9.9867,10.1914,9.6287,10.1914,1028048.0
2018-07-26,SOXL,10.3667,10.7587,10.3561,10.7454,1090575.0
2018-07-27,SOXL,10.7667,11.0453,10.3541,10.5907,854022.0
2018-07-30,SOXL,10.5701,10.676,10.1261,10.2894,679568.0
2018-07-31,SOXL,10.4674,10.9051,10.4204,10.4814,520401.0
2018-08-01,SOXL,10.5527,10.7647,10.306,10.4241,403634.0
2018-08-02,SOXL,10.1547,10.7834,10.0469,10.7474,506852.0
2018-08-03,SOXL,10.7507,10.8403,10.6001,10.8001,271325.0
2018-08-06,SOXL,10.7554,10.9987,10.5657,10.9947,364282.0
2018-08-07,SOXL,11.1154,11.2825,11.0214,11.2641,377001.0
2018-08-08,SOXL,11.2081,11.4007,11.1244,11.3501,329405.0
2018-08-09,SOXL,11.2154,11.2234,10.9854,10.9987,448417.0
2018-08-10,SOXL,10.3827,10.4607,10.0247,10.1701,1126496.0
2018-08-13,SOXL,10.2227,10.4907,10.1869,10.2101,650463.0
2018-08-14,SOXL,10.3934,10.4561,10.1313,10.1794,364152.0
2018-08-15,SOXL,9.9607,10.0259,9.4334,9.76,832929.0
2018-08-16,SOXL,9.9687,9.988,9.62,9.692,534259.0
2018-08-17,SOXL,9.4074,9.5494,9.0534,9.4707,847151.0
2018-08-20,SOXL,9.5334,9.616,9.1279,9.4487,544274.0
2018-08-21,SOXL,9.56,10.0741,9.5174,10.0081,685112.0
2018-08-22,SOXL,9.9167,10.1727,9.7454,10.1394,572910.0
2018-08-23,SOXL,10.1374,10.3967,10.0921,10.1741,516313.0
2018-08-24,SOXL,10.2961,10.6194,10.2934,10.6114,591702.0
2018-08-27,SOXL,10.8201,11.3501,10.7794,11.1087,1108157.0
2018-08-28,SOXL,11.2587,11.3733,10.9107,11.2374,750135.0
2018-08-29,SOXL,11.2361,11.4201,11.1154,11.3307,501600.0
2018-08-30,SOXL,11.2234,11.3754,10.9721,11.0121,635140.0
2018-08-31,SOXL,10.9334,11.2421,10.9334,11.2001,320482.0
2018-09-04,SOXL,11.0514,11.4814,10.9901,11.4574,584530.0
2018-09-05,SOXL,11.4001,11.5261,11.0014,11.2927,420176.0
2018-09-06,SOXL,11.1921,11.2061,10.3586,10.3867,881554.0
2018-09-07,SOXL,10.2667,10.7167,10.1834,10.2607,549600.0
2018-09-10,SOXL,10.5127,10.5967,10.295,10.5954,359473.0
2018-09-11,SOXL,10.4174,10.5054,10.1107,10.2787,559382.0
2018-09-12,SOXL,9.9374,9.9374,9.2534,9.926,1267191.0
2018-09-13,SOXL,10.2387,10.6394,10.1487,10.2754,886032.0
2018-09-14,SOXL,10.4534,10.7201,10.3454,10.6087,622805.0
2018-09-17,SOXL,10.4174,10.5667,10.1094,10.1334,449824.0
2018-09-18,SOXL,10.2741,10.6001,10.2741,10.4181,433106.0
2018-09-19,SOXL,10.4134,10.6067,10.3274,10.4774,288315.0
2018-09-20,SOXL,10.6447,10.9674,10.6447,10.8381,607426.0
2018-09-21,SOXL,10.8354,10.9867,10.6587,10.7407,388769.0
2018-09-24,SOXL,10.4827,10.8714,10.4109,10.8547,354028.0
2018-09-25,SOXL,10.7187,10.7474,10.2207,10.2847,720886.0
2018-09-26,SOXL,10.1801,10.3494,9.962,9.9947,355981.0
2018-09-27,SOXL,10.0734,10.2201,9.9907,10.1241,253611.0
2018-09-28,SOXL,10.0547,10.3943,9.9851,10.3074,516518.0
2018-10-01,SOXL,10.3927,10.6501,10.3147,10.3934,427525.0
2018-10-02,SOXL,10.3247,10.8167,10.3074,10.4101,542822.0
2018-10-03,SOXL,10.5407,10.6301,10.1334,10.4274,513741.0
2018-10-04,SOXL,10.2401,10.2667,9.6,9.8667,1008150.0
2018-10-05,SOXL,9.7607,9.8974,8.8974,9.17,1482780.0
2018-10-08,SOXL,9.0,9.1867,8.6134,8.8447,859371.0
2018-10-09,SOXL,8.778,8.954,8.6566,8.8374,468320.0
2018-10-10,SOXL,8.5067,8.5083,7.6534,7.6647,1797098.0
2018-10-11,SOXL,7.6467,8.1054,7.2467,7.4207,1347346.0
2018-10-12,SOXL,8.0407,8.1554,7.5,7.834,912742.0
2018-10-15,SOXL,7.724,7.88,7.534,7.6247,565808.0
2018-10-16,SOXL,7.9134,8.4027,7.8487,8.3714,726095.0
2018-10-17,SOXL,8.5327,8.6054,8.0934,8.2654,610665.0
2018-10-18,SOXL,8.1614,8.1667,7.5554,7.6467,1011809.0
2018-10-19,SOXL,7.802,7.918,7.2,7.286,982969.0
2018-10-22,SOXL,7.4334,7.5587,7.2294,7.428,546791.0
2018-10-23,SOXL,6.8434,7.4334,6.6109,7.3087,1384284.0
2018-10-24,SOXL,6.944,6.9667,5.8334,5.8634,1976347.0
2018-10-25,SOXL,6.0007,6.4027,5.9601,6.262,1062215.0
2018-10-26,SOXL,5.8394,6.2534,5.6254,5.9287,1272337.0
2018-10-29,SOXL,6.2674,6.3694,5.416,5.754,1003928.0
2018-10-30,SOXL,5.7214,6.4774,5.6927,6.47,1221361.0
2018-10-31,SOXL,6.7667,6.8534,6.5227,6.7027,967802.0
2018-11-01,SOXL,6.7947,7.692,6.7894,7.6254,1318693.0
2018-11-02,SOXL,7.618,7.6794,7.008,7.2834,1220070.0
2018-11-05,SOXL,7.2467,7.2627,6.7387,7.096,835828.0
2018-11-06,SOXL,7.0474,7.424,7.0474,7.3534,495225.0
2018-11-07,SOXL,7.6574,7.6747,7.3448,7.6174,876559.0
2018-11-08,SOXL,7.3994,7.6807,7.304,7.5174,566296.0
2018-11-09,SOXL,7.2,7.2766,6.9017,7.098,585918.0
2018-11-12,SOXL,6.7554,6.7579,6.0734,6.168,1027335.0
2018-11-13,SOXL,6.2674,6.7714,6.2674,6.396,730168.0
2018-11-14,SOXL,6.6327,6.7714,6.2974,6.4707,709049.0
2018-11-15,SOXL,6.3987,7.2,6.3667,7.1254,962138.0
2018-11-16,SOXL,6.39,6.9631,6.3507,6.8707,800748.0
2018-11-19,SOXL,6.7027,6.8377,6.0634,6.0714,908737.0
2018-11-20,SOXL,5.5727,6.3454,5.5567,6.1,1450402.0
2018-11-21,SOXL,6.3194,6.4459,6.162,6.1727,699472.0
2018-11-23,SOXL,6.0667,6.3334,6.0,6.17,379051.0
2018-11-26,SOXL,6.4334,6.5214,6.2427,6.5187,709139.0
2018-11-27,SOXL,6.406,6.7134,6.3127,6.5607,519808.0
2018-11-28,SOXL,6.7574,7.012,6.3807,7.0114,780132.0
2018-11-29,SOXL,6.9107,7.0514,6.7927,6.8447,454343.0
2018-11-30,SOXL,6.8627,7.14,6.6367,7.126,604012.0
2018-12-03,SOXL,7.7974,7.8614,7.48,7.702,1218406.0
2018-12-04,SOXL,7.5234,7.552,6.5667,6.5787,1216751.0
2018-12-06,SOXL,6.0387,6.4707,5.9397,6.4707,1400910.0
2018-12-07,SOXL,6.4274,6.4734,5.6574,5.746,1269709.0
2018-12-10,SOXL,5.7154,6.052,5.658,5.9894,934266.0
2018-12-11,SOXL,6.2707,6.51,5.9896,6.0954,1597149.0
2018-12-12,SOXL,6.3874,6.6273,6.2287,6.3654,1172806.0
2018-12-13,SOXL,6.4847,6.5747,6.2242,6.2947,896603.0
2018-12-14,SOXL,6.0834,6.4099,6.022,6.026,694166.0
2018-12-17,SOXL,5.9667,6.2752,5.691,5.8,1063089.0
2018-12-18,SOXL,5.946,6.3054,5.9447,6.0294,880277.0
2018-12-19,SOXL,5.9714,6.1267,5.1814,5.2674,1937506.0
2018-12-20,SOXL,5.2407,5.5067,4.936,5.1327,1292503.0
2018-12-21,SOXL,5.232,5.4147,4.838,4.8974,1285809.0
2018-12-24,SOXL,4.7687,4.9234,4.4667,4.472,919664.0
2018-12-26,SOXL,4.6527,5.2447,4.4254,5.2407,1182508.0
2018-12-27,SOXL,4.9567,5.3414,4.8032,5.3387,824670.0
2018-12-28,SOXL,5.4547,5.7467,5.3142,5.4514,1151313.0
2018-12-31,SOXL,5.638,5.6914,5.3907,5.5547,844061.0
2019-01-02,SOXL,5.1807,5.8223,5.174,5.702,876460.0
2019-01-03,SOXL,5.3154,5.3887,4.6727,4.6887,1906622.0
2019-01-04,SOXL,4.922,5.3566,4.8867,5.2947,1173647.0
2019-01-07,SOXL,5.3987,5.754,5.2807,5.6054,1109435.0
2019-01-08,SOXL,5.7754,5.7827,5.2987,5.5194,963028.0
2019-01-09,SOXL,5.678,6.022,5.6726,5.946,1195173.0
2019-01-10,SOXL,5.7607,6.1374,5.7574,6.1134,864969.0
2019-01-11,SOXL,6.0187,6.4516,5.9667,6.284,827029.0
2019-01-14,SOXL,6.05,6.118,5.8907,5.9867,715692.0
2019-01-15,SOXL,6.0287,6.2432,5.952,6.026,972987.0
2019-01-16,SOXL,6.1,6.1796,5.8707,5.8787,683774.0
2019-01-17,SOXL,5.794,6.176,5.6547,6.082,1058429.0
2019-01-18,SOXL,6.2634,6.616,6.1614,6.4994,1048014.0
2019-01-22,SOXL,6.3154,6.322,5.8134,5.9527,1243854.0
2019-01-23,SOXL,6.0674,6.1257,5.6607,5.8287,1045384.0
2019-01-24,SOXL,6.1927,6.9,6.1927,6.8254,2166136.0
2019-01-25,SOXL,6.8947,7.342,6.7667,7.2614,1139975.0
2019-01-28,SOXL,6.4534,6.9947,6.4074,6.8187,954081.0
2019-01-29,SOXL,6.8574,6.9067,6.4969,6.524,604104.0
2019-01-30,SOXL,6.876,7.1667,6.6566,7.09,959973.0
2019-01-31,SOXL,7.066,7.274,6.9,7.0954,726316.0
2019-02-01,SOXL,7.1067,7.4407,7.1067,7.3434,714943.0
2019-02-04,SOXL,7.36,7.4554,7.1667,7.454,296760.0
2019-02-05,SOXL,7.4667,7.6567,7.4094,7.558,611528.0
2019-02-06,SOXL,7.8334,8.3367,7.826,8.1654,1195392.0
2019-02-07,SOXL,7.8667,7.9674,7.4227,7.62,1246031.0
2019-02-08,SOXL,7.2734,7.6247,7.1847,7.5887,713802.0
2019-02-11,SOXL,7.706,7.7487,7.4905,7.6974,544262.0
2019-02-12,SOXL,7.9867,8.2354,7.9374,8.1827,872241.0
2019-02-13,SOXL,8.332,8.442,8.175,8.254,832024.0
2019-02-14,SOXL,8.136,8.5,8.136,8.3187,771726.0
2019-02-15,SOXL,8.5327,8.5774,8.2947,8.4534,673504.0
2019-02-19,SOXL,8.3047,8.5747,8.3007,8.3987,503392.0
2019-02-20,SOXL,8.472,8.7794,8.4694,8.63,646443.0
2019-02-21,SOXL,8.6527,8.6936,8.3594,8.44,765363.0
2019-02-22,SOXL,8.6427,8.734,8.5254,8.7034,850723.0
2019-02-25,SOXL,9.134,9.2207,8.8994,8.922,834602.0
2019-02-26,SOXL,8.8294,8.9494,8.6634,8.7374,554884.0
2019-02-27,SOXL,8.6147,8.6147,8.1507,8.4287,1002362.0
2019-02-28,SOXL,8.324,8.5176,8.2397,8.4494,496929.0
2019-03-01,SOXL,8.7027,8.7824,8.4007,8.67,690750.0
2019-03-04,SOXL,8.8647,8.9274,8.3487,8.674,984581.0
2019-03-05,SOXL,8.6514,8.7107,8.448,8.55,531993.0
2019-03-06,SOXL,8.524,8.556,8.12,8.132,995976.0
2019-03-07,SOXL,8.0,8.0407,7.7112,7.8554,1040511.0
2019-03-08,SOXL,7.4427,7.862,7.38,7.8427,847367.0
2019-03-11,SOXL,7.9887,8.5127,7.9467,8.402,855039.0
2019-03-12,SOXL,8.458,8.6326,8.2554,8.5,691497.0
2019-03-13,SOXL,8.6354,8.8027,8.5668,8.604,555379.0
2019-03-14,SOXL,8.61,8.726,8.442,8.4574,442181.0
2019-03-15,SOXL,8.7654,9.3847,8.72,9.186,1527342.0
2019-03-18,SOXL,9.244,9.3847,8.962,9.126,685238.0
2019-03-19,SOXL,9.3627,9.5594,9.3174,9.4787,912571.0
2019-03-20,SOXL,9.466,9.6287,9.0347,9.2087,877776.0
2019-03-21,SOXL,9.2367,10.3487,9.2367,10.1634,1421356.0
2019-03-22,SOXL,10.0114,10.0743,9.2734,9.2987,1240490.0
2019-03-25,SOXL,9.1447,9.3534,8.7214,8.944,1597311.0
2019-03-26,SOXL,9.3194,9.4507,9.0027,9.216,1154049.0
2019-03-27,SOXL,9.2334,9.3174,8.6094,8.812,1331232.0
2019-03-28,SOXL,8.8907,9.092,8.587,8.766,768011.0
2019-03-29,SOXL,9.074,9.2154,8.9989,9.1694,852944.0
2019-04-01,SOXL,9.5774,9.8694,9.456,9.8447,1215298.0
2019-04-02,SOXL,9.8294,9.9489,9.696,9.876,552696.0
2019-04-03,SOXL,10.2367,10.8087,10.2141,10.5487,2023268.0
2019-04-04,SOXL,10.4361,10.7953,10.4314,10.5887,940298.0
2019-04-05,SOXL,10.7927,10.8474,10.6007,10.8307,524241.0
2019-04-08,SOXL,10.6834,10.9334,10.6167,10.9087,510621.0
2019-04-09,SOXL,10.7334,10.7334,10.3934,10.5407,1130964.0
2019-04-10,SOXL,10.5394,10.9001,10.5201,10.8114,901861.0
2019-04-11,SOXL,10.8667,11.0054,10.6801,10.7847,617299.0
2019-04-12,SOXL,11.0934,11.2394,10.9747,11.2334,813899.0
2019-04-15,SOXL,11.2294,11.2667,10.7962,10.9941,613227.0
2019-04-16,SOXL,11.1994,12.0474,11.1727,12.0414,1297907.0
2019-04-17,SOXL,12.7334,13.0627,12.3028,12.5894,1078933.0
2019-04-18,SOXL,12.6014,12.7241,12.4214,12.6134,630919.0
2019-04-22,SOXL,12.4334,12.7027,12.2934,12.6187,311605.0
2019-04-23,SOXL,12.7781,13.1206,12.6947,12.9974,586406.0
2019-04-24,SOXL,12.9674,13.7621,12.9674,13.3741,734097.0
2019-04-25,SOXL,13.2627,13.2627,12.3014,12.6461,865154.0
2019-04-26,SOXL,11.9287,12.3334,11.5421,12.3294,919750.0
2019-04-29,SOXL,12.3714,12.4161,12.1021,12.2647,332990.0
2019-04-30,SOXL,12.2094,12.6207,12.1894,12.5367,446432.0
2019-05-01,SOXL,12.9341,13.1067,12.2094,12.2294,860982.0
2019-05-02,SOXL,12.1654,13.0201,12.1367,12.6367,887452.0
2019-05-03,SOXL,12.8634,12.9081,12.4509,12.8901,591324.0
2019-05-06,SOXL,11.6061,12.2847,11.4814,12.2567,1188551.0
2019-05-07,SOXL,11.8014,11.8594,10.9602,11.3621,1617123.0
2019-05-08,SOXL,11.1254,11.6001,11.0241,11.0894,800487.0
2019-05-09,SOXL,10.5667,10.848,9.9554,10.6947,1266216.0
2019-05-10,SOXL,10.4794,10.9234,9.974,10.7261,1385903.0
2019-05-13,SOXL,9.6627,9.8587,9.0794,9.212,1626130.0
2019-05-14,SOXL,9.5534,10.0074,9.4254,9.8714,1142649.0
2019-05-15,SOXL,9.522,10.3114,9.5134,10.1134,980201.0
2019-05-16,SOXL,9.6667,9.9354,9.4171,9.6,1465393.0
2019-05-17,SOXL,9.1554,9.7154,8.9181,9.0327,1617702.0
2019-05-20,SOXL,8.224,8.3734,7.78,7.95,1783957.0
2019-05-21,SOXL,8.4667,8.5754,8.2454,8.45,1282449.0
2019-05-22,SOXL,7.982,8.1785,7.836,7.9214,1014980.0
2019-05-23,SOXL,7.4714,7.5548,7.1547,7.5207,1390698.0
2019-05-24,SOXL,7.7127,7.8067,7.3107,7.3254,897330.0
2019-05-28,SOXL,7.4574,7.5334,7.0954,7.126,883345.0
2019-05-29,SOXL,6.9507,7.3227,6.9034,7.2227,1352308.0
2019-05-30,SOXL,7.296,7.572,7.2267,7.3874,1274193.0
2019-05-31,SOXL,7.112,7.4307,7.048,7.0667,1231891.0
2019-06-03,SOXL,7.332,7.5334,7.0103,7.1347,1560714.0
2019-06-04,SOXL,7.5334,8.0554,7.3267,8.04,2143438.0
2019-06-05,SOXL,8.3047,8.3107,7.5694,7.88,1702241.0
2019-06-06,SOXL,7.8774,8.292,7.8267,8.2074,945126.0
2019-06-07,SOXL,8.2654,8.5387,8.2274,8.4647,939572.0
2019-06-10,SOXL,8.8514,9.424,8.7874,9.1247,1448382.0
2019-06-11,SOXL,9.638,9.6667,8.994,9.1934,1240426.0
2019-06-12,SOXL,8.922,8.9467,8.5174,8.5447,794968.0
2019-06-13,SOXL,8.7687,8.8034,8.5,8.7067,763658.0
2019-06-14,SOXL,7.9334,8.1434,7.852,8.0167,990414.0
2019-06-17,SOXL,8.0334,8.1107,7.8387,7.8554,573442.0
2019-06-18,SOXL,8.1447,9.04,8.094,8.88,1737408.0
2019-06-19,SOXL,9.0267,9.0814,8.7554,8.8974,878973.0
2019-06-20,SOXL,9.4714,9.5527,9.0107,9.144,1277508.0
2019-06-21,SOXL,9.0107,9.2467,8.9238,8.9554,814980.0
2019-06-24,SOXL,9.014,9.1334,8.9274,9.0147,628883.0
2019-06-25,SOXL,9.0254,9.1707,8.5874,8.6194,813702.0
2019-06-26,SOXL,9.1887,9.594,9.142,9.4294,1285563.0
2019-06-27,SOXL,9.6034,10.0014,9.6034,9.8454,904805.0
2019-06-28,SOXL,10.1261,10.1573,9.8249,9.886,748419.0
2019-07-01,SOXL,11.1801,11.4401,10.4401,10.6861,1406799.0
2019-07-02,SOXL,10.56,10.5601,10.1033,10.2381,811947.0
2019-07-03,SOXL,10.2774,10.2774,9.8767,10.0787,631893.0
2019-07-05,SOXL,9.75,9.9514,9.5887,9.918,646904.0
2019-07-08,SOXL,9.6447,9.7787,9.5167,9.678,546618.0
2019-07-09,SOXL,9.536,9.9286,9.4587,9.9014,611237.0
2019-07-10,SOXL,10.2307,10.5306,10.0594,10.1094,1108388.0
2019-07-11,SOXL,10.2601,10.3114,10.0074,10.1861,577820.0
2019-07-12,SOXL,10.2954,10.7788,10.2687,10.7681,826731.0
2019-07-15,SOXL,10.9334,11.1667,10.8334,11.0187,565693.0
2019-07-16,SOXL,10.8594,10.9327,10.4991,10.6621,662261.0
2019-07-17,SOXL,10.8961,10.9254,10.6514,10.7514,480148.0
2019-07-18,SOXL,10.7961,11.3029,10.7749,11.2441,884954.0
2019-07-19,SOXL,11.3961,11.5001,11.1507,11.1694,611976.0
2019-07-22,SOXL,11.3647,11.8801,11.3401,11.8234,872856.0
2019-07-23,SOXL,12.0701,12.2734,11.8741,12.2734,694649.0
2019-07-24,SOXL,12.5334,13.4743,12.5127,13.3921,1570231.0
2019-07-25,SOXL,13.1434,13.1467,12.6101,12.7127,987334.0
2019-07-26,SOXL,12.9694,12.9907,12.6854,12.7034,589531.0
2019-07-29,SOXL,12.6001,12.8634,12.3221,12.8014,529265.0
2019-07-30,SOXL,12.4561,12.8047,12.3227,12.7147,397414.0
2019-07-31,SOXL,12.5107,12.5107,11.1094,11.4867,1420575.0
2019-08-01,SOXL,11.3641,12.3126,10.5067,10.7974,1707930.0
2019-08-02,SOXL,10.4534,10.7364,10.0331,10.2914,1107541.0
2019-08-05,SOXL,9.3867,9.4299,8.7022,8.9467,1515214.0
2019-08-06,SOXL,9.4174,9.666,9.006,9.306,1355644.0
2019-08-07,SOXL,8.8874,9.5714,8.8668,9.502,1313357.0
2019-08-08,SOXL,9.7914,10.2787,9.5594,10.2787,1252452.0
2019-08-09,SOXL,9.9474,10.0705,9.506,9.704,1170038.0
2019-08-12,SOXL,9.4634,9.7043,9.2027,9.356,753526.0
2019-08-13,SOXL,9.32,10.4114,9.134,10.1821,1327859.0
2019-08-14,SOXL,9.48,9.7214,9.0747,9.2274,1863774.0
2019-08-15,SOXL,9.4734,9.4734,8.9284,9.1514,1012947.0
2019-08-16,SOXL,9.5454,9.9774,9.48,9.9,1085029.0
2019-08-19,SOXL,10.5914,10.7147,10.3134,10.4687,1071530.0
2019-08-20,SOXL,10.3934,10.5247,10.1364,10.3027,581853.0
2019-08-21,SOXL,10.6334,10.7334,10.4321,10.5947,653501.0
2019-08-22,SOXL,10.6534,10.7554,10.2461,10.5834,651739.0
2019-08-23,SOXL,10.1734,10.4368,9.1067,9.212,2106794.0
2019-08-26,SOXL,9.6687,9.686,9.3254,9.44,757148.0
2019-08-27,SOXL,9.6767,9.7667,9.1799,9.3414,751805.0
2019-08-28,SOXL,9.1947,9.5527,9.0007,9.5127,707695.0
2019-08-29,SOXL,9.9334,10.3479,9.9334,10.1567,1262407.0
2019-08-30,SOXL,10.4407,10.5987,10.1701,10.3301,706848.0
2019-09-03,SOXL,10.0007,10.1027,9.6238,9.7927,838240.0
2019-09-04,SOXL,10.2661,10.6074,10.2514,10.5934,1277037.0
2019-09-05,SOXL,11.2701,11.9508,11.2261,11.5827,1187369.0
2019-09-06,SOXL,11.6401,11.7537,11.4007,11.6294,475354.0
2019-09-09,SOXL,11.8534,12.0847,11.6465,11.7927,621276.0
2019-09-10,SOXL,11.6081,11.9481,11.3741,11.9481,466820.0
2019-09-11,SOXL,12.1194,12.4834,11.9001,12.4834,652910.0
2019-09-12,SOXL,12.8007,12.9381,12.3341,12.5934,786240.0
2019-09-13,SOXL,12.5974,12.7032,12.2808,12.4794,407948.0
2019-09-16,SOXL,12.1334,12.3934,11.8881,12.2254,435734.0
2019-09-17,SOXL,12.1434,12.3594,11.9341,12.3367,365572.0
2019-09-18,SOXL,12.2921,12.3747,11.8341,12.3607,586213.0
2019-09-19,SOXL,12.4721,12.5567,12.1174,12.1727,483638.0
2019-09-20,SOXL,12.3201,12.3201,11.3334,11.4941,785871.0
2019-09-23,SOXL,11.4261,12.0327,11.4261,11.8454,549923.0
2019-09-24,SOXL,12.0921,12.1047,11.0687,11.2521,1216951.0
2019-09-25,SOXL,11.0674,11.9387,10.7954,11.8274,799462.0
2019-09-26,SOXL,11.8387,11.9667,11.5114,11.8647,680974.0
2019-09-27,SOXL,11.6074,11.7378,10.7495,11.0001,1155609.0
2019-09-30,SOXL,11.2001,11.3827,11.0173,11.3481,486854.0
2019-10-01,SOXL,11.5734,11.9867,10.9107,11.0374,978655.0
2019-10-02,SOXL,10.7094,10.8367,10.3067,10.5167,1291910.0
2019-10-03,SOXL,10.5354,11.0801,10.146,11.0547,1202077.0
2019-10-04,SOXL,11.1641,11.6667,11.1367,11.6541,916977.0
2019-10-07,SOXL,11.5534,11.7627,11.3841,11.3887,608546.0
2019-10-08,SOXL,11.0334,11.0587,10.3114,10.3414,1681158.0
2019-10-09,SOXL,10.7667,11.0661,10.6714,10.8627,1068060.0
2019-10-10,SOXL,10.9414,11.5167,10.9041,11.1787,1249077.0
2019-10-11,SOXL,11.8001,12.3361,11.7627,11.9294,1863057.0
2019-10-14,SOXL,11.8881,12.0001,11.7507,11.9274,473726.0
2019-10-15,SOXL,12.1321,12.7961,12.0966,12.7094,1298272.0
2019-10-16,SOXL,12.5261,12.6914,12.0774,12.1567,1033642.0
2019-10-17,SOXL,12.5961,12.7014,12.0434,12.2841,829285.0
2019-10-18,SOXL,12.2034,12.2907,11.5141,11.8741,978351.0
2019-10-21,SOXL,12.1587,12.5567,12.1131,12.5494,775137.0
2019-10-22,SOXL,12.6201,12.6994,12.2381,12.2561,687254.0
2019-10-23,SOXL,11.5761,11.8667,11.3167,11.5434,1045573.0
2019-10-24,SOXL,12.0001,12.3987,11.9341,12.3807,977800.0
2019-10-25,SOXL,12.4561,13.1734,12.4434,13.1427,1218816.0
2019-10-28,SOXL,13.4007,13.8886,13.3914,13.8321,1020967.0
2019-10-29,SOXL,13.8987,14.1654,13.4234,13.4694,721062.0
2019-10-30,SOXL,13.7434,13.7434,13.1734,13.4714,574536.0
2019-10-31,SOXL,13.3041,13.3461,12.7101,13.2181,667821.0
2019-11-01,SOXL,13.5954,14.1294,13.4347,14.1294,699583.0
2019-11-04,SOXL,14.6654,15.1314,14.6287,15.0547,832331.0
2019-11-05,SOXL,15.2361,15.4774,14.9698,15.1414,657824.0
2019-11-06,SOXL,15.0607,15.0667,14.3461,14.8001,749870.0
2019-11-07,SOXL,15.5101,15.5687,14.8811,15.0907,829896.0
2019-11-08,SOXL,14.9061,15.3314,14.6385,15.3314,488199.0
2019-11-11,SOXL,14.9261,15.1754,14.7487,15.0821,444182.0
2019-11-12,SOXL,15.3061,15.5594,15.0081,15.2154,925794.0
2019-11-13,SOXL,14.8887,15.3533,14.7334,15.2067,805003.0
2019-11-14,SOXL,15.0554,15.1274,14.7421,15.0814,769906.0
2019-11-15,SOXL,15.6194,15.8667,15.2807,15.4734,949899.0
2019-11-18,SOXL,15.4841,15.6754,15.1347,15.3794,585188.0
2019-11-19,SOXL,15.5667,15.6641,14.8987,15.1414,831008.0
2019-11-20,SOXL,14.8954,15.1674,14.2854,14.6207,1192856.0
2019-11-21,SOXL,14.4067,14.5427,13.9581,14.1214,1032078.0
2019-11-22,SOXL,14.3441,14.4899,14.0001,14.1141,672703.0
2019-11-25,SOXL,14.5334,15.1634,14.5181,15.1407,938324.0
2019-11-26,SOXL,15.0634,15.0947,14.7401,14.9361,726535.0
2019-11-27,SOXL,15.1674,15.2754,15.0547,15.2561,485696.0
2019-11-29,SOXL,15.0361,15.0707,14.7141,14.7627,293312.0
2019-12-02,SOXL,14.7747,14.8785,14.0354,14.1134,884603.0
2019-12-03,SOXL,13.1534,13.4754,12.9801,13.4681,977907.0
2019-12-04,SOXL,14.0661,14.2431,13.9334,14.1007,587353.0
2019-12-05,SOXL,14.3167,14.4834,14.0887,14.2701,523427.0
2019-12-06,SOXL,14.7567,15.0183,14.7274,14.9334,651918.0
2019-12-09,SOXL,14.9334,15.0521,14.6741,14.6814,328656.0
2019-12-10,SOXL,14.8761,15.1507,14.6981,14.8447,495894.0
2019-12-11,SOXL,15.0234,15.8514,14.9674,15.8181,801516.0
2019-12-12,SOXL,15.7347,17.1501,15.7201,17.1014,1404087.0
2019-12-13,SOXL,17.0534,17.6121,16.6007,16.8201,1421864.0
2019-12-16,SOXL,17.3868,17.7594,17.2814,17.2974,683052.0
2019-12-17,SOXL,17.5634,17.6568,17.2668,17.5248,652754.0
2019-12-18,SOXL,17.5794,17.6668,17.3268,17.4994,505228.0
2019-12-19,SOXL,17.6674,17.9274,17.4674,17.9108,505069.0
2019-12-20,SOXL,18.2141,18.5777,18.0374,18.4861,725759.0
2019-12-23,SOXL,18.9134,18.9208,18.5341,18.5914,737312.0
2019-12-24,SOXL,18.6734,18.7294,18.3997,18.7294,251595.0
2019-12-26,SOXL,18.8301,18.8734,18.5541,18.8001,395991.0
2019-12-27,SOXL,18.9908,18.9908,18.4408,18.5908,489439.0
2019-12-30,SOXL,18.5108,18.5368,17.7748,18.1994,616323.0
2019-12-31,SOXL,17.9161,18.3814,17.8697,18.3214,381679.0
2020-01-02,SOXL,19.0088,19.4661,18.7528,19.4641,697044.0
2020-01-03,SOXL,18.5001,18.8857,18.2748,18.4128,982015.0
2020-01-06,SOXL,17.7341,17.9965,17.4294,17.8288,755666.0
2020-01-07,SOXL,18.4041,19.0061,18.1236,18.7481,718573.0
2020-01-08,SOXL,18.8268,19.1237,18.4861,18.7894,668927.0
2020-01-09,SOXL,19.4661,19.4828,18.5475,19.1141,768263.0
2020-01-10,SOXL,19.3761,19.3819,18.5839,18.7234,754075.0
2020-01-13,SOXL,19.1268,19.5014,18.9201,19.4574,546999.0
2020-01-14,SOXL,19.4708,20.0181,19.2228,19.5828,642299.0
2020-01-15,SOXL,19.5734,19.6232,18.6668,18.8768,767933.0
2020-01-16,SOXL,19.3434,19.8241,19.3001,19.8228,720518.0
2020-01-17,SOXL,20.0774,20.2358,19.7477,20.2074,789306.0
2020-01-21,SOXL,19.9561,20.4001,19.9334,20.1701,464064.0
2020-01-22,SOXL,20.6341,21.2914,20.466,20.6514,716484.0
2020-01-23,SOXL,20.8908,21.1334,20.2488,21.1228,623609.0
2020-01-24,SOXL,21.9508,22.0668,19.9572,20.4088,1325933.0
2020-01-27,SOXL,18.5861,18.7966,17.9375,18.0414,19499993.0
2020-01-28,SOXL,18.7334,19.4968,18.3334,19.3328,948070.0
2020-01-29,SOXL,19.1174,19.2432,18.2029,18.2668,821339.0
2020-01-30,SOXL,17.9008,18.3727,17.1434,18.1988,1140428.0
2020-01-31,SOXL,17.7581,17.7808,16.0341,16.2407,1530335.0
2020-02-03,SOXL,16.4681,16.9408,16.4028,16.8608,914197.0
2020-02-04,SOXL,18.1361,18.4701,17.8923,18.4334,1031112.0
2020-02-05,SOXL,19.4134,19.7208,18.8254,19.6401,1296802.0
2020-02-06,SOXL,19.7014,19.7234,18.9468,19.6528,815558.0
2020-02-07,SOXL,19.0748,19.1534,18.2334,18.2661,1067614.0
2020-02-10,SOXL,17.8414,19.0934,17.8334,19.0934,742471.0
2020-02-11,SOXL,19.6121,20.5361,19.5994,20.2394,1123828.0
2020-02-12,SOXL,20.8928,21.2274,20.8001,21.1288,794536.0
2020-02-13,SOXL,20.5628,21.6254,20.5148,21.1754,867247.0
2020-02-14,SOXL,21.6508,21.9068,20.6648,21.0394,751255.0
2020-02-18,SOXL,19.9334,20.2828,19.7341,20.1654,1080872.0
2020-02-19,SOXL,20.9901,21.8106,20.9368,21.7321,871668.0
2020-02-20,SOXL,21.4668,21.6668,19.7738,20.7608,1383660.0
2020-02-21,SOXL,20.3448,20.3668,18.6668,18.8968,1691076.0
2020-02-24,SOXL,16.2221,17.0146,15.9347,16.2007,2012504.0
2020-02-25,SOXL,16.8941,16.9228,14.4521,14.7127,2583436.0
2020-02-26,SOXL,15.0687,15.7721,14.5334,14.8361,2217192.0
2020-02-27,SOXL,13.4401,14.3421,12.6587,12.7421,2588507.0
2020-02-28,SOXL,11.4667,13.8658,11.4467,13.6667,3045577.0
2020-03-02,SOXL,14.5001,15.0207,13.0207,15.0201,2434425.0
2020-03-03,SOXL,15.2101,15.8227,13.1181,13.4994,2194586.0
2020-03-04,SOXL,14.3067,15.4903,13.7361,15.4754,1369157.0
2020-03-05,SOXL,14.1907,15.2861,13.7341,14.0874,1597858.0
2020-03-06,SOXL,13.0001,13.5661,12.2001,13.2407,1754032.0
2020-03-09,SOXL,10.1354,11.7927,9.8667,9.886,2079386.0
2020-03-10,SOXL,11.1281,11.7734,9.9334,11.7734,2200367.0
2020-03-11,SOXL,10.7194,11.1327,9.4198,9.776,2263382.0
2020-03-12,SOXL,7.774,8.9154,6.8014,6.8027,3182290.0
2020-03-13,SOXL,8.074,8.7334,6.5334,8.6614,2907997.0
2020-03-16,SOXL,5.9854,7.0973,5.2667,5.3187,3156134.0
2020-03-17,SOXL,5.32,5.992,4.3807,5.8474,4899165.0
2020-03-18,SOXL,4.6007,5.264,3.5667,4.3334,4530224.0
2020-03-19,SOXL,4.2154,5.066,3.85,4.662,4502304.0
2020-03-20,SOXL,5.2207,5.4327,4.2534,4.2634,4213595.0
2020-03-23,SOXL,4.5334,4.9387,4.0874,4.66,4261803.0
2020-03-24,SOXL,5.57,6.266,5.5474,6.2494,4511341.0
2020-03-25,SOXL,6.3634,7.0134,5.7074,6.0047,4349145.0
2020-03-26,SOXL,6.4694,7.2667,6.2667,7.2054,3681011.0
2020-03-27,SOXL,6.4787,6.8154,6.0487,6.096,3444810.0
2020-03-30,SOXL,6.3307,6.7987,6.1574,6.752,2647937.0
2020-03-31,SOXL,6.762,7.0826,6.164,6.316,3397588.0
2020-04-01,SOXL,5.6874,6.156,5.1067,5.294,3169427.0
2020-04-02,SOXL,5.184,5.7974,5.1754,5.7787,2910313.0
2020-04-03,SOXL,5.784,5.9607,5.208,5.4354,2908520.0
2020-04-06,SOXL,6.1334,7.1794,6.126,7.1027,3466474.0
2020-04-07,SOXL,7.9094,7.9794,6.9807,7.0134,5297469.0
2020-04-08,SOXL,7.3934,7.802,7.064,7.716,3352543.0
2020-04-09,SOXL,8.0407,8.2294,6.986,7.21,5059881.0
2020-04-13,SOXL,7.16,7.5234,6.9634,7.47,2463824.0
2020-04-14,SOXL,7.9927,8.4927,7.9407,8.462,3432536.0
2020-04-15,SOXL,7.9727,7.974,7.5054,7.7754,2475153.0
2020-04-16,SOXL,8.1574,8.4347,7.8337,8.3474,3151798.0
2020-04-17,SOXL,8.8567,8.888,8.2667,8.564,3162969.0
2020-04-20,SOXL,8.2007,8.5667,8.0,8.0114,2366845.0
2020-04-21,SOXL,7.6427,7.7739,6.7674,6.886,4002847.0
2020-04-22,SOXL,7.4954,8.1834,7.4134,8.0394,2481435.0
2020-04-23,SOXL,8.0807,8.3367,7.7534,7.8354,2860406.0
2020-04-24,SOXL,7.864,8.378,7.6267,8.334,2297233.0
2020-04-27,SOXL,8.6667,8.9174,8.544,8.6707,2820227.0
2020-04-28,SOXL,9.1327,9.288,8.502,8.5354,3676465.0
2020-04-29,SOXL,8.9714,9.85,8.9317,9.76,2801990.0
2020-04-30,SOXL,9.6247,9.6554,8.668,8.734,3684265.0
2020-05-01,SOXL,8.1334,8.1667,7.32,7.4067,4348300.0
2020-05-04,SOXL,7.2087,7.6357,7.1341,7.6147,2347754.0
2020-05-05,SOXL,8.0507,8.4347,7.8474,8.0007,3180403.0
2020-05-06,SOXL,8.2667,8.6577,8.214,8.278,3093396.0
2020-05-07,SOXL,8.7124,8.82,8.387,8.5207,2176343.0
2020-05-08,SOXL,8.7827,9.282,8.694,9.2654,2573606.0
2020-05-11,SOXL,8.9627,9.4827,8.9394,9.24,1806587.0
2020-05-12,SOXL,9.4347,9.518,8.4567,8.4567,2313533.0
2020-05-13,SOXL,8.6854,8.74,7.6254,8.0014,3566877.0
2020-05-14,SOXL,7.8134,8.6667,7.4,8.6407,3633107.0
2020-05-15,SOXL,7.7867,8.1914,7.64,8.0994,3709780.0
2020-05-18,SOXL,8.6667,9.35,8.6667,9.2327,2833180.0
2020-05-19,SOXL,9.186,9.7627,9.1074,9.122,2720888.0
2020-05-20,SOXL,9.6767,10.3134,9.6714,10.1594,2653911.0
2020-05-21,SOXL,10.1561,10.1647,9.324,9.37,2528990.0
2020-05-22,SOXL,9.4494,9.5327,9.034,9.506,1675576.0
2020-05-26,SOXL,10.2494,10.388,9.7487,9.8007,2778756.0
2020-05-27,SOXL,9.918,10.2267,9.046,10.2194,2796131.0
2020-05-28,SOXL,10.0534,10.4181,9.4,9.5487,2250523.0
2020-05-29,SOXL,9.6774,10.378,9.5667,10.2741,2564754.0
2020-06-01,SOXL,10.0721,10.2741,9.8667,10.1467,1443272.0
2020-06-02,SOXL,10.2321,10.8001,10.0734,10.8001,2332773.0
2020-06-03,SOXL,11.2194,11.8767,11.2194,11.7467,2032215.0
2020-06-04,SOXL,11.6434,12.3141,11.4781,12.0561,2097426.0
2020-06-05,SOXL,12.9274,13.4667,12.8268,12.9341,1796431.0
2020-06-08,SOXL,13.2607,13.2607,12.4574,12.8554,1720013.0
2020-06-09,SOXL,12.4134,13.0101,12.2814,12.8774,1487801.0
2020-06-10,SOXL,13.1534,13.3827,12.8554,12.9961,1576452.0
2020-06-11,SOXL,12.0014,12.1561,10.5014,10.5161,3170832.0
2020-06-12,SOXL,11.4921,11.5987,10.2595,10.9521,2360115.0
2020-06-15,SOXL,10.2607,11.4624,10.1157,11.4327,1950260.0
2020-06-16,SOXL,12.4061,12.6214,11.4327,12.0387,2062911.0
2020-06-17,SOXL,12.2961,12.6687,12.1341,12.3721,1410429.0
2020-06-18,SOXL,12.2067,12.4807,12.1021,12.3147,932611.0
2020-06-19,SOXL,12.7394,12.8601,12.0061,12.0667,1974382.0
2020-06-22,SOXL,12.1267,12.4493,11.7081,12.3894,1297432.0
2020-06-23,SOXL,12.6241,12.8801,12.4215,12.4914,1260569.0
2020-06-24,SOXL,12.2581,12.4841,11.3683,11.6521,2079968.0
2020-06-25,SOXL,11.6387,11.9914,11.0899,11.9387,1445697.0
2020-06-26,SOXL,11.8001,12.0054,11.1577,11.2241,1432790.0
2020-06-29,SOXL,11.2481,11.6194,10.8341,11.6101,1195427.0
2020-06-30,SOXL,11.7467,12.6494,11.7467,12.5474,2150134.0
2020-07-01,SOXL,12.5554,12.5621,11.9891,12.0227,1431340.0
2020-07-02,SOXL,12.5274,12.8041,12.3287,12.4701,1619341.0
2020-07-06,SOXL,13.1054,13.5947,13.0881,13.4701,1454846.0
2020-07-07,SOXL,13.2987,13.6136,12.9001,12.9721,1181852.0
2020-07-08,SOXL,13.3001,13.5334,12.9547,13.5087,934315.0
2020-07-09,SOXL,13.6667,14.2927,13.0701,14.0461,1689415.0
2020-07-10,SOXL,14.0734,14.1981,13.4814,13.9061,1117551.0
2020-07-13,SOXL,14.4927,14.9611,13.1334,13.2121,1631969.0
2020-07-14,SOXL,12.9934,13.9621,12.4014,13.9121,1699397.0
2020-07-15,SOXL,14.2001,14.2107,13.1334,13.7727,1350284.0
2020-07-16,SOXL,13.3341,13.7654,13.127,13.6047,926869.0
2020-07-17,SOXL,13.8541,14.0034,13.6001,13.8567,801853.0
2020-07-20,SOXL,13.9221,14.7747,13.6274,14.7107,1114486.0
2020-07-21,SOXL,14.9654,15.0357,14.2461,14.3994,1123689.0
2020-07-22,SOXL,14.5334,14.9034,14.2174,14.5721,930395.0
2020-07-23,SOXL,14.5521,14.9407,13.5101,13.8934,1502349.0
2020-07-24,SOXL,13.1581,13.8334,12.6307,13.2314,1303108.0
2020-07-27,SOXL,13.7334,14.5007,13.7154,14.4847,1182131.0
2020-07-28,SOXL,14.2314,14.2314,13.5534,13.6281,1372846.0
2020-07-29,SOXL,14.0501,14.6524,13.9547,14.5107,1312456.0
2020-07-30,SOXL,14.3107,15.3754,14.2991,15.3601,1711493.0
2020-07-31,SOXL,15.4741,15.4754,14.4474,15.1007,1754287.0
2020-08-03,SOXL,15.3907,16.0781,15.3901,15.9994,1133395.0
2020-08-04,SOXL,15.9267,16.7108,15.8828,16.6868,806660.0
2020-08-05,SOXL,16.6347,16.8508,16.2667,16.6541,856992.0
2020-08-06,SOXL,16.5374,16.6732,16.0862,16.5934,722664.0
2020-08-07,SOXL,16.4747,16.7334,15.4441,16.0294,1191545.0
2020-08-10,SOXL,16.1247,16.2327,15.3347,16.0394,774968.0
2020-08-11,SOXL,15.9941,16.4741,15.3834,15.5081,1013371.0
2020-08-12,SOXL,15.9054,17.1554,15.7747,17.0701,1228136.0
2020-08-13,SOXL,17.0774,17.0774,16.2688,16.5114,849464.0
2020-08-14,SOXL,16.6534,17.0661,16.3087,16.4534,800100.0
2020-08-17,SOXL,16.8588,17.2814,16.7793,17.0761,782562.0
2020-08-18,SOXL,17.2761,17.3748,16.6261,16.7941,760731.0
2020-08-19,SOXL,16.8128,16.9312,16.3194,16.4681,687271.0
2020-08-20,SOXL,15.9794,16.2807,15.6934,16.0394,1099874.0
2020-08-21,SOXL,16.0454,16.3998,15.7667,16.3927,719334.0
2020-08-24,SOXL,16.8894,17.0481,16.4747,16.8461,785064.0
2020-08-25,SOXL,16.8768,17.3914,16.8768,17.3888,775142.0
2020-08-26,SOXL,17.5048,17.7194,17.2594,17.5848,768517.0
2020-08-27,SOXL,17.6641,17.7594,16.5891,16.8994,1192912.0
2020-08-28,SOXL,17.0054,17.8728,16.8974,17.8568,932619.0
2020-08-31,SOXL,17.8408,18.1934,17.3874,17.8068,806170.0
2020-09-01,SOXL,18.1268,18.8334,17.8708,18.8094,685622.0
2020-09-02,SOXL,19.6281,20.7594,19.1213,20.4968,1248649.0
2020-09-03,SOXL,19.5714,19.6001,16.6028,16.9988,2469633.0
2020-09-04,SOXL,16.6161,17.3634,14.6707,16.5274,1779136.0
2020-09-08,SOXL,14.7087,15.6127,14.1314,14.1741,1437119.0
2020-09-09,SOXL,15.2094,15.6867,14.6667,15.3461,1278135.0
2020-09-10,SOXL,15.8501,16.0794,14.4267,14.7087,1281819.0
2020-09-11,SOXL,15.0294,15.4754,14.1914,14.6574,991377.0
2020-09-14,SOXL,15.5534,15.854,15.2101,15.5841,790002.0
2020-09-15,SOXL,16.1541,16.6861,16.0981,16.3854,781663.0
2020-09-16,SOXL,16.5921,16.7821,15.8334,15.8921,721843.0
2020-09-17,SOXL,14.7494,15.9714,14.555,15.8194,980323.0
2020-09-18,SOXL,16.0147,16.2024,14.5201,15.0821,1155328.0
2020-09-21,SOXL,14.1894,15.0321,13.8941,15.0094,1718644.0
2020-09-22,SOXL,15.3574,15.5767,14.5514,15.5534,924258.0
2020-09-23,SOXL,15.4647,15.7867,14.263,14.3954,945168.0
2020-09-24,SOXL,14.0947,15.4074,14.0667,14.8161,1663457.0
2020-09-25,SOXL,14.8961,15.5501,14.2241,15.4554,1033731.0
2020-09-28,SOXL,16.0414,16.7328,15.7621,16.7174,1008210.0
2020-09-29,SOXL,16.6081,17.2721,16.6081,16.8568,1325220.0
2020-09-30,SOXL,16.7008,17.3988,16.6001,16.8794,1342876.0
2020-10-01,SOXL,17.5221,18.0788,17.3408,17.9274,1218095.0
2020-10-02,SOXL,16.6714,17.4521,16.2841,16.3294,1604015.0
2020-10-05,SOXL,16.7908,17.9254,16.7688,17.9234,983366.0
2020-10-06,SOXL,17.8628,18.8895,17.4008,17.6174,1109194.0
2020-10-07,SOXL,18.3708,18.7834,18.3508,18.6801,903258.0
2020-10-08,SOXL,19.1701,19.4326,18.9528,19.3288,744777.0
2020-10-09,SOXL,20.0194,20.4961,19.9234,20.3428,1240568.0
2020-10-12,SOXL,21.0894,21.5534,20.8014,21.2261,1060062.0
2020-10-13,SOXL,21.2508,21.6761,20.8341,21.2008,937883.0
2020-10-14,SOXL,21.3388,21.5928,20.4948,20.8648,756248.0
2020-10-15,SOXL,19.8008,20.8294,19.5754,20.7001,703330.0
2020-10-16,SOXL,21.2121,21.2168,20.3641,20.4048,596770.0
2020-10-19,SOXL,20.8668,21.2628,19.8454,20.0761,752201.0
2020-10-20,SOXL,20.3608,20.5208,19.8434,20.0121,460585.0
2020-10-21,SOXL,20.1554,20.2498,19.5494,19.5894,544074.0
2020-10-22,SOXL,19.7261,19.9206,18.9128,19.6581,655349.0
2020-10-23,SOXL,19.4794,19.4794,18.8354,19.3701,464978.0
2020-10-26,SOXL,18.8834,19.1334,17.4001,18.1328,930707.0
2020-10-27,SOXL,18.5168,18.6654,17.7268,17.9454,522308.0
2020-10-28,SOXL,17.0748,17.0852,16.0941,16.1594,1042306.0
2020-10-29,SOXL,16.2674,17.8978,16.1321,17.4461,716586.0
2020-10-30,SOXL,16.8954,17.1848,16.0074,16.5967,747084.0
2020-11-02,SOXL,17.1421,17.4001,16.4244,16.8641,726527.0
2020-11-03,SOXL,17.3334,18.2596,17.295,17.8674,831450.0
2020-11-04,SOXL,18.9634,19.9688,18.2834,19.7401,1172653.0
2020-11-05,SOXL,21.3334,22.4911,21.3271,22.3434,1370961.0
2020-11-06,SOXL,22.1494,23.6799,21.9341,23.4928,1024677.0
2020-11-09,SOXL,24.9621,25.5988,22.5541,22.5954,1116149.0
2020-11-10,SOXL,21.9961,22.2928,20.4068,20.5634,1104733.0
2020-11-11,SOXL,21.5308,22.9121,21.4994,22.8041,785526.0
2020-11-12,SOXL,22.8428,23.0934,21.5808,21.9214,798416.0
2020-11-13,SOXL,22.6601,23.312,22.2788,22.7348,732145.0
2020-11-16,SOXL,23.2701,24.4468,23.1001,24.4115,831176.0
2020-11-17,SOXL,24.1561,24.2161,23.2814,23.8168,600601.0
2020-11-18,SOXL,23.9188,24.454,23.2728,23.3114,697015.0
2020-11-19,SOXL,23.2334,24.4061,22.6808,24.3935,548037.0
2020-11-20,SOXL,24.3708,24.979,23.9083,23.9975,757136.0
2020-11-23,SOXL,24.4341,25.2918,24.0841,25.0835,762391.0
2020-11-24,SOXL,25.5335,25.5668,24.3096,25.4888,662871.0
2020-11-25,SOXL,25.3668,25.8615,24.9121,25.2161,464282.0
2020-11-27,SOXL,25.7215,26.6055,25.7208,26.0841,595811.0
2020-11-30,SOXL,26.2361,27.1508,25.2689,27.0648,708796.0
2020-12-01,SOXL,27.7461,28.9328,27.5335,28.5008,850030.0
2020-12-02,SOXL,28.2188,29.102,28.0668,28.7175,480701.0
2020-12-03,SOXL,29.2315,29.6861,28.6341,28.7608,520102.0
2020-12-04,SOXL,29.2355,31.1935,28.9788,31.1548,698239.0
2020-12-07,SOXL,31.7362,31.7362,30.6882,31.5622,592628.0
2020-12-08,SOXL,31.4508,32.2735,31.0415,31.9602,419368.0
2020-12-09,SOXL,31.6068,32.1612,28.6181,29.2268,1282104.0
2020-12-10,SOXL,28.6201,29.8219,28.1342,29.1701,765982.0
2020-12-11,SOXL,28.4135,28.8595,27.2668,28.1635,883201.0
2020-12-14,SOXL,28.9888,29.6835,28.8001,29.2241,723554.0
2020-12-15,SOXL,30.2815,30.6875,29.7509,30.4428,493778.0
2020-12-16,SOXL,30.7102,30.7223,29.6961,30.3755,424808.0
2020-12-17,SOXL,30.9195,30.9908,30.1808,30.5382,407097.0
2020-12-18,SOXL,30.7335,30.8668,29.5575,30.1395,586519.0
2020-12-21,SOXL,29.0001,29.6939,28.1668,29.5461,774656.0
2020-12-22,SOXL,29.7008,29.8208,28.7548,29.4335,416254.0
2020-12-23,SOXL,29.6235,29.7995,28.7835,28.8221,289155.0
2020-12-24,SOXL,29.1668,29.6608,29.0295,29.6541,176136.0
2020-12-28,SOXL,30.6222,30.7335,29.3681,29.4855,502808.0
2020-12-29,SOXL,29.8668,29.8668,28.2842,29.2588,522189.0
2020-12-30,SOXL,29.6721,30.8912,29.6001,30.7715,520497.0
2020-12-31,SOXL,30.7748,31.1833,30.1775,31.0988,391525.0
2021-01-04,SOXL,31.6722,33.6548,29.9308,30.6695,1182100.0
2021-01-05,SOXL,30.4442,32.5055,30.4442,32.4462,569176.0
2021-01-06,SOXL,31.5282,34.1608,31.2842,32.2075,1118805.0
2021-01-07,SOXL,33.6462,36.1215,33.6155,35.7568,696218.0
2021-01-08,SOXL,37.5075,37.9422,34.6295,35.7868,872661.0
2021-01-11,SOXL,34.9655,37.8739,34.9342,37.0902,644047.0
2021-01-12,SOXL,37.6655,38.7588,36.7062,37.8189,700095.0
2021-01-13,SOXL,38.6209,38.9335,37.4002,37.9195,459782.0
2021-01-14,SOXL,39.2202,41.6128,39.2202,40.3869,758229.0
2021-01-15,SOXL,40.1922,40.3135,37.1055,37.8242,1086834.0
2021-01-19,SOXL,39.5142,41.7955,39.4113,41.6669,890106.0
2021-01-20,SOXL,43.1635,43.5216,40.9512,41.3195,748047.0
2021-01-21,SOXL,42.3889,43.5202,41.0975,43.1589,740109.0
2021-01-22,SOXL,42.0002,42.4762,40.7742,40.7902,838223.0
2021-01-25,SOXL,42.0135,42.1402,38.6275,40.9655,833644.0
2021-01-26,SOXL,41.0469,41.0469,39.0002,39.0555,509381.0
2021-01-27,SOXL,36.8669,37.0489,32.5388,33.1442,1670437.0
2021-01-28,SOXL,35.0008,36.5768,34.1735,35.1342,1074046.0
2021-01-29,SOXL,35.3375,35.8218,32.9008,33.4008,1017070.0
2021-02-01,SOXL,35.0862,37.5272,34.6368,37.3482,916586.0
2021-02-02,SOXL,39.1329,39.1602,37.4669,39.0482,719317.0
2021-02-03,SOXL,39.4669,39.7969,36.5715,36.6328,945647.0
2021-02-04,SOXL,36.3371,37.6075,35.5295,37.5382,560032.0
2021-02-05,SOXL,38.3335,38.3335,36.5855,36.7229,549496.0
2021-02-08,SOXL,37.4615,40.1335,37.4454,40.1335,1151850.0
2021-02-09,SOXL,39.6366,40.5402,39.0435,39.6222,577324.0
2021-02-10,SOXL,40.6669,41.3122,38.3771,39.9969,1028806.0
2021-02-11,SOXL,40.8849,44.1649,40.8849,44.1649,1385381.0
2021-02-12,SOXL,43.4882,46.0137,43.0042,45.7722,1056134.0
2021-02-16,SOXL,47.3369,47.8529,45.8108,46.5822,957758.0
2021-02-17,SOXL,45.1002,45.7416,42.1389,44.0109,1292362.0
2021-02-18,SOXL,42.2035,43.2662,41.0209,42.6855,1041942.0
2021-02-19,SOXL,44.6449,46.5182,44.2235,45.7989,1573462.0
2021-02-22,SOXL,44.0035,44.9362,40.1802,40.8069,1494635.0
2021-02-23,SOXL,38.4969,40.7442,35.0692,39.9789,1802243.0
2021-02-24,SOXL,38.9829,43.8336,38.0669,43.7456,1197582.0
2021-02-25,SOXL,42.0675,43.0095,35.7036,36.2188,2387828.0
2021-02-26,SOXL,37.9435,39.7009,35.8035,38.7109,1969132.0
2021-03-01,SOXL,40.5922,42.5582,39.5503,42.5582,1638953.0
2021-03-02,SOXL,42.94,42.99,38.45,38.55,19687665.0
2021-03-03,SOXL,38.9,38.99,34.82,35.01,21749022.0
2021-03-04,SOXL,34.83,35.19,28.44,29.98,34294344.0
2021-03-05,SOXL,32.22,32.96,27.73,32.75,30945781.0
2021-03-08,SOXL,32.71,32.93,27.5,27.52,28761183.0
2021-03-09,SOXL,30.34,33.08,30.0,32.45,19994852.0
2021-03-10,SOXL,34.19,34.19,30.62,30.72,19953537.0
2021-03-11,SOXL,33.3,35.04,32.85,34.47,19094333.0
2021-03-12,SOXL,32.52,33.59,31.85,33.42,17047625.0
2021-03-15,SOXL,33.8,35.63,33.18,35.57,15448799.0
2021-03-16,SOXL,36.83,38.59,36.23,36.98,27404928.0
2021-03-17,SOXL,35.28,39.15,34.51,38.42,21743535.0
2021-03-18,SOXL,36.76,36.92,33.45,33.71,25847347.0
2021-03-19,SOXL,34.0097,35.6501,32.38,34.75,20614967.0
2021-03-22,SOXL,35.94,38.2,35.62,37.0,23763826.0
2021-03-23,SOXL,37.37,37.5,33.51,34.03,26947016.0
2021-03-24,SOXL,35.63,36.13,32.55,32.59,26195903.0
2021-03-25,SOXL,30.93,33.1799,30.1,32.81,30291424.0
2021-03-26,SOXL,32.81,37.74,32.71,37.69,35670260.0
2021-03-29,SOXL,36.3839,36.91,34.5,35.79,28422651.0
2021-03-30,SOXL,35.12,35.78,34.285,35.52,17925987.0
2021-03-31,SOXL,36.43,38.98,36.35,38.21,25362452.0
2021-04-01,SOXL,40.05,42.44,40.05,42.41,27795506.0
2021-04-05,SOXL,44.525,45.3,42.9086,45.0,26445831.0
2021-04-06,SOXL,44.1188,44.97,42.07,43.38,17961530.0
2021-04-07,SOXL,43.99,44.0,42.34,43.38,12421784.0
2021-04-08,SOXL,44.75,45.0,43.6,44.79,12957077.0
2021-04-09,SOXL,43.83,44.5,43.13,44.48,10748469.0
2021-04-12,SOXL,43.72,43.79,41.8,43.09,14926032.0
2021-04-13,SOXL,44.0,44.13,41.57,42.69,14056434.0
2021-04-14,SOXL,42.39,43.47,40.63,41.27,12838647.0
2021-04-15,SOXL,42.35,43.66,41.62,43.47,13642025.0
2021-04-16,SOXL,43.51,43.64,42.481,42.75,11016244.0
2021-04-19,SOXL,41.77,42.29,38.25,39.6,20268199.0
2021-04-20,SOXL,39.01,39.53,37.0398,37.71,13892049.0
2021-04-21,SOXL,37.93,40.77,37.34,40.75,15160174.0
2021-04-22,SOXL,40.37,40.61,37.27,37.98,20962133.0
2021-04-23,SOXL,38.32,40.57,38.3,40.15,13252198.0
2021-04-26,SOXL,40.09,42.455,40.0,42.21,13528458.0
2021-04-27,SOXL,42.78,42.91,40.955,41.34,12557183.0
2021-04-28,SOXL,40.68,40.69,39.31,39.42,12753565.0
2021-04-29,SOXL,41.2,41.22,38.48,40.31,14812520.0
2021-04-30,SOXL,38.3474,39.17,36.56,36.9,19385843.0
2021-05-03,SOXL,37.72,37.789,35.0793,35.61,13899919.0
2021-05-04,SOXL,34.41,34.45,32.0,33.97,24427983.0
2021-05-05,SOXL,35.07,35.79,34.12,34.55,7952189.0
2021-05-06,SOXL,34.2,35.4,33.16,35.4,15387315.0
2021-05-07,SOXL,36.51,37.55,35.911,36.93,16784570.0
2021-05-10,SOXL,36.0,36.0,31.88,31.93,25439754.0
2021-05-11,SOXL,29.02,32.31,28.69,32.11,29951280.0
2021-05-12,SOXL,30.1,30.56,27.81,28.13,34045693.0
2021-05-13,SOXL,29.53,30.497,28.3,29.33,25519967.0
2021-05-14,SOXL,30.49,32.68,29.58,31.93,21881317.0
2021-05-17,SOXL,30.98,31.1,29.43,31.1,19224849.0
2021-05-18,SOXL,31.71,32.08,30.22,30.29,15262558.0
2021-05-19,SOXL,28.46,32.1699,28.22,32.05,29208667.0
2021-05-20,SOXL,32.75,34.98,32.67,34.64,28593191.0
2021-05-21,SOXL,35.3,35.3401,33.81,34.14,25100325.0
2021-05-24,SOXL,35.0,37.14,34.91,36.53,21577546.0
2021-05-25,SOXL,37.33,37.7497,36.245,36.94,19468177.0
2021-05-26,SOXL,37.03,37.68,36.185,37.18,13436676.0
2021-05-27,SOXL,36.8787,38.26,36.71,37.86,16449392.0
2021-05-28,SOXL,38.0665,39.27,37.88,38.78,15891408.0
2021-06-01,SOXL,39.52,40.54,37.745,38.34,18159368.0
2021-06-02,SOXL,38.27,39.58,37.91,39.19,12370473.0
2021-06-03,SOXL,37.8299,38.28,36.515,37.12,16945805.0
2021-06-04,SOXL,38.08,39.99,38.05,39.74,15960523.0
2021-06-07,SOXL,39.26,39.44,38.15,38.91,11453811.0
2021-06-08,SOXL,39.8006,39.97,37.3,38.17,13475842.0
2021-06-09,SOXL,38.56,38.89,37.62,37.7,11720997.0
2021-06-10,SOXL,37.8,39.37,37.52,39.04,17601943.0
2021-06-11,SOXL,39.05,39.49,38.57,39.49,7971497.0
2021-06-14,SOXL,39.81,41.17,39.0599,41.17,18513253.0
2021-06-15,SOXL,40.8,41.6,39.74,40.04,13301433.0
2021-06-16,SOXL,40.49,40.89,38.07,39.18,18089262.0
2021-06-17,SOXL,38.69,41.17,38.65,40.31,18466155.0
2021-06-18,SOXL,39.29,39.58,36.75,37.32,21346622.0
2021-06-21,SOXL,37.55,38.1617,36.59,38.12,12721962.0
2021-06-22,SOXL,37.9,38.825,37.4,38.6,10500361.0
2021-06-23,SOXL,38.5999,39.63,38.5999,39.05,8615363.0
2021-06-24,SOXL,39.8831,41.23,39.88,41.08,12716793.0
2021-06-25,SOXL,41.17,41.69,40.29,40.66,9244122.0
2021-06-28,SOXL,41.5,44.08,41.45,43.65,18209308.0
2021-06-29,SOXL,43.31,44.69,42.88,44.64,13090203.0
2021-06-30,SOXL,44.37,44.7267,43.67,44.54,9830905.0
2021-07-01,SOXL,44.15,44.37,42.13,42.57,11578170.0
2021-07-02,SOXL,43.57,43.7,42.25,43.32,10933298.0
2021-07-06,SOXL,43.64,44.14,41.36,43.04,10020289.0
2021-07-07,SOXL,43.8,43.91,40.69,41.24,10623830.0
2021-07-08,SOXL,38.55,40.3798,37.76,39.78,14764346.0
2021-07-09,SOXL,40.18,41.94,39.25,41.77,9799611.0
2021-07-12,SOXL,42.16,43.33,41.81,43.33,9021765.0
2021-07-13,SOXL,42.75,43.315,42.1,42.62,9289264.0
2021-07-14,SOXL,43.54,44.79,41.86,42.16,15361468.0
2021-07-15,SOXL,41.79,41.8012,38.55,39.42,14968006.0
2021-07-16,SOXL,40.03,40.45,36.59,36.76,14425566.0
2021-07-19,SOXL,35.21,36.93,34.71,36.84,17527775.0
2021-07-20,SOXL,37.24,39.08,35.8505,38.34,12487168.0
2021-07-21,SOXL,38.67,41.85,38.6,41.85,12599665.0
2021-07-22,SOXL,40.9,41.62,39.9,40.74,8148866.0
2021-07-23,SOXL,41.29,41.61,39.95,41.55,8740443.0
2021-07-26,SOXL,40.5835,41.79,40.5835,41.45,7703459.0
2021-07-27,SOXL,40.8,40.852,36.71,39.15,17917415.0
2021-07-28,SOXL,39.54,41.5,39.02,41.18,12983043.0
2021-07-29,SOXL,41.23,43.6899,41.23,43.45,15318441.0
2021-07-30,SOXL,42.19,44.5,42.072,44.39,13599233.0
2021-08-02,SOXL,45.19,46.89,44.88,45.21,17018647.0
2021-08-03,SOXL,45.29,45.9784,43.61,45.97,10801372.0
2021-08-04,SOXL,46.16,48.1499,46.05,47.61,13768861.0
2021-08-05,SOXL,48.17,48.1901,46.44,47.17,8580697.0
2021-08-06,SOXL,46.33,47.27,46.2,46.63,6201980.0
2021-08-09,SOXL,46.9,47.27,45.54,46.15,5943661.0
2021-08-10,SOXL,46.3665,46.57,43.5,44.45,9994504.0
2021-08-11,SOXL,45.06,45.12,42.4298,44.17,10016629.0
2021-08-12,SOXL,43.44,43.5,41.56,42.62,9758813.0
2021-08-13,SOXL,42.5,43.6,42.285,43.48,7655754.0
2021-08-16,SOXL,42.91,43.43,41.93,43.01,6664531.0
2021-08-17,SOXL,41.93,41.9476,39.34,40.46,13983659.0
2021-08-18,SOXL,40.29,40.955,38.58,38.66,10760147.0
2021-08-19,SOXL,38.18,40.26,37.14,39.63,14855293.0
2021-08-20,SOXL,39.96,40.75,39.01,40.43,10732251.0
2021-08-23,SOXL,41.4,43.79,41.4,43.69,12229031.0
2021-08-24,SOXL,43.98,44.44,43.38,43.73,8557113.0
2021-08-25,SOXL,44.18,45.65,44.11,44.78,10125846.0
2021-08-26,SOXL,44.52,45.33,43.705,44.68,9529406.0
2021-08-27,SOXL,44.85,47.5,44.69,47.3,12358318.0
2021-08-30,SOXL,47.78,49.0,47.125,47.74,10291141.0
2021-08-31,SOXL,47.77,47.965,45.37,46.55,9620821.0
2021-09-01,SOXL,47.23,47.3,45.83,45.96,7246919.0
2021-09-02,SOXL,46.35,46.72,45.7,46.3,7189762.0
2021-09-03,SOXL,46.14,47.85,45.96,47.24,7380129.0
2021-09-07,SOXL,47.3611,47.41,45.92,46.77,5666382.0
2021-09-08,SOXL,46.1,46.3699,43.76,44.95,11787429.0
2021-09-09,SOXL,44.91,46.26,44.89,45.55,8642994.0
2021-09-10,SOXL,46.64,48.63,46.51,46.59,14399648.0
2021-09-13,SOXL,47.8,48.17,45.9295,47.87,11356440.0
2021-09-14,SOXL,48.4,48.97,47.14,47.87,10129230.0
2021-09-15,SOXL,48.06,48.7,46.76,48.59,9321847.0
2021-09-16,SOXL,47.74,49.53,47.02,49.07,9094405.0
2021-09-17,SOXL,48.64,48.65,45.97,46.75,14478872.0
2021-09-20,SOXL,43.75,44.197,41.16,43.3,19454631.0
2021-09-21,SOXL,44.04,44.52,42.35,43.6,9972389.0
2021-09-22,SOXL,44.46,46.57,44.01,46.26,11093236.0
2021-09-23,SOXL,46.8921,48.55,46.42,48.1,11819558.0
2021-09-24,SOXL,46.86,48.23,46.78,47.95,7464960.0
2021-09-27,SOXL,46.52,48.1801,45.56,47.69,10241263.0
2021-09-28,SOXL,44.9,45.79,42.05,42.23,23988045.0
2021-09-29,SOXL,42.56,42.68,39.78,40.12,19889665.0
2021-09-30,SOXL,41.06,41.95,40.0,40.04,14470239.0
2021-10-01,SOXL,40.5,40.7,38.06,40.07,16368724.0
2021-10-04,SOXL,39.31,39.5198,36.57,37.02,20555388.0
2021-10-05,SOXL,37.6,39.39,37.255,38.65,15194130.0
2021-10-06,SOXL,37.32,39.14,36.92,39.06,16403233.0
2021-10-07,SOXL,40.53,42.0293,40.27,40.39,13234341.0
2021-10-08,SOXL,40.9,41.07,39.08,39.33,10296982.0
2021-10-11,SOXL,38.76,40.39,38.36,38.38,9446410.0
2021-10-12,SOXL,39.21,39.31,36.47,37.05,19847438.0
2021-10-13,SOXL,37.7,38.3,37.24,37.65,11660572.0
2021-10-14,SOXL,39.64,41.08,39.3401,41.05,14800925.0
2021-10-15,SOXL,42.03,42.285,41.3,41.84,10988462.0
2021-10-18,SOXL,41.14,42.97,40.44,42.86,8498165.0
2021-10-19,SOXL,43.11,44.48,42.63,44.43,11476181.0
2021-10-20,SOXL,44.13,44.73,43.63,44.2,9908218.0
2021-10-21,SOXL,43.33,45.7198,43.3,45.59,10019675.0
2021-10-22,SOXL,44.84,46.23,43.77,44.05,12691658.0
2021-10-25,SOXL,44.6,45.665,44.16,45.06,9706705.0
2021-10-26,SOXL,46.02,46.45,44.54,44.96,12067779.0
2021-10-27,SOXL,44.23,45.61,43.56,44.09,13076309.0
2021-10-28,SOXL,45.84,47.1,45.57,47.0,15904396.0
2021-10-29,SOXL,45.9723,47.65,45.62,47.65,12735039.0
2021-11-01,SOXL,47.79,49.96,47.45,49.96,14647447.0
2021-11-02,SOXL,49.82,51.82,49.81,51.82,12421133.0
2021-11-03,SOXL,52.07,53.81,51.42,53.67,11472211.0
2021-11-04,SOXL,55.42,59.829,54.571,59.08,20539243.0
2021-11-05,SOXL,60.04,62.4,59.21,60.91,19536054.0
2021-11-08,SOXL,62.1,64.71,61.49,63.54,15603893.0
2021-11-09,SOXL,65.27,65.629,61.41,63.4,16385940.0
2021-11-10,SOXL,60.05,62.5,57.0699,57.95,17648253.0
2021-11-11,SOXL,60.72,61.9916,59.37,61.64,13055698.0
2021-11-12,SOXL,62.22,64.25,61.1708,63.35,13052661.0
2021-11-15,SOXL,64.73,64.74,61.26,63.2,11837449.0
2021-11-16,SOXL,62.38,66.43,62.01,66.15,12692961.0
2021-11-17,SOXL,66.0,66.13,63.6997,64.52,11636624.0
2021-11-18,SOXL,67.87,68.9,66.03,67.98,14102705.0
2021-11-19,SOXL,67.86,69.8671,66.8784,68.61,14527375.0
2021-11-22,SOXL,69.54,72.4871,65.23,65.43,16809792.0
2021-11-23,SOXL,64.83,66.61,61.3501,64.74,16233693.0
2021-11-24,SOXL,62.99,66.9,61.21,66.88,14762210.0
2021-11-26,SOXL,63.1,64.98,59.85,61.37,14919713.0
2021-11-29,SOXL,63.95,68.68,63.22,68.41,18352682.0
2021-11-30,SOXL,67.28,69.34,62.89,64.67,22246306.0
2021-12-01,SOXL,67.54,70.96,63.05,63.16,24886985.0
2021-12-02,SOXL,61.26,64.74,59.68,63.25,21014155.0
2021-12-03,SOXL,65.9,67.95,60.7,62.93,18842766.0
2021-12-06,SOXL,62.06,63.29,56.78,62.6,13816269.0
2021-12-07,SOXL,66.7601,72.52,66.72,71.99,21654543.0
2021-12-08,SOXL,70.93,71.2,68.49,70.69,12500687.0
2021-12-09,SOXL,69.43,71.59,65.66,65.9,14532968.0
2021-12-10,SOXL,69.4561,70.45,65.17,67.6,12329114.0
2021-12-13,SOXL,68.0235,68.71,62.0,62.34,13561548.0
2021-12-14,SOXL,60.0,62.37,58.94,61.52,13311183.0
2021-12-15,SOXL,61.84,68.34,59.24,68.12,19005702.0
2021-12-16,SOXL,69.01,69.5,58.02,59.23,27692103.0
2021-12-17,SOXL,57.34,61.58,56.86,58.96,17754368.0
2021-12-20,SOXL,56.14,58.76,55.47,57.55,15681395.0
2021-12-21,SOXL,61.17,63.685,58.77,63.5,20476998.0
2021-12-22,SOXL,62.47,65.53,61.61,65.38,13011601.0
2021-12-23,SOXL,66.0,68.75,65.92,67.41,14506962.0
2021-12-27,SOXL,68.1035,73.0,68.0,72.99,15597979.0
2021-12-28,SOXL,74.07,74.07,69.57,70.52,14401775.0
2021-12-29,SOXL,70.42,72.23,69.6,71.0,10702012.0
2021-12-30,SOXL,70.5,71.34,67.89,68.36,11188248.0
2021-12-31,SOXL,68.7,70.1,67.83,68.01,10151971.0
2022-01-03,SOXL,69.05,72.11,68.3883,72.1,15794751.0
2022-01-04,SOXL,72.58,74.21,66.04,71.07,21988047.0
2022-01-05,SOXL,69.5877,71.42,63.94,64.01,20820971.0
2022-01-06,SOXL,64.0899,66.39,61.85,65.54,19343143.0
2022-01-07,SOXL,65.08,66.05,59.14,59.74,22625851.0
2022-01-10,SOXL,57.34,60.19,53.82,60.0,25112686.0
2022-01-11,SOXL,59.09,63.44,57.88,63.29,22053886.0
2022-01-12,SOXL,64.99,66.4,62.64,64.58,19392040.0
2022-01-13,SOXL,67.5,69.18,59.58,60.2,28866546.0
2022-01-14,SOXL,58.76,64.54,58.56,64.48,23880605.0
2022-01-18,SOXL,60.91,61.38,55.5,55.98,29173876.0
2022-01-19,SOXL,57.48,58.155,50.73,50.82,28683330.0
2022-01-20,SOXL,52.12,53.2,45.81,45.99,32438815.0
2022-01-21,SOXL,45.22,48.93,43.4,43.71,45826466.0
2022-01-24,SOXL,41.0,45.48,36.6179,45.45,53719176.0
2022-01-25,SOXL,41.7699,43.35,39.38,40.19,40326258.0
2022-01-26,SOXL,43.78,47.1,40.105,42.12,46405005.0
2022-01-27,SOXL,43.4,43.45,36.0,36.36,50033699.0
2022-01-28,SOXL,36.37,38.41,33.095,38.41,43946682.0
2022-01-31,SOXL,38.99,44.75,38.3,44.58,39362536.0
2022-02-01,SOXL,45.89,46.1,42.29,45.91,37795569.0
2022-02-02,SOXL,48.47,49.5,46.46,49.34,40548641.0
2022-02-03,SOXL,45.58,47.8,42.15,42.63,32875334.0
2022-02-04,SOXL,42.08,44.5201,40.37,43.46,30575589.0
2022-02-07,SOXL,43.64,45.52,42.86,43.41,28382026.0
2022-02-08,SOXL,42.75,46.88,42.54,46.6,33686784.0
2022-02-09,SOXL,48.43,51.23,46.71,51.02,35302832.0
2022-02-10,SOXL,47.58,52.21,45.5798,46.42,51371004.0
2022-02-11,SOXL,46.5601,47.65,38.42,39.54,51212755.0
2022-02-14,SOXL,39.75,41.85,37.86,39.59,43218359.0
2022-02-15,SOXL,41.9,46.29,41.67,46.01,40132271.0
2022-02-16,SOXL,44.07,46.5,43.04,46.1,35357629.0
2022-02-17,SOXL,44.12,44.39,40.67,40.87,41858899.0
2022-02-18,SOXL,41.14,41.349,37.77,39.63,46904086.0
2022-02-22,SOXL,38.23,41.56,36.83,38.61,49765565.0
2022-02-23,SOXL,40.0684,41.3,35.63,35.91,52830565.0
2022-02-24,SOXL,31.81,40.05,31.55,39.94,68362140.0
2022-02-25,SOXL,40.0,41.84,38.16,41.78,40948963.0
2022-02-28,SOXL,40.2,42.23,38.56,41.01,43350649.0
2022-03-01,SOXL,40.78,41.3,35.35,36.58,46635011.0
2022-03-02,SOXL,37.47,40.88,37.23,40.12,41485364.0
2022-03-03,SOXL,40.65,40.8699,36.82,37.55,45902800.0
2022-03-04,SOXL,36.63,37.42,33.36,34.77,47006005.0
2022-03-07,SOXL,34.82,35.6,29.5,29.58,50665835.0
2022-03-08,SOXL,29.67,34.34,28.48,31.16,68456464.0
2022-03-09,SOXL,34.12,35.66,33.07,34.93,46482387.0
2022-03-10,SOXL,33.07,33.2,30.8,32.75,43831461.0
2022-03-11,SOXL,34.16,34.42,30.5,30.69,34118292.0
2022-03-14,SOXL,30.01,30.85,27.3,27.91,49351450.0
2022-03-15,SOXL,28.45,31.7201,28.0098,31.51,42082901.0
2022-03-16,SOXL,33.04,36.4,32.06,36.3,55753985.0
2022-03-17,SOXL,35.25,37.0,34.32,36.95,37147463.0
2022-03-18,SOXL,36.61,39.675,35.6,39.17,39797740.0
2022-03-21,SOXL,38.7,39.97,36.88,39.0,38312059.0
2022-03-22,SOXL,38.79,41.02,38.63,39.59,34654071.0
2022-03-23,SOXL,38.51,39.99,36.5902,36.69,38313159.0
2022-03-24,SOXL,37.82,42.25,37.3,42.09,44687246.0
2022-03-25,SOXL,42.07,42.3698,39.75,42.01,36316035.0
2022-03-28,SOXL,41.1972,42.81,39.32,42.71,35741023.0
2022-03-29,SOXL,44.84,46.0,43.11,45.58,40148510.0
2022-03-30,SOXL,44.71,45.2,40.6823,41.35,38435728.0
2022-03-31,SOXL,41.26,41.84,38.42,38.78,38547375.0
2022-04-01,SOXL,39.07,39.33,34.62,36.29,57428507.0
2022-04-04,SOXL,36.58,38.22,36.17,37.96,28200497.0
2022-04-05,SOXL,37.09,37.24,32.53,32.88,57649644.0
2022-04-06,SOXL,30.85,32.1,29.56,30.51,69146900.0
2022-04-07,SOXL,30.25,31.42,28.6606,30.51,55657312.0
2022-04-08,SOXL,29.86,29.9599,28.15,28.29,71608855.0
2022-04-11,SOXL,27.04,27.71,26.34,26.49,60558154.0
2022-04-12,SOXL,28.0399,28.84,25.86,26.24,66793212.0
2022-04-13,SOXL,26.77,28.54,26.31,28.03,50483956.0
2022-04-14,SOXL,28.55,28.6199,25.54,25.61,51193150.0
2022-04-18,SOXL,25.26,27.67,25.16,26.98,49251729.0
2022-04-19,SOXL,26.68,28.89,26.22,28.75,45358807.0
2022-04-20,SOXL,30.07,30.85,28.235,28.5,51891865.0
2022-04-21,SOXL,29.6,30.57,25.81,26.21,53808489.0
2022-04-22,SOXL,26.1,26.56,24.37,24.45,57459234.0
2022-04-25,SOXL,23.89,25.76,23.675,25.67,58210599.0
2022-04-26,SOXL,24.71,24.9,22.35,22.43,55039170.0
2022-04-27,SOXL,21.62,23.59,21.48,21.95,52406352.0
2022-04-28,SOXL,23.2,26.3,22.4,25.58,63555752.0
2022-04-29,SOXL,24.3,25.95,22.1,22.24,48104412.0
2022-05-02,SOXL,22.38,24.55,21.81,24.5,57669873.0
2022-05-03,SOXL,24.33,25.68,23.75,25.11,53115666.0
2022-05-04,SOXL,25.69,28.14,23.3,28.02,77054177.0
2022-05-05,SOXL,26.5331,26.62,22.75,23.99,64302740.0
2022-05-06,SOXL,23.24,24.87,21.9401,23.35,73607546.0
2022-05-09,SOXL,21.82,22.6,19.32,19.72,72482053.0
2022-05-10,SOXL,21.45,22.145,19.72,21.09,72934471.0
2022-05-11,SOXL,20.53,22.0,18.97,19.15,76546012.0
2022-05-12,SOXL,18.51,19.99,17.96,19.41,79889143.0
2022-05-13,SOXL,20.57,22.91,20.18,22.49,65885873.0
2022-05-16,SOXL,21.86,22.51,21.2,21.37,49300820.0
2022-05-17,SOXL,23.08,24.74,22.84,24.58,65619676.0
2022-05-18,SOXL,23.395,24.345,20.53,20.85,61497837.0
2022-05-19,SOXL,20.55,22.04,19.9,20.51,62522004.0
2022-05-20,SOXL,21.54,21.65,17.6601,20.36,86718229.0
2022-05-23,SOXL,19.93,20.83,19.4501,20.63,54498748.0
2022-05-24,SOXL,19.69,19.88,18.44,19.1,57291401.0
2022-05-25,SOXL,18.73,20.715,18.72,20.19,54536338.0
2022-05-26,SOXL,19.61,22.83,19.48,22.54,60520003.0
2022-05-27,SOXL,23.6,25.439,23.592,25.26,54680353.0
2022-05-31,SOXL,25.14,25.595,23.75,24.86,48671874.0
2022-06-01,SOXL,25.34,25.715,22.71,23.71,52378457.0
2022-06-02,SOXL,23.4,26.28,23.3,26.2,49439009.0
2022-06-03,SOXL,24.55,24.949,23.5,23.93,42093182.0
2022-06-06,SOXL,25.245,25.58,23.48,23.91,40513977.0
2022-06-07,SOXL,23.015,24.74,22.54,24.6,37067472.0
2022-06-08,SOXL,24.1647,24.46,22.42,22.91,38501552.0
2022-06-09,SOXL,22.39,23.56,21.03,21.09,37937152.0
2022-06-10,SOXL,19.98,20.51,18.66,18.81,58923987.0
2022-06-13,SOXL,16.925,17.405,15.34,15.55,77061322.0
2022-06-14,SOXL,16.01,16.22,15.21,15.76,52253409.0
2022-06-15,SOXL,16.35,17.43,15.47,16.61,77001838.0
2022-06-16,SOXL,15.14,15.19,12.99,13.57,90753054.0
2022-06-17,SOXL,13.65,14.02,12.78,13.7,64012847.0
2022-06-21,SOXL,14.5401,15.43,14.49,14.8,57522792.0
2022-06-22,SOXL,14.04,14.97,13.94,14.29,49362222.0
2022-06-23,SOXL,14.58,14.59,13.34,14.01,47625266.0
2022-06-24,SOXL,14.6352,15.85,14.57,15.81,60548241.0
2022-06-27,SOXL,16.31,16.458,15.3712,15.8,43426915.0
2022-06-28,SOXL,16.0,16.58,14.5165,14.56,57344567.0
2022-06-29,SOXL,14.0,14.04,13.0335,13.55,61516650.0
2022-06-30,SOXL,13.03,13.8297,12.38,13.1,70274918.0
2022-07-01,SOXL,12.49,12.6,11.13,11.6,92067115.0
2022-07-05,SOXL,10.74,11.9,10.53,11.85,82942174.0
2022-07-06,SOXL,11.92,12.4966,11.52,12.09,77177808.0
2022-07-07,SOXL,12.91,13.8899,12.91,13.71,75926266.0
2022-07-08,SOXL,13.13,14.17,12.96,13.91,77437192.0
2022-07-11,SOXL,13.25,13.45,12.65,12.91,52520583.0
2022-07-12,SOXL,13.18,13.45,12.72,12.97,53368386.0
2022-07-13,SOXL,12.18,13.56,12.125,13.29,70014139.0
2022-07-14,SOXL,13.165,14.26,12.54,14.07,78227933.0
2022-07-15,SOXL,14.75,15.15,14.04,15.11,74112373.0
2022-07-18,SOXL,15.83,16.18,14.63,14.92,83926603.0
2022-07-19,SOXL,15.61,17.17,15.5,16.95,78348505.0
2022-07-20,SOXL,16.83,18.44,16.5,18.2,85890574.0
2022-07-21,SOXL,18.52,19.1199,17.6814,19.1,80210816.0
2022-07-22,SOXL,18.84,18.91,17.15,17.65,65689497.0
2022-07-25,SOXL,17.225,17.3699,16.43,17.3,43336791.0
2022-07-26,SOXL,16.9259,17.24,16.25,16.43,48959684.0
2022-07-27,SOXL,17.32,19.12,17.1701,18.73,78797562.0
2022-07-28,SOXL,18.855,19.52,17.575,19.37,69548093.0
2022-07-29,SOXL,18.5741,19.99,18.3201,19.83,61313515.0
2022-08-01,SOXL,19.41,20.605,19.03,20.01,61205075.0
2022-08-02,SOXL,19.43,20.8694,19.11,19.92,60816473.0
2022-08-03,SOXL,19.98,21.72,19.87,21.55,57214560.0
2022-08-04,SOXL,21.4701,22.27,21.22,22.07,56294649.0
2022-08-05,SOXL,20.96,22.12,20.5724,21.56,60067847.0
2022-08-08,SOXL,20.65,21.39,19.57,20.54,59705818.0
2022-08-09,SOXL,19.2299,19.2299,16.91,17.69,65153609.0
2022-08-10,SOXL,19.08,20.02,18.39,19.91,69125328.0
2022-08-11,SOXL,20.468,21.6,19.68,19.78,70069238.0
2022-08-12,SOXL,20.24,21.72,19.98,21.6,57238439.0
2022-08-15,SOXL,21.24,21.965,20.8,21.78,48991642.0
2022-08-16,SOXL,21.478,21.7399,20.39,21.14,48777209.0
2022-08-17,SOXL,20.18,20.2,18.71,19.55,67988770.0
2022-08-18,SOXL,19.72,21.36,19.5,20.89,50790817.0
2022-08-19,SOXL,20.06,20.38,18.885,19.17,49700775.0
2022-08-22,SOXL,18.1,18.15,16.77,17.04,51389368.0
2022-08-23,SOXL,17.08,18.06,17.0107,17.33,49723154.0
2022-08-24,SOXL,17.25,17.59,16.77,17.41,42087500.0
2022-08-25,SOXL,17.46,19.3786,17.42,19.32,58659819.0
2022-08-26,SOXL,19.25,19.33,15.95,15.98,84676879.0
2022-08-29,SOXL,15.48,16.05,14.95,15.05,61062660.0
2022-08-30,SOXL,15.5,15.57,13.96,14.47,77063099.0
2022-08-31,SOXL,14.69,14.6954,13.66,14.04,86870511.0
2022-09-01,SOXL,13.03,13.26,11.97,13.22,113345585.0
2022-09-02,SOXL,13.84,14.14,12.625,12.86,100737188.0
2022-09-06,SOXL,12.9099,13.03,12.07,12.42,79919136.0
2022-09-07,SOXL,12.42,13.315,12.23,12.99,79632729.0
2022-09-08,SOXL,12.64,13.8,12.37,13.65,103258294.0
2022-09-09,SOXL,14.26,14.85,14.192,14.65,81908924.0
2022-09-12,SOXL,14.83,15.05,14.3,14.78,67153289.0
2022-09-13,SOXL,13.15,13.49,11.95,12.09,85975604.0
2022-09-14,SOXL,12.28,12.74,11.94,12.46,65846915.0
2022-09-15,SOXL,12.23,12.67,11.592,11.91,94630615.0
2022-09-16,SOXL,11.47,12.1,11.18,12.06,87622136.0
2022-09-19,SOXL,11.615,12.44,11.57,12.26,75532226.0
2022-09-20,SOXL,11.85,12.04,11.425,11.7,70577439.0
2022-09-21,SOXL,11.76,12.92,11.38,11.4,125021344.0
2022-09-22,SOXL,11.17,11.32,10.25,10.51,112096068.0
2022-09-23,SOXL,10.07,10.14,9.45,10.03,120046980.0
2022-09-26,SOXL,9.91,10.36,9.5,9.55,96464844.0
2022-09-27,SOXL,10.04,10.28,9.39,9.81,115839357.0
2022-09-28,SOXL,9.57,10.345,9.445,10.17,119412715.0
2022-09-29,SOXL,9.698,9.74,8.8,9.29,128122627.0
2022-09-30,SOXL,8.895,9.61,8.74,8.86,109534337.0
2022-10-03,SOXL,9.085,10.0,8.88,9.7,126786105.0
2022-10-04,SOXL,10.578,11.095,10.54,11.04,114533142.0
2022-10-05,SOXL,10.53,11.66,10.21,11.42,110030161.0
2022-10-06,SOXL,11.291,11.92,11.05,11.19,117138033.0
2022-10-07,SOXL,10.18,10.2799,9.0,9.21,134873331.0
2022-10-10,SOXL,9.07,9.09,7.86,8.28,163448671.0
2022-10-11,SOXL,7.81,8.02,7.2,7.57,186475174.0
2022-10-12,SOXL,7.49,7.62,7.23,7.34,110516465.0
2022-10-13,SOXL,6.42,8.36,6.21,8.0,284532695.0
2022-10-14,SOXL,8.26,8.27,6.87,6.93,177216141.0
2022-10-17,SOXL,7.47,7.67,7.2,7.33,113321504.0
2022-10-18,SOXL,8.04,8.21,7.04,7.4,185506449.0
2022-10-19,SOXL,7.27,7.8,7.2,7.57,134272408.0
2022-10-20,SOXL,7.7,8.42,7.59,7.7,170614569.0
2022-10-21,SOXL,7.65,8.64,7.55,8.58,178616573.0
2022-10-24,SOXL,8.64,8.81,8.08,8.68,147205676.0
2022-10-25,SOXL,8.798,9.47,8.75,9.26,127146911.0
2022-10-26,SOXL,8.7401,9.67,8.552,9.01,143571591.0
2022-10-27,SOXL,9.16,9.44,8.48,8.52,129662302.0
2022-10-28,SOXL,8.56,9.56,8.49,9.5,129291633.0
2022-10-31,SOXL,9.3,9.345,8.75,8.92,118350987.0
2022-11-01,SOXL,9.41,9.52,8.94,9.1,108638234.0
2022-11-02,SOXL,9.27,9.77,8.2,8.24,174985622.0
2022-11-03,SOXL,7.782,8.29,7.53,7.89,135668658.0
2022-11-04,SOXL,8.72,9.06,8.42,8.99,173041656.0
2022-11-07,SOXL,9.268,9.69,8.88,9.59,105846690.0
2022-11-08,SOXL,10.109,10.56,9.61,10.17,147373318.0
2022-11-09,SOXL,9.7393,9.82,9.18,9.24,107444856.0
2022-11-10,SOXL,10.8,12.17,10.56,12.08,196270278.0
2022-11-11,SOXL,12.28,13.41,11.83,13.22,166468415.0
2022-11-14,SOXL,12.988,13.51,12.7269,12.77,108739562.0
2022-11-15,SOXL,14.34,14.44,13.31,13.87,159797745.0
2022-11-16,SOXL,12.928,12.99,11.87,12.13,112310447.0
2022-11-17,SOXL,11.34,12.58,11.31,12.37,128795420.0
2022-11-18,SOXL,12.99,13.03,12.07,12.49,117064124.0
2022-11-21,SOXL,12.07,12.2,11.74,11.89,84238203.0
2022-11-22,SOXL,12.139,12.94,11.85,12.9,86949637.0
2022-11-23,SOXL,12.9,13.75,12.84,13.32,113790644.0
2022-11-25,SOXL,13.13,13.26,12.83,12.86,41754513.0
2022-11-28,SOXL,12.36,12.76,11.6,11.84,88545620.0
2022-11-29,SOXL,11.95,12.18,11.5,11.73,75055951.0
2022-11-30,SOXL,11.835,13.85,11.52,13.82,133385792.0
2022-12-01,SOXL,14.09,14.13,12.94,13.5,112133892.0
2022-12-02,SOXL,12.49,13.13,12.3,13.03,98017711.0
2022-12-05,SOXL,12.8,13.16,12.2,12.59,71095076.0
2022-12-06,SOXL,12.54,12.6,11.38,11.72,86923407.0
2022-12-07,SOXL,11.408,11.93,11.33,11.7,86276678.0
2022-12-08,SOXL,11.89,12.72,11.65,12.62,101888273.0
2022-12-09,SOXL,12.4907,12.99,12.18,12.32,88787384.0
2022-12-12,SOXL,12.142,13.01,11.94,12.98,73482159.0
2022-12-13,SOXL,14.72,14.91,13.14,13.63,180078949.0
2022-12-14,SOXL,13.51,14.03,12.54,13.0,139612283.0
2022-12-15,SOXL,12.23,12.38,11.32,11.4,107181663.0
2022-12-16,SOXL,11.2,11.48,10.77,11.11,88813767.0
2022-12-19,SOXL,11.12,11.15,10.345,10.69,82876826.0
2022-12-20,SOXL,10.25,10.75,10.16,10.41,88303958.0
2022-12-21,SOXL,10.63,11.27,10.595,11.14,83240399.0
2022-12-22,SOXL,10.54,10.56,9.11,9.78,135617252.0
2022-12-23,SOXL,9.59,9.81,9.23,9.77,92378623.0
2022-12-27,SOXL,9.58,9.59,9.13,9.27,78142072.0
2022-12-28,SOXL,9.1,9.4299,8.74,8.86,83917333.0
2022-12-29,SOXL,9.28,9.83,9.18,9.67,90966018.0
2022-12-30,SOXL,9.27,9.7,9.06,9.67,64369813.0
2023-01-03,SOXL,10.17,10.21,9.19,9.36,97509788.0
2023-01-04,SOXL,9.88,10.27,9.58,10.07,114576642.0
2023-01-05,SOXL,9.8,10.0,9.53,9.57,83312819.0
2023-01-06,SOXL,9.95,11.0699,9.56,10.87,123492570.0
2023-01-09,SOXL,11.528,12.27,11.28,11.53,136968320.0
2023-01-10,SOXL,11.38,11.99,11.19,11.97,90401425.0
2023-01-11,SOXL,11.98,12.43,11.6501,12.4,80469375.0
2023-01-12,SOXL,12.59,13.08,11.82,12.82,135343409.0
2023-01-13,SOXL,12.365,13.0,12.27,12.95,74389782.0
2023-01-17,SOXL,12.88,13.43,12.67,13.06,74500493.0
2023-01-18,SOXL,13.45,13.76,12.81,12.82,82050414.0
2023-01-19,SOXL,12.48,12.52,11.62,11.77,99618424.0
2023-01-20,SOXL,12.11,12.86,11.75,12.79,89921568.0
2023-01-23,SOXL,13.18,14.91,13.13,14.74,125178202.0
2023-01-24,SOXL,14.29,14.85,14.16,14.44,75815967.0
2023-01-25,SOXL,13.71,14.63,13.331,14.53,93424777.0
2023-01-26,SOXL,15.015,15.3,14.3,15.24,111443300.0
2023-01-27,SOXL,14.5,15.36,14.35,14.98,101402627.0
2023-01-30,SOXL,14.35,14.62,13.7327,13.8,81286675.0
2023-01-31,SOXL,13.67,14.55,13.64,14.52,97363342.0
2023-02-01,SOXL,14.73,17.28,14.68,16.8,150219877.0
2023-02-02,SOXL,17.33,18.395,17.01,17.92,116420945.0
2023-02-03,SOXL,16.78,18.13,16.595,16.93,94867627.0
2023-02-06,SOXL,16.12,16.86,15.855,16.1,77254790.0
2023-02-07,SOXL,16.22,17.85,16.13,17.59,119100914.0
2023-02-08,SOXL,17.33,17.69,16.35,16.49,72392867.0
2023-02-09,SOXL,17.33,17.9,16.21,16.58,84793446.0
2023-02-10,SOXL,16.06,16.22,15.25,15.8,78447738.0
2023-02-13,SOXL,15.99,16.6199,15.57,16.42,60332274.0
2023-02-14,SOXL,16.06,17.53,15.6707,17.33,111460784.0
2023-02-15,SOXL,16.81,17.59,16.43,17.54,74977231.0
2023-02-16,SOXL,16.65,17.165,16.18,16.28,81774122.0
2023-02-17,SOXL,15.98,16.12,15.04,15.5,82870987.0
2023-02-21,SOXL,14.789,15.31,13.89,14.01,68114431.0
2023-02-22,SOXL,14.11,14.41,13.54,13.83,70471479.0
2023-02-23,SOXL,15.13,15.34,14.28,15.08,94198040.0
2023-02-24,SOXL,14.29,14.54,13.96,14.31,74689209.0
2023-02-27,SOXL,14.96,15.01,14.5,14.5,61896910.0
2023-02-28,SOXL,14.4,15.27,14.31,14.65,59300491.0
2023-03-01,SOXL,14.81,15.215,14.48,14.68,63832612.0
2023-03-02,SOXL,14.01,15.24,13.66,15.01,73798649.0
2023-03-03,SOXL,15.05,15.77,14.6505,15.68,72055223.0
2023-03-06,SOXL,15.83,16.25,15.04,15.17,56252671.0
2023-03-07,SOXL,15.19,15.42,14.49,14.65,66744279.0
2023-03-08,SOXL,14.86,15.895,14.85,15.81,71670192.0
2023-03-09,SOXL,15.75,16.5399,14.8,14.91,87945701.0
2023-03-10,SOXL,15.112,15.2499,13.81,14.05,128656295.0
2023-03-13,SOXL,13.61,14.5431,13.15,14.02,121199367.0
2023-03-14,SOXL,14.76,15.54,14.54,15.22,107012464.0
2023-03-15,SOXL,14.6,14.845,13.75,14.69,126199738.0
2023-03-16,SOXL,14.48,16.52,14.3,16.42,109806772.0
2023-03-17,SOXL,16.49,16.9,15.83,16.13,79179202.0
2023-03-20,SOXL,16.14,16.79,15.78,16.61,62536445.0
2023-03-21,SOXL,17.01,17.53,15.94,16.67,76051305.0
2023-03-22,SOXL,16.68,18.02,16.2,16.24,95074957.0
2023-03-23,SOXL,17.02,18.17,16.625,17.49,97514385.0
2023-03-24,SOXL,17.1,17.2185,16.04,16.57,90861162.0
2023-03-27,SOXL,16.76,16.92,15.81,15.97,64605173.0
2023-03-28,SOXL,15.87,15.88,14.9,15.63,75621561.0
2023-03-29,SOXL,16.34,17.465,16.3,17.08,90012496.0
2023-03-30,SOXL,17.76,18.29,17.58,17.95,80622155.0
2023-03-31,SOXL,17.56,18.34,17.43,18.3,68287494.0
2023-04-03,SOXL,17.92,18.16,17.13,17.81,57147253.0
2023-04-04,SOXL,17.87,17.9004,16.51,16.79,64093381.0
2023-04-05,SOXL,16.25,16.31,15.38,15.92,86953337.0
2023-04-06,SOXL,15.45,16.006,15.09,15.66,65901139.0
2023-04-10,SOXL,15.22,16.5,15.14,16.39,63177729.0
2023-04-11,SOXL,16.72,16.79,16.11,16.21,52220189.0
2023-04-12,SOXL,16.6615,16.74,15.265,15.33,76962319.0
2023-04-13,SOXL,15.39,15.95,15.04,15.67,59431399.0
2023-04-14,SOXL,15.64,16.1872,15.08,15.58,56858464.0
2023-04-17,SOXL,15.1,15.62,14.95,15.58,56761706.0
2023-04-18,SOXL,16.018,16.36,15.41,15.78,56833160.0
2023-04-19,SOXL,15.2,15.38,14.98,15.26,53185648.0
2023-04-20,SOXL,14.79,15.9,14.745,15.2,65191010.0
2023-04-21,SOXL,15.09,15.09,14.48,14.86,68275953.0
2023-04-24,SOXL,14.78,15.04,14.36,14.63,48740168.0
2023-04-25,SOXL,14.42,14.42,13.17,13.2,89382776.0
2023-04-26,SOXL,13.62,13.79,13.18,13.37,68911167.0
2023-04-27,SOXL,13.33,13.5975,12.52,13.54,87997584.0
2023-04-28,SOXL,13.758,14.27,13.54,14.23,65456820.0
2023-05-01,SOXL,14.46,14.79,14.32,14.66,57190978.0
2023-05-02,SOXL,14.66,14.91,13.91,14.35,61126539.0
2023-05-03,SOXL,14.12,14.6199,13.81,13.84,71240651.0
2023-05-04,SOXL,13.5,14.0,13.22,13.6,62383944.0
2023-05-05,SOXL,13.62,14.675,13.435,14.47,62636238.0
2023-05-08,SOXL,14.46,14.7,14.07,14.65,41012842.0
2023-05-09,SOXL,14.07,14.12,13.7401,13.94,57414326.0
2023-05-10,SOXL,14.38,14.64,13.91,14.31,78346741.0
2023-05-11,SOXL,14.33,14.43,13.64,14.07,54962188.0
2023-05-12,SOXL,14.18,14.37,13.59,14.02,46243552.0
2023-05-15,SOXL,14.1,15.14,13.97,15.11,64054012.0
2023-05-16,SOXL,14.98,15.57,14.97,15.05,54294603.0
2023-05-17,SOXL,15.48,16.34,15.1397,16.14,77302853.0
2023-05-18,SOXL,16.34,17.8,16.32,17.67,91302154.0
2023-05-19,SOXL,17.59,17.64,17.06,17.39,49521165.0
2023-05-22,SOXL,16.92,17.72,16.885,17.53,43944376.0
2023-05-23,SOXL,17.2,17.55,16.79,16.92,41287223.0
2023-05-24,SOXL,15.89,16.23,15.49,16.03,87475827.0
2023-05-25,SOXL,18.16,19.385,17.63,19.15,124768735.0
2023-05-26,SOXL,20.05,23.26,20.03,22.88,112964554.0
2023-05-30,SOXL,24.57,24.8,22.59,22.87,99439122.0
2023-05-31,SOXL,21.71,22.67,21.09,21.15,73938650.0
2023-06-01,SOXL,21.48,22.75,20.83,22.16,74757371.0
2023-06-02,SOXL,22.69,22.89,21.53,22.02,65015021.0
2023-06-05,SOXL,21.75,21.75,20.97,20.97,35747684.0
2023-06-06,SOXL,20.55,22.0599,20.43,21.73,49445230.0
2023-06-07,SOXL,22.15,23.1,21.49,21.64,65066092.0
2023-06-08,SOXL,21.79,22.4679,21.46,22.28,43045923.0
2023-06-09,SOXL,23.03,23.49,22.085,22.4,50142075.0
2023-06-12,SOXL,23.2,24.68,23.13,24.6,53183295.0
2023-06-13,SOXL,25.79,26.08,24.72,25.56,82626782.0
2023-06-14,SOXL,25.31,26.7018,24.84,26.64,84621993.0
2023-06-15,SOXL,25.75,26.5701,25.4201,25.95,64797195.0
2023-06-16,SOXL,26.77,26.79,25.13,25.24,55392639.0
2023-06-20,SOXL,24.86,25.55,23.975,24.65,43349051.0
2023-06-21,SOXL,24.17,24.49,22.7,22.78,59099380.0
2023-06-22,SOXL,22.28,23.38,22.22,23.1,44637463.0
2023-06-23,SOXL,21.95,22.2799,21.52,21.89,44293959.0
2023-06-26,SOXL,22.32,23.32,22.05,22.09,47524295.0
2023-06-27,SOXL,22.29,24.49,22.01,24.37,54471018.0
2023-06-28,SOXL,23.18,24.435,23.11,23.72,55584453.0
2023-06-29,SOXL,24.11,24.11,23.1701,23.81,45213730.0
2023-06-30,SOXL,24.57,25.17,24.29,24.83,47598781.0
2023-07-03,SOXL,25.26,25.75,24.68,25.49,25289886.0
2023-07-05,SOXL,24.99,25.18,23.83,23.85,38291961.0
2023-07-06,SOXL,22.6,23.05,22.04,22.98,49420406.0
2023-07-07,SOXL,23.08,24.03,22.83,22.96,41283977.0
2023-07-10,SOXL,23.16,24.44,23.08,24.32,39943451.0
2023-07-11,SOXL,24.68,24.74,23.28,24.34,44231044.0
2023-07-12,SOXL,25.44,25.85,25.0,25.69,54237005.0
2023-07-13,SOXL,26.51,27.45,26.21,27.28,42645472.0
2023-07-14,SOXL,27.34,28.03,25.9,26.23,47910203.0
2023-07-17,SOXL,26.2799,28.5273,25.77,28.06,50068608.0
2023-07-18,SOXL,27.75,28.55,27.09,28.26,46023915.0
2023-07-19,SOXL,28.41,28.44,27.04,27.29,49085536.0
2023-07-20,SOXL,25.79,26.055,23.87,24.29,67340611.0
2023-07-21,SOXL,25.01,25.59,24.5,24.92,43146396.0
2023-07-24,SOXL,24.91,25.4399,24.51,24.9,29911501.0
2023-07-25,SOXL,25.31,26.5899,25.3061,26.13,39288526.0
2023-07-26,SOXL,25.2,25.73,24.21,25.06,54225476.0
2023-07-27,SOXL,27.0,28.05,26.0,26.46,83083284.0
2023-07-28,SOXL,27.99,28.44,27.15,28.15,60636025.0
2023-07-31,SOXL,28.46,28.75,27.9515,28.41,37007398.0
2023-08-01,SOXL,27.81,28.72,27.436,28.53,37641839.0
2023-08-02,SOXL,27.5,27.5,24.79,25.28,81886537.0
2023-08-03,SOXL,24.29,25.6,24.07,25.15,51527606.0
2023-08-04,SOXL,24.818,25.95,24.08,24.88,59250857.0
2023-08-07,SOXL,25.46,25.78,24.9849,25.66,40030845.0
2023-08-08,SOXL,24.5,24.545,23.4274,24.46,52987747.0
2023-08-09,SOXL,24.4,24.44,22.95,23.09,49811532.0
2023-08-10,SOXL,23.66,24.409,22.313,22.81,65350364.0
2023-08-11,SOXL,21.93,22.0,21.005,21.14,66258421.0
2023-08-14,SOXL,20.86,22.96,20.66,22.93,55110075.0
2023-08-15,SOXL,22.62,22.815,21.7,21.8,45574826.0
2023-08-16,SOXL,21.71,21.78,20.4702,20.53,54398888.0
2023-08-17,SOXL,20.62,20.75,19.71,19.91,50768954.0
2023-08-18,SOXL,19.22,20.428,19.11,20.15,63687894.0
2023-08-21,SOXL,20.51,22.0299,20.39,21.88,60272400.0
2023-08-22,SOXL,22.71,22.82,21.1,21.35,59837839.0
2023-08-23,SOXL,20.95,22.89,20.9,22.6,67010218.0
2023-08-24,SOXL,23.89,23.92,20.24,20.41,87094964.0
2023-08-25,SOXL,20.34,21.17,19.4,20.66,73315251.0
2023-08-28,SOXL,21.26,21.59,20.76,21.42,57976456.0
2023-08-29,SOXL,21.09,23.31,20.97,23.07,62384106.0
2023-08-30,SOXL,22.92,23.7,22.37,23.4,58519907.0
2023-08-31,SOXL,23.17,24.28,23.14,23.86,57584071.0
2023-09-01,SOXL,24.35,24.51,23.51,24.02,50183309.0
2023-09-05,SOXL,23.75,24.5799,23.38,24.02,39873825.0
2023-09-06,SOXL,23.87,24.29,22.66,23.44,45032301.0
2023-09-07,SOXL,21.86,22.05,21.0,21.87,61690761.0
2023-09-08,SOXL,21.72,22.1899,21.22,21.5,40854898.0
2023-09-11,SOXL,22.24,22.31,20.59,21.45,55474584.0
2023-09-12,SOXL,21.0,21.98,20.85,20.94,49005060.0
2023-09-13,SOXL,20.88,21.87,20.79,21.23,56098888.0
2023-09-14,SOXL,21.86,21.93,21.045,21.65,54201461.0
2023-09-15,SOXL,21.24,21.27,19.45,19.79,77383020.0
2023-09-18,SOXL,19.29,20.18,19.2,19.93,41631089.0
2023-09-19,SOXL,19.76,19.81,19.08,19.43,50047279.0
2023-09-20,SOXL,19.66,19.9151,18.44,18.48,58695558.0
2023-09-21,SOXL,17.755,18.13,17.39,17.42,68048033.0
2023-09-22,SOXL,17.9,18.37,17.625,17.84,65378939.0
2023-09-25,SOXL,17.61,18.28,17.3363,18.22,56510081.0
2023-09-26,SOXL,17.74,17.92,16.99,17.24,70947420.0
2023-09-27,SOXL,17.64,18.08,16.89,17.68,80980913.0
2023-09-28,SOXL,17.57,19.22,17.345,18.64,88909798.0
2023-09-29,SOXL,19.43,19.6599,18.66,18.87,75732751.0
2023-10-02,SOXL,18.95,19.58,18.43,19.08,65982807.0
2023-10-03,SOXL,18.6,19.3899,17.53,17.89,77741013.0
2023-10-04,SOXL,18.18,18.81,17.7727,18.64,74018775.0
2023-10-05,SOXL,18.58,18.87,17.82,18.4,63584133.0
2023-10-06,SOXL,18.02,19.79,17.66,19.47,92805934.0
2023-10-09,SOXL,18.89,19.53,18.45,19.38,62652526.0
2023-10-10,SOXL,19.56,20.62,19.29,20.05,67622754.0
2023-10-11,SOXL,20.31,20.68,19.82,20.51,62660031.0
2023-10-12,SOXL,20.67,21.57,20.09,20.68,83392093.0
2023-10-13,SOXL,20.8,20.885,18.85,18.98,89024936.0
2023-10-16,SOXL,19.13,20.0,19.1,19.81,65688546.0
2023-10-17,SOXL,18.63,19.7602,17.905,19.3,90214556.0
2023-10-18,SOXL,18.37,18.79,17.9818,18.28,81406435.0
2023-10-19,SOXL,18.76,18.93,17.23,17.43,115930911.0
2023-10-20,SOXL,17.42,17.79,16.57,16.64,83690545.0
2023-10-23,SOXL,16.35,17.26,15.8313,16.39,89594471.0
2023-10-24,SOXL,16.66,17.13,16.42,17.04,79093414.0
2023-10-25,SOXL,16.375,16.52,14.71,14.97,107436547.0
2023-10-26,SOXL,15.13,15.68,14.48,14.73,101804671.0
2023-10-27,SOXL,15.3,15.57,14.93,15.1,91507308.0
2023-10-30,SOXL,14.82,15.11,14.02,14.53,104353026.0
2023-10-31,SOXL,14.54,15.03,14.01,14.9,75873115.0
2023-11-01,SOXL,14.95,16.02,14.93,15.95,100044391.0
2023-11-02,SOXL,16.9,17.41,16.38,17.08,89974082.0
2023-11-03,SOXL,17.6,18.76,17.5,18.38,88065892.0
2023-11-06,SOXL,18.45,18.64,17.73,18.25,52668791.0
2023-11-07,SOXL,18.16,18.8768,18.06,18.6,56719456.0
2023-11-08,SOXL,18.66,18.96,18.281,18.67,50269056.0
2023-11-09,SOXL,19.04,19.7,18.28,18.39,75784407.0
2023-11-10,SOXL,19.06,20.78,18.83,20.6,95881460.0
2023-11-13,SOXL,20.11,20.2,19.58,20.02,57461939.0
2023-11-14,SOXL,21.51,22.39,21.38,22.14,94381055.0
2023-11-15,SOXL,22.61,23.18,22.175,22.63,78026230.0
2023-11-16,SOXL,22.37,22.91,22.14,22.72,61404370.0
2023-11-17,SOXL,22.47,23.29,22.37,23.13,54239828.0
2023-11-20,SOXL,23.09,24.42,23.05,24.18,57234366.0
2023-11-21,SOXL,23.57,23.6,22.45,22.84,63297925.0
2023-11-22,SOXL,23.23,24.115,22.82,23.0,65035764.0
2023-11-24,SOXL,22.97,23.1488,22.75,23.09,21933492.0
2023-11-27,SOXL,22.79,23.54,22.6,22.97,40671545.0
2023-11-28,SOXL,22.5,22.89,21.9701,22.54,53548331.0
2023-11-29,SOXL,23.4646,24.2999,23.14,23.22,69262580.0
2023-11-30,SOXL,23.45,23.47,22.19,22.81,58913522.0
2023-12-01,SOXL,22.3799,23.2,21.84,23.07,54913443.0
2023-12-04,SOXL,22.36,22.44,21.29,22.31,55773349.0
2023-12-05,SOXL,21.68,22.085,21.3401,21.93,51980913.0
2023-12-06,SOXL,22.83,22.89,21.405,21.47,60117398.0
2023-12-07,SOXL,22.02,23.4,21.815,23.18,77337042.0
2023-12-08,SOXL,23.01,24.04,22.9514,23.7,69286829.0
2023-12-11,SOXL,24.39,26.38,24.31,26.11,80772671.0
2023-12-12,SOXL,25.75,26.72,25.6,26.65,55752050.0
2023-12-13,SOXL,26.7,28.4,26.42,27.92,80992744.0
2023-12-14,SOXL,28.62,30.49,28.61,30.19,86502805.0
2023-12-15,SOXL,30.46,31.59,30.35,30.57,66921989.0
2023-12-18,SOXL,30.56,30.71,29.46,30.29,46100394.0
2023-12-19,SOXL,30.33,30.98,30.29,30.75,39361134.0
2023-12-20,SOXL,30.2,30.62,28.05,28.1,59562594.0
2023-12-21,SOXL,29.75,30.41,29.354,30.26,62019176.0
2023-12-22,SOXL,30.62,31.08,29.88,30.51,42657574.0
2023-12-26,SOXL,30.93,32.53,30.91,32.16,48619680.0
2023-12-27,SOXL,32.56,32.74,31.845,32.35,47991486.0
2023-12-28,SOXL,32.59,32.78,32.05,32.22,34883785.0
2023-12-29,SOXL,32.17,32.35,30.89,31.4,53294943.0
2024-01-02,SOXL,29.89,29.9,27.255,28.04,79763760.0
2024-01-03,SOXL,26.59,27.05,25.88,26.25,62304866.0
2024-01-04,SOXL,24.96,26.33,24.8,25.58,75067026.0
2024-01-05,SOXL,25.65,26.62,25.4,25.93,73944690.0
2024-01-08,SOXL,26.49,28.67,26.43,28.43,73206535.0
2024-01-09,SOXL,27.5,29.14,27.35,28.42,67615955.0
2024-01-10,SOXL,28.64,28.68,27.09,28.17,62528442.0
2024-01-11,SOXL,28.25,29.04,26.78,28.46,77551249.0
2024-01-12,SOXL,28.58,28.98,27.61,28.1,48992057.0
2024-01-16,SOXL,28.15,29.825,27.7,29.19,77706994.0
2024-01-17,SOXL,28.37,28.55,26.96,28.43,77075393.0
2024-01-18,SOXL,30.715,31.31,29.81,31.19,99590256.0
2024-01-19,SOXL,32.42,34.99,31.9,34.86,91848607.0
2024-01-22,SOXL,35.68,36.5694,34.22,35.26,73322055.0
2024-01-23,SOXL,35.23,36.01,34.22,35.92,50847355.0
2024-01-24,SOXL,37.1,38.92,36.26,37.42,97248166.0
2024-01-25,SOXL,39.5,39.53,36.52,37.12,82851432.0
2024-01-26,SOXL,34.87,35.55,33.7,34.01,70933121.0
2024-01-29,SOXL,34.23,35.13,33.51,35.04,54398842.0
2024-01-30,SOXL,34.56,35.1298,33.0516,33.53,55768183.0
2024-01-31,SOXL,31.92,33.87,31.14,32.1,85888762.0
2024-02-01,SOXL,32.28,32.72,31.2,32.45,60671333.0
2024-02-02,SOXL,32.35,33.92,32.17,33.65,67828906.0
2024-02-05,SOXL,34.55,35.6,33.42,35.1,65899831.0
2024-02-06,SOXL,35.37,35.48,32.66,33.83,62828908.0
2024-02-07,SOXL,34.44,35.49,33.46,35.36,63261793.0
2024-02-08,SOXL,35.74,37.95,35.64,37.15,59516892.0
2024-02-09,SOXL,37.86,39.54,37.17,39.32,65860942.0
2024-02-12,SOXL,39.41,41.3291,38.65,39.15,72207914.0
2024-02-13,SOXL,35.71,37.964,35.16,36.84,86489343.0
2024-02-14,SOXL,38.142,39.265,37.61,39.12,62424138.0
2024-02-15,SOXL,40.0,40.1201,38.5,39.11,60937322.0
2024-02-16,SOXL,39.84,40.78,37.9656,38.33,77150757.0
2024-02-20,SOXL,37.24,37.67,34.6601,36.42,80980073.0
2024-02-21,SOXL,35.11,36.15,34.58,36.14,65483275.0
2024-02-22,SOXL,40.45,42.05,39.87,41.42,96865503.0
2024-02-23,SOXL,42.14,42.68,39.41,40.17,68430036.0
2024-02-26,SOXL,41.22,41.8,40.4,41.21,49475116.0
2024-02-27,SOXL,41.81,42.16,40.785,41.11,48124569.0
2024-02-28,SOXL,39.74,40.5,39.15,39.8,46281921.0
2024-02-29,SOXL,41.21,43.125,40.77,42.84,67431561.0
2024-03-01,SOXL,44.4,48.95,44.24,48.33,90615528.0
2024-03-04,SOXL,50.0,51.41,49.0,49.77,81255479.0
2024-03-05,SOXL,48.01,49.0,45.26,46.84,76835794.0
2024-03-06,SOXL,49.765,51.845,48.72,50.22,91762305.0
2024-03-07,SOXL,52.15,56.06,52.1,55.32,91590801.0
2024-03-08,SOXL,55.94,56.99,48.8,48.95,129037172.0
2024-03-11,SOXL,46.94,47.79,45.1,46.77,76456402.0
2024-03-12,SOXL,48.44,49.69,46.001,49.58,89505916.0
2024-03-13,SOXL,47.9,48.04,45.09,46.08,79513562.0
2024-03-14,SOXL,45.5,46.34,42.18,43.53,77822904.0
2024-03-15,SOXL,41.81,44.14,41.621,42.74,72496483.0
2024-03-18,SOXL,44.7,45.26,42.33,42.54,65139175.0
2024-03-19,SOXL,40.71,41.95,38.945,41.42,83450192.0
2024-03-20,SOXL,41.59,43.8,40.6236,43.4,79396829.0
2024-03-21,SOXL,47.62,48.755,46.06,46.31,82495652.0
2024-03-22,SOXL,45.68,47.5,45.2536,46.43,57152757.0
2024-03-25,SOXL,44.5,47.175,44.14,45.89,54917691.0
2024-03-26,SOXL,46.82,47.37,44.88,45.03,55697573.0
2024-03-27,SOXL,46.23,46.54,43.91,46.5,56643590.0
2024-03-28,SOXL,46.31,47.3,46.01,46.53,45684680.0
2024-04-01,SOXL,46.73,49.99,46.72,47.99,63270010.0
2024-04-02,SOXL,45.83,46.155,44.375,45.88,57411514.0
2024-04-03,SOXL,44.29,47.18,44.21,46.19,54158155.0
2024-04-04,SOXL,48.13,48.49,41.98,42.37,82719328.0
2024-04-05,SOXL,42.7,44.53,41.94,43.62,71151437.0
2024-04-08,SOXL,44.5,45.19,43.5,44.0,42780884.0
2024-04-09,SOXL,45.37,45.85,43.17,45.39,66452423.0
2024-04-10,SOXL,43.11,44.77,42.19,43.09,74893995.0
2024-04-11,SOXL,43.71,46.05,42.66,45.8,64703756.0
2024-04-12,SOXL,43.32,43.55,41.03,41.51,79978410.0
2024-04-15,SOXL,42.99,43.4,39.1,39.78,62077774.0
2024-04-16,SOXL,39.75,41.17,39.21,40.54,62696179.0
2024-04-17,SOXL,40.6,40.85,36.64,37.06,85426553.0
2024-04-18,SOXL,36.04,36.8,34.53,34.91,91529687.0
2024-04-19,SOXL,33.96,34.58,30.2,30.79,105240109.0
2024-04-22,SOXL,31.58,32.85,30.5,32.07,65096873.0
2024-04-23,SOXL,32.82,34.66,32.59,34.11,66511466.0
2024-04-24,SOXL,36.91,37.48,34.6,35.49,80370060.0
2024-04-25,SOXL,35.28,38.18,34.64,37.41,80677603.0
2024-04-26,SOXL,37.32,40.29,37.005,39.8,59041749.0
2024-04-29,SOXL,39.6,40.83,38.71,40.61,51120689.0
2024-04-30,SOXL,40.08,41.49,38.12,38.18,56304155.0
2024-05-01,SOXL,36.08,38.06,33.65,34.37,97290300.0
2024-05-02,SOXL,35.98,36.91,34.1201,36.45,56653375.0
2024-05-03,SOXL,38.75,39.58,38.1032,38.97,58599402.0
2024-05-06,SOXL,39.97,41.38,39.48,41.3,48404839.0
2024-05-07,SOXL,41.53,41.9099,40.28,40.36,51508419.0
2024-05-08,SOXL,39.06,40.5018,38.96,40.41,53735098.0
2024-05-09,SOXL,40.4,40.62,39.31,39.96,39132713.0
2024-05-10,SOXL,41.15,42.24,40.515,41.03,47048410.0
2024-05-13,SOXL,41.6,42.07,41.075,41.27,30565380.0
2024-05-14,SOXL,41.18,43.4385,41.05,43.21,41581510.0
2024-05-15,SOXL,44.67,47.07,43.99,47.0,58063530.0
2024-05-16,SOXL,46.96,48.0301,46.21,46.26,46325513.0
2024-05-17,SOXL,47.015,47.38,44.33,45.4,40965757.0
2024-05-20,SOXL,45.96,49.3,45.81,48.25,55103238.0
2024-05-21,SOXL,46.55,48.19,46.41,47.98,36437199.0
2024-05-22,SOXL,49.25,50.0,48.1,49.38,55487831.0
2024-05-23,SOXL,53.15,53.2,47.55,48.81,81175939.0
2024-05-24,SOXL,50.02,52.072,49.35,51.44,48477370.0
2024-05-28,SOXL,53.34,54.89,51.75,54.04,50658369.0
2024-05-29,SOXL,51.15,51.92,50.65,50.98,42965595.0
2024-05-30,SOXL,50.84,51.34,48.98,50.0,38609193.0
2024-05-31,SOXL,50.3,50.72,44.38,48.59,72522593.0
2024-06-03,SOXL,50.81,50.93,46.1201,48.59,53127300.0
2024-06-04,SOXL,48.46,48.65,46.43,47.59,46692540.0
2024-06-05,SOXL,50.03,53.87,49.565,53.52,66560146.0
2024-06-06,SOXL,53.79,53.79,51.23,52.51,43947636.0
2024-06-07,SOXL,52.228,52.9,50.81,51.87,50248675.0
2024-06-10,SOXL,50.52,54.58,50.4203,53.95,43860888.0
2024-06-11,SOXL,53.38,54.48,51.7,54.17,37695741.0
2024-06-12,SOXL,57.245,59.45,56.81,58.72,73759285.0
2024-06-13,SOXL,60.07,61.49,58.3,60.86,45660674.0
2024-06-14,SOXL,58.95,60.5499,58.35,60.1,39111978.0
2024-06-17,SOXL,61.0,63.15,58.95,62.67,54196457.0
2024-06-18,SOXL,63.42,66.19,63.1,65.24,47069134.0
2024-06-20,SOXL,65.52,65.8255,58.79,60.02,60852933.0
2024-06-21,SOXL,58.42,60.18,56.03,58.2,50355095.0
2024-06-24,SOXL,56.45,57.49,53.03,53.22,54326351.0
2024-06-25,SOXL,54.23,55.45,52.35,55.3,44272493.0
2024-06-26,SOXL,55.16,56.22,52.85,54.78,41093441.0
2024-06-27,SOXL,54.33,55.58,52.82,53.8,35417036.0
2024-06-28,SOXL,54.87,58.581,54.085,55.36,55584636.0
2024-07-01,SOXL,55.36,55.55,52.25,55.36,43334974.0
2024-07-02,SOXL,54.36,57.75,54.28,57.6,45011674.0
2024-07-03,SOXL,58.1,61.515,57.18,60.39,40242701.0
2024-07-05,SOXL,61.862,62.38,59.79,60.81,38395406.0
2024-07-08,SOXL,62.26,64.5,62.2,64.31,42861612.0
2024-07-09,SOXL,65.13,66.145,62.42,64.25,41946653.0
2024-07-10,SOXL,65.89,69.0,65.0128,68.59,48280845.0
2024-07-11,SOXL,70.01,70.08,61.22,61.99,75368530.0
2024-07-12,SOXL,62.84,67.3,61.65,63.94,51046397.0
2024-07-15,SOXL,64.945,66.76,63.0501,64.14,48228686.0
2024-07-16,SOXL,65.02,65.59,62.23,65.3,39846361.0
2024-07-17,SOXL,58.6,59.3,51.2223,51.55,99429836.0
2024-07-18,SOXL,54.16,54.17,49.12,51.66,94172559.0
2024-07-19,SOXL,51.78,52.37,46.75,47.0,75969060.0
2024-07-22,SOXL,50.05,52.95,48.8124,52.93,73675303.0
2024-07-23,SOXL,50.5,52.0721,50.0,50.53,50181645.0
2024-07-24,SOXL,48.43,48.79,42.25,42.9,90534814.0
2024-07-25,SOXL,41.51,43.7,37.39,39.78,143325853.0
2024-07-26,SOXL,42.24,43.0,40.71,41.92,82759209.0
2024-07-29,SOXL,43.365,45.0,41.26,41.81,80788361.0
2024-07-30,SOXL,42.38,42.67,36.7801,37.24,108595996.0
2024-07-31,SOXL,42.3,44.76,41.42,44.39,96880504.0
2024-08-01,SOXL,42.05,43.42,33.42,35.0,163864389.0
2024-08-02,SOXL,30.56,31.59,28.14,29.34,198233860.0
2024-08-05,SOXL,23.52,30.15,23.5,27.89,220042207.0
2024-08-06,SOXL,28.6,30.8,27.17,28.58,137309508.0
2024-08-07,SOXL,31.32,31.94,25.94,26.22,146256506.0
2024-08-08,SOXL,28.57,31.595,26.87,31.46,149988623.0
2024-08-09,SOXL,30.71,31.79,29.58,31.01,96949816.0
2024-08-12,SOXL,31.105,32.59,30.23,31.41,89135109.0
2024-08-13,SOXL,32.66,35.43,32.185,35.28,103380007.0
2024-08-14,SOXL,36.18,36.64,33.27,35.05,112421599.0
2024-08-15,SOXL,37.35,40.47,36.86,39.92,107522670.0
2024-08-16,SOXL,38.79,40.2301,38.07,39.73,82364587.0
2024-08-19,SOXL,39.28,41.75,37.89,41.6,77684164.0
2024-08-20,SOXL,41.05,41.92,39.1,40.09,83644558.0
2024-08-21,SOXL,40.75,42.36,40.33,41.73,83611474.0
2024-08-22,SOXL,42.51,42.88,37.11,37.51,107889890.0
2024-08-23,SOXL,39.16,41.21,38.593,40.4,87128058.0
2024-08-26,SOXL,39.75,40.29,36.91,37.37,86602951.0
2024-08-27,SOXL,36.51,38.9699,35.52,38.49,74033311.0
2024-08-28,SOXL,38.09,38.86,35.2905,36.6,101998473.0
2024-08-29,SOXL,37.06,38.93,35.625,36.19,97333238.0
2024-08-30,SOXL,38.68,39.22,37.06,38.79,85280835.0
2024-09-03,SOXL,36.8,36.8091,29.4,30.07,140077858.0
2024-09-04,SOXL,29.07,31.69,28.73,30.3,108759945.0
2024-09-05,SOXL,29.05,31.2002,28.83,29.75,100075882.0
2024-09-06,SOXL,29.11,29.17,25.5,25.96,156147578.0
2024-09-09,SOXL,27.18,27.7291,26.15,27.43,84474535.0
2024-09-10,SOXL,27.54,28.39,26.24,28.35,81557456.0
2024-09-11,SOXL,28.89,32.42,27.08,32.22,143140937.0
2024-09-12,SOXL,31.75,32.69,30.35,31.81,99273289.0
2024-09-13,SOXL,32.52,33.72,32.36,33.43,78147292.0
2024-09-16,SOXL,32.03,32.64,30.835,32.16,79670080.0
2024-09-17,SOXL,33.31,33.56,31.36,32.16,86913739.0
2024-09-18,SOXL,32.54,34.0,31.05,31.14,113735526.0
2024-09-19,SOXL,34.68,36.439,33.88,35.12,123984344.0
2024-09-20,SOXL,34.05,34.4,32.0401,33.55,108589554.0
2024-09-23,SOXL,33.97,34.38,33.185,33.92,59731609.0
2024-09-24,SOXL,34.84,35.7,33.58,35.07,83369640.0
2024-09-25,SOXL,34.71,36.46,34.65,35.74,73587502.0
2024-09-26,SOXL,40.2,40.51,36.71,39.65,138171824.0
2024-09-27,SOXL,40.0,40.01,37.105,37.66,85253521.0
2024-09-30,SOXL,36.25,37.41,35.0521,36.68,74673962.0
2024-10-01,SOXL,36.59,36.99,32.745,33.83,124928283.0
2024-10-02,SOXL,33.85,36.05,33.16,34.96,81729072.0
2024-10-03,SOXL,34.07,36.61,33.98,35.21,86857198.0
2024-10-04,SOXL,37.31,37.53,35.4501,36.68,101125442.0
2024-10-07,SOXL,35.92,37.24,35.565,36.41,73150171.0
2024-10-08,SOXL,36.42,37.8312,35.66,37.46,66629653.0
2024-10-09,SOXL,37.29,38.76,36.5312,38.61,67182752.0
2024-10-10,SOXL,37.1,38.42,36.36,37.83,79999048.0
2024-10-11,SOXL,36.93,39.05,36.86,38.67,58434532.0
2024-10-14,SOXL,39.44,41.06,39.35,40.82,69661768.0
2024-10-15,SOXL,40.49,41.19,33.6398,34.47,131664163.0
2024-10-16,SOXL,35.75,35.75,34.0,34.46,70233035.0
2024-10-17,SOXL,37.17,37.36,35.21,35.21,97549025.0
2024-10-18,SOXL,36.25,36.33,34.85,35.27,56704336.0
2024-10-21,SOXL,34.84,35.38,33.73,35.09,59115789.0
2024-10-22,SOXL,34.4,35.03,33.845,34.69,51493103.0
2024-10-23,SOXL,34.41,34.88,32.29,33.8,81658292.0
2024-10-24,SOXL,34.58,34.7364,33.53,34.29,60128283.0
2024-10-25,SOXL,35.19,36.8699,35.17,35.28,82300522.0
2024-10-28,SOXL,35.3,36.09,34.75,35.35,51661086.0
2024-10-29,SOXL,35.46,38.445,34.9413,37.98,72288158.0
2024-10-30,SOXL,34.97,35.695,33.911,34.01,89440103.0
2024-10-31,SOXL,33.01,33.02,29.23,30.09,135437845.0
2024-11-01,SOXL,30.69,31.83,30.38,30.83,80726045.0
2024-11-04,SOXL,30.61,31.67,30.01,30.35,60422389.0
2024-11-05,SOXL,30.36,31.49,30.25,31.38,63174860.0
2024-11-06,SOXL,33.25,34.5,32.4,34.12,97893065.0
2024-11-07,SOXL,35.77,36.37,35.44,36.21,77945840.0
2024-11-08,SOXL,35.56,36.28,34.835,35.41,62666318.0
2024-11-11,SOXL,34.35,34.41,31.48,32.77,99155706.0
2024-11-12,SOXL,32.37,32.55,30.38,31.67,75694779.0
2024-11-13,SOXL,30.83,31.2198,29.47,29.69,92269201.0
2024-11-14,SOXL,30.59,30.835,29.3801,29.6,68994185.0
2024-11-15,SOXL,28.01,28.49,26.43,26.66,113560215.0
2024-11-18,SOXL,26.7,27.83,26.3,27.67,70735082.0
2024-11-19,SOXL,27.37,28.0299,27.09,27.85,57030590.0
2024-11-20,SOXL,27.335,27.56,26.0,27.13,90911692.0
2024-11-21,SOXL,28.05,28.92,26.47,28.49,106013212.0
2024-11-22,SOXL,28.25,28.69,27.84,28.49,52604110.0
2024-11-25,SOXL,29.58,30.0996,28.74,29.33,70535997.0
2024-11-26,SOXL,30.04,30.25,27.46,28.13,73204151.0
2024-11-27,SOXL,27.68,27.75,25.582,26.98,84235679.0
2024-11-29,SOXL,27.55,29.0402,27.5,28.06,54303368.0
2024-12-02,SOXL,28.56,30.8,28.46,30.2,89389849.0
2024-12-03,SOXL,29.58,30.28,29.4,29.73,59730276.0
2024-12-04,SOXL,31.54,31.56,30.24,30.88,67498756.0
2024-12-05,SOXL,30.75,30.8699,28.88,29.12,59282094.0
2024-12-06,SOXL,29.2,29.8582,28.9,29.61,49152300.0
2024-12-09,SOXL,29.07,30.32,28.61,29.23,54963034.0
2024-12-10,SOXL,29.43,29.53,26.56,27.06,77681748.0
2024-12-11,SOXL,28.33,29.63,27.79,29.12,77277444.0
2024-12-12,SOXL,28.45,28.825,27.74,28.46,59937606.0
2024-12-13,SOXL,30.37,31.31,29.485,30.7,103693876.0
2024-12-16,SOXL,31.12,32.95,30.39,32.51,85469692.0
2024-12-17,SOXL,31.58,32.09,30.55,31.13,64499047.0
2024-12-18,SOXL,31.78,32.48,27.0,27.83,102912170.0
2024-12-19,SOXL,27.97,28.0098,26.06,26.3,86520102.0
2024-12-20,SOXL,25.82,28.37,25.59,27.3,108080179.0
2024-12-23,SOXL,27.89,29.76,27.86,29.59,79330921.0
2024-12-24,SOXL,30.26,30.57,29.655,30.48,39963672.0
2024-12-26,SOXL,29.9,31.1,29.76,30.57,45348999.0
2024-12-27,SOXL,29.98,30.18,28.59,29.69,59316266.0
2024-12-30,SOXL,28.24,28.7761,27.32,27.94,64858952.0
2024-12-31,SOXL,28.2,28.57,26.93,27.31,61199479.0
2025-01-02,SOXL,28.13,29.0482,27.035,27.67,80996342.0
2025-01-03,SOXL,28.32,30.118,28.16,29.82,72119602.0
2025-01-06,SOXL,31.81,33.63,31.81,32.49,95159507.0
2025-01-07,SOXL,33.57,33.73,30.6,31.15,79205733.0
2025-01-08,SOXL,30.8,31.01,29.1754,30.18,69523496.0
2025-01-10,SOXL,29.06,29.09,27.44,28.06,85395014.0
2025-01-13,SOXL,26.44,27.87,26.25,27.85,68286432.0
2025-01-14,SOXL,28.47,28.96,27.18,28.12,79759426.0
2025-01-15,SOXL,29.65,30.46,29.3,29.94,69461329.0
2025-01-16,SOXL,31.46,31.72,29.99,29.99,78881063.0
2025-01-17,SOXL,32.03,32.71,31.48,32.49,69688879.0
2025-01-21,SOXL,33.33,34.53,32.5,33.69,60897492.0
2025-01-22,SOXL,34.69,36.15,34.41,35.15,57709383.0
2025-01-23,SOXL,33.44,34.92,33.01,34.92,44900567.0
2025-01-24,SOXL,34.94,34.94,32.31,32.65,60111512.0
2025-01-27,SOXL,27.66,28.08,23.84,25.06,198431785.0
2025-01-28,SOXL,25.44,25.8,23.75,25.37,103185306.0
2025-01-29,SOXL,26.11,26.295,24.851,25.68,94141654.0
2025-01-30,SOXL,26.58,27.67,26.14,27.15,87140373.0
2025-01-31,SOXL,27.63,29.25,26.7,27.02,102622455.0
2025-02-03,SOXL,24.8,26.49,24.31,25.61,103914273.0
2025-02-04,SOXL,25.34,26.6,25.2,26.25,60520488.0
2025-02-05,SOXL,26.09,27.9499,25.54,27.7,70330721.0
2025-02-06,SOXL,27.17,27.8,26.7207,27.69,59735114.0
2025-02-07,SOXL,27.87,28.28,25.8,26.33,87930828.0
2025-02-10,SOXL,26.92,27.55,26.9,27.35,53330525.0
2025-02-11,SOXL,26.68,27.9,26.68,27.4,43880483.0
2025-02-12,SOXL,26.18,27.54,25.95,27.54,57999332.0
2025-02-13,SOXL,27.49,28.55,27.4,28.47,61026256.0
2025-02-14,SOXL,28.485,28.82,28.105,28.55,43089587.0
2025-02-18,SOXL,29.2,30.23,28.71,29.99,60222218.0
2025-02-19,SOXL,30.19,31.89,29.7601,31.47,58412708.0
2025-02-20,SOXL,32.06,32.64,30.7,31.7,50903178.0
2025-02-21,SOXL,31.905,31.96,28.4,28.81,61966471.0
2025-02-24,SOXL,29.16,29.26,26.66,26.76,63724102.0
2025-02-25,SOXL,26.655,26.92,24.82,25.07,90907486.0
2025-02-26,SOXL,25.99,27.0,25.52,26.29,75869463.0
2025-02-27,SOXL,26.78,26.9,21.7301,21.75,144841614.0
2025-02-28,SOXL,21.8,23.2199,21.0201,22.73,110939359.0
2025-03-03,SOXL,23.715,23.73,19.71,20.51,141822082.0
2025-03-04,SOXL,20.28,22.261,19.0,20.65,154119835.0
2025-03-05,SOXL,21.25,22.16,20.12,21.95,117702361.0
2025-03-06,SOXL,19.71,21.02,19.01,19.23,164277616.0
2025-03-07,SOXL,19.5,21.0899,18.75,20.88,139349188.0
2025-03-10,SOXL,19.34,19.8,17.1,17.99,169215153.0
2025-03-11,SOXL,18.05,18.495,16.51,17.41,161267037.0
2025-03-12,SOXL,18.54,19.11,17.9038,18.3,137654518.0
2025-03-13,SOXL,18.38,19.2699,17.575,18.09,117160233.0
2025-03-14,SOXL,19.06,19.93,18.99,19.8,99718707.0
2025-03-17,SOXL,19.51,21.28,19.5,20.79,82794205.0
2025-03-18,SOXL,20.19,20.4,19.52,19.93,79140867.0
2025-03-19,SOXL,19.89,21.37,19.46,20.38,83249653.0
2025-03-20,SOXL,19.61,20.57,19.5854,19.93,80380581.0
2025-03-21,SOXL,18.82,19.4864,18.37,19.28,84348316.0
2025-03-24,SOXL,20.48,21.3651,20.37,21.0,91671321.0
2025-03-25,SOXL,20.83,21.0199,20.35,20.55,57784407.0
2025-03-26,SOXL,20.3,20.51,18.2,18.79,95647343.0
2025-03-27,SOXL,18.165,18.4099,17.3601,17.76,103112847.0
2025-03-28,SOXL,17.33,17.59,15.74,16.03,138232446.0
2025-03-31,SOXL,15.07,15.9761,14.4,15.95,111345606.0
2025-04-01,SOXL,15.725,15.99,14.825,15.95,106085048.0
2025-04-02,SOXL,15.19,16.89,15.03,16.26,141655172.0
2025-04-03,SOXL,13.81,14.12,11.4,11.41,302517423.0
2025-04-04,SOXL,10.05,10.4299,8.175,8.73,499158093.0
2025-04-07,SOXL,7.88,10.98,7.225,9.15,723467252.0
2025-04-08,SOXL,10.41,10.84,7.6,8.25,488735466.0
2025-04-09,SOXL,8.475,13.11,8.24,12.77,787748763.0
2025-04-10,SOXL,10.915,11.14,8.35,9.63,686331766.0
2025-04-11,SOXL,9.35,10.39,8.91,10.23,412972884.0
2025-04-14,SOXL,11.145,11.16,9.97,10.47,358849474.0
2025-04-15,SOXL,10.6,11.02,10.41,10.6,230001439.0
2025-04-16,SOXL,9.13,9.75,8.33,9.34,362439275.0
2025-04-17,SOXL,9.55,9.55,8.9,9.2,233659091.0
2025-04-21,SOXL,8.67,8.74,8.15,8.71,255318101.0
2025-04-22,SOXL,8.955,9.4,8.85,9.18,249211896.0
2025-04-23,SOXL,10.58,10.9,10.1,10.29,368456056.0
2025-04-24,SOXL,11.05,12.09,10.85,12.0,339636701.0
2025-04-25,SOXL,11.63,12.59,11.51,12.34,274438478.0
2025-04-28,SOXL,12.16,12.53,11.45,12.29,203468940.0
2025-04-29,SOXL,11.81,12.27,11.62,11.86,184045131.0
2025-04-30,SOXL,10.99,12.21,10.75,12.16,229393170.0
2025-05-01,SOXL,12.535,12.8089,12.05,12.1,203349539.0
2025-05-02,SOXL,12.89,13.685,12.89,13.29,223410585.0
2025-05-05,SOXL,12.925,13.41,12.87,13.05,127572323.0
2025-05-06,SOXL,12.33,12.95,12.12,12.64,158548727.0
2025-05-07,SOXL,12.61,13.4,12.23,13.28,190946270.0
2025-05-08,SOXL,13.835,14.34,13.38,13.66,203277011.0
2025-05-09,SOXL,14.21,14.47,13.74,14.11,149644530.0
2025-05-12,SOXL,16.89,17.47,16.5,17.13,263806032.0
2025-05-13,SOXL,17.36,18.86,17.28,18.6,212931756.0
2025-05-14,SOXL,18.97,19.3651,18.43,18.84,179343147.0
2025-05-15,SOXL,18.315,18.91,17.82,18.47,141287601.0
2025-05-16,SOXL,18.53,18.6,17.7612,18.39,113068594.0
2025-05-19,SOXL,17.15,18.21,17.09,18.06,123632015.0
2025-05-20,SOXL,17.62,18.0,17.44,17.97,84252460.0
2025-05-21,SOXL,17.555,18.5899,16.65,17.0,149964824.0
2025-05-22,SOXL,16.965,17.43,16.48,16.51,144981097.0
2025-05-23,SOXL,15.21,16.0,15.1,15.73,179062559.0
2025-05-27,SOXL,16.74,17.51,16.35,17.29,136539698.0
2025-05-28,SOXL,17.43,17.57,16.895,17.04,126785336.0
2025-05-29,SOXL,18.18,18.21,16.9,17.2,181707067.0
2025-05-30,SOXL,16.9,16.9,15.24,16.17,194058663.0
2025-06-02,SOXL,16.06,17.095,16.04,16.9,103936951.0
2025-06-03,SOXL,16.93,18.38,16.575,18.3,158644042.0
2025-06-04,SOXL,18.68,19.26,18.22,19.09,146325287.0
2025-06-05,SOXL,19.49,19.99,18.42,18.81,188985577.0
2025-06-06,SOXL,19.4,19.95,19.15,19.18,114398657.0
2025-06-09,SOXL,19.71,21.06,19.68,20.58,162685954.0
2025-06-10,SOXL,20.84,22.1,20.69,21.89,142811037.0
2025-06-11,SOXL,22.36,22.595,20.99,21.64,160395008.0
2025-06-12,SOXL,21.24,22.065,21.09,21.69,100384527.0
2025-06-13,SOXL,20.32,21.06,19.84,20.04,166989595.0
2025-06-16,SOXL,20.83,22.22,20.79,21.9,121972302.0
2025-06-17,SOXL,21.61,22.53,21.34,21.42,122379506.0
2025-06-18,SOXL,21.715,22.3799,21.23,21.61,113893759.0
2025-06-20,SOXL,22.14,22.33,20.3701,21.21,137078938.0
2025-06-23,SOXL,21.18,21.98,20.28,21.58,125143685.0
2025-06-24,SOXL,22.66,24.03,22.63,23.95,137607991.0
2025-06-25,SOXL,24.4,24.6,23.87,24.58,107621578.0
2025-06-26,SOXL,25.18,25.355,24.59,25.2,92382200.0
2025-06-27,SOXL,25.21,25.84,24.28,25.11,113655642.0
2025-06-30,SOXL,25.49,25.5,24.68,25.11,78035001.0
2025-07-01,SOXL,24.375,25.17,23.5801,24.71,107277343.0
2025-07-02,SOXL,24.51,26.39,24.45,26.05,107157106.0
2025-07-03,SOXL,26.4,26.72,26.23,26.43,62695849.0
2025-07-07,SOXL,25.73,26.05,24.62,24.97,93297624.0
2025-07-08,SOXL,25.63,27.03,25.36,26.37,90457488.0
2025-07-09,SOXL,26.63,27.41,25.8925,26.65,86818681.0
2025-07-10,SOXL,27.39,27.73,26.66,27.37,87602523.0
2025-07-11,SOXL,26.85,27.54,26.55,27.29,71855387.0
2025-07-14,SOXL,26.635,26.7712,25.3213,26.5,99670560.0
2025-07-15,SOXL,28.05,28.46,27.205,27.29,108926203.0
2025-07-16,SOXL,26.6,27.05,24.91,27.03,125700856.0
2025-07-17,SOXL,26.96,27.5101,26.42,27.32,85334112.0
2025-07-18,SOXL,27.66,27.9,26.755,27.33,68274331.0
2025-07-21,SOXL,27.56,28.5,27.44,27.5,79860326.0
2025-07-22,SOXL,27.12,27.28,25.34,26.32,118871562.0
2025-07-23,SOXL,25.65,25.91,24.84,25.78,105639244.0
2025-07-24,SOXL,25.66,25.79,24.95,25.62,77503286.0
2025-07-25,SOXL,25.165,25.62,24.83,25.6,68037930.0
2025-07-28,SOXL,26.38,26.99,26.3352,26.88,88108434.0
2025-07-29,SOXL,27.41,28.16,26.5,27.03,101714456.0
2025-07-30,SOXL,27.75,28.13,26.93,27.61,96772150.0
2025-07-31,SOXL,26.7,26.74,24.2,24.98,133413756.0
2025-08-01,SOXL,23.58,24.83,22.565,24.08,132665236.0
2025-08-04,SOXL,24.59,25.1799,24.24,25.0,85963838.0
2025-08-05,SOXL,25.42,25.68,23.61,24.52,99733426.0
2025-08-06,SOXL,23.84,24.12,22.95,23.99,103447465.0
2025-08-07,SOXL,25.48,25.88,24.53,25.0,117228393.0
2025-08-08,SOXL,25.16,25.83,24.9,25.71,71389885.0
2025-08-11,SOXL,26.03,26.885,25.45,25.61,75943484.0
2025-08-12,SOXL,26.21,28.08,25.68,28.0,125910469.0
2025-08-13,SOXL,28.65,29.33,28.31,29.27,89497115.0
2025-08-14,SOXL,28.12,29.66,27.95,29.42,84286844.0
2025-08-15,SOXL,28.71,28.71,27.07,27.37,93664662.0
2025-08-18,SOXL,27.1,27.65,27.03,27.53,50310362.0
2025-08-19,SOXL,27.57,27.86,26.1,26.24,75595120.0
2025-08-20,SOXL,26.11,26.11,23.66,25.8,117636493.0
2025-08-21,SOXL,25.4,25.9,24.905,25.35,67871086.0
2025-08-22,SOXL,25.56,28.32,25.335,27.45,117140893.0
2025-08-25,SOXL,27.35,27.58,26.81,27.3,55018743.0
2025-08-26,SOXL,27.53,28.22,27.52,27.94,57544326.0
2025-08-27,SOXL,27.61,28.23,27.28,28.18,61375213.0
2025-08-28,SOXL,28.41,29.11,27.96,28.53,74466372.0
2025-08-29,SOXL,27.315,27.35,25.67,26.04,108411318.0
2025-09-02,SOXL,24.08,25.275,23.8,25.25,101906668.0
2025-09-03,SOXL,25.41,25.41,24.12,24.91,79482164.0
2025-09-04,SOXL,24.41,25.73,23.98,25.65,81641173.0
2025-09-05,SOXL,26.82,26.9656,25.6,26.45,110749436.0
2025-09-08,SOXL,26.96,27.43,26.68,27.08,72341742.0
2025-09-09,SOXL,27.165,27.37,26.5699,27.18,55882318.0
2025-09-10,SOXL,28.48,28.83,28.0675,28.6,86721576.0
2025-09-11,SOXL,29.055,29.61,28.97,29.17,69919842.0
2025-09-12,SOXL,29.37,29.55,28.79,29.3,52502568.0
2025-09-15,SOXL,29.14,30.03,28.92,30.0,61267957.0
2025-09-16,SOXL,30.33,30.65,29.79,30.48,54148198.0
2025-09-17,SOXL,30.28,31.25,29.16,30.47,80483924.0
2025-09-18,SOXL,32.76,34.14,32.43,33.64,104513292.0
2025-09-19,SOXL,33.56,33.6,32.12,33.02,66106137.0
2025-09-22,SOXL,33.195,34.75,33.19,34.43,62948159.0
2025-09-23,SOXL,34.7,35.2999,33.665,34.3,63661723.0
2025-09-24,SOXL,33.96,34.39,32.81,34.2,58369917.0
2025-09-25,SOXL,32.44,34.06,31.36,33.85,79969598.0
2025-09-26,SOXL,33.93,34.23,32.83,34.02,60944517.0
2025-09-29,SOXL,35.03,35.49,33.99,34.02,56593682.0
2025-09-30,SOXL,34.065,34.955,33.5734,34.84,60696784.0
2025-10-01,SOXL,34.18,36.98,33.98,36.86,67094664.0
2025-10-02,SOXL,38.96,39.32,38.14,39.08,68834360.0
2025-10-03,SOXL,39.475,40.06,37.62,38.23,69252451.0
2025-10-06,SOXL,42.83,43.37,41.66,41.71,99880312.0
2025-10-07,SOXL,42.78,43.0157,38.7003,38.83,96375863.0
2025-10-08,SOXL,38.87,42.94,38.68,42.78,77149758.0
2025-10-09,SOXL,42.58,42.84,41.01,42.24,63095734.0
2025-10-10,SOXL,42.52,42.84,34.165,34.21,204858945.0
2025-10-13,SOXL,38.23,39.47,37.37,39.14,89274051.0
2025-10-14,SOXL,36.62,39.005,35.95,36.63,100358199.0
2025-10-15,SOXL,39.55,40.17,37.71,39.98,96059772.0
2025-10-16,SOXL,41.45,41.925,39.28,40.57,89397028.0
2025-10-17,SOXL,39.61,40.8045,38.32,40.29,92083361.0
2025-10-20,SOXL,41.16,43.04,41.13,42.24,62424470.0
2025-10-21,SOXL,41.805,42.0263,40.5201,41.51,54386720.0
2025-10-22,SOXL,40.075,40.81,35.965,38.39,110646684.0
2025-10-23,SOXL,37.73,41.47,37.55,41.17,72467001.0
2025-10-24,SOXL,43.43,44.1565,42.96,43.14,69872492.0
2025-10-27,SOXL,45.49,47.16,45.135,46.84,72684112.0
2025-10-28,SOXL,46.435,47.605,45.94,46.96,53994951.0
2025-10-29,SOXL,49.37,50.76,48.05,49.38,88268792.0
2025-10-30,SOXL,48.5,49.97,47.2701,47.39,76956282.0
2025-10-31,SOXL,48.77,49.99,46.71,47.78,75650410.0
2025-11-03,SOXL,49.5,50.19,48.03,48.58,52610598.0
2025-11-04,SOXL,44.77,46.8784,42.5301,42.8,87734250.0
2025-11-05,SOXL,43.22,48.43,43.2117,46.83,76488923.0
2025-11-06,SOXL,46.46,46.99,42.1541,43.01,106419629.0
2025-11-07,SOXL,41.1,41.74,37.04,41.74,143013492.0
2025-11-10,SOXL,45.06,45.52,43.4601,44.96,74223272.0
2025-11-11,SOXL,43.72,44.04,41.65,41.81,80862657.0
2025-11-12,SOXL,44.01,44.63,42.85,43.71,77730881.0
2025-11-13,SOXL,42.17,42.635,38.0,39.22,126123730.0
2025-11-14,SOXL,35.74,40.5999,35.1501,38.86,125398567.0
2025-11-17,SOXL,37.9,40.08,35.532,36.84,101936577.0
2025-11-18,SOXL,35.31,36.005,33.15,34.35,153515794.0
2025-11-19,SOXL,34.72,37.3,34.2,35.96,120458904.0
2025-11-20,SOXL,38.79,39.19,30.405,30.81,228883579.0
2025-11-21,SOXL,30.85,33.04,28.12,31.73,205537921.0
2025-11-24,SOXL,32.69,36.31,32.65,35.86,108832472.0
2025-11-25,SOXL,34.34,36.45,32.05,36.17,108634652.0
2025-11-26,SOXL,37.44,40.145,37.3,39.19,104203889.0
2025-11-28,SOXL,39.65,41.33,39.25,41.26,57190383.0
2025-12-01,SOXL,39.575,42.36,39.46,41.31,79426185.0
2025-12-02,SOXL,42.79,44.61,42.03,43.8,111736203.0
2025-12-03,SOXL,44.45,46.68,43.15,46.58,94299305.0
2025-12-04,SOXL,45.89,46.0979,44.4399,45.16,77656860.0
2025-12-05,SOXL,46.47,48.05,46.3,46.5,77049801.0
2025-12-08,SOXL,47.56,48.6,46.7001,47.99,69224952.0
2025-12-09,SOXL,47.04,48.045,46.47,47.79,56373266.0
2025-12-10,SOXL,47.645,50.09,47.01,49.65,91153108.0
2025-12-11,SOXL,48.01,48.898,44.66,48.79,88062977.0
2025-12-12,SOXL,46.92,47.38,41.06,41.71,138088157.0
2025-12-15,SOXL,43.105,43.42,40.8,41.18,78218561.0
2025-12-16,SOXL,40.75,41.6599,39.24,40.49,94566659.0
2025-12-17,SOXL,41.0,41.32,35.7,36.01,126113940.0
2025-12-18,SOXL,39.97,40.4162,38.11,38.58,97163997.0
2025-12-19,SOXL,39.6,42.36,39.5,41.72,92529110.0
2025-12-22,SOXL,44.45,44.56,42.73,43.26,62717429.0
2025-12-23,SOXL,42.615,43.8,42.22,43.7,44455671.0
2025-12-24,SOXL,43.72,44.36,43.59,44.21,30717753.0
2025-12-26,SOXL,44.75,44.79,43.81,44.21,38006427.0
2025-12-29,SOXL,42.98,44.325,42.35,43.82,54612080.0
2025-12-30,SOXL,44.15,44.75,43.57,43.67,40697363.0
2025-12-31,SOXL,43.89,44.15,42.01,42.03,44754816.0
2026-01-02,SOXL,45.13,48.09,45.08,47.24,132719716.0
2026-01-05,SOXL,50.345,51.22,48.63,49.22,94987531.0
2026-01-06,SOXL,51.105,54.3,51.07,54.01,92678645.0
2026-01-07,SOXL,52.2,52.74,50.84,52.29,65698487.0
2026-01-08,SOXL,51.798,51.809,48.13,49.65,79844752.0
2026-01-09,SOXL,51.085,54.76,50.31,53.95,87214366.0
2026-01-12,SOXL,52.385,55.145,52.35,54.65,53193667.0
2026-01-13,SOXL,55.69,57.63,55.43,56.07,61895357.0
2026-01-14,SOXL,54.89,55.44,53.0,55.38,70434851.0
2026-01-15,SOXL,60.955,61.665,58.01,58.08,89664307.0
2026-01-16,SOXL,61.19,62.185,59.5,60.75,58559515.0
2026-01-20,SOXL,57.34,61.05,57.22,57.94,71408349.0
2026-01-21,SOXL,60.24,65.11,59.46,63.48,103027334.0
2026-01-22,SOXL,66.9,66.96,63.042,63.72,62594176.0
2026-01-23,SOXL,62.48,63.36,60.15,61.6,58613555.0
2026-01-26,SOXL,60.75,61.955,59.6,60.7,42592439.0
2026-01-27,SOXL,63.31,65.99,62.54,64.96,61155421.0
2026-01-28,SOXL,69.0,70.93,67.975,70.09,74205465.0
2026-01-29,SOXL,70.398,71.98,62.65,70.47,78058215.0
2026-01-30,SOXL,67.12,69.86,60.29,61.79,83504157.0
2026-02-02,SOXL,59.46,66.94,59.1,65.2,66960964.0
2026-02-03,SOXL,66.81,67.62,57.02,61.2,101338454.0
2026-02-04,SOXL,59.44,61.03,49.33,53.19,139149384.0
2026-02-05,SOXL,51.305,55.49,50.01,53.25,109350335.0
2026-02-06,SOXL,56.4,62.25,55.67,61.75,108594233.0
2026-02-09,SOXL,59.99,65.045,59.29,64.03,66670511.0
2026-02-10,SOXL,64.67,65.21,61.42,63.34,58273908.0
2026-02-11,SOXL,67.21,69.095,63.2299,68.05,89724221.0
2026-02-12,SOXL,69.67,70.86,62.77,63.1,90896096.0
2026-02-13,SOXL,63.925,66.25,61.43,64.59,79931289.0
2026-02-17,SOXL,62.02,65.96,59.56,64.35,79420360.0
2026-02-18,SOXL,65.255,68.445,64.07,66.29,69348988.0
2026-02-19,SOXL,64.33,65.51,62.96,65.23,68827490.0
2026-02-20,SOXL,63.76,68.22,63.58,67.11,81017925.0
2026-02-23,SOXL,65.85,67.65,63.47,65.86,66926259.0
2026-02-24,SOXL,68.11,69.995,66.35,68.53,66892148.0
2026-02-25,SOXL,70.885,72.36,70.48,71.86,52929283.0
2026-02-26,SOXL,71.03,71.11,61.63,65.34,97787941.0
2026-02-27,SOXL,61.505,63.76,60.655,62.77,70112717.0
2026-03-02,SOXL,58.11,62.82,58.05,62.76,81699785.0
2026-03-03,SOXL,55.115,55.86,51.36,53.42,131198315.0
2026-03-04,SOXL,55.96,57.72,54.38,56.62,78143326.0
2026-03-05,SOXL,55.315,57.6906,51.13,54.8,110055840.0
2026-03-06,SOXL,50.09,53.36,46.8,47.89,125241492.0
2026-03-09,SOXL,45.51,53.78,44.53,53.32,114897710.0
2026-03-10,SOXL,53.36,57.78,53.36,54.59,104717622.0
2026-03-11,SOXL,55.5,57.74,55.35,56.09,83007700.0
2026-03-12,SOXL,53.53,53.88,49.53,50.28,105674414.0
2026-03-13,SOXL,51.875,53.96,50.04,50.72,83244323.0
2026-03-16,SOXL,54.06,55.68,53.01,53.69,79819185.0
2026-03-17,SOXL,55.1,55.4,53.3,54.95,59567715.0
2026-03-18,SOXL,55.03,56.48,54.0,54.02,75470042.0
2026-03-19,SOXL,49.53,56.11,48.5,54.85,93732709.0
2026-03-20,SOXL,54.69,55.36,49.0,51.14,101773048.0
2026-03-23,SOXL,54.63,56.81,52.2801,53.03,115257370.0
2026-03-24,SOXL,51.54,56.09,51.535,54.96,92153492.0
2026-03-25,SOXL,56.64,58.25,55.59,57.04,84440286.0
2026-03-26,SOXL,54.19,54.44,48.87,48.97,116603795.0
2026-03-27,SOXL,48.035,49.38,45.96,46.61,99401414.0
2026-03-30,SOXL,47.86,48.29,39.52,40.62,139746174.0
2026-03-31,SOXL,42.88,48.18,42.61,47.91,138002111.0
2026-04-01,SOXL,50.04,54.085,49.62,52.26,121955587.0
2026-04-02,SOXL,46.06,53.07,46.05,52.75,104471717.0
2026-04-06,SOXL,53.75,55.595,52.88,54.81,68780424.0
2026-04-07,SOXL,54.32,56.6,52.13,56.55,107326502.0
2026-04-08,SOXL,66.33,67.9799,63.56,67.5,111697275.0
2026-04-09,SOXL,68.12,72.28,68.12,71.98,79331609.0
2026-04-10,SOXL,74.295,78.3,74.295,76.39,78863608.0
2026-04-13,SOXL,75.59,80.74,75.25,80.56,64504596.0
2026-04-14,SOXL,83.27,85.57,80.71,85.31,61656971.0
2026-04-15,SOXL,84.66,85.98,79.76,85.96,68425440.0
2026-04-16,SOXL,85.01,89.39,83.31,88.37,63777477.0
2026-04-17,SOXL,93.195,94.75,90.66,94.68,67081435.0
2026-04-20,SOXL,95.97,96.93,92.03,95.94,49367793.0
2026-04-21,SOXL,97.97,99.95,95.32,98.09,65206901.0
2026-04-22,SOXL,102.94,106.09,99.6,105.64,58165233.0
2026-04-23,SOXL,108.62,116.7699,107.46,112.77,96510191.0
2026-04-24,SOXL,125.21,130.1175,120.24,128.32,83092416.0
2026-04-27,SOXL,128.325,129.59,117.7902,123.39,73334615.0
2026-04-28,SOXL,108.75,115.62,103.99,109.56,94099741.0
2026-04-29,SOXL,114.76,118.315,112.3,117.97,55503693.0
2026-04-30,SOXL,122.81,127.45,117.5,126.98,58536651.0
2026-05-01,SOXL,124.39,131.38,121.66,130.4,40940347.0
2026-05-04,SOXL,132.195,133.67,123.8,127.55,46455721.0
2026-05-05,SOXL,135.0,147.26,134.02,144.16,52130075.0
2026-05-06,SOXL,157.84,166.0,149.0617,165.85,65579223.0
2026-05-07,SOXL,162.115,162.9,147.61,152.1,72375207.0
2026-05-08,SOXL,163.0,177.5,161.51,176.94,47016488.0
2026-05-11,SOXL,181.0,191.2899,178.94,190.42,50495958.0
2026-05-12,SOXL,177.62,182.2399,150.58,172.52,91705572.0
2026-05-13,SOXL,183.835,188.488,172.26,184.24,59522250.0
2026-05-14,SOXL,182.67,189.56,178.2775,186.19,43318951.0
2026-05-15,SOXL,167.0,174.4,161.1402,164.18,62126569.0
2026-05-18,SOXL,172.95,174.61,142.69,151.75,75610474.0
2026-05-19,SOXL,141.24,160.6,135.02,151.89,85384026.0
2026-05-20,SOXL,161.0,173.7,161.0,173.2,58913172.0
2026-05-21,SOXL,171.26,179.97,168.23,178.39,52278678.0
2026-05-22,SOXL,184.8,195.27,183.34,190.56,45133031.0
2026-05-26,SOXL,211.38,228.5,209.89,225.79,52532952.0
2026-05-27,SOXL,242.66,242.66,204.0,217.98,74732725.0
2026-05-28,SOXL,219.0,231.89,207.56,224.63,47153520.0
2026-05-29,SOXL,231.82,239.07,218.56,224.34,37035732.0
2026-06-01,SOXL,217.265,234.06,210.14,227.03,37499579.0
2026-06-02,SOXL,243.18,267.08,238.8233,266.32,42799670.0
2026-06-03,SOXL,281.47,284.58,257.26,280.54,49817248.0
2026-06-04,SOXL,242.04,274.5,228.55,262.7,59036010.0
2026-06-05,SOXL,230.8482,233.69,181.81,182.54,108280347.0
2026-06-08,SOXL,210.62,222.19,201.69,211.44,68180491.0
2026-06-09,SOXL,227.055,231.02,157.561,201.68,124754262.0
2026-06-10,SOXL,191.54,212.99,177.3001,180.65,94924150.0
2026-06-11,SOXL,192.3,225.63,192.3,223.99,72493397.0
2026-06-12,SOXL,222.22,242.4,214.7406,234.68,50419140.0
2026-06-15,SOXL,265.99,274.88,261.6019,272.5,39914100.0
2026-06-16,SOXL,267.13,274.9297,226.0,226.19,54771901.0
2026-06-17,SOXL,247.42,259.79,233.3,233.86,49127336.0
2026-06-18,SOXL,266.035,286.1526,265.0,279.29,49319835.0
2026-06-22,SOXL,299.26,302.0,286.2401,300.77,36399596.0
2026-06-23,SOXL,236.0,252.98,223.0,231.42,70699684.0
2026-06-24,SOXL,233.11,237.0,211.13,229.57,57018526.0
2026-06-25,SOXL,268.05,268.4,225.7441,252.61,58209559.0
2026-06-26,SOXL,226.24,231.25,212.1,215.6,51987371.0
2026-06-29,SOXL,216.36,238.6533,192.3,236.52,48952648.0
2026-06-30,SOXL,241.45,272.0,240.59,266.71,36721034.0
2026-07-01,SOXL,237.785,246.47,215.3807,217.55,60156291.0
2026-07-02,SOXL,219.23,226.13,168.88,181.47,92078836.0
2026-07-06,SOXL,197.21,210.8,194.22,194.65,42756622.0
2026-07-07,SOXL,165.4,171.88,150.08,165.28,78957301.0
2026-07-08,SOXL,159.21,176.75,158.87,174.82,63175889.0
2026-07-09,SOXL,199.81,204.55,189.46,192.45,52530532.0
2026-07-10,SOXL,182.4,195.94,176.8,192.26,37626300.0
2026-07-13,SOXL,174.61,177.67,161.55,165.37,52686688
2026-07-14,SOXL,187.69,188.426,170.26,176.66,49269200
2026-07-15,SOXL,183.77,184,150,165.55,34570268
