date,symbol,open,high,low,close,volume
2010-02-11,TQQQ,0.20345,0.21745,0.2028,0.2163,36000.0
2010-02-12,TQQQ,0.2104,0.21905,0.20915,0.21715,89600.0
2010-02-16,TQQQ,0.22225,0.2261,0.2188,0.22555,100200.0
2010-02-17,TQQQ,0.2286,0.22945,0.22515,0.2294,199800.0
2010-02-18,TQQQ,0.22915,0.23515,0.2278,0.23375,404800.0
2010-02-19,TQQQ,0.23215,0.2368,0.2304,0.23375,484200.0
2010-02-22,TQQQ,0.2365,0.2365,0.2295,0.2321,265600.0
2010-02-23,TQQQ,0.23085,0.2321,0.21995,0.22305,428400.0
2010-02-24,TQQQ,0.227,0.2324,0.22575,0.2298,367800.0
2010-02-25,TQQQ,0.22245,0.23125,0.218,0.22965,475200.0
2010-02-26,TQQQ,0.229,0.2335,0.2267,0.23255,300000.0
2010-03-01,TQQQ,0.23545,0.2435,0.23545,0.2425,148200.0
2010-03-02,TQQQ,0.24465,0.2492,0.2433,0.24395,252200.0
2010-03-03,TQQQ,0.2467,0.24885,0.24295,0.2453,249800.0
2010-03-04,TQQQ,0.24615,0.24835,0.24235,0.248,153400.0
2010-03-05,TQQQ,0.2533,0.26015,0.25195,0.259,140000.0
2010-03-08,TQQQ,0.2592,0.26225,0.2592,0.26035,132000.0
2010-03-09,TQQQ,0.25895,0.26905,0.2587,0.26495,241800.0
2010-03-10,TQQQ,0.26535,0.27305,0.26515,0.27145,208800.0
2010-03-11,TQQQ,0.2698,0.27435,0.268,0.27395,280800.0
2010-03-12,TQQQ,0.277,0.277,0.27145,0.2746,188200.0
2010-03-15,TQQQ,0.27275,0.2746,0.26695,0.27275,220800.0
2010-03-16,TQQQ,0.2754,0.27865,0.27255,0.2779,242600.0
2010-03-17,TQQQ,0.27865,0.2838,0.2775,0.2798,207400.0
2010-03-18,TQQQ,0.2808,0.28355,0.27895,0.28265,271800.0
2010-03-19,TQQQ,0.28575,0.28575,0.2747,0.27765,208600.0
2010-03-22,TQQQ,0.2744,0.2885,0.27335,0.28515,306200.0
2010-03-23,TQQQ,0.2871,0.29175,0.28265,0.2911,288200.0
2010-03-24,TQQQ,0.28905,0.2897,0.28515,0.287,464800.0
2010-03-25,TQQQ,0.294,0.29705,0.28495,0.2852,489200.0
2010-03-26,TQQQ,0.28925,0.29215,0.28215,0.28665,439000.0
2010-03-29,TQQQ,0.291,0.29355,0.28845,0.2906,198200.0
2010-03-30,TQQQ,0.293,0.29615,0.2877,0.29365,207800.0
2010-03-31,TQQQ,0.29035,0.29425,0.2877,0.2897,310200.0
2010-04-01,TQQQ,0.2929,0.2985,0.28265,0.2891,607400.0
2010-04-05,TQQQ,0.2912,0.2992,0.28905,0.29745,352000.0
2010-04-06,TQQQ,0.2952,0.30245,0.29335,0.29975,305800.0
2010-04-07,TQQQ,0.2987,0.302,0.29285,0.29805,553400.0
2010-04-08,TQQQ,0.29505,0.30085,0.2905,0.2991,362800.0
2010-04-09,TQQQ,0.3001,0.30525,0.2978,0.3045,302600.0
2010-04-12,TQQQ,0.30555,0.30805,0.30355,0.30575,254200.0
2010-04-13,TQQQ,0.30475,0.31085,0.302,0.31035,350200.0
2010-04-14,TQQQ,0.31475,0.32155,0.3141,0.3213,318200.0
2010-04-15,TQQQ,0.32095,0.32675,0.32065,0.32555,238400.0
2010-04-16,TQQQ,0.32215,0.3253,0.30795,0.314,674400.0
2010-04-19,TQQQ,0.31105,0.31635,0.3021,0.3135,587200.0
2010-04-20,TQQQ,0.31835,0.3203,0.3124,0.3181,292200.0
2010-04-21,TQQQ,0.3246,0.3265,0.3177,0.3237,437400.0
2010-04-22,TQQQ,0.31425,0.3296,0.3089,0.3285,639800.0
2010-04-23,TQQQ,0.32885,0.3339,0.32495,0.33285,429000.0
2010-04-26,TQQQ,0.3331,0.3356,0.3288,0.3304,419400.0
2010-04-27,TQQQ,0.3272,0.3307,0.3073,0.31,696600.0
2010-04-28,TQQQ,0.31475,0.3151,0.3032,0.31075,651400.0
2010-04-29,TQQQ,0.31505,0.32815,0.31505,0.3266,441400.0
2010-04-30,TQQQ,0.3261,0.32765,0.30655,0.30735,461000.0
2010-05-03,TQQQ,0.31095,0.32455,0.31085,0.3199,274000.0
2010-05-04,TQQQ,0.3078,0.3078,0.28465,0.2916,714800.0
2010-05-05,TQQQ,0.28245,0.29195,0.2771,0.2868,721400.0
2010-05-06,TQQQ,0.2809,0.289,0.1771,0.2587,1134400.0
2010-05-07,TQQQ,0.25185,0.2613,0.2232,0.2399,1293000.0
2010-05-10,TQQQ,0.2702,0.2765,0.2687,0.2757,985800.0
2010-05-11,TQQQ,0.2679,0.28645,0.26635,0.2755,765800.0
2010-05-12,TQQQ,0.27925,0.29095,0.27825,0.29035,565400.0
2010-05-13,TQQQ,0.28755,0.2936,0.27545,0.2772,549800.0
2010-05-14,TQQQ,0.2704,0.2708,0.2513,0.26015,803000.0
2010-05-17,TQQQ,0.2627,0.2666,0.24685,0.26365,712800.0
2010-05-18,TQQQ,0.2701,0.2716,0.24895,0.2536,992800.0
2010-05-19,TQQQ,0.2492,0.2552,0.2381,0.2469,1238400.0
2010-05-20,TQQQ,0.23195,0.2336,0.2173,0.22195,1421800.0
2010-05-21,TQQQ,0.2084,0.23055,0.2062,0.22365,1220400.0
2010-05-24,TQQQ,0.22485,0.2332,0.2229,0.2255,807400.0
2010-05-25,TQQQ,0.20875,0.2246,0.2021,0.2239,899200.0
2010-05-26,TQQQ,0.22735,0.2367,0.2153,0.217,1085000.0
2010-05-27,TQQQ,0.23145,0.24105,0.22955,0.24045,902200.0
2010-05-28,TQQQ,0.24205,0.24275,0.23045,0.2371,868200.0
2010-06-01,TQQQ,0.2346,0.2467,0.22915,0.23055,1055800.0
2010-06-02,TQQQ,0.23435,0.24675,0.22935,0.24675,590800.0
2010-06-03,TQQQ,0.2486,0.2546,0.2439,0.2532,598200.0
2010-06-04,TQQQ,0.2373,0.24675,0.22485,0.2282,1281000.0
2010-06-07,TQQQ,0.2304,0.2329,0.2146,0.21495,878800.0
2010-06-08,TQQQ,0.2165,0.2179,0.20525,0.21375,1385000.0
2010-06-09,TQQQ,0.21805,0.2242,0.20665,0.20905,1195000.0
2010-06-10,TQQQ,0.21635,0.2268,0.21455,0.2264,810000.0
2010-06-11,TQQQ,0.21935,0.2332,0.21935,0.2323,652800.0
2010-06-14,TQQQ,0.2392,0.2438,0.2315,0.2324,1184400.0
2010-06-15,TQQQ,0.2363,0.2521,0.23555,0.2494,1042200.0
2010-06-16,TQQQ,0.2492,0.2578,0.24795,0.25445,824800.0
2010-06-17,TQQQ,0.2584,0.2588,0.25035,0.257,849200.0
2010-06-18,TQQQ,0.2583,0.26285,0.2551,0.2577,727000.0
2010-06-21,TQQQ,0.2671,0.26825,0.24665,0.2509,1145400.0
2010-06-22,TQQQ,0.2538,0.2593,0.2437,0.24495,935400.0
2010-06-23,TQQQ,0.2459,0.2484,0.2362,0.2417,1170400.0
2010-06-24,TQQQ,0.2388,0.2409,0.22865,0.22995,1247000.0
2010-06-25,TQQQ,0.23295,0.23555,0.2249,0.2298,924800.0
2010-06-28,TQQQ,0.23,0.23345,0.2228,0.22775,855000.0
2010-06-29,TQQQ,0.21705,0.21745,0.19635,0.20235,2282400.0
2010-06-30,TQQQ,0.1993,0.20505,0.19075,0.19235,956600.0
2010-07-01,TQQQ,0.1934,0.19505,0.17935,0.19045,1314200.0
2010-07-02,TQQQ,0.19095,0.1932,0.1836,0.18945,767600.0
2010-07-06,TQQQ,0.19665,0.2003,0.1856,0.1904,815400.0
2010-07-07,TQQQ,0.19205,0.209,0.1916,0.2084,837400.0
2010-07-08,TQQQ,0.2134,0.21425,0.2046,0.21195,1080000.0
2010-07-09,TQQQ,0.2114,0.21875,0.21025,0.21785,743000.0
2010-07-12,TQQQ,0.21705,0.2236,0.21575,0.22035,515200.0
2010-07-13,TQQQ,0.2255,0.2308,0.2206,0.22785,907000.0
2010-07-14,TQQQ,0.2298,0.2354,0.22685,0.2315,570400.0
2010-07-15,TQQQ,0.23055,0.23435,0.22305,0.2323,594800.0
2010-07-16,TQQQ,0.2303,0.23055,0.2126,0.2136,944600.0
2010-07-19,TQQQ,0.21485,0.2198,0.20965,0.21845,647000.0
2010-07-20,TQQQ,0.2076,0.22625,0.20595,0.22535,666400.0
2010-07-21,TQQQ,0.23385,0.23385,0.216,0.21745,898400.0
2010-07-22,TQQQ,0.22595,0.2366,0.22595,0.2321,658600.0
2010-07-23,TQQQ,0.22885,0.23845,0.2276,0.23815,723200.0
2010-07-26,TQQQ,0.2392,0.24405,0.23585,0.2434,524800.0
2010-07-27,TQQQ,0.247,0.24805,0.2403,0.24335,623400.0
2010-07-28,TQQQ,0.24285,0.2459,0.23515,0.23835,404000.0
2010-07-29,TQQQ,0.24165,0.24325,0.2253,0.2327,795600.0
2010-07-30,TQQQ,0.22675,0.2381,0.22265,0.23425,676200.0
2010-08-02,TQQQ,0.24295,0.2487,0.24025,0.24685,469600.0
2010-08-03,TQQQ,0.2464,0.2472,0.24045,0.2443,333400.0
2010-08-04,TQQQ,0.24755,0.2521,0.2443,0.2514,421400.0
2010-08-05,TQQQ,0.2476,0.2508,0.24465,0.2499,346200.0
2010-08-06,TQQQ,0.2409,0.2498,0.2373,0.2487,795600.0
2010-08-09,TQQQ,0.25215,0.2552,0.2489,0.25305,446000.0
2010-08-10,TQQQ,0.2474,0.25115,0.24095,0.2477,823000.0
2010-08-11,TQQQ,0.23455,0.2347,0.2237,0.2273,806800.0
2010-08-12,TQQQ,0.2137,0.22405,0.2124,0.2209,760000.0
2010-08-13,TQQQ,0.2191,0.2216,0.2165,0.2165,301800.0
2010-08-16,TQQQ,0.2133,0.2221,0.21055,0.21775,497000.0
2010-08-17,TQQQ,0.2226,0.23185,0.2213,0.226,625400.0
2010-08-18,TQQQ,0.22485,0.23265,0.2223,0.22805,370600.0
2010-08-19,TQQQ,0.2248,0.22715,0.2138,0.21965,533400.0
2010-08-20,TQQQ,0.21745,0.22055,0.21355,0.2189,461400.0
2010-08-23,TQQQ,0.2238,0.22515,0.21255,0.21285,563600.0
2010-08-24,TQQQ,0.2059,0.20745,0.1982,0.20065,754200.0
2010-08-25,TQQQ,0.19675,0.20915,0.1958,0.20665,750800.0
2010-08-26,TQQQ,0.2093,0.20965,0.19855,0.1999,692600.0
2010-08-27,TQQQ,0.2034,0.2074,0.19115,0.20655,1002400.0
2010-08-30,TQQQ,0.20335,0.2088,0.1998,0.19985,547600.0
2010-08-31,TQQQ,0.19685,0.20305,0.19405,0.19885,814800.0
2010-09-01,TQQQ,0.2065,0.21755,0.2062,0.2155,675200.0
2010-09-02,TQQQ,0.21685,0.2229,0.2152,0.2229,282800.0
2010-09-03,TQQQ,0.2297,0.23425,0.2273,0.23425,704600.0
2010-09-07,TQQQ,0.2311,0.2339,0.2281,0.22855,507200.0
2010-09-08,TQQQ,0.2311,0.24045,0.2311,0.23665,593200.0
2010-09-09,TQQQ,0.244,0.2444,0.23865,0.23965,470600.0
2010-09-10,TQQQ,0.2414,0.2435,0.23745,0.2422,333000.0
2010-09-13,TQQQ,0.24855,0.2547,0.2483,0.2529,436000.0
2010-09-14,TQQQ,0.2518,0.26,0.25035,0.2561,441400.0
2010-09-15,TQQQ,0.25405,0.2617,0.252,0.26045,352400.0
2010-09-16,TQQQ,0.26025,0.26455,0.25755,0.2641,488400.0
2010-09-17,TQQQ,0.2695,0.2695,0.2629,0.26695,598000.0
2010-09-20,TQQQ,0.2699,0.28225,0.269,0.28085,549800.0
2010-09-21,TQQQ,0.28105,0.28645,0.277,0.27995,905600.0
2010-09-22,TQQQ,0.2768,0.2841,0.27395,0.2786,503000.0
2010-09-23,TQQQ,0.2729,0.2862,0.2721,0.2778,714000.0
2010-09-24,TQQQ,0.2877,0.2953,0.28635,0.2935,659000.0
2010-09-27,TQQQ,0.29485,0.2964,0.28935,0.29015,505800.0
2010-09-28,TQQQ,0.2929,0.2929,0.27625,0.2909,761600.0
2010-09-29,TQQQ,0.2886,0.29255,0.2853,0.28855,332600.0
2010-09-30,TQQQ,0.2929,0.29805,0.279,0.28465,924400.0
2010-10-01,TQQQ,0.2913,0.29245,0.27955,0.28375,609600.0
2010-10-04,TQQQ,0.2809,0.2838,0.2695,0.2739,645000.0
2010-10-05,TQQQ,0.2836,0.2957,0.28315,0.2943,571800.0
2010-10-06,TQQQ,0.29305,0.2949,0.281,0.2868,461000.0
2010-10-07,TQQQ,0.29165,0.29185,0.28265,0.2896,411200.0
2010-10-08,TQQQ,0.29015,0.29755,0.2842,0.29545,357000.0
2010-10-11,TQQQ,0.2963,0.30015,0.29335,0.29605,198600.0
2010-10-12,TQQQ,0.2941,0.3038,0.28715,0.3022,509000.0
2010-10-13,TQQQ,0.30775,0.3133,0.30515,0.30955,504400.0
2010-10-14,TQQQ,0.3099,0.3117,0.3031,0.3078,415400.0
2010-10-15,TQQQ,0.31885,0.32745,0.3117,0.32745,622800.0
2010-10-18,TQQQ,0.32795,0.3308,0.32395,0.32745,453000.0
2010-10-19,TQQQ,0.3145,0.322,0.30685,0.31445,663000.0
2010-10-20,TQQQ,0.3175,0.32805,0.3155,0.32095,486800.0
2010-10-21,TQQQ,0.32745,0.331,0.31385,0.3232,571400.0
2010-10-22,TQQQ,0.3236,0.33025,0.3219,0.3295,305800.0
2010-10-25,TQQQ,0.33345,0.3402,0.33345,0.3345,402000.0
2010-10-26,TQQQ,0.32925,0.33885,0.3254,0.3365,389800.0
2010-10-27,TQQQ,0.3322,0.34085,0.3304,0.33995,587800.0
2010-10-28,TQQQ,0.3447,0.34485,0.33385,0.34195,561400.0
2010-10-29,TQQQ,0.34185,0.3458,0.33985,0.3403,420600.0
2010-11-01,TQQQ,0.34375,0.3507,0.3362,0.34105,443800.0
2010-11-02,TQQQ,0.34925,0.35425,0.34765,0.3514,354800.0
2010-11-03,TQQQ,0.3532,0.3566,0.3435,0.3565,599800.0
2010-11-04,TQQQ,0.3689,0.3735,0.3663,0.3691,582600.0
2010-11-05,TQQQ,0.37,0.37175,0.3664,0.36955,593600.0
2010-11-08,TQQQ,0.3677,0.3724,0.36505,0.3705,538800.0
2010-11-09,TQQQ,0.37575,0.37705,0.35995,0.3645,634800.0
2010-11-10,TQQQ,0.36645,0.3714,0.35785,0.3701,479000.0
2010-11-11,TQQQ,0.35285,0.36515,0.3486,0.36385,634600.0
2010-11-12,TQQQ,0.35785,0.3621,0.33745,0.34535,1136800.0
2010-11-15,TQQQ,0.35125,0.3527,0.3412,0.34165,620800.0
2010-11-16,TQQQ,0.3343,0.3402,0.32075,0.3247,946000.0
2010-11-17,TQQQ,0.32525,0.33265,0.3229,0.32775,579000.0
2010-11-18,TQQQ,0.3383,0.3498,0.33805,0.343,722600.0
2010-11-19,TQQQ,0.34185,0.34635,0.33795,0.3438,486600.0
2010-11-22,TQQQ,0.3397,0.35285,0.3383,0.35285,768000.0
2010-11-23,TQQQ,0.3424,0.3434,0.3302,0.3362,968000.0
2010-11-24,TQQQ,0.34575,0.35855,0.34535,0.35585,674400.0
2010-11-26,TQQQ,0.34965,0.3563,0.3476,0.3536,310800.0
2010-11-29,TQQQ,0.34765,0.35155,0.33575,0.34865,919400.0
2010-11-30,TQQQ,0.3376,0.342,0.33165,0.3354,1045400.0
2010-12-01,TQQQ,0.3508,0.3621,0.35025,0.35675,1077400.0
2010-12-02,TQQQ,0.35835,0.36915,0.3574,0.3676,688200.0
2010-12-03,TQQQ,0.36315,0.37185,0.363,0.37065,913800.0
2010-12-06,TQQQ,0.37075,0.37215,0.367,0.37,516000.0
2010-12-07,TQQQ,0.38365,0.3837,0.3697,0.37035,856400.0
2010-12-08,TQQQ,0.374,0.3764,0.36675,0.37545,486600.0
2010-12-09,TQQQ,0.38175,0.3818,0.3724,0.37585,520200.0
2010-12-10,TQQQ,0.37845,0.38445,0.37535,0.38375,459400.0
2010-12-13,TQQQ,0.38855,0.38855,0.3789,0.37925,420600.0
2010-12-14,TQQQ,0.38225,0.386,0.37805,0.38085,400400.0
2010-12-15,TQQQ,0.3805,0.3876,0.3737,0.37695,497800.0
2010-12-16,TQQQ,0.37735,0.3868,0.375,0.3848,448600.0
2010-12-17,TQQQ,0.38605,0.38935,0.38395,0.386,318800.0
2010-12-20,TQQQ,0.388,0.39115,0.37865,0.38705,657000.0
2010-12-21,TQQQ,0.3915,0.3936,0.3885,0.3934,175000.0
2010-12-22,TQQQ,0.39345,0.39545,0.3918,0.39385,225000.0
2010-12-23,TQQQ,0.39175,0.39335,0.3883,0.39085,192000.0
2010-12-27,TQQQ,0.3877,0.39325,0.37945,0.391,334200.0
2010-12-28,TQQQ,0.3939,0.39425,0.38665,0.3893,330600.0
2010-12-29,TQQQ,0.39275,0.3938,0.3906,0.3916,236800.0
2010-12-30,TQQQ,0.39175,0.39185,0.3867,0.38865,149800.0
2010-12-31,TQQQ,0.3878,0.3878,0.3794,0.3851,253800.0
2011-01-03,TQQQ,0.39535,0.41045,0.3953,0.4025,695400.0
2011-01-04,TQQQ,0.40755,0.40765,0.3942,0.40185,685000.0
2011-01-05,TQQQ,0.3979,0.41205,0.39735,0.41185,640000.0
2011-01-06,TQQQ,0.4133,0.41655,0.41075,0.41555,544400.0
2011-01-07,TQQQ,0.4177,0.4184,0.4026,0.4146,793800.0
2011-01-10,TQQQ,0.41145,0.4214,0.4087,0.41925,448200.0
2011-01-11,TQQQ,0.42435,0.4253,0.4169,0.4212,572600.0
2011-01-12,TQQQ,0.42705,0.43,0.4221,0.42975,698400.0
2011-01-13,TQQQ,0.4313,0.4337,0.42695,0.4311,684600.0
2011-01-14,TQQQ,0.4309,0.44055,0.42805,0.44045,319200.0
2011-01-18,TQQQ,0.4292,0.4453,0.42845,0.44395,719400.0
2011-01-19,TQQQ,0.4462,0.4462,0.42465,0.4291,781000.0
2011-01-20,TQQQ,0.42395,0.42505,0.4099,0.41945,986800.0
2011-01-21,TQQQ,0.42555,0.4281,0.4096,0.40985,546000.0
2011-01-24,TQQQ,0.41215,0.42715,0.41,0.4268,450200.0
2011-01-25,TQQQ,0.42105,0.42885,0.41795,0.4283,499200.0
2011-01-26,TQQQ,0.43105,0.43895,0.42705,0.4349,517600.0
2011-01-27,TQQQ,0.44005,0.447,0.43765,0.4433,580000.0
2011-01-28,TQQQ,0.44345,0.4443,0.404,0.40985,1325800.0
2011-01-31,TQQQ,0.4115,0.41905,0.40235,0.41595,833200.0
2011-02-01,TQQQ,0.4255,0.44195,0.4239,0.43905,1059600.0
2011-02-02,TQQQ,0.4367,0.44155,0.4343,0.43705,479800.0
2011-02-03,TQQQ,0.43465,0.4411,0.42415,0.43875,685200.0
2011-02-04,TQQQ,0.43985,0.4474,0.4359,0.44665,708000.0
2011-02-07,TQQQ,0.44945,0.46015,0.44725,0.45315,540600.0
2011-02-08,TQQQ,0.4533,0.4628,0.45105,0.4628,697800.0
2011-02-09,TQQQ,0.45975,0.4638,0.4555,0.46,679200.0
2011-02-10,TQQQ,0.45235,0.46315,0.4492,0.46225,740000.0
2011-02-11,TQQQ,0.45795,0.472,0.45575,0.4717,492400.0
2011-02-14,TQQQ,0.4716,0.47685,0.47035,0.4747,310600.0
2011-02-15,TQQQ,0.47205,0.4745,0.4667,0.47345,485600.0
2011-02-16,TQQQ,0.4772,0.486,0.4765,0.4822,735000.0
2011-02-17,TQQQ,0.4751,0.48435,0.4742,0.4818,451800.0
2011-02-18,TQQQ,0.4821,0.484,0.47335,0.47905,667600.0
2011-02-22,TQQQ,0.45995,0.46355,0.4349,0.43685,1259600.0
2011-02-23,TQQQ,0.43675,0.44145,0.4163,0.4261,1011800.0
2011-02-24,TQQQ,0.4291,0.43645,0.41665,0.43215,1669400.0
2011-02-25,TQQQ,0.4402,0.45255,0.43895,0.4507,1128600.0
2011-02-28,TQQQ,0.45585,0.4603,0.4458,0.45395,1086600.0
2011-03-01,TQQQ,0.46005,0.46005,0.4284,0.43215,1280200.0
2011-03-02,TQQQ,0.4313,0.44715,0.43095,0.43825,1188600.0
2011-03-03,TQQQ,0.451,0.46675,0.45095,0.46435,1383600.0
2011-03-04,TQQQ,0.4646,0.4646,0.44845,0.4575,1139800.0
2011-03-07,TQQQ,0.46325,0.464,0.427,0.43925,1433000.0
2011-03-08,TQQQ,0.43675,0.4502,0.4297,0.44385,1341400.0
2011-03-09,TQQQ,0.4402,0.4408,0.4282,0.4349,1011000.0
2011-03-10,TQQQ,0.4195,0.4232,0.40975,0.415,1821800.0
2011-03-11,TQQQ,0.40805,0.42545,0.40745,0.42195,1068200.0
2011-03-14,TQQQ,0.41505,0.4245,0.4084,0.4178,822000.0
2011-03-15,TQQQ,0.3806,0.4076,0.3768,0.40075,1956800.0
2011-03-16,TQQQ,0.39075,0.3968,0.3633,0.3713,2258000.0
2011-03-17,TQQQ,0.3883,0.39325,0.3806,0.381,1213400.0
2011-03-18,TQQQ,0.3943,0.3945,0.3781,0.3789,1236600.0
2011-03-21,TQQQ,0.3955,0.40625,0.39385,0.40005,992200.0
2011-03-22,TQQQ,0.40195,0.4031,0.39585,0.39895,670400.0
2011-03-23,TQQQ,0.39405,0.40855,0.38605,0.405,1089000.0
2011-03-24,TQQQ,0.4145,0.4296,0.4074,0.42705,1361000.0
2011-03-25,TQQQ,0.4313,0.43855,0.4284,0.43015,1544800.0
2011-03-28,TQQQ,0.436,0.43605,0.42235,0.42285,925400.0
2011-03-29,TQQQ,0.4203,0.4351,0.41595,0.435,701000.0
2011-03-30,TQQQ,0.44165,0.44305,0.43575,0.4414,703600.0
2011-03-31,TQQQ,0.4396,0.44435,0.437,0.4433,587800.0
2011-04-01,TQQQ,0.44965,0.45395,0.4401,0.44395,787000.0
2011-04-04,TQQQ,0.44775,0.44885,0.4338,0.43995,650200.0
2011-04-05,TQQQ,0.43665,0.44375,0.4333,0.43495,561800.0
2011-04-06,TQQQ,0.44535,0.4497,0.43135,0.43825,691600.0
2011-04-07,TQQQ,0.43855,0.4465,0.4291,0.4381,749400.0
2011-04-08,TQQQ,0.44415,0.44575,0.42505,0.43155,525600.0
2011-04-11,TQQQ,0.43655,0.43955,0.4234,0.42765,584200.0
2011-04-12,TQQQ,0.4216,0.4248,0.4138,0.4192,693400.0
2011-04-13,TQQQ,0.4283,0.43275,0.41925,0.4292,738000.0
2011-04-14,TQQQ,0.42025,0.42885,0.4151,0.42685,707000.0
2011-04-15,TQQQ,0.42185,0.4297,0.41655,0.4241,1559200.0
2011-04-18,TQQQ,0.4118,0.41615,0.395,0.41595,1310000.0
2011-04-19,TQQQ,0.41855,0.42345,0.4124,0.42345,1118000.0
2011-04-20,TQQQ,0.4458,0.4533,0.44425,0.4516,1366200.0
2011-04-21,TQQQ,0.46575,0.4659,0.4589,0.46305,676800.0
2011-04-25,TQQQ,0.46475,0.4672,0.46155,0.4665,472400.0
2011-04-26,TQQQ,0.4703,0.47915,0.46745,0.47455,466600.0
2011-04-27,TQQQ,0.47655,0.48555,0.4706,0.48435,652800.0
2011-04-28,TQQQ,0.47965,0.48385,0.47575,0.48365,687800.0
2011-04-29,TQQQ,0.4799,0.48485,0.47785,0.4813,546000.0
2011-05-02,TQQQ,0.4834,0.48645,0.47445,0.4787,561200.0
2011-05-03,TQQQ,0.4772,0.47855,0.46255,0.4715,543800.0
2011-05-04,TQQQ,0.47145,0.47545,0.4576,0.46875,853600.0
2011-05-05,TQQQ,0.46185,0.47805,0.4566,0.4617,997400.0
2011-05-06,TQQQ,0.4758,0.4833,0.46205,0.46575,800400.0
2011-05-09,TQQQ,0.4679,0.4765,0.46295,0.4708,436200.0
2011-05-10,TQQQ,0.4754,0.4849,0.47285,0.48285,576600.0
2011-05-11,TQQQ,0.4814,0.486,0.4627,0.47245,674000.0
2011-05-12,TQQQ,0.4675,0.48275,0.45995,0.4808,628000.0
2011-05-13,TQQQ,0.47755,0.47975,0.4633,0.46375,771400.0
2011-05-16,TQQQ,0.45765,0.4613,0.43655,0.43965,830400.0
2011-05-17,TQQQ,0.433,0.4435,0.43035,0.44325,934800.0
2011-05-18,TQQQ,0.4416,0.4566,0.4398,0.454,443400.0
2011-05-19,TQQQ,0.45925,0.461,0.4501,0.4579,548200.0
2011-05-20,TQQQ,0.45635,0.4581,0.44615,0.4478,454800.0
2011-05-23,TQQQ,0.42945,0.4331,0.422,0.4284,806600.0
2011-05-24,TQQQ,0.43165,0.43165,0.4202,0.4203,707600.0
2011-05-25,TQQQ,0.4183,0.4309,0.418,0.425,561600.0
2011-05-26,TQQQ,0.42085,0.4365,0.42085,0.43295,491000.0
2011-05-27,TQQQ,0.4351,0.44075,0.43415,0.43945,365200.0
2011-05-31,TQQQ,0.4521,0.46055,0.44495,0.46055,576200.0
2011-06-01,TQQQ,0.45755,0.46045,0.4299,0.43115,962000.0
2011-06-02,TQQQ,0.43305,0.43775,0.4265,0.43365,487400.0
2011-06-03,TQQQ,0.41845,0.42795,0.4125,0.41395,847800.0
2011-06-06,TQQQ,0.41205,0.4173,0.4035,0.40395,557000.0
2011-06-07,TQQQ,0.4071,0.41175,0.4009,0.4016,581800.0
2011-06-08,TQQQ,0.39885,0.40095,0.3896,0.39295,974200.0
2011-06-09,TQQQ,0.3931,0.4003,0.38945,0.3947,459000.0
2011-06-10,TQQQ,0.3893,0.392,0.376,0.37655,580200.0
2011-06-13,TQQQ,0.3782,0.3826,0.373,0.3768,614400.0
2011-06-14,TQQQ,0.3853,0.3941,0.3852,0.39085,609600.0
2011-06-15,TQQQ,0.38025,0.38705,0.36695,0.3695,930600.0
2011-06-16,TQQQ,0.3697,0.3732,0.35525,0.3643,887200.0
2011-06-17,TQQQ,0.37465,0.37605,0.35845,0.3616,937200.0
2011-06-20,TQQQ,0.35805,0.3701,0.35805,0.3664,491800.0
2011-06-21,TQQQ,0.37115,0.39155,0.3662,0.39085,773800.0
2011-06-22,TQQQ,0.3856,0.3924,0.38175,0.38205,648000.0
2011-06-23,TQQQ,0.3695,0.3931,0.36605,0.3926,1206800.0
2011-06-24,TQQQ,0.38675,0.38795,0.3701,0.37195,979600.0
2011-06-27,TQQQ,0.3737,0.3951,0.37155,0.39,774600.0
2011-06-28,TQQQ,0.3928,0.4077,0.39135,0.4075,600800.0
2011-06-29,TQQQ,0.4111,0.4146,0.40365,0.4126,712600.0
2011-06-30,TQQQ,0.41695,0.42955,0.4162,0.4283,942000.0
2011-07-01,TQQQ,0.4297,0.4498,0.42595,0.4481,799200.0
2011-07-05,TQQQ,0.44965,0.45605,0.44675,0.4546,763400.0
2011-07-06,TQQQ,0.45345,0.46135,0.44895,0.45945,831600.0
2011-07-07,TQQQ,0.46955,0.48205,0.46785,0.478,1115600.0
2011-07-08,TQQQ,0.4659,0.4742,0.4583,0.47405,1521200.0
2011-07-11,TQQQ,0.4596,0.4663,0.44365,0.44865,1410600.0
2011-07-12,TQQQ,0.448,0.45095,0.4371,0.4377,1048400.0
2011-07-13,TQQQ,0.44745,0.45685,0.4389,0.44355,1195800.0
2011-07-14,TQQQ,0.44745,0.4532,0.42325,0.4283,1285800.0
2011-07-15,TQQQ,0.443,0.4453,0.43385,0.4453,1004200.0
2011-07-18,TQQQ,0.43865,0.44365,0.4255,0.43795,882200.0
2011-07-19,TQQQ,0.45115,0.46955,0.45105,0.46885,1509000.0
2011-07-20,TQQQ,0.4763,0.47655,0.4604,0.4623,1115400.0
2011-07-21,TQQQ,0.4637,0.47915,0.45625,0.47165,1366800.0
2011-07-22,TQQQ,0.47125,0.4882,0.4699,0.4863,952800.0
2011-07-25,TQQQ,0.47425,0.49115,0.47195,0.48345,834400.0
2011-07-26,TQQQ,0.4818,0.492,0.47955,0.4861,1076600.0
2011-07-27,TQQQ,0.47725,0.4781,0.44585,0.4492,1500600.0
2011-07-28,TQQQ,0.45005,0.46845,0.44475,0.4516,1285400.0
2011-07-29,TQQQ,0.4405,0.46115,0.4342,0.44725,1559800.0
2011-08-01,TQQQ,0.46345,0.46585,0.425,0.4412,2055600.0
2011-08-02,TQQQ,0.4345,0.4404,0.406,0.4077,1843800.0
2011-08-03,TQQQ,0.40875,0.42035,0.3878,0.4183,1829000.0
2011-08-04,TQQQ,0.40105,0.403,0.36125,0.36135,3042800.0
2011-08-05,TQQQ,0.37335,0.37795,0.3238,0.3534,3310800.0
2011-08-08,TQQQ,0.32225,0.33975,0.2906,0.2913,4015200.0
2011-08-09,TQQQ,0.3028,0.33225,0.2791,0.3312,4436000.0
2011-08-10,TQQQ,0.309,0.32345,0.2904,0.29215,3370600.0
2011-08-11,TQQQ,0.3035,0.33965,0.2998,0.32965,2982800.0
2011-08-12,TQQQ,0.33715,0.344,0.32535,0.338,2607200.0
2011-08-15,TQQQ,0.34225,0.3527,0.33755,0.3526,1578000.0
2011-08-16,TQQQ,0.343,0.3527,0.3301,0.34355,1569200.0
2011-08-17,TQQQ,0.3456,0.35385,0.3275,0.33795,2210800.0
2011-08-18,TQQQ,0.3104,0.3105,0.27965,0.28895,3424200.0
2011-08-19,TQQQ,0.2791,0.3001,0.27185,0.27275,2993000.0
2011-08-22,TQQQ,0.29195,0.29255,0.27295,0.2752,2254800.0
2011-08-23,TQQQ,0.2811,0.3095,0.27785,0.30925,2980600.0
2011-08-24,TQQQ,0.30765,0.31835,0.29935,0.31655,2053800.0
2011-08-25,TQQQ,0.3159,0.32035,0.298,0.30135,1589400.0
2011-08-26,TQQQ,0.29865,0.3268,0.28945,0.3231,2316800.0
2011-08-29,TQQQ,0.33335,0.3518,0.33335,0.3506,2359000.0
2011-08-30,TQQQ,0.34685,0.364,0.34115,0.35775,2384800.0
2011-08-31,TQQQ,0.36435,0.37285,0.35045,0.35985,2671400.0
2011-09-01,TQQQ,0.3622,0.37055,0.34765,0.3497,2060800.0
2011-09-02,TQQQ,0.33,0.33515,0.31965,0.3252,1605600.0
2011-09-06,TQQQ,0.30225,0.3266,0.3,0.32515,1771400.0
2011-09-07,TQQQ,0.33925,0.35,0.3365,0.34975,1667600.0
2011-09-08,TQQQ,0.34415,0.3596,0.3418,0.3449,2073400.0
2011-09-09,TQQQ,0.33855,0.34225,0.31575,0.3222,2163000.0
2011-09-12,TQQQ,0.31155,0.335,0.3109,0.33425,2497000.0
2011-09-13,TQQQ,0.3381,0.3498,0.33345,0.34725,2919200.0
2011-09-14,TQQQ,0.3533,0.3745,0.3425,0.36225,2433600.0
2011-09-15,TQQQ,0.3748,0.38045,0.36345,0.3787,2451800.0
2011-09-16,TQQQ,0.38165,0.3902,0.37905,0.3886,2564800.0
2011-09-19,TQQQ,0.37485,0.39555,0.365,0.3896,2577600.0
2011-09-20,TQQQ,0.3952,0.40465,0.3816,0.38405,2491200.0
2011-09-21,TQQQ,0.39005,0.39595,0.36425,0.36455,2442200.0
2011-09-22,TQQQ,0.3368,0.346,0.313,0.32905,3494400.0
2011-09-23,TQQQ,0.3207,0.3435,0.32,0.3393,2724000.0
2011-09-26,TQQQ,0.3446,0.3527,0.32185,0.35085,2572800.0
2011-09-27,TQQQ,0.36925,0.3781,0.35465,0.36155,2698200.0
2011-09-28,TQQQ,0.36665,0.37375,0.3435,0.34455,2804000.0
2011-09-29,TQQQ,0.36195,0.3628,0.31645,0.3343,3505800.0
2011-09-30,TQQQ,0.3211,0.32845,0.3073,0.30835,2994400.0
2011-10-03,TQQQ,0.2996,0.31415,0.28375,0.2838,4277600.0
2011-10-04,TQQQ,0.2753,0.3033,0.26695,0.30145,7180000.0
2011-10-05,TQQQ,0.29935,0.32735,0.29245,0.32435,5422600.0
2011-10-06,TQQQ,0.32395,0.34105,0.3192,0.34105,4754800.0
2011-10-07,TQQQ,0.34005,0.34505,0.3276,0.334,3003800.0
2011-10-10,TQQQ,0.35105,0.3683,0.3496,0.3683,2260000.0
2011-10-11,TQQQ,0.36575,0.37875,0.36395,0.37615,2093200.0
2011-10-12,TQQQ,0.38735,0.39455,0.38095,0.3822,2697400.0
2011-10-13,TQQQ,0.3799,0.3939,0.3786,0.39245,1949600.0
2011-10-14,TQQQ,0.40735,0.41405,0.4006,0.41405,1994600.0
2011-10-17,TQQQ,0.4082,0.41205,0.38835,0.3949,11399400.0
2011-10-18,TQQQ,0.3935,0.4159,0.38215,0.4092,2977000.0
2011-10-19,TQQQ,0.40395,0.4066,0.38205,0.3856,2523400.0
2011-10-20,TQQQ,0.38475,0.38665,0.3638,0.38075,2116400.0
2011-10-21,TQQQ,0.39225,0.40165,0.3839,0.39425,1962800.0
2011-10-24,TQQQ,0.3989,0.4221,0.3976,0.4189,2055800.0
2011-10-25,TQQQ,0.41445,0.4152,0.3916,0.39515,2091200.0
2011-10-26,TQQQ,0.40105,0.40345,0.37115,0.3936,3996800.0
2011-10-27,TQQQ,0.42055,0.4323,0.40875,0.4253,3443000.0
2011-10-28,TQQQ,0.4175,0.4284,0.4175,0.4267,1324600.0
2011-10-31,TQQQ,0.4153,0.42045,0.40475,0.40555,1645600.0
2011-11-01,TQQQ,0.3763,0.3849,0.36755,0.37415,4092400.0
2011-11-02,TQQQ,0.38495,0.3881,0.37285,0.3834,2538000.0
2011-11-03,TQQQ,0.39275,0.4086,0.37915,0.4067,2974600.0
2011-11-04,TQQQ,0.40075,0.4058,0.3886,0.4004,1649200.0
2011-11-07,TQQQ,0.40045,0.4101,0.388,0.4093,2323800.0
2011-11-08,TQQQ,0.418,0.4254,0.40425,0.42295,2144800.0
2011-11-09,TQQQ,0.3984,0.40045,0.37615,0.3792,2314000.0
2011-11-10,TQQQ,0.3903,0.39115,0.3672,0.37765,1853600.0
2011-11-11,TQQQ,0.3884,0.40275,0.3866,0.39885,1786800.0
2011-11-14,TQQQ,0.3965,0.4029,0.38755,0.3921,1178400.0
2011-11-15,TQQQ,0.3891,0.4097,0.3875,0.4047,2292800.0
2011-11-16,TQQQ,0.39605,0.4053,0.3828,0.38475,2521800.0
2011-11-17,TQQQ,0.382,0.3823,0.35105,0.3583,4645000.0
2011-11-18,TQQQ,0.35825,0.35935,0.3478,0.3497,2460400.0
2011-11-21,TQQQ,0.33615,0.3368,0.3191,0.32935,2837000.0
2011-11-22,TQQQ,0.3265,0.3359,0.32125,0.33225,3340200.0
2011-11-23,TQQQ,0.3254,0.32635,0.3099,0.31015,3232000.0
2011-11-25,TQQQ,0.30675,0.31715,0.3031,0.3031,1287000.0
2011-11-28,TQQQ,0.3253,0.33595,0.3251,0.33445,2737000.0
2011-11-29,TQQQ,0.3334,0.3417,0.32585,0.3284,2442000.0
2011-11-30,TQQQ,0.35525,0.3657,0.35225,0.36445,2525600.0
2011-12-01,TQQQ,0.36485,0.37515,0.3639,0.37225,1911200.0
2011-12-02,TQQQ,0.38325,0.3835,0.36835,0.3687,1344600.0
2011-12-05,TQQQ,0.3864,0.38885,0.375,0.3808,1970400.0
2011-12-06,TQQQ,0.3826,0.3854,0.3745,0.37785,1458600.0
2011-12-07,TQQQ,0.375,0.3833,0.36345,0.37845,1605000.0
2011-12-08,TQQQ,0.37085,0.37935,0.35695,0.35915,2706200.0
2011-12-09,TQQQ,0.36235,0.37955,0.3614,0.3762,2044200.0
2011-12-12,TQQQ,0.3646,0.36495,0.35415,0.36385,2235200.0
2011-12-13,TQQQ,0.3708,0.37515,0.347,0.35155,2412400.0
2011-12-14,TQQQ,0.34735,0.34845,0.32925,0.3352,4270200.0
2011-12-15,TQQQ,0.3447,0.3448,0.33095,0.3326,3197400.0
2011-12-16,TQQQ,0.33805,0.35105,0.33585,0.33675,2926400.0
2011-12-19,TQQQ,0.34135,0.34355,0.3249,0.32745,2076000.0
2011-12-20,TQQQ,0.34295,0.3576,0.34295,0.3565,2788600.0
2011-12-21,TQQQ,0.3504,0.3504,0.32915,0.34165,3580400.0
2011-12-22,TQQQ,0.343,0.3505,0.3421,0.35,2093200.0
2011-12-23,TQQQ,0.352,0.3591,0.34995,0.35905,1155400.0
2011-12-27,TQQQ,0.3577,0.3656,0.35625,0.3618,1456000.0
2011-12-28,TQQQ,0.36095,0.36225,0.34675,0.3502,2086400.0
2011-12-29,TQQQ,0.3512,0.35785,0.34825,0.35705,1410800.0
2011-12-30,TQQQ,0.35495,0.35955,0.3539,0.3541,1204400.0
2012-01-03,TQQQ,0.37405,0.3799,0.37175,0.37425,2111800.0
2012-01-04,TQQQ,0.3725,0.38055,0.3677,0.37875,1246800.0
2012-01-05,TQQQ,0.3768,0.3893,0.3724,0.38805,1445800.0
2012-01-06,TQQQ,0.3891,0.39495,0.3843,0.3921,2161400.0
2012-01-09,TQQQ,0.3953,0.39595,0.3849,0.3888,1603600.0
2012-01-10,TQQQ,0.40135,0.4045,0.39405,0.39675,1638600.0
2012-01-11,TQQQ,0.39675,0.4021,0.3925,0.39955,1429600.0
2012-01-12,TQQQ,0.4027,0.40575,0.3936,0.40425,1607600.0
2012-01-13,TQQQ,0.398,0.40015,0.38955,0.39965,1616200.0
2012-01-17,TQQQ,0.41085,0.4158,0.40625,0.41035,1344000.0
2012-01-18,TQQQ,0.41335,0.4271,0.411,0.42665,2227400.0
2012-01-19,TQQQ,0.4327,0.43735,0.4308,0.4352,2362400.0
2012-01-20,TQQQ,0.42935,0.43365,0.4286,0.4333,835200.0
2012-01-23,TQQQ,0.4332,0.4426,0.42605,0.43325,1434000.0
2012-01-24,TQQQ,0.4277,0.43455,0.42535,0.43085,995800.0
2012-01-25,TQQQ,0.44445,0.4505,0.43455,0.4473,2109600.0
2012-01-26,TQQQ,0.453,0.45545,0.4363,0.44255,1948800.0
2012-01-27,TQQQ,0.44,0.44885,0.43925,0.44695,1758800.0
2012-01-30,TQQQ,0.4355,0.4495,0.4304,0.44765,1757000.0
2012-01-31,TQQQ,0.45405,0.4567,0.4409,0.4492,2064600.0
2012-02-01,TQQQ,0.45695,0.46525,0.4526,0.46025,1830600.0
2012-02-02,TQQQ,0.4648,0.46915,0.45925,0.465,1512400.0
2012-02-03,TQQQ,0.47785,0.48515,0.47535,0.4835,1615000.0
2012-02-06,TQQQ,0.478,0.48305,0.4747,0.483,1362800.0
2012-02-07,TQQQ,0.48175,0.48845,0.4752,0.4851,1356000.0
2012-02-08,TQQQ,0.48585,0.4932,0.4806,0.4932,1613400.0
2012-02-09,TQQQ,0.49855,0.50575,0.49015,0.5041,1589000.0
2012-02-10,TQQQ,0.49345,0.4975,0.48825,0.49335,2029200.0
2012-02-13,TQQQ,0.50435,0.5089,0.49795,0.50665,1658400.0
2012-02-14,TQQQ,0.50375,0.51105,0.49865,0.51105,1811200.0
2012-02-15,TQQQ,0.5184,0.5267,0.49795,0.49965,3998600.0
2012-02-16,TQQQ,0.50115,0.5226,0.49705,0.5205,2627800.0
2012-02-17,TQQQ,0.521,0.52225,0.50935,0.5161,1686800.0
2012-02-21,TQQQ,0.51805,0.5271,0.5106,0.52045,1712200.0
2012-02-22,TQQQ,0.5173,0.5218,0.5111,0.5136,1306000.0
2012-02-23,TQQQ,0.51535,0.52495,0.5078,0.52335,2189000.0
2012-02-24,TQQQ,0.5277,0.5315,0.5249,0.52845,1401800.0
2012-02-27,TQQQ,0.51935,0.53605,0.5133,0.531,1925200.0
2012-02-28,TQQQ,0.5321,0.54685,0.53045,0.54685,1999800.0
2012-02-29,TQQQ,0.54855,0.55365,0.5347,0.5397,2771800.0
2012-03-01,TQQQ,0.546,0.5541,0.5412,0.5528,2444200.0
2012-03-02,TQQQ,0.55095,0.55665,0.54615,0.55115,1731800.0
2012-03-05,TQQQ,0.55055,0.55235,0.52885,0.53395,2546400.0
2012-03-06,TQQQ,0.51895,0.52185,0.5101,0.51865,2245400.0
2012-03-07,TQQQ,0.52585,0.53385,0.52355,0.5304,1950400.0
2012-03-08,TQQQ,0.53945,0.5521,0.53645,0.54725,1299600.0
2012-03-09,TQQQ,0.55045,0.55725,0.54915,0.55385,1614000.0
2012-03-12,TQQQ,0.5532,0.5567,0.5467,0.55475,1578200.0
2012-03-13,TQQQ,0.5645,0.5861,0.5608,0.586,1994400.0
2012-03-14,TQQQ,0.5877,0.5987,0.58145,0.59255,2531800.0
2012-03-15,TQQQ,0.59745,0.6008,0.5887,0.5971,2050200.0
2012-03-16,TQQQ,0.6,0.6001,0.5918,0.5958,1440600.0
2012-03-19,TQQQ,0.59875,0.61275,0.59455,0.60875,1999600.0
2012-03-20,TQQQ,0.59945,0.614,0.5945,0.6121,1920800.0
2012-03-21,TQQQ,0.61265,0.6222,0.60965,0.61185,1631000.0
2012-03-22,TQQQ,0.60095,0.61245,0.6006,0.6082,2221000.0
2012-03-23,TQQQ,0.61055,0.611,0.59685,0.60735,1640600.0
2012-03-26,TQQQ,0.61865,0.63905,0.61795,0.63905,1651600.0
2012-03-27,TQQQ,0.63975,0.6496,0.6395,0.6415,1867200.0
2012-03-28,TQQQ,0.6427,0.65005,0.6227,0.634,1983000.0
2012-03-29,TQQQ,0.62505,0.6338,0.6134,0.6275,1794800.0
2012-03-30,TQQQ,0.6354,0.63615,0.6157,0.6231,1317200.0
2012-04-02,TQQQ,0.6214,0.645,0.6182,0.64215,1306800.0
2012-04-03,TQQQ,0.64495,0.6509,0.6312,0.6422,1744800.0
2012-04-04,TQQQ,0.62715,0.62855,0.60495,0.616,2137000.0
2012-04-05,TQQQ,0.6126,0.6288,0.61105,0.62725,1611000.0
2012-04-09,TQQQ,0.6034,0.6206,0.60055,0.6128,1499000.0
2012-04-10,TQQQ,0.61165,0.61915,0.5776,0.58325,3056600.0
2012-04-11,TQQQ,0.59935,0.6034,0.58735,0.59165,1758400.0
2012-04-12,TQQQ,0.59515,0.61395,0.59295,0.6115,1857200.0
2012-04-13,TQQQ,0.60535,0.6059,0.5834,0.58385,1909600.0
2012-04-16,TQQQ,0.5936,0.5939,0.55935,0.56545,2088400.0
2012-04-17,TQQQ,0.5725,0.6042,0.56935,0.5988,1971400.0
2012-04-18,TQQQ,0.59345,0.60475,0.58895,0.59445,1336400.0
2012-04-19,TQQQ,0.5882,0.60935,0.56795,0.5752,2075000.0
2012-04-20,TQQQ,0.58355,0.59135,0.56705,0.569,1781600.0
2012-04-23,TQQQ,0.55435,0.5565,0.5388,0.5547,1459800.0
2012-04-24,TQQQ,0.5512,0.55765,0.53805,0.5449,1351000.0
2012-04-25,TQQQ,0.57875,0.58925,0.57615,0.5882,1587600.0
2012-04-26,TQQQ,0.58735,0.60275,0.58595,0.5987,1484200.0
2012-04-27,TQQQ,0.60605,0.61525,0.5967,0.60895,1093000.0
2012-04-30,TQQQ,0.60355,0.60745,0.595,0.5963,1001800.0
2012-05-01,TQQQ,0.593,0.6192,0.59225,0.5997,1090400.0
2012-05-02,TQQQ,0.59,0.60585,0.5866,0.60365,804000.0
2012-05-03,TQQQ,0.60575,0.60695,0.58075,0.5849,1047400.0
2012-05-04,TQQQ,0.5689,0.5716,0.54165,0.542,1897600.0
2012-05-07,TQQQ,0.53165,0.5507,0.5311,0.54275,2198400.0
2012-05-08,TQQQ,0.53235,0.5423,0.5107,0.53675,2880000.0
2012-05-09,TQQQ,0.5185,0.54055,0.5115,0.5338,2807600.0
2012-05-10,TQQQ,0.5391,0.5396,0.5225,0.52835,4230600.0
2012-05-11,TQQQ,0.522,0.5451,0.52175,0.5278,2003600.0
2012-05-14,TQQQ,0.5151,0.52575,0.51115,0.51325,3425000.0
2012-05-15,TQQQ,0.51905,0.5302,0.50585,0.50875,3151600.0
2012-05-16,TQQQ,0.51415,0.51835,0.4951,0.4977,3095800.0
2012-05-17,TQQQ,0.49855,0.50075,0.46685,0.4671,5430000.0
2012-05-18,TQQQ,0.47145,0.4746,0.4472,0.44835,5873400.0
2012-05-21,TQQQ,0.45095,0.4872,0.4495,0.48605,4300200.0
2012-05-22,TQQQ,0.4897,0.49615,0.47355,0.48425,4025800.0
2012-05-23,TQQQ,0.4723,0.49075,0.4597,0.487,3374000.0
2012-05-24,TQQQ,0.4896,0.49075,0.46665,0.47825,3225000.0
2012-05-25,TQQQ,0.47905,0.48135,0.47135,0.4755,1302000.0
2012-05-29,TQQQ,0.48905,0.5004,0.48075,0.4932,2945000.0
2012-05-30,TQQQ,0.4802,0.48645,0.4722,0.48125,2596200.0
2012-05-31,TQQQ,0.4796,0.4831,0.46405,0.47435,3460000.0
2012-06-01,TQQQ,0.4498,0.4579,0.43665,0.4371,4673800.0
2012-06-04,TQQQ,0.44095,0.44895,0.42905,0.44645,4757200.0
2012-06-05,TQQQ,0.4424,0.455,0.44175,0.4526,4093400.0
2012-06-06,TQQQ,0.4631,0.4846,0.46145,0.48355,3577600.0
2012-06-07,TQQQ,0.498,0.49855,0.47645,0.4781,3571000.0
2012-06-08,TQQQ,0.4751,0.49355,0.47065,0.4922,2633000.0
2012-06-11,TQQQ,0.5024,0.50375,0.46595,0.46865,3787400.0
2012-06-12,TQQQ,0.4725,0.48425,0.46405,0.48345,2812400.0
2012-06-13,TQQQ,0.4797,0.4905,0.46865,0.47395,2020800.0
2012-06-14,TQQQ,0.47345,0.48435,0.46595,0.47925,2737800.0
2012-06-15,TQQQ,0.4826,0.49865,0.4823,0.497,3515800.0
2012-06-18,TQQQ,0.49145,0.51425,0.48845,0.5098,3680600.0
2012-06-19,TQQQ,0.51835,0.5329,0.5176,0.52655,3385800.0
2012-06-20,TQQQ,0.5295,0.53445,0.51575,0.52845,4050600.0
2012-06-21,TQQQ,0.52635,0.52845,0.48675,0.48885,3245600.0
2012-06-22,TQQQ,0.4928,0.50575,0.4895,0.50405,2917600.0
2012-06-25,TQQQ,0.49115,0.49165,0.4703,0.47415,2795000.0
2012-06-26,TQQQ,0.47895,0.4874,0.4727,0.48335,2847600.0
2012-06-27,TQQQ,0.48885,0.49855,0.4874,0.4922,2437200.0
2012-06-28,TQQQ,0.48085,0.4821,0.4604,0.4745,4358000.0
2012-06-29,TQQQ,0.5031,0.52085,0.49845,0.52085,5137400.0
2012-07-02,TQQQ,0.5224,0.52605,0.51355,0.525,2606400.0
2012-07-03,TQQQ,0.52595,0.53835,0.52355,0.5375,1936400.0
2012-07-05,TQQQ,0.5371,0.5473,0.52835,0.53935,2470000.0
2012-07-06,TQQQ,0.5322,0.5331,0.508,0.5181,3026000.0
2012-07-09,TQQQ,0.5175,0.5228,0.50885,0.51635,2002600.0
2012-07-10,TQQQ,0.5249,0.52865,0.4953,0.5005,3597200.0
2012-07-11,TQQQ,0.4996,0.50335,0.4806,0.49365,4606000.0
2012-07-12,TQQQ,0.48155,0.4849,0.46575,0.47935,4486600.0
2012-07-13,TQQQ,0.483,0.50395,0.4821,0.5002,2940000.0
2012-07-16,TQQQ,0.4975,0.50385,0.49065,0.49645,2265400.0
2012-07-17,TQQQ,0.5055,0.50915,0.4829,0.5041,3616800.0
2012-07-18,TQQQ,0.50095,0.52915,0.50085,0.5246,3905000.0
2012-07-19,TQQQ,0.53585,0.54685,0.5328,0.54165,4505200.0
2012-07-20,TQQQ,0.5421,0.5421,0.5198,0.52085,3431800.0
2012-07-23,TQQQ,0.4902,0.5071,0.47875,0.50155,4620600.0
2012-07-24,TQQQ,0.50435,0.50635,0.4803,0.4901,5254000.0
2012-07-25,TQQQ,0.47885,0.48935,0.47105,0.47915,4097400.0
2012-07-26,TQQQ,0.50075,0.5073,0.4899,0.4979,4813000.0
2012-07-27,TQQQ,0.5096,0.53675,0.5052,0.5356,5652200.0
2012-07-30,TQQQ,0.53845,0.5452,0.5276,0.5324,3817400.0
2012-07-31,TQQQ,0.5356,0.5417,0.53105,0.5327,2765600.0
2012-08-01,TQQQ,0.54375,0.54405,0.52185,0.5275,3144200.0
2012-08-02,TQQQ,0.5151,0.5378,0.51055,0.522,3454800.0
2012-08-03,TQQQ,0.5475,0.5629,0.54175,0.55165,4064200.0
2012-08-06,TQQQ,0.56075,0.57155,0.5571,0.56405,2658600.0
2012-08-07,TQQQ,0.5725,0.5852,0.56915,0.578,2929200.0
2012-08-08,TQQQ,0.57375,0.58135,0.57115,0.5771,1790200.0
2012-08-09,TQQQ,0.5773,0.5849,0.57425,0.582,1614600.0
2012-08-10,TQQQ,0.5772,0.58435,0.5722,0.58435,1944800.0
2012-08-13,TQQQ,0.58395,0.5879,0.5745,0.5879,1498000.0
2012-08-14,TQQQ,0.5946,0.5981,0.58385,0.58875,2295000.0
2012-08-15,TQQQ,0.5873,0.5956,0.58685,0.5929,1492800.0
2012-08-16,TQQQ,0.6001,0.61855,0.5976,0.61415,2896200.0
2012-08-17,TQQQ,0.61825,0.6226,0.61425,0.6226,2366800.0
2012-08-20,TQQQ,0.62145,0.6254,0.61395,0.625,1914800.0
2012-08-21,TQQQ,0.63105,0.6378,0.6104,0.6178,4546400.0
2012-08-22,TQQQ,0.6131,0.62905,0.60855,0.6245,2369800.0
2012-08-23,TQQQ,0.6175,0.6227,0.6052,0.6106,2284200.0
2012-08-24,TQQQ,0.6054,0.62585,0.6028,0.62145,2171600.0
2012-08-27,TQQQ,0.6296,0.63175,0.6202,0.6245,1570400.0
2012-08-28,TQQQ,0.6225,0.62935,0.61645,0.62435,1826200.0
2012-08-29,TQQQ,0.6251,0.62915,0.61655,0.6246,1539004.0
2012-08-30,TQQQ,0.61625,0.61685,0.6025,0.6055,2596966.0
2012-08-31,TQQQ,0.61875,0.6252,0.59925,0.61845,3516838.0
2012-09-04,TQQQ,0.6147,0.6224,0.5974,0.61585,3118332.0
2012-09-05,TQQQ,0.6145,0.6225,0.60865,0.613,2102026.0
2012-09-06,TQQQ,0.6249,0.6548,0.6246,0.65355,3223820.0
2012-09-07,TQQQ,0.6502,0.6549,0.64615,0.65075,2284800.0
2012-09-10,TQQQ,0.64675,0.6505,0.6253,0.62675,3139720.0
2012-09-11,TQQQ,0.62645,0.63395,0.6206,0.62405,2924662.0
2012-09-12,TQQQ,0.6301,0.63405,0.6176,0.6295,3208184.0
2012-09-13,TQQQ,0.63115,0.6628,0.62855,0.6546,4868874.0
2012-09-14,TQQQ,0.6625,0.67915,0.66105,0.67135,5969176.0
2012-09-17,TQQQ,0.67355,0.67355,0.6656,0.6726,3175292.0
2012-09-18,TQQQ,0.6675,0.6753,0.6675,0.67385,2100990.0
2012-09-19,TQQQ,0.6746,0.68345,0.66855,0.67835,2866920.0
2012-09-20,TQQQ,0.66845,0.678,0.66325,0.67675,144942768.0
2012-09-21,TQQQ,0.68665,0.688,0.675,0.67675,145051728.0
2012-09-24,TQQQ,0.6598,0.66835,0.65575,0.66425,2918928.0
2012-09-25,TQQQ,0.6703,0.6745,0.63595,0.6376,3196632.0
2012-09-26,TQQQ,0.63395,0.6353,0.61165,0.62085,5118280.0
2012-09-27,TQQQ,0.6255,0.65125,0.6227,0.6472,3818396.0
2012-09-28,TQQQ,0.6402,0.64635,0.62915,0.63165,3293936.0
2012-10-01,TQQQ,0.6406,0.65175,0.6221,0.62895,3260490.0
2012-10-02,TQQQ,0.63665,0.6421,0.61895,0.633,3453624.0
2012-10-03,TQQQ,0.63875,0.64865,0.63105,0.645,3336222.0
2012-10-04,TQQQ,0.6495,0.6576,0.6426,0.6525,3174120.0
2012-10-05,TQQQ,0.6621,0.6646,0.63685,0.64125,2427962.0
2012-10-08,TQQQ,0.63075,0.6345,0.6197,0.62425,2186364.0
2012-10-09,TQQQ,0.61865,0.61925,0.59,0.5922,3802960.0
2012-10-10,TQQQ,0.59415,0.59875,0.5823,0.585,3247750.0
2012-10-11,TQQQ,0.59915,0.5995,0.57875,0.5798,2968916.0
2012-10-12,TQQQ,0.5804,0.58885,0.57585,0.5797,2278064.0
2012-10-15,TQQQ,0.58575,0.59385,0.5752,0.59125,2431080.0
2012-10-16,TQQQ,0.5945,0.61875,0.59385,0.617,2976742.0
2012-10-17,TQQQ,0.6073,0.62135,0.6048,0.6151,2780746.0
2012-10-18,TQQQ,0.6097,0.6155,0.5875,0.59405,3621982.0
2012-10-19,TQQQ,0.5921,0.593,0.5495,0.55115,5945808.0
2012-10-22,TQQQ,0.55,0.56425,0.5471,0.5598,4400074.0
2012-10-23,TQQQ,0.54665,0.55835,0.53885,0.54325,5878690.0
2012-10-24,TQQQ,0.55325,0.5559,0.53585,0.5378,4314158.0
2012-10-25,TQQQ,0.5496,0.55185,0.53325,0.5378,4874496.0
2012-10-26,TQQQ,0.53855,0.54935,0.5256,0.54345,4006014.0
2012-10-31,TQQQ,0.54115,0.54355,0.5271,0.5329,3089504.0
2012-11-01,TQQQ,0.5426,0.55865,0.53845,0.5555,3830510.0
2012-11-02,TQQQ,0.563,0.56385,0.5352,0.5352,3826126.0
2012-11-05,TQQQ,0.53825,0.55125,0.53435,0.54835,3134982.0
2012-11-06,TQQQ,0.55075,0.5624,0.545,0.55165,3812168.0
2012-11-07,TQQQ,0.53395,0.5354,0.5053,0.5121,8003884.0
2012-11-08,TQQQ,0.5156,0.5199,0.4881,0.4881,6470476.0
2012-11-09,TQQQ,0.48885,0.5099,0.4879,0.49345,9099068.0
2012-11-12,TQQQ,0.5028,0.50425,0.4897,0.49415,3433794.0
2012-11-13,TQQQ,0.4826,0.4976,0.47895,0.48345,7202784.0
2012-11-14,TQQQ,0.4903,0.4921,0.46415,0.46615,6150114.0
2012-11-15,TQQQ,0.4672,0.4722,0.45655,0.462,6472442.0
2012-11-16,TQQQ,0.4625,0.47145,0.4456,0.4672,7766750.0
2012-11-19,TQQQ,0.4828,0.50205,0.4825,0.50085,7214234.0
2012-11-20,TQQQ,0.50075,0.50345,0.487,0.50095,4565242.0
2012-11-21,TQQQ,0.5023,0.50665,0.49675,0.5045,3349090.0
2012-11-23,TQQQ,0.51365,0.5276,0.5123,0.5276,2694108.0
2012-11-26,TQQQ,0.52395,0.5349,0.51875,0.53435,4102906.0
2012-11-27,TQQQ,0.53335,0.5396,0.52625,0.52835,7498204.0
2012-11-28,TQQQ,0.52105,0.54355,0.51135,0.5425,5860032.0
2012-11-29,TQQQ,0.55105,0.55775,0.54405,0.5519,5199704.0
2012-11-30,TQQQ,0.5521,0.55355,0.5445,0.5499,4759912.0
2012-12-03,TQQQ,0.5624,0.56365,0.5455,0.5472,7023468.0
2012-12-04,TQQQ,0.5474,0.54845,0.53435,0.54365,7016090.0
2012-12-05,TQQQ,0.5429,0.543,0.51805,0.52685,9100698.0
2012-12-06,TQQQ,0.5221,0.54125,0.5177,0.53655,6380184.0
2012-12-07,TQQQ,0.5454,0.54675,0.5222,0.5274,5016384.0
2012-12-10,TQQQ,0.52345,0.5402,0.5231,0.5321,4390822.0
2012-12-11,TQQQ,0.54405,0.56185,0.54185,0.5526,7196880.0
2012-12-12,TQQQ,0.56125,0.56145,0.5448,0.54885,6277580.0
2012-12-13,TQQQ,0.54625,0.5576,0.52925,0.53645,7059538.0
2012-12-14,TQQQ,0.52625,0.5305,0.5156,0.52125,5712720.0
2012-12-17,TQQQ,0.5221,0.5421,0.5202,0.54155,4036442.0
2012-12-18,TQQQ,0.5499,0.56905,0.5455,0.56665,9522090.0
2012-12-19,TQQQ,0.57125,0.57185,0.5581,0.55855,7537462.0
2012-12-20,TQQQ,0.5621,0.5629,0.55075,0.55895,6074478.0
2012-12-21,TQQQ,0.53325,0.54345,0.52605,0.54155,7015708.0
2012-12-24,TQQQ,0.53875,0.5397,0.5345,0.537,1094428.0
2012-12-26,TQQQ,0.53865,0.54075,0.51895,0.52425,3312614.0
2012-12-27,TQQQ,0.5251,0.5273,0.502,0.52135,6424412.0
2012-12-28,TQQQ,0.5106,0.52185,0.50625,0.50625,3428366.0
2012-12-31,TQQQ,0.50385,0.54185,0.50165,0.53925,8825532.0
2013-01-02,TQQQ,0.5781,0.5904,0.5721,0.5896,7389858.0
2013-01-03,TQQQ,0.5895,0.59345,0.5753,0.58105,6491936.0
2013-01-04,TQQQ,0.58145,0.58145,0.57105,0.5753,3171226.0
2013-01-07,TQQQ,0.5703,0.5781,0.5652,0.57595,3819182.0
2013-01-08,TQQQ,0.5752,0.5796,0.5631,0.5726,3649428.0
2013-01-09,TQQQ,0.5745,0.583,0.57325,0.57845,3210650.0
2013-01-10,TQQQ,0.5899,0.5917,0.5729,0.58865,4911320.0
2013-01-11,TQQQ,0.588,0.592,0.5847,0.59085,2209506.0
2013-01-14,TQQQ,0.58145,0.5881,0.57585,0.58325,3074674.0
2013-01-15,TQQQ,0.5752,0.5772,0.5671,0.5746,4518916.0
2013-01-16,TQQQ,0.5779,0.5875,0.57425,0.58105,3176876.0
2013-01-17,TQQQ,0.58885,0.59665,0.58585,0.59,4823128.0
2013-01-18,TQQQ,0.58425,0.5877,0.578,0.58665,4295328.0
2013-01-22,TQQQ,0.58825,0.5898,0.5772,0.58905,5268250.0
2013-01-23,TQQQ,0.59855,0.6047,0.59605,0.59865,4689134.0
2013-01-24,TQQQ,0.5752,0.59125,0.5722,0.5748,5134954.0
2013-01-25,TQQQ,0.58075,0.58855,0.5771,0.58335,3552018.0
2013-01-28,TQQQ,0.58405,0.59335,0.58165,0.5875,5201508.0
2013-01-29,TQQQ,0.5851,0.5914,0.5736,0.5875,4462260.0
2013-01-30,TQQQ,0.59135,0.59585,0.5799,0.58425,3317304.0
2013-01-31,TQQQ,0.58335,0.5924,0.57845,0.5805,4246686.0
2013-02-01,TQQQ,0.5923,0.60355,0.5852,0.5996,5959680.0
2013-02-04,TQQQ,0.5895,0.5951,0.56875,0.56905,5727070.0
2013-02-05,TQQQ,0.57615,0.59935,0.5726,0.59405,5839386.0
2013-02-06,TQQQ,0.588,0.5964,0.58325,0.58855,5232652.0
2013-02-07,TQQQ,0.5903,0.592,0.57075,0.59,4559780.0
2013-02-08,TQQQ,0.59945,0.61175,0.5981,0.6079,4248590.0
2013-02-11,TQQQ,0.60925,0.61,0.6026,0.6077,2313752.0
2013-02-12,TQQQ,0.60665,0.6098,0.59935,0.6006,2701452.0
2013-02-13,TQQQ,0.60605,0.61415,0.6019,0.6076,3892212.0
2013-02-14,TQQQ,0.59925,0.6096,0.598,0.60635,2854100.0
2013-02-15,TQQQ,0.6072,0.61115,0.59645,0.60115,2470756.0
2013-02-19,TQQQ,0.6054,0.6149,0.6045,0.61425,2653890.0
2013-02-20,TQQQ,0.61415,0.6146,0.58625,0.58625,3425312.0
2013-02-21,TQQQ,0.5799,0.58125,0.56095,0.5672,5538778.0
2013-02-22,TQQQ,0.577,0.58425,0.57085,0.58385,2757704.0
2013-02-25,TQQQ,0.59575,0.60155,0.56115,0.5621,5022586.0
2013-02-26,TQQQ,0.5655,0.57215,0.55375,0.56885,3511410.0
2013-02-27,TQQQ,0.5696,0.59675,0.56685,0.58615,3576526.0
2013-02-28,TQQQ,0.58615,0.59925,0.58355,0.58395,3411926.0
2013-03-01,TQQQ,0.57675,0.5927,0.5681,0.59,2567060.0
2013-03-04,TQQQ,0.58415,0.5979,0.582,0.5976,3148922.0
2013-03-05,TQQQ,0.6092,0.62655,0.60855,0.62385,4756944.0
2013-03-06,TQQQ,0.6302,0.63075,0.6173,0.6199,4330994.0
2013-03-07,TQQQ,0.62165,0.6275,0.61845,0.6253,2314330.0
2013-03-08,TQQQ,0.63105,0.63355,0.6195,0.62605,3535980.0
2013-03-11,TQQQ,0.6249,0.6327,0.61875,0.6325,2582170.0
2013-03-12,TQQQ,0.62685,0.63095,0.61645,0.6248,3710448.0
2013-03-13,TQQQ,0.6271,0.6301,0.61645,0.6228,3353794.0
2013-03-14,TQQQ,0.6295,0.633,0.62505,0.62915,3215334.0
2013-03-15,TQQQ,0.6302,0.63165,0.61905,0.62325,3331140.0
2013-03-18,TQQQ,0.607,0.627,0.6026,0.61895,4473724.0
2013-03-19,TQQQ,0.6249,0.62865,0.5995,0.61645,5994160.0
2013-03-20,TQQQ,0.62905,0.6328,0.6204,0.62825,3205004.0
2013-03-21,TQQQ,0.6125,0.61645,0.60335,0.6081,4476984.0
2013-03-22,TQQQ,0.615,0.62645,0.6131,0.6249,2977280.0
2013-03-25,TQQQ,0.63105,0.635,0.6095,0.61855,4769390.0
2013-03-26,TQQQ,0.62585,0.62885,0.62135,0.628,2585142.0
2013-03-27,TQQQ,0.61615,0.6322,0.613,0.63135,3995928.0
2013-03-28,TQQQ,0.63095,0.6375,0.62655,0.635,5558046.0
2013-04-01,TQQQ,0.637,0.63855,0.6175,0.6227,5201842.0
2013-04-02,TQQQ,0.63095,0.6431,0.6299,0.63675,7039956.0
2013-04-03,TQQQ,0.6381,0.6406,0.6151,0.6199,3694458.0
2013-04-04,TQQQ,0.61925,0.6247,0.6102,0.6202,3959294.0
2013-04-05,TQQQ,0.59095,0.6074,0.58655,0.605,7047476.0
2013-04-08,TQQQ,0.6055,0.6147,0.6001,0.61425,4658562.0
2013-04-09,TQQQ,0.61935,0.63395,0.6106,0.62635,6932226.0
2013-04-10,TQQQ,0.6329,0.66585,0.6322,0.663,3801968.0
2013-04-11,TQQQ,0.65855,0.667,0.65625,0.66185,3490636.0
2013-04-12,TQQQ,0.6576,0.6624,0.64595,0.66115,4555274.0
2013-04-15,TQQQ,0.6529,0.65675,0.6198,0.62095,4251320.0
2013-04-16,TQQQ,0.63325,0.64855,0.62875,0.64685,4036112.0
2013-04-17,TQQQ,0.6295,0.6299,0.5976,0.609,6577398.0
2013-04-18,TQQQ,0.61415,0.61415,0.5756,0.5827,5302576.0
2013-04-19,TQQQ,0.5874,0.61105,0.58405,0.60685,3817700.0
2013-04-22,TQQQ,0.61355,0.6323,0.607,0.6255,3358840.0
2013-04-23,TQQQ,0.637,0.6503,0.62685,0.64395,5703826.0
2013-04-24,TQQQ,0.63895,0.6498,0.6347,0.6424,4675524.0
2013-04-25,TQQQ,0.64865,0.6604,0.6475,0.6528,4013642.0
2013-04-26,TQQQ,0.64875,0.6527,0.63885,0.6473,1914066.0
2013-04-29,TQQQ,0.6528,0.6722,0.6528,0.6645,2868740.0
2013-04-30,TQQQ,0.6675,0.6797,0.6599,0.6791,2584442.0
2013-05-01,TQQQ,0.67905,0.6829,0.66585,0.6704,2681470.0
2013-05-02,TQQQ,0.673,0.69935,0.67145,0.6947,2034922.0
2013-05-03,TQQQ,0.7152,0.72595,0.71405,0.71895,2791694.0
2013-05-06,TQQQ,0.7231,0.73135,0.72155,0.72825,2020838.0
2013-05-07,TQQQ,0.73165,0.73325,0.71895,0.72645,2173814.0
2013-05-08,TQQQ,0.7247,0.7389,0.72225,0.7378,1777050.0
2013-05-09,TQQQ,0.7324,0.74895,0.7299,0.7352,2311116.0
2013-05-10,TQQQ,0.73845,0.74845,0.7351,0.7477,2648404.0
2013-05-13,TQQQ,0.74405,0.7556,0.74165,0.7506,2780342.0
2013-05-14,TQQQ,0.7505,0.76865,0.7503,0.76165,2792250.0
2013-05-15,TQQQ,0.75825,0.76865,0.752,0.7673,2736924.0
2013-05-16,TQQQ,0.76885,0.7799,0.7627,0.7645,3237524.0
2013-05-17,TQQQ,0.7754,0.78685,0.76845,0.78605,3126272.0
2013-05-20,TQQQ,0.7799,0.79005,0.7731,0.7825,3153652.0
2013-05-21,TQQQ,0.782,0.79355,0.77325,0.7854,3352236.0
2013-05-22,TQQQ,0.7879,0.80645,0.7524,0.76625,6610694.0
2013-05-23,TQQQ,0.74425,0.76625,0.7396,0.7579,3039510.0
2013-05-24,TQQQ,0.74375,0.758,0.7375,0.7575,1411410.0
2013-05-28,TQQQ,0.78395,0.7927,0.7656,0.7731,3374190.0
2013-05-29,TQQQ,0.76355,0.7698,0.74845,0.76145,3326234.0
2013-05-30,TQQQ,0.76165,0.78395,0.76165,0.77385,1795590.0
2013-05-31,TQQQ,0.76425,0.78215,0.7502,0.75175,2571516.0
2013-06-03,TQQQ,0.75345,0.75655,0.7271,0.75615,4643222.0
2013-06-04,TQQQ,0.7604,0.7698,0.7352,0.7448,2886414.0
2013-06-05,TQQQ,0.737,0.7454,0.71375,0.71625,3969908.0
2013-06-06,TQQQ,0.71825,0.7256,0.6979,0.725,3978634.0
2013-06-07,TQQQ,0.7355,0.7576,0.72915,0.7553,4855998.0
2013-06-10,TQQQ,0.7601,0.76645,0.75155,0.7556,2820846.0
2013-06-11,TQQQ,0.73325,0.75385,0.72615,0.73375,4630404.0
2013-06-12,TQQQ,0.7472,0.7473,0.7049,0.70835,4660226.0
2013-06-13,TQQQ,0.7052,0.73925,0.6995,0.73375,3166054.0
2013-06-14,TQQQ,0.7348,0.7373,0.7171,0.72085,2591360.0
2013-06-17,TQQQ,0.7375,0.75365,0.7299,0.74085,3309268.0
2013-06-18,TQQQ,0.74415,0.76365,0.74385,0.75835,2116710.0
2013-06-19,TQQQ,0.7595,0.7622,0.73145,0.7345,3662144.0
2013-06-20,TQQQ,0.70865,0.71615,0.6746,0.6803,5029564.0
2013-06-21,TQQQ,0.68085,0.68675,0.65385,0.67075,4938154.0
2013-06-24,TQQQ,0.6545,0.66615,0.63395,0.65,4615662.0
2013-06-25,TQQQ,0.66915,0.6727,0.65345,0.66385,2758970.0
2013-06-26,TQQQ,0.68165,0.68605,0.6748,0.682,2499548.0
2013-06-27,TQQQ,0.6926,0.70375,0.6896,0.6896,2369808.0
2013-06-28,TQQQ,0.68415,0.70615,0.6798,0.69145,3254270.0
2013-07-01,TQQQ,0.70825,0.72345,0.7045,0.70625,2166988.0
2013-07-02,TQQQ,0.70585,0.72025,0.69625,0.70655,2591084.0
2013-07-03,TQQQ,0.6998,0.72575,0.698,0.71615,1124184.0
2013-07-05,TQQQ,0.7279,0.7328,0.71105,0.732,2384216.0
2013-07-08,TQQQ,0.74355,0.74435,0.72655,0.73435,1840586.0
2013-07-09,TQQQ,0.7445,0.7525,0.7347,0.7478,1756564.0
2013-07-10,TQQQ,0.7451,0.76395,0.7451,0.7604,2109564.0
2013-07-11,TQQQ,0.7847,0.8078,0.78355,0.8078,3206162.0
2013-07-12,TQQQ,0.808,0.818,0.80135,0.81625,1741792.0
2013-07-15,TQQQ,0.81885,0.82355,0.8122,0.8226,1915322.0
2013-07-16,TQQQ,0.82405,0.82605,0.8127,0.81935,1779308.0
2013-07-17,TQQQ,0.82635,0.8305,0.81825,0.8252,1650760.0
2013-07-18,TQQQ,0.8248,0.83085,0.8151,0.81915,2109584.0
2013-07-19,TQQQ,0.7979,0.79825,0.78615,0.79425,2262990.0
2013-07-22,TQQQ,0.8027,0.80575,0.793,0.8,1799712.0
2013-07-23,TQQQ,0.8047,0.8047,0.7809,0.7822,1801804.0
2013-07-24,TQQQ,0.8054,0.80635,0.7848,0.7896,2214508.0
2013-07-25,TQQQ,0.80125,0.8076,0.78875,0.80385,1702658.0
2013-07-26,TQQQ,0.7952,0.8178,0.79165,0.8172,1621950.0
2013-07-29,TQQQ,0.813,0.8231,0.8065,0.81345,1508602.0
2013-07-30,TQQQ,0.8224,0.8362,0.8171,0.8255,2529108.0
2013-07-31,TQQQ,0.83075,0.8445,0.82585,0.83075,2304078.0
2013-08-01,TQQQ,0.8476,0.85935,0.8449,0.85605,1625550.0
2013-08-02,TQQQ,0.85665,0.8706,0.85065,0.8703,2025386.0
2013-08-05,TQQQ,0.8673,0.87385,0.86395,0.8722,1658636.0
2013-08-06,TQQQ,0.86835,0.87085,0.84585,0.85665,1956268.0
2013-08-07,TQQQ,0.84865,0.85605,0.833,0.85175,2526742.0
2013-08-08,TQQQ,0.86595,0.8699,0.8475,0.8631,2728408.0
2013-08-09,TQQQ,0.8605,0.86885,0.84635,0.85385,2052750.0
2013-08-12,TQQQ,0.84365,0.86395,0.84355,0.85915,1443252.0
2013-08-13,TQQQ,0.8627,0.87985,0.8445,0.87345,3218804.0
2013-08-14,TQQQ,0.8729,0.87665,0.8604,0.86375,1980264.0
2013-08-15,TQQQ,0.8353,0.8355,0.81325,0.8204,2775076.0
2013-08-16,TQQQ,0.8206,0.83145,0.8148,0.8175,1462556.0
2013-08-19,TQQQ,0.8204,0.8398,0.81415,0.81425,1878382.0
2013-08-20,TQQQ,0.8199,0.83665,0.8173,0.8254,1849420.0
2013-08-21,TQQQ,0.81825,0.83865,0.80825,0.8172,3326718.0
2013-08-22,TQQQ,0.82675,0.8423,0.82605,0.8405,1484506.0
2013-08-23,TQQQ,0.85905,0.8606,0.84935,0.85825,1606650.0
2013-08-26,TQQQ,0.85935,0.8781,0.85355,0.85895,1576126.0
2013-08-27,TQQQ,0.82865,0.84075,0.8005,0.8049,4179774.0
2013-08-28,TQQQ,0.80435,0.8256,0.80345,0.8153,2132684.0
2013-08-29,TQQQ,0.815,0.8446,0.81155,0.8322,2701444.0
2013-08-30,TQQQ,0.8346,0.8351,0.8078,0.81665,2541586.0
2013-09-03,TQQQ,0.83645,0.8476,0.8197,0.8301,1787454.0
2013-09-04,TQQQ,0.838,0.8605,0.83175,0.8572,1731248.0
2013-09-05,TQQQ,0.85845,0.86825,0.8574,0.86095,1010704.0
2013-09-06,TQQQ,0.86935,0.8775,0.8351,0.86405,2544222.0
2013-09-09,TQQQ,0.87425,0.89865,0.87425,0.8945,1981152.0
2013-09-10,TQQQ,0.9102,0.91125,0.898,0.908,3166108.0
2013-09-11,TQQQ,0.8901,0.90385,0.88605,0.90345,2220200.0
2013-09-12,TQQQ,0.903,0.9089,0.8951,0.89935,1396122.0
2013-09-13,TQQQ,0.90375,0.9053,0.8878,0.9023,1684600.0
2013-09-16,TQQQ,0.9245,0.9248,0.88875,0.8947,2776606.0
2013-09-17,TQQQ,0.8998,0.91585,0.8998,0.9126,1395580.0
2013-09-18,TQQQ,0.91645,0.95075,0.91115,0.94615,2662746.0
2013-09-19,TQQQ,0.95365,0.95885,0.9474,0.952,1489306.0
2013-09-20,TQQQ,0.95925,0.96165,0.9405,0.94155,2273128.0
2013-09-23,TQQQ,0.9548,0.95705,0.9229,0.93625,2810382.0
2013-09-24,TQQQ,0.9427,0.95135,0.9271,0.93645,1709420.0
2013-09-25,TQQQ,0.9378,0.9422,0.92115,0.9276,2264984.0
2013-09-26,TQQQ,0.93855,0.9547,0.93685,0.94885,1857588.0
2013-09-27,TQQQ,0.9331,0.9496,0.9278,0.94435,1525270.0
2013-09-30,TQQQ,0.9154,0.9448,0.90615,0.93845,2571660.0
2013-10-01,TQQQ,0.938,0.9678,0.9371,0.96655,1842914.0
2013-10-02,TQQQ,0.94595,0.96915,0.94405,0.9648,1805472.0
2013-10-03,TQQQ,0.96135,0.9673,0.91595,0.93125,3376876.0
2013-10-04,TQQQ,0.93075,0.95905,0.92915,0.9552,1919972.0
2013-10-07,TQQQ,0.93095,0.95355,0.92925,0.93155,2074780.0
2013-10-08,TQQQ,0.93125,0.93355,0.87675,0.87885,4898238.0
2013-10-09,TQQQ,0.88365,0.8849,0.8478,0.86915,4556550.0
2013-10-10,TQQQ,0.897,0.9301,0.89645,0.92435,3015038.0
2013-10-11,TQQQ,0.9174,0.9479,0.917,0.9452,2711426.0
2013-10-14,TQQQ,0.92845,0.9656,0.92605,0.9648,2936528.0
2013-10-15,TQQQ,0.9629,0.9776,0.95105,0.9545,3376676.0
2013-10-16,TQQQ,0.9673,0.98855,0.96575,0.9871,2698982.0
2013-10-17,TQQQ,0.973,1.0049,0.97135,1.003,3479960.0
2013-10-18,TQQQ,1.03095,1.05375,1.0228,1.0526,2816002.0
2013-10-21,TQQQ,1.05865,1.0674,1.0496,1.05865,2073160.0
2013-10-22,TQQQ,1.0703,1.08145,1.04425,1.0623,3292840.0
2013-10-23,TQQQ,1.04855,1.0545,1.0296,1.0452,3359478.0
2013-10-24,TQQQ,1.04595,1.065,1.04185,1.05825,2266636.0
2013-10-25,TQQQ,1.08855,1.0953,1.06595,1.07935,2926838.0
2013-10-28,TQQQ,1.08095,1.08635,1.0674,1.08155,1751472.0
2013-10-29,TQQQ,1.092,1.0952,1.0729,1.08675,1754460.0
2013-10-30,TQQQ,1.09855,1.10335,1.06885,1.08335,4149946.0
2013-10-31,TQQQ,1.07605,1.09625,1.0646,1.07635,2956426.0
2013-11-01,TQQQ,1.08575,1.0906,1.06125,1.07585,3398838.0
2013-11-04,TQQQ,1.0875,1.0875,1.0702,1.08105,1913660.0
2013-11-05,TQQQ,1.06885,1.0927,1.0599,1.0856,2758814.0
2013-11-06,TQQQ,1.09825,1.0996,1.07395,1.08375,3414728.0
2013-11-07,TQQQ,1.08435,1.08905,1.0205,1.02365,4852874.0
2013-11-08,TQQQ,1.03435,1.0651,1.02575,1.06405,2460298.0
2013-11-11,TQQQ,1.0574,1.0681,1.04875,1.05895,1325914.0
2013-11-12,TQQQ,1.0497,1.06885,1.0479,1.06415,2268372.0
2013-11-13,TQQQ,1.04395,1.10265,1.04325,1.1023,2638808.0
2013-11-14,TQQQ,1.09345,1.1152,1.0874,1.11085,2476360.0
2013-11-15,TQQQ,1.1146,1.11955,1.10585,1.11855,1858736.0
2013-11-18,TQQQ,1.1179,1.1253,1.0805,1.0876,2999638.0
2013-11-19,TQQQ,1.0847,1.1,1.07185,1.07685,2129046.0
2013-11-20,TQQQ,1.08625,1.0978,1.0599,1.06935,2622952.0
2013-11-21,TQQQ,1.082,1.1045,1.08,1.1021,1823152.0
2013-11-22,TQQQ,1.1079,1.1205,1.1049,1.1195,1814318.0
2013-11-25,TQQQ,1.1306,1.1352,1.11915,1.12685,1931790.0
2013-11-26,TQQQ,1.12895,1.15345,1.12085,1.1455,2228530.0
2013-11-27,TQQQ,1.1522,1.1699,1.14925,1.16845,2873394.0
2013-11-29,TQQQ,1.1825,1.1946,1.1796,1.1876,1908770.0
2013-12-02,TQQQ,1.19435,1.1995,1.1746,1.1802,3459992.0
2013-12-03,TQQQ,1.177,1.18605,1.16315,1.17675,2806206.0
2013-12-04,TQQQ,1.162,1.19145,1.1505,1.1798,2791826.0
2013-12-05,TQQQ,1.18365,1.18655,1.1662,1.17615,2643416.0
2013-12-06,TQQQ,1.2045,1.20825,1.18375,1.2004,2970896.0
2013-12-09,TQQQ,1.2146,1.2229,1.20905,1.2148,2359650.0
2013-12-10,TQQQ,1.20865,1.2195,1.20585,1.2126,1950044.0
2013-12-11,TQQQ,1.21185,1.2176,1.16105,1.1673,3104310.0
2013-12-12,TQQQ,1.1677,1.17585,1.15415,1.1578,2236388.0
2013-12-13,TQQQ,1.1731,1.1749,1.14625,1.1523,1692116.0
2013-12-16,TQQQ,1.16895,1.19125,1.167,1.1721,1564536.0
2013-12-17,TQQQ,1.1721,1.1796,1.1578,1.1647,1521460.0
2013-12-18,TQQQ,1.1677,1.2078,1.1172,1.2049,3371770.0
2013-12-19,TQQQ,1.19825,1.19905,1.17875,1.19405,2444724.0
2013-12-20,TQQQ,1.2,1.23855,1.19895,1.23,2370676.0
2013-12-23,TQQQ,1.2605,1.2698,1.2502,1.2698,2343912.0
2013-12-24,TQQQ,1.2699,1.2736,1.26375,1.27155,791772.0
2013-12-26,TQQQ,1.2776,1.28685,1.27095,1.28395,1164204.0
2013-12-27,TQQQ,1.28835,1.2906,1.2696,1.2746,1541226.0
2013-12-30,TQQQ,1.2679,1.27345,1.2578,1.2679,1105828.0
2013-12-31,TQQQ,1.2753,1.2928,1.27395,1.2928,1337080.0
2014-01-02,TQQQ,1.2751,1.27605,1.25145,1.2626,2069528.0
2014-01-03,TQQQ,1.2624,1.26595,1.23435,1.2351,2033046.0
2014-01-06,TQQQ,1.23615,1.24,1.2077,1.222,2623698.0
2014-01-07,TQQQ,1.2378,1.2604,1.23155,1.25365,1924096.0
2014-01-08,TQQQ,1.2555,1.27365,1.2475,1.263,1945740.0
2014-01-09,TQQQ,1.27635,1.2777,1.23775,1.25,2200642.0
2014-01-10,TQQQ,1.2602,1.26675,1.2321,1.2625,2499696.0
2014-01-13,TQQQ,1.2574,1.2704,1.1922,1.20635,3616254.0
2014-01-14,TQQQ,1.21905,1.2779,1.21875,1.2754,2879710.0
2014-01-15,TQQQ,1.2905,1.31415,1.2875,1.3052,2513446.0
2014-01-16,TQQQ,1.30345,1.3128,1.297,1.3079,1473400.0
2014-01-17,TQQQ,1.2955,1.30625,1.2755,1.2847,1762814.0
2014-01-21,TQQQ,1.30915,1.3156,1.28145,1.31345,1836434.0
2014-01-22,TQQQ,1.32365,1.33335,1.3125,1.3256,1643558.0
2014-01-23,TQQQ,1.31185,1.3125,1.28335,1.3097,2694080.0
2014-01-24,TQQQ,1.2902,1.2971,1.23185,1.2321,6207744.0
2014-01-27,TQQQ,1.23355,1.23935,1.17085,1.19625,7423762.0
2014-01-28,TQQQ,1.1777,1.19895,1.1729,1.19585,4572866.0
2014-01-29,TQQQ,1.16415,1.1902,1.1496,1.1581,5724130.0
2014-01-30,TQQQ,1.1998,1.2327,1.1956,1.21915,4857166.0
2014-01-31,TQQQ,1.1796,1.2281,1.17625,1.2106,3524320.0
2014-02-03,TQQQ,1.20395,1.22125,1.1181,1.1304,7666670.0
2014-02-04,TQQQ,1.14435,1.1652,1.13435,1.1525,3782074.0
2014-02-05,TQQQ,1.1406,1.1552,1.10415,1.14185,4524708.0
2014-02-06,TQQQ,1.15355,1.1906,1.15165,1.1856,3095982.0
2014-02-07,TQQQ,1.20645,1.2524,1.19625,1.24855,4671116.0
2014-02-10,TQQQ,1.24915,1.2731,1.24645,1.27145,3473906.0
2014-02-11,TQQQ,1.27875,1.32235,1.2756,1.315,4899006.0
2014-02-12,TQQQ,1.3229,1.33125,1.31085,1.32125,4525352.0
2014-02-13,TQQQ,1.2929,1.3552,1.2925,1.3552,4447362.0
2014-02-14,TQQQ,1.35335,1.36915,1.33895,1.35915,3958340.0
2014-02-18,TQQQ,1.36605,1.3877,1.35665,1.3804,2893722.0
2014-02-19,TQQQ,1.3723,1.38145,1.3429,1.3502,5690546.0
2014-02-20,TQQQ,1.35335,1.3779,1.3371,1.3698,4282562.0
2014-02-21,TQQQ,1.3827,1.38885,1.36,1.3627,3499398.0
2014-02-24,TQQQ,1.37105,1.405,1.36665,1.38665,4150116.0
2014-02-25,TQQQ,1.3923,1.4004,1.36855,1.38165,3877714.0
2014-02-26,TQQQ,1.39375,1.4052,1.36165,1.3771,3455696.0
2014-02-27,TQQQ,1.37855,1.40855,1.3722,1.40415,3672578.0
2014-02-28,TQQQ,1.40435,1.42875,1.3631,1.3971,5714640.0
2014-03-03,TQQQ,1.35915,1.37915,1.33185,1.36645,6619698.0
2014-03-04,TQQQ,1.4127,1.42835,1.4096,1.42145,4543134.0
2014-03-05,TQQQ,1.4281,1.4398,1.41875,1.4331,3211942.0
2014-03-06,TQQQ,1.44165,1.4454,1.41315,1.4277,3867326.0
2014-03-07,TQQQ,1.4431,1.44605,1.38625,1.4073,5524048.0
2014-03-10,TQQQ,1.405,1.4131,1.38375,1.4102,3150850.0
2014-03-11,TQQQ,1.42145,1.43165,1.3804,1.3927,4996376.0
2014-03-12,TQQQ,1.37435,1.4104,1.35835,1.40835,4575842.0
2014-03-13,TQQQ,1.42395,1.4256,1.3296,1.34855,7850574.0
2014-03-14,TQQQ,1.33395,1.3527,1.3192,1.32085,4471856.0
2014-03-17,TQQQ,1.3454,1.37585,1.34395,1.35605,4873308.0
2014-03-18,TQQQ,1.3602,1.40895,1.35935,1.4048,4712334.0
2014-03-19,TQQQ,1.40605,1.41,1.35415,1.38165,5685202.0
2014-03-20,TQQQ,1.36875,1.4052,1.36,1.3925,3651598.0
2014-03-21,TQQQ,1.4154,1.41875,1.3352,1.34145,8268884.0
2014-03-24,TQQQ,1.3581,1.3606,1.27105,1.3077,11095882.0
2014-03-25,TQQQ,1.32875,1.3527,1.2877,1.3198,7194536.0
2014-03-26,TQQQ,1.3402,1.3481,1.26855,1.2696,8395478.0
2014-03-27,TQQQ,1.2646,1.28085,1.22665,1.2471,8420560.0
2014-03-28,TQQQ,1.25935,1.29585,1.2448,1.2552,6934994.0
2014-03-31,TQQQ,1.28375,1.30645,1.2796,1.2802,6768410.0
2014-04-01,TQQQ,1.30085,1.35125,1.29935,1.3496,7428246.0
2014-04-02,TQQQ,1.36685,1.3702,1.34125,1.3602,6801028.0
2014-04-03,TQQQ,1.36435,1.37,1.30415,1.3281,6660072.0
2014-04-04,TQQQ,1.35165,1.3575,1.21085,1.2227,15458850.0
2014-04-07,TQQQ,1.19835,1.23105,1.16105,1.18605,13035242.0
2014-04-08,TQQQ,1.1904,1.22335,1.1773,1.21915,10140392.0
2014-04-09,TQQQ,1.2321,1.28335,1.2227,1.28165,9257154.0
2014-04-10,TQQQ,1.28415,1.28435,1.1525,1.16335,13444726.0
2014-04-11,TQQQ,1.13145,1.1756,1.1146,1.1227,8829320.0
2014-04-14,TQQQ,1.1504,1.1656,1.11645,1.1479,11734634.0
2014-04-15,TQQQ,1.15915,1.17855,1.0871,1.15935,23437464.0
2014-04-16,TQQQ,1.18915,1.205,1.16085,1.20435,10482696.0
2014-04-17,TQQQ,1.1925,1.22355,1.1823,1.205,7366328.0
2014-04-21,TQQQ,1.2146,1.2325,1.19735,1.2323,6018558.0
2014-04-22,TQQQ,1.24395,1.27085,1.23915,1.2625,6266350.0
2014-04-23,TQQQ,1.26165,1.2627,1.22645,1.2281,5473544.0
2014-04-24,TQQQ,1.2898,1.29,1.22375,1.26435,10450112.0
2014-04-25,TQQQ,1.24105,1.2454,1.1945,1.20335,10200708.0
2014-04-28,TQQQ,1.21935,1.24105,1.1581,1.21625,20086784.0
2014-04-29,TQQQ,1.22585,1.2502,1.20825,1.2431,10166490.0
2014-04-30,TQQQ,1.2277,1.2571,1.21665,1.25415,7671882.0
2014-05-01,TQQQ,1.2598,1.28585,1.25,1.2654,5991308.0
2014-05-02,TQQQ,1.27645,1.28435,1.2489,1.25915,6332650.0
2014-05-05,TQQQ,1.2354,1.2779,1.22625,1.2771,4828232.0
2014-05-06,TQQQ,1.27145,1.27335,1.22635,1.2277,6735216.0
2014-05-07,TQQQ,1.2371,1.23885,1.17375,1.21665,10913186.0
2014-05-08,TQQQ,1.2046,1.2571,1.19585,1.2125,9133960.0
2014-05-09,TQQQ,1.21125,1.22915,1.1873,1.22665,6519840.0
2014-05-12,TQQQ,1.24895,1.2881,1.2453,1.28645,5322350.0
2014-05-13,TQQQ,1.29105,1.30435,1.2821,1.28915,4905444.0
2014-05-14,TQQQ,1.27855,1.2929,1.26085,1.27,4112502.0
2014-05-15,TQQQ,1.26855,1.2754,1.21585,1.2406,8397158.0
2014-05-16,TQQQ,1.24335,1.26625,1.21915,1.26375,5956262.0
2014-05-19,TQQQ,1.2525,1.29605,1.2465,1.29085,5024790.0
2014-05-20,TQQQ,1.28915,1.3025,1.2604,1.27665,6764310.0
2014-05-21,TQQQ,1.2825,1.31435,1.28085,1.3127,5157806.0
2014-05-22,TQQQ,1.31625,1.34085,1.31095,1.32895,5272174.0
2014-05-23,TQQQ,1.3346,1.35935,1.3256,1.35875,3965388.0
2014-05-27,TQQQ,1.3777,1.4102,1.37355,1.4098,4950260.0
2014-05-28,TQQQ,1.40855,1.4146,1.39335,1.39645,4935618.0
2014-05-29,TQQQ,1.4121,1.4248,1.40325,1.4248,3645254.0
2014-05-30,TQQQ,1.4248,1.43085,1.40165,1.42355,4724680.0
2014-06-02,TQQQ,1.42915,1.43,1.3925,1.42,4222680.0
2014-06-03,TQQQ,1.4054,1.4246,1.4004,1.4179,3971516.0
2014-06-04,TQQQ,1.40665,1.44,1.4002,1.4329,4393954.0
2014-06-05,TQQQ,1.4375,1.4777,1.4227,1.4702,7339206.0
2014-06-06,TQQQ,1.4875,1.4954,1.4773,1.49395,3300834.0
2014-06-09,TQQQ,1.4971,1.5025,1.47935,1.49125,5173834.0
2014-06-10,TQQQ,1.48685,1.50105,1.4823,1.4998,3034826.0
2014-06-11,TQQQ,1.4829,1.50435,1.4798,1.4975,4044632.0
2014-06-12,TQQQ,1.48855,1.49335,1.44165,1.45835,5051212.0
2014-06-13,TQQQ,1.4771,1.48105,1.45145,1.46835,3000758.0
2014-06-16,TQQQ,1.46375,1.48645,1.4529,1.47375,3749038.0
2014-06-17,TQQQ,1.47145,1.4881,1.46335,1.47585,3986366.0
2014-06-18,TQQQ,1.48185,1.5071,1.4546,1.5027,4783608.0
2014-06-19,TQQQ,1.5081,1.51085,1.4781,1.49685,4415014.0
2014-06-20,TQQQ,1.5002,1.5079,1.49165,1.5023,2358292.0
2014-06-23,TQQQ,1.50185,1.5054,1.49125,1.50395,2891932.0
2014-06-24,TQQQ,1.50395,1.5414,1.4869,1.4998,6677758.0
2014-06-25,TQQQ,1.48875,1.5352,1.48855,1.5271,3523208.0
2014-06-26,TQQQ,1.53125,1.53125,1.4948,1.53125,3649212.0
2014-06-27,TQQQ,1.5252,1.55085,1.52435,1.54645,3077382.0
2014-06-30,TQQQ,1.54915,1.57,1.5454,1.5579,2270302.0
2014-07-01,TQQQ,1.57355,1.62185,1.5725,1.6102,2755744.0
2014-07-02,TQQQ,1.6123,1.6248,1.6079,1.61645,3417672.0
2014-07-03,TQQQ,1.6327,1.6475,1.6201,1.6475,2693102.0
2014-07-07,TQQQ,1.64145,1.64835,1.62395,1.63165,3668932.0
2014-07-08,TQQQ,1.62395,1.62685,1.55395,1.5748,6329180.0
2014-07-09,TQQQ,1.58645,1.61355,1.5729,1.6104,5714392.0
2014-07-10,TQQQ,1.54835,1.6129,1.54145,1.5952,5135108.0
2014-07-11,TQQQ,1.6046,1.62375,1.59105,1.6229,5072370.0
2014-07-14,TQQQ,1.6448,1.66395,1.6373,1.65395,4463442.0
2014-07-15,TQQQ,1.66085,1.6678,1.6006,1.63665,6191176.0
2014-07-16,TQQQ,1.67165,1.67645,1.6502,1.6552,4453118.0
2014-07-17,TQQQ,1.64125,1.65945,1.57355,1.58915,6724028.0
2014-07-18,TQQQ,1.61625,1.66685,1.60835,1.66435,4874822.0
2014-07-21,TQQQ,1.6527,1.66625,1.63565,1.65835,3955530.0
2014-07-22,TQQQ,1.6825,1.6975,1.67625,1.69125,4479588.0
2014-07-23,TQQQ,1.70665,1.7281,1.69875,1.7229,4270878.0
2014-07-24,TQQQ,1.73145,1.7373,1.70935,1.71685,3656768.0
2014-07-25,TQQQ,1.6921,1.70335,1.6699,1.69585,3870282.0
2014-07-28,TQQQ,1.7004,1.7104,1.6587,1.6979,3833190.0
2014-07-29,TQQQ,1.70855,1.7198,1.6848,1.68935,3302646.0
2014-07-30,TQQQ,1.71665,1.72645,1.68915,1.7096,4489180.0
2014-07-31,TQQQ,1.66665,1.6746,1.5975,1.6054,5797838.0
2014-08-01,TQQQ,1.5954,1.62125,1.5552,1.58685,7192560.0
2014-08-04,TQQQ,1.5975,1.6381,1.5796,1.61935,6009938.0
2014-08-05,TQQQ,1.60105,1.61355,1.56,1.58145,6980890.0
2014-08-06,TQQQ,1.5521,1.6071,1.5481,1.57875,4977154.0
2014-08-07,TQQQ,1.59915,1.60915,1.54665,1.56355,6410436.0
2014-08-08,TQQQ,1.57165,1.6021,1.5504,1.59685,5186826.0
2014-08-11,TQQQ,1.6146,1.6402,1.6123,1.62585,3099868.0
2014-08-12,TQQQ,1.6202,1.6358,1.59835,1.6221,3789398.0
2014-08-13,TQQQ,1.64395,1.67605,1.6404,1.6748,3397256.0
2014-08-14,TQQQ,1.6804,1.70125,1.6748,1.7006,4295320.0
2014-08-15,TQQQ,1.7275,1.7371,1.67645,1.72375,6505572.0
2014-08-18,TQQQ,1.7504,1.7698,1.7448,1.7654,3309034.0
2014-08-19,TQQQ,1.7777,1.7975,1.7746,1.79585,3286324.0
2014-08-20,TQQQ,1.7898,1.8052,1.7856,1.79585,2948322.0
2014-08-21,TQQQ,1.79855,1.8073,1.78895,1.80605,2830726.0
2014-08-22,TQQQ,1.80665,1.8271,1.79555,1.8131,3203364.0
2014-08-25,TQQQ,1.84,1.8481,1.82,1.83335,2834750.0
2014-08-26,TQQQ,1.84085,1.84435,1.82605,1.8396,1739810.0
2014-08-27,TQQQ,1.84085,1.8456,1.8275,1.8398,1529816.0
2014-08-28,TQQQ,1.82145,1.83915,1.81415,1.8323,2704342.0
2014-08-29,TQQQ,1.84605,1.85375,1.8254,1.85375,2178268.0
2014-09-02,TQQQ,1.8679,1.8706,1.84665,1.86915,2679382.0
2014-09-03,TQQQ,1.8827,1.88395,1.82625,1.8371,3445506.0
2014-09-04,TQQQ,1.84935,1.8771,1.8173,1.83125,3421878.0
2014-09-05,TQQQ,1.84,1.86125,1.81105,1.8596,3469274.0
2014-09-08,TQQQ,1.85915,1.8829,1.84315,1.86895,2954526.0
2014-09-09,TQQQ,1.86875,1.8902,1.81185,1.82355,5392066.0
2014-09-10,TQQQ,1.83,1.86915,1.81415,1.86585,3017672.0
2014-09-11,TQQQ,1.8429,1.8654,1.82165,1.86435,4971540.0
2014-09-12,TQQQ,1.85835,1.8593,1.81685,1.835,4739734.0
2014-09-15,TQQQ,1.84,1.84105,1.76435,1.7798,5359584.0
2014-09-16,TQQQ,1.76105,1.8371,1.7552,1.8279,5288974.0
2014-09-17,TQQQ,1.82605,1.8604,1.80375,1.83685,4731462.0
2014-09-18,TQQQ,1.8525,1.8771,1.84665,1.87645,3316098.0
2014-09-19,TQQQ,1.90185,1.90185,1.85075,1.8723,4592374.0
2014-09-22,TQQQ,1.8596,1.8596,1.7971,1.82145,4511684.0
2014-09-23,TQQQ,1.79875,1.8304,1.79415,1.8056,4200204.0
2014-09-24,TQQQ,1.8098,1.8656,1.7931,1.86415,4857920.0
2014-09-25,TQQQ,1.8448,1.8523,1.74415,1.74585,8874926.0
2014-09-26,TQQQ,1.76375,1.8104,1.7548,1.80165,6178138.0
2014-09-29,TQQQ,1.7475,1.80895,1.7446,1.7956,4775018.0
2014-09-30,TQQQ,1.8104,1.83,1.777,1.8023,6426176.0
2014-10-01,TQQQ,1.7881,1.79165,1.69915,1.71605,8898782.0
2014-10-02,TQQQ,1.71415,1.73105,1.65,1.7152,9091262.0
2014-10-03,TQQQ,1.745,1.7871,1.7275,1.76685,6406572.0
2014-10-06,TQQQ,1.7804,1.795,1.73855,1.7548,6140504.0
2014-10-07,TQQQ,1.72935,1.74435,1.67915,1.6806,6818706.0
2014-10-08,TQQQ,1.68395,1.7931,1.6525,1.7777,8884264.0
2014-10-09,TQQQ,1.77085,1.78335,1.6821,1.68915,9292676.0
2014-10-10,TQQQ,1.6596,1.68935,1.5627,1.5627,12357236.0
2014-10-13,TQQQ,1.55625,1.5912,1.48665,1.4896,11405590.0
2014-10-14,TQQQ,1.5202,1.5477,1.4779,1.4923,15466800.0
2014-10-15,TQQQ,1.4229,1.4802,1.35935,1.4604,20222326.0
2014-10-16,TQQQ,1.36915,1.47145,1.3677,1.4377,14008760.0
2014-10-17,TQQQ,1.49145,1.53185,1.46605,1.49395,11018944.0
2014-10-20,TQQQ,1.48855,1.56105,1.48165,1.55835,6455436.0
2014-10-21,TQQQ,1.61435,1.6802,1.60415,1.6802,8827438.0
2014-10-22,TQQQ,1.69605,1.7023,1.65085,1.65415,7840618.0
2014-10-23,TQQQ,1.70415,1.75605,1.6952,1.7298,7088360.0
2014-10-24,TQQQ,1.7371,1.77375,1.71875,1.7696,7113796.0
2014-10-27,TQQQ,1.7602,1.78375,1.73835,1.77625,5764976.0
2014-10-28,TQQQ,1.7979,1.8556,1.795,1.8556,6653558.0
2014-10-29,TQQQ,1.83645,1.8506,1.7948,1.83335,7481718.0
2014-10-30,TQQQ,1.80895,1.8577,1.79685,1.8448,6749426.0
2014-10-31,TQQQ,1.9377,1.9404,1.9027,1.92085,7352710.0
2014-11-03,TQQQ,1.9306,1.9539,1.92335,1.9406,5890382.0
2014-11-04,TQQQ,1.91895,1.93415,1.8796,1.92,5777066.0
2014-11-05,TQQQ,1.9554,1.9575,1.8996,1.9198,5781062.0
2014-11-06,TQQQ,1.91685,1.93875,1.89445,1.93625,4052988.0
2014-11-07,TQQQ,1.9479,1.95,1.9025,1.93145,4617138.0
2014-11-10,TQQQ,1.93415,1.96,1.91915,1.95125,4307204.0
2014-11-11,TQQQ,1.95415,1.97,1.9379,1.9698,4400704.0
2014-11-12,TQQQ,1.94665,1.98685,1.94665,1.9806,4008306.0
2014-11-13,TQQQ,1.99145,2.02855,1.97875,2.00605,7590276.0
2014-11-14,TQQQ,2.005,2.0246,1.985,2.0246,4783990.0
2014-11-17,TQQQ,2.0102,2.02415,1.9781,2.0056,5889706.0
2014-11-18,TQQQ,2.01185,2.05935,2.01165,2.0506,4659156.0
2014-11-19,TQQQ,2.0448,2.0448,1.99585,2.0246,6200376.0
2014-11-20,TQQQ,1.9977,2.0556,1.9927,2.05145,4148100.0
2014-11-21,TQQQ,2.10585,2.11085,2.04335,2.06625,6372840.0
2014-11-24,TQQQ,2.08,2.11375,2.07415,2.1129,5258626.0
2014-11-25,TQQQ,2.1204,2.13935,2.10435,2.1198,6313954.0
2014-11-26,TQQQ,2.12665,2.1654,2.1198,2.1631,4401340.0
2014-11-28,TQQQ,2.1806,2.20665,2.1752,2.1954,3023888.0
2014-12-01,TQQQ,2.1752,2.1858,2.0925,2.11435,6507798.0
2014-12-02,TQQQ,2.1248,2.1531,2.1098,2.1371,5412130.0
2014-12-03,TQQQ,2.1523,2.1623,2.11395,2.15645,5497632.0
2014-12-04,TQQQ,2.14685,2.17585,2.124,2.15,6418252.0
2014-12-05,TQQQ,2.1627,2.17105,2.1373,2.15145,4734610.0
2014-12-08,TQQQ,2.13375,2.1623,2.07125,2.105,7053488.0
2014-12-09,TQQQ,2.0302,2.12855,2.00875,2.1254,7111918.0
2014-12-10,TQQQ,2.1129,2.12835,2.0131,2.0225,5605384.0
2014-12-11,TQQQ,2.04165,2.125,2.0402,2.05415,5668094.0
2014-12-12,TQQQ,1.99395,2.06375,1.9856,1.98615,6407826.0
2014-12-15,TQQQ,2.01585,2.03795,1.90685,1.92665,9831274.0
2014-12-16,TQQQ,1.88835,1.9727,1.8302,1.83105,8869076.0
2014-12-17,TQQQ,1.8346,1.94665,1.8281,1.92935,7613564.0
2014-12-18,TQQQ,2.01415,2.07085,1.9979,2.07085,7781074.0
2014-12-19,TQQQ,2.0771,2.1225,2.0625,2.09395,6451296.0
2014-12-22,TQQQ,2.0872,2.1146,2.08355,2.1129,4602400.0
2014-12-23,TQQQ,2.13625,2.13645,2.0825,2.0927,4830078.0
2014-12-24,TQQQ,2.09935,2.11895,2.09325,2.0971,1832524.0
2014-12-26,TQQQ,2.1125,2.1525,2.1123,2.1396,3587046.0
2014-12-29,TQQQ,2.13375,2.15165,2.12915,2.14,2596958.0
2014-12-30,TQQQ,2.11895,2.13415,2.08625,2.09585,5160868.0
2014-12-31,TQQQ,2.10435,2.1302,2.02105,2.0302,4878764.0
2015-01-02,TQQQ,2.05935,2.08605,1.9825,2.01355,5092832.0
2015-01-05,TQQQ,1.98435,1.99165,1.90625,1.9229,5292416.0
2015-01-06,TQQQ,1.9298,1.94105,1.8202,1.84665,7026806.0
2015-01-07,TQQQ,1.88185,1.93,1.86915,1.9177,5727752.0
2015-01-08,TQQQ,1.9671,2.03855,1.9604,2.0271,6039080.0
2015-01-09,TQQQ,2.04605,2.04835,1.9523,1.98605,7559216.0
2015-01-12,TQQQ,1.99935,2.0046,1.90915,1.925,6885506.0
2015-01-13,TQQQ,1.97935,2.04125,1.8771,1.92335,8321152.0
2015-01-14,TQQQ,1.8623,1.91935,1.8404,1.89375,9006242.0
2015-01-15,TQQQ,1.9154,1.92605,1.8106,1.81855,8167148.0
2015-01-16,TQQQ,1.8096,1.88785,1.8006,1.88335,5908262.0
2015-01-20,TQQQ,1.915,1.93895,1.85085,1.925,5912250.0
2015-01-21,TQQQ,1.9075,1.98085,1.88835,1.9545,5563830.0
2015-01-22,TQQQ,1.97915,2.06875,1.92665,2.06335,6777370.0
2015-01-23,TQQQ,2.06335,2.0956,2.0446,2.0771,5931592.0
2015-01-26,TQQQ,2.07085,2.08125,2.0379,2.0725,4200254.0
2015-01-27,TQQQ,1.97395,1.9752,1.88835,1.9121,9332796.0
2015-01-28,TQQQ,1.9998,2.00625,1.8779,1.87915,7872040.0
2015-01-29,TQQQ,1.8727,1.9429,1.825,1.93355,7356590.0
2015-01-30,TQQQ,1.92685,1.97185,1.8804,1.88915,9092508.0
2015-02-02,TQQQ,1.89935,1.94165,1.8121,1.93875,8285166.0
2015-02-03,TQQQ,1.955,1.99645,1.9204,1.99165,7597110.0
2015-02-04,TQQQ,1.96665,2.02665,1.9546,1.98645,5192970.0
2015-02-05,TQQQ,2.0006,2.04185,1.98835,2.03915,4180280.0
2015-02-06,TQQQ,2.0479,2.06145,1.9798,2.0021,5146992.0
2015-02-09,TQQQ,1.9781,2.0096,1.9677,1.98,3991394.0
2015-02-10,TQQQ,2.01645,2.0823,2.0054,2.0748,4968912.0
2015-02-11,TQQQ,2.0823,2.11085,2.0696,2.0981,5077216.0
2015-02-12,TQQQ,2.13585,2.1723,2.12855,2.17145,6379106.0
2015-02-13,TQQQ,2.18875,2.2267,2.1771,2.22625,5037430.0
2015-02-17,TQQQ,2.22585,2.23605,2.2098,2.2323,3446908.0
2015-02-18,TQQQ,2.2248,2.2446,2.2146,2.24185,2936650.0
2015-02-19,TQQQ,2.23645,2.27895,2.2354,2.2756,3149566.0
2015-02-20,TQQQ,2.2702,2.32395,2.2487,2.31935,3782244.0
2015-02-23,TQQQ,2.3179,2.32875,2.30145,2.32855,3290554.0
2015-02-24,TQQQ,2.31835,2.3402,2.2973,2.33335,4358454.0
2015-02-25,TQQQ,2.32105,2.34855,2.29935,2.3146,4689618.0
2015-02-26,TQQQ,2.32125,2.3528,2.3021,2.3498,4847376.0
2015-02-27,TQQQ,2.3471,2.35125,2.30745,2.31875,3699534.0
2015-03-02,TQQQ,2.33125,2.3831,2.3302,2.38125,3710274.0
2015-03-03,TQQQ,2.3604,2.36685,2.30285,2.3471,5349532.0
2015-03-04,TQQQ,2.3248,2.33435,2.28185,2.32105,4859950.0
2015-03-05,TQQQ,2.33875,2.3531,2.30425,2.33125,3847700.0
2015-03-06,TQQQ,2.3246,2.33725,2.23515,2.25105,6238602.0
2015-03-09,TQQQ,2.2671,2.28875,2.23855,2.2727,4719554.0
2015-03-10,TQQQ,2.2227,2.22395,2.14585,2.14685,7998554.0
2015-03-11,TQQQ,2.1527,2.1627,2.10625,2.10915,9298040.0
2015-03-12,TQQQ,2.1031,2.1573,2.09935,2.1496,5099520.0
2015-03-13,TQQQ,2.14395,2.16935,2.08165,2.12185,8254848.0
2015-03-16,TQQQ,2.1454,2.20415,2.13835,2.2031,4789908.0
2015-03-17,TQQQ,2.18415,2.22395,2.1698,2.2154,4056704.0
2015-03-18,TQQQ,2.19645,2.30875,2.16145,2.27915,6992664.0
2015-03-19,TQQQ,2.2871,2.3073,2.27605,2.2902,4641050.0
2015-03-20,TQQQ,2.3448,2.3673,2.3327,2.3377,4367234.0
2015-03-23,TQQQ,2.3303,2.34895,2.3179,2.3181,4134832.0
2015-03-24,TQQQ,2.3177,2.35085,2.29335,2.2946,3874268.0
2015-03-25,TQQQ,2.30645,2.3101,2.13435,2.13435,7328500.0
2015-03-26,TQQQ,2.08415,2.1506,2.0626,2.11685,8189908.0
2015-03-27,TQQQ,2.1127,2.1546,2.10395,2.1373,4105984.0
2015-03-30,TQQQ,2.1804,2.21835,2.17895,2.21415,6300592.0
2015-03-31,TQQQ,2.19395,2.2081,2.14145,2.1456,5187832.0
2015-04-01,TQQQ,2.1427,2.1427,2.0677,2.10935,7328154.0
2015-04-02,TQQQ,2.11355,2.13335,2.0927,2.1129,4607356.0
2015-04-06,TQQQ,2.0748,2.1821,2.06615,2.16375,6289450.0
2015-04-07,TQQQ,2.16105,2.20835,2.15355,2.15375,4778742.0
2015-04-08,TQQQ,2.1554,2.21355,2.1546,2.205,7047548.0
2015-04-09,TQQQ,2.2029,2.2477,2.17895,2.24605,4621986.0
2015-04-10,TQQQ,2.2456,2.27375,2.22895,2.2729,4724330.0
2015-04-13,TQQQ,2.27895,2.3129,2.2481,2.25605,4800022.0
2015-04-14,TQQQ,2.25105,2.2679,2.19855,2.23665,7040580.0
2015-04-15,TQQQ,2.25585,2.2925,2.24585,2.27625,3973228.0
2015-04-16,TQQQ,2.26085,2.2804,2.2502,2.26835,3787010.0
2015-04-17,TQQQ,2.20375,2.22225,2.13375,2.1623,7767834.0
2015-04-20,TQQQ,2.1956,2.2706,2.1921,2.25895,5924780.0
2015-04-21,TQQQ,2.29915,2.31,2.2804,2.2879,5307802.0
2015-04-22,TQQQ,2.3056,2.33645,2.26185,2.325,5079814.0
2015-04-23,TQQQ,2.3029,2.3829,2.3006,2.3529,5458452.0
2015-04-24,TQQQ,2.4254,2.45685,2.415,2.445,5934000.0
2015-04-27,TQQQ,2.475,2.4881,2.4131,2.42935,6714906.0
2015-04-28,TQQQ,2.43415,2.4479,2.3531,2.41355,7156326.0
2015-04-29,TQQQ,2.3731,2.4154,2.32935,2.3675,8081308.0
2015-04-30,TQQQ,2.3281,2.3573,2.22105,2.25625,12840416.0
2015-05-01,TQQQ,2.2821,2.3496,2.28125,2.3475,7917156.0
2015-05-04,TQQQ,2.36685,2.4006,2.3531,2.35585,5498754.0
2015-05-05,TQQQ,2.32935,2.3423,2.23855,2.24415,11695526.0
2015-05-06,TQQQ,2.25355,2.2729,2.1502,2.19625,8891604.0
2015-05-07,TQQQ,2.19395,2.2525,2.18835,2.23395,7025790.0
2015-05-08,TQQQ,2.30335,2.3323,2.2929,2.31585,7432390.0
2015-05-11,TQQQ,2.3223,2.33665,2.28585,2.2904,5792828.0
2015-05-12,TQQQ,2.24935,2.29395,2.1981,2.26085,7930612.0
2015-05-13,TQQQ,2.2902,2.32415,2.2631,2.2725,5520840.0
2015-05-14,TQQQ,2.32935,2.3779,2.30335,2.3731,7367958.0
2015-05-15,TQQQ,2.39185,2.4004,2.355,2.3729,6104384.0
2015-05-18,TQQQ,2.36125,2.4169,2.3554,2.4021,4607808.0
2015-05-19,TQQQ,2.41145,2.42165,2.38395,2.3952,4107438.0
2015-05-20,TQQQ,2.4006,2.4423,2.36185,2.39915,4635990.0
2015-05-21,TQQQ,2.3875,2.44605,2.37665,2.43685,3842664.0
2015-05-22,TQQQ,2.42855,2.4556,2.42375,2.4302,3325746.0
2015-05-26,TQQQ,2.4129,2.4229,2.3171,2.34605,5852376.0
2015-05-27,TQQQ,2.36645,2.46625,2.35185,2.45895,5595328.0
2015-05-28,TQQQ,2.44395,2.46125,2.41935,2.44085,3776886.0
2015-05-29,TQQQ,2.43665,2.4473,2.38165,2.3996,4419148.0
2015-06-01,TQQQ,2.4373,2.44145,2.36335,2.4206,5714902.0
2015-06-02,TQQQ,2.3952,2.43435,2.3598,2.39855,5477538.0
2015-06-03,TQQQ,2.4327,2.4475,2.4029,2.4196,4877768.0
2015-06-04,TQQQ,2.38,2.4253,2.3429,2.36685,7737696.0
2015-06-05,TQQQ,2.35645,2.3731,2.3056,2.34895,5774604.0
2015-06-08,TQQQ,2.34435,2.35,2.2627,2.2771,6017560.0
2015-06-09,TQQQ,2.2604,2.2896,2.21395,2.26585,6374940.0
2015-06-10,TQQQ,2.2879,2.3775,2.28085,2.3556,6448650.0
2015-06-11,TQQQ,2.38085,2.4006,2.3556,2.36855,4878406.0
2015-06-12,TQQQ,2.3298,2.3448,2.30065,2.30835,5037334.0
2015-06-15,TQQQ,2.2579,2.28605,2.21835,2.27645,8370164.0
2015-06-16,TQQQ,2.26625,2.3231,2.2646,2.31125,4219470.0
2015-06-17,TQQQ,2.32395,2.35355,2.28645,2.3306,7016190.0
2015-06-18,TQQQ,2.3502,2.44415,2.34875,2.42915,6776170.0
2015-06-19,TQQQ,2.43605,2.4425,2.3921,2.3921,3526204.0
2015-06-22,TQQQ,2.4498,2.47145,2.43355,2.4498,5488204.0
2015-06-23,TQQQ,2.45835,2.4625,2.4248,2.45585,4787770.0
2015-06-24,TQQQ,2.44645,2.4775,2.41585,2.4181,3537560.0
2015-06-25,TQQQ,2.4452,2.4527,2.39105,2.4023,3550126.0
2015-06-26,TQQQ,2.4002,2.4177,2.32835,2.3577,5495936.0
2015-06-29,TQQQ,2.2746,2.31665,2.1865,2.19105,11405954.0
2015-06-30,TQQQ,2.23665,2.25105,2.19145,2.21605,7366434.0
2015-07-01,TQQQ,2.27605,2.2904,2.23335,2.26145,5901008.0
2015-07-02,TQQQ,2.28185,2.2891,2.2452,2.27,4396860.0
2015-07-06,TQQQ,2.2231,2.28855,2.20835,2.25085,5492006.0
2015-07-07,TQQQ,2.2573,2.2729,2.13355,2.2623,10430364.0
2015-07-08,TQQQ,2.2173,2.22585,2.13585,2.14895,7703414.0
2015-07-09,TQQQ,2.2356,2.2379,2.1427,2.1427,5219180.0
2015-07-10,TQQQ,2.225,2.26665,2.20585,2.2423,5135818.0
2015-07-13,TQQQ,2.29895,2.36585,2.29855,2.35685,4369150.0
2015-07-14,TQQQ,2.3702,2.42515,2.36645,2.40415,4258306.0
2015-07-15,TQQQ,2.4179,2.44165,2.39335,2.4156,4964236.0
2015-07-16,TQQQ,2.47395,2.51665,2.45915,2.51,5819946.0
2015-07-17,TQQQ,2.57605,2.625,2.56435,2.6248,5972000.0
2015-07-20,TQQQ,2.64665,2.6829,2.6196,2.65415,3995398.0
2015-07-21,TQQQ,2.65835,2.6689,2.62585,2.64685,3642090.0
2015-07-22,TQQQ,2.5279,2.59685,2.5275,2.56,4516122.0
2015-07-23,TQQQ,2.5675,2.59125,2.5104,2.52935,4032652.0
2015-07-24,TQQQ,2.56895,2.5748,2.4454,2.4575,4436316.0
2015-07-27,TQQQ,2.41375,2.4455,2.37915,2.39435,5025984.0
2015-07-28,TQQQ,2.42855,2.47105,2.36935,2.4575,6483236.0
2015-07-29,TQQQ,2.47185,2.5006,2.44415,2.485,5072376.0
2015-07-30,TQQQ,2.4673,2.53165,2.4229,2.5196,5710186.0
2015-07-31,TQQQ,2.5427,2.54685,2.4946,2.51185,4543228.0
2015-08-03,TQQQ,2.51335,2.53245,2.4375,2.48875,6155672.0
2015-08-04,TQQQ,2.48165,2.49625,2.44125,2.4727,5889562.0
2015-08-05,TQQQ,2.51375,2.57875,2.5056,2.5306,5308778.0
2015-08-06,TQQQ,2.5356,2.54665,2.37435,2.40915,7303900.0
2015-08-07,TQQQ,2.3906,2.41605,2.33915,2.3996,6673938.0
2015-08-10,TQQQ,2.4448,2.49665,2.4448,2.4806,5575160.0
2015-08-11,TQQQ,2.4406,2.4702,2.3454,2.38605,7220474.0
2015-08-12,TQQQ,2.3379,2.42435,2.2602,2.4071,9347756.0
2015-08-13,TQQQ,2.41665,2.45105,2.3825,2.39625,5860832.0
2015-08-14,TQQQ,2.3802,2.41875,2.3671,2.40915,6082514.0
2015-08-17,TQQQ,2.3906,2.4702,2.3729,2.46835,5223130.0
2015-08-18,TQQQ,2.45435,2.4646,2.42125,2.42895,4541672.0
2015-08-19,TQQQ,2.40625,2.44665,2.34085,2.38335,9813244.0
2015-08-20,TQQQ,2.31665,2.33885,2.18355,2.1871,12500800.0
2015-08-21,TQQQ,2.09375,2.14685,1.915,1.915,15845492.0
2015-08-24,TQQQ,1.56355,1.90585,1.3605,1.6881,16363284.0
2015-08-25,TQQQ,1.8646,1.89855,1.65835,1.66585,12069426.0
2015-08-26,TQQQ,1.8081,1.9202,1.70145,1.90625,11875840.0
2015-08-27,TQQQ,1.99585,2.05935,1.92355,2.0552,20248092.0
2015-08-28,TQQQ,2.0225,2.075,2.00915,2.05355,8920650.0
2015-08-31,TQQQ,2.0198,2.0531,1.9625,1.9773,8619596.0
2015-09-01,TQQQ,1.82875,1.91935,1.7673,1.7979,13077590.0
2015-09-02,TQQQ,1.88915,1.94415,1.8269,1.94415,7511628.0
2015-09-03,TQQQ,1.9679,2.00585,1.89835,1.9121,9301070.0
2015-09-04,TQQQ,1.8354,1.88405,1.81435,1.8481,11651834.0
2015-09-08,TQQQ,1.9529,2.00935,1.9298,2.005,9389606.0
2015-09-09,TQQQ,2.07375,2.0748,1.91915,1.9352,11720212.0
2015-09-10,TQQQ,1.9273,2.03605,1.92045,1.9971,10298488.0
2015-09-11,TQQQ,1.9704,2.02935,1.9531,2.02935,7904912.0
2015-09-14,TQQQ,2.0521,2.0527,1.98915,2.01125,7361050.0
2015-09-15,TQQQ,2.02625,2.10185,2.00415,2.08145,6360532.0
2015-09-16,TQQQ,2.0856,2.12395,2.0625,2.11625,5850606.0
2015-09-17,TQQQ,2.11395,2.2156,2.09375,2.1221,10098332.0
2015-09-18,TQQQ,2.0248,2.1046,2.02015,2.0323,11347578.0
2015-09-21,TQQQ,2.06335,2.09915,1.9948,2.0496,8346324.0
2015-09-22,TQQQ,1.9548,1.9771,1.90165,1.95915,11824866.0
2015-09-23,TQQQ,1.9729,1.98835,1.93125,1.9623,9323358.0
2015-09-24,TQQQ,1.90435,1.9621,1.85415,1.9396,12243140.0
2015-09-25,TQQQ,2.0054,2.0081,1.8548,1.8925,11825920.0
2015-09-28,TQQQ,1.86625,1.8696,1.7127,1.72935,15002342.0
2015-09-29,TQQQ,1.74185,1.7948,1.665,1.70375,15239680.0
2015-09-30,TQQQ,1.7746,1.825,1.75415,1.81645,13911070.0
2015-10-01,TQQQ,1.8279,1.8431,1.75585,1.84185,9136094.0
2015-10-02,TQQQ,1.7679,1.9398,1.75,1.9375,13225244.0
2015-10-05,TQQQ,1.9827,2.03835,1.97005,2.02585,8673022.0
2015-10-06,TQQQ,2.01105,2.02875,1.94645,1.99685,9588334.0
2015-10-07,TQQQ,2.0325,2.0431,1.95335,2.02895,10546222.0
2015-10-08,TQQQ,2.0073,2.0646,1.9481,2.05375,12161436.0
2015-10-09,TQQQ,2.05645,2.09375,2.04015,2.07875,7300956.0
2015-10-12,TQQQ,2.0946,2.10855,2.07145,2.09625,6355746.0
2015-10-13,TQQQ,2.0604,2.12445,2.05,2.0552,8873500.0
2015-10-14,TQQQ,2.05585,2.08685,2.02,2.04645,7638872.0
2015-10-15,TQQQ,2.06855,2.14685,2.0606,2.14645,8940430.0
2015-10-16,TQQQ,2.1606,2.1771,2.12925,2.1731,5526724.0
2015-10-19,TQQQ,2.1631,2.2156,2.15105,2.2121,6817556.0
2015-10-20,TQQQ,2.19875,2.21355,2.1546,2.1754,6052240.0
2015-10-21,TQQQ,2.2096,2.21585,2.13415,2.1404,7353916.0
2015-10-22,TQQQ,2.19395,2.2727,2.1756,2.2673,10822978.0
2015-10-23,TQQQ,2.4502,2.4856,2.41355,2.45585,8502468.0
2015-10-26,TQQQ,2.4527,2.47665,2.425,2.4631,4995352.0
2015-10-27,TQQQ,2.4431,2.48795,2.44105,2.47915,4352640.0
2015-10-28,TQQQ,2.4904,2.53835,2.4289,2.53665,8706648.0
2015-10-29,TQQQ,2.50375,2.5396,2.49645,2.5273,4159498.0
2015-10-30,TQQQ,2.5306,2.54375,2.4925,2.4927,5002984.0
2015-11-02,TQQQ,2.51125,2.58605,2.4973,2.5777,4608440.0
2015-11-03,TQQQ,2.56185,2.632,2.55,2.6023,5150974.0
2015-11-04,TQQQ,2.6281,2.6354,2.5723,2.60335,6076334.0
2015-11-05,TQQQ,2.61125,2.6304,2.5429,2.5804,5927164.0
2015-11-06,TQQQ,2.5696,2.5973,2.51855,2.58895,5677074.0
2015-11-09,TQQQ,2.55895,2.56935,2.4579,2.5056,6304876.0
2015-11-10,TQQQ,2.4656,2.4931,2.44375,2.4879,4113304.0
2015-11-11,TQQQ,2.50685,2.5427,2.4645,2.47685,4201294.0
2015-11-12,TQQQ,2.445,2.4823,2.3996,2.405,5746988.0
2015-11-13,TQQQ,2.3748,2.38175,2.2596,2.26355,8237314.0
2015-11-16,TQQQ,2.25605,2.36145,2.24025,2.3579,7731048.0
2015-11-17,TQQQ,2.3723,2.41585,2.34685,2.36605,9225662.0
2015-11-18,TQQQ,2.3927,2.50835,2.38635,2.50165,8178274.0
2015-11-19,TQQQ,2.50585,2.54045,2.4925,2.5054,4331694.0
2015-11-20,TQQQ,2.5404,2.5625,2.53415,2.5552,4249860.0
2015-11-23,TQQQ,2.55835,2.5875,2.5023,2.5346,4703288.0
2015-11-24,TQQQ,2.4854,2.5456,2.44645,2.52665,5520608.0
2015-11-25,TQQQ,2.53645,2.54835,2.51875,2.5323,2332478.0
2015-11-27,TQQQ,2.5504,2.56,2.51875,2.54145,1135098.0
2015-11-30,TQQQ,2.56685,2.56725,2.5004,2.5254,3886440.0
2015-12-01,TQQQ,2.55375,2.6004,2.5456,2.6004,4876788.0
2015-12-02,TQQQ,2.6054,2.6404,2.5398,2.5531,5087234.0
2015-12-03,TQQQ,2.57335,2.5848,2.37835,2.4229,9413008.0
2015-12-04,TQQQ,2.44355,2.60415,2.42915,2.58935,7220410.0
2015-12-07,TQQQ,2.5971,2.60185,2.5198,2.5577,5768798.0
2015-12-08,TQQQ,2.47665,2.5815,2.47355,2.5579,6774912.0
2015-12-09,TQQQ,2.52165,2.565,2.3952,2.43875,12072264.0
2015-12-10,TQQQ,2.45645,2.52165,2.435,2.47335,6788572.0
2015-12-11,TQQQ,2.3877,2.40685,2.29835,2.30375,12286342.0
2015-12-14,TQQQ,2.31375,2.3575,2.21415,2.3554,9680946.0
2015-12-15,TQQQ,2.41585,2.4581,2.38875,2.3954,7981570.0
2015-12-16,TQQQ,2.44605,2.51605,2.3729,2.50125,8188000.0
2015-12-17,TQQQ,2.5346,2.53665,2.39395,2.3971,7896414.0
2015-12-18,TQQQ,2.37125,2.3881,2.2604,2.2654,8539788.0
2015-12-21,TQQQ,2.32145,2.3329,2.27055,2.3327,5335714.0
2015-12-22,TQQQ,2.36915,2.3873,2.33185,2.37685,5585256.0
2015-12-23,TQQQ,2.41415,2.435,2.40105,2.43125,4578902.0
2015-12-24,TQQQ,2.42915,2.44875,2.425,2.42625,2021586.0
2015-12-28,TQQQ,2.40915,2.4256,2.3581,2.4256,4278082.0
2015-12-29,TQQQ,2.4677,2.5546,2.4627,2.53625,6054342.0
2015-12-30,TQQQ,2.53165,2.5348,2.4696,2.47145,3733064.0
2015-12-31,TQQQ,2.4446,2.4577,2.3771,2.3798,7329490.0
2016-01-04,TQQQ,2.22125,2.23435,2.1403,2.23435,11077752.0
2016-01-05,TQQQ,2.2604,2.26935,2.18415,2.21435,5513554.0
2016-01-06,TQQQ,2.10375,2.18855,2.10085,2.155,10157832.0
2016-01-07,TQQQ,2.0146,2.09375,1.9471,1.95,14181212.0
2016-01-08,TQQQ,1.9923,2.02855,1.8952,1.90395,13825776.0
2016-01-11,TQQQ,1.94355,1.95895,1.83125,1.9206,14007350.0
2016-01-12,TQQQ,1.9723,2.0152,1.90415,1.9854,13229962.0
2016-01-13,TQQQ,2.00935,2.02335,1.77085,1.7777,17224922.0
2016-01-14,TQQQ,1.8002,1.9406,1.7146,1.8927,15142344.0
2016-01-15,TQQQ,1.70375,1.7771,1.64435,1.71875,23529794.0
2016-01-19,TQQQ,1.78605,1.79425,1.66685,1.72605,10801162.0
2016-01-20,TQQQ,1.645,1.76625,1.5321,1.7104,23112482.0
2016-01-21,TQQQ,1.73185,1.79185,1.66375,1.71665,14088096.0
2016-01-22,TQQQ,1.8177,1.8675,1.8023,1.8646,11953352.0
2016-01-25,TQQQ,1.8479,1.87685,1.7771,1.7806,11545132.0
2016-01-26,TQQQ,1.80415,1.8531,1.7579,1.83145,10126556.0
2016-01-27,TQQQ,1.7981,1.82105,1.67085,1.6952,14929816.0
2016-01-28,TQQQ,1.7748,1.77915,1.6773,1.7621,13148864.0
2016-01-29,TQQQ,1.76605,1.87685,1.76145,1.87685,10738224.0
2016-02-01,TQQQ,1.84625,1.91125,1.82605,1.8875,9509966.0
2016-02-02,TQQQ,1.86525,1.86525,1.7504,1.7677,10702854.0
2016-02-03,TQQQ,1.80105,1.80145,1.64875,1.7427,19637662.0
2016-02-04,TQQQ,1.7254,1.7823,1.6802,1.7396,11834818.0
2016-02-05,TQQQ,1.7229,1.7246,1.54125,1.5606,17907438.0
2016-02-08,TQQQ,1.47355,1.5079,1.4029,1.48935,21456878.0
2016-02-09,TQQQ,1.4279,1.54145,1.42125,1.4721,19145582.0
2016-02-10,TQQQ,1.52605,1.58165,1.4873,1.4896,15647002.0
2016-02-11,TQQQ,1.43335,1.51895,1.4204,1.48605,19878224.0
2016-02-12,TQQQ,1.5325,1.55585,1.4921,1.54935,13184550.0
2016-02-16,TQQQ,1.62125,1.6525,1.59105,1.6525,12471394.0
2016-02-17,TQQQ,1.69435,1.7756,1.67915,1.76665,15217908.0
2016-02-18,TQQQ,1.7854,1.78605,1.70105,1.70665,10745750.0
2016-02-19,TQQQ,1.6873,1.73875,1.67125,1.72435,9955674.0
2016-02-22,TQQQ,1.77125,1.81185,1.76625,1.80585,10344438.0
2016-02-23,TQQQ,1.77395,1.7893,1.71415,1.71585,11159450.0
2016-02-24,TQQQ,1.6577,1.7729,1.62585,1.76685,14606678.0
2016-02-25,TQQQ,1.77855,1.8177,1.7302,1.8156,10816686.0
2016-02-26,TQQQ,1.8571,1.86145,1.7992,1.81145,10357308.0
2016-02-29,TQQQ,1.8073,1.8477,1.76355,1.76355,9581920.0
2016-03-01,TQQQ,1.81185,1.9327,1.7975,1.9323,12964024.0
2016-03-02,TQQQ,1.925,1.93645,1.8898,1.93435,8082124.0
2016-03-03,TQQQ,1.92935,1.93105,1.8827,1.92355,8608180.0
2016-03-04,TQQQ,1.93085,1.9638,1.8881,1.92685,9910216.0
2016-03-07,TQQQ,1.89685,1.9306,1.84935,1.89105,7880200.0
2016-03-08,TQQQ,1.85085,1.90105,1.83375,1.84105,8856888.0
2016-03-09,TQQQ,1.86585,1.87955,1.83335,1.87625,8680946.0
2016-03-10,TQQQ,1.90625,1.9346,1.7973,1.86915,14310614.0
2016-03-11,TQQQ,1.9296,1.9681,1.9131,1.96605,7069108.0
2016-03-14,TQQQ,1.94625,1.9921,1.94395,1.9775,6548548.0
2016-03-15,TQQQ,1.9575,1.98165,1.9377,1.97625,8046616.0
2016-03-16,TQQQ,1.95875,2.04355,1.95875,2.02665,7352406.0
2016-03-17,TQQQ,2.01125,2.03895,1.9877,2.02085,5312726.0
2016-03-18,TQQQ,2.0375,2.0496,2.0023,2.0325,6147352.0
2016-03-21,TQQQ,2.02375,2.06355,2.0198,2.05665,5667044.0
2016-03-22,TQQQ,2.02335,2.0906,2.02145,2.075,5300652.0
2016-03-23,TQQQ,2.06395,2.06855,2.01145,2.0256,6435698.0
2016-03-24,TQQQ,1.9927,2.02875,1.9854,2.025,5292642.0
2016-03-28,TQQQ,2.0454,2.04585,2.0079,2.0177,5391096.0
2016-03-29,TQQQ,2.00665,2.11875,1.99685,2.11415,7491408.0
2016-03-30,TQQQ,2.1527,2.1856,2.1321,2.14585,8745288.0
2016-03-31,TQQQ,2.14105,2.165,2.12645,2.13335,4938416.0
2016-04-01,TQQQ,2.10085,2.20685,2.08895,2.20435,6792562.0
2016-04-04,TQQQ,2.20105,2.20835,2.164,2.1771,5692936.0
2016-04-05,TQQQ,2.1273,2.1525,2.1075,2.11855,6118420.0
2016-04-06,TQQQ,2.125,2.22165,2.1229,2.22,7587040.0
2016-04-07,TQQQ,2.1823,2.1931,2.09645,2.12415,10509326.0
2016-04-08,TQQQ,2.1627,2.1777,2.0971,2.11915,6926848.0
2016-04-11,TQQQ,2.14665,2.1781,2.0948,2.09645,5710788.0
2016-04-12,TQQQ,2.1004,2.16,2.06125,2.1454,7600946.0
2016-04-13,TQQQ,2.1977,2.2398,2.18895,2.22915,6757696.0
2016-04-14,TQQQ,2.2298,2.2552,2.2131,2.2306,4635078.0
2016-04-15,TQQQ,2.22335,2.23915,2.19665,2.21355,3462150.0
2016-04-18,TQQQ,2.1952,2.25085,2.19085,2.24625,4227574.0
2016-04-19,TQQQ,2.26875,2.27085,2.17185,2.2075,6607684.0
2016-04-20,TQQQ,2.2046,2.2427,2.18415,2.2129,4490384.0
2016-04-21,TQQQ,2.21165,2.23665,2.18355,2.21355,5561448.0
2016-04-22,TQQQ,2.12855,2.1573,2.0621,2.11335,8388448.0
2016-04-25,TQQQ,2.0902,2.1129,2.08185,2.11165,4039628.0
2016-04-26,TQQQ,2.12395,2.13685,2.0629,2.0827,4554784.0
2016-04-27,TQQQ,2.0196,2.0456,1.9804,2.0327,7625238.0
2016-04-28,TQQQ,2.03935,2.07435,1.94665,1.9606,6698730.0
2016-04-29,TQQQ,1.95395,1.97,1.8812,1.92935,7969298.0
2016-05-02,TQQQ,1.94145,1.98935,1.9177,1.9804,4917370.0
2016-05-03,TQQQ,1.93895,1.965,1.91,1.9277,6081700.0
2016-05-04,TQQQ,1.8923,1.91185,1.8746,1.8896,6464338.0
2016-05-05,TQQQ,1.9075,1.92165,1.8752,1.88855,5999002.0
2016-05-06,TQQQ,1.85835,1.9175,1.8531,1.91585,6535466.0
2016-05-09,TQQQ,1.9177,1.95895,1.915,1.9327,4939130.0
2016-05-10,TQQQ,1.95335,2.015,1.94335,2.01375,4853310.0
2016-05-11,TQQQ,2.00395,2.02165,1.95585,1.95875,5294346.0
2016-05-12,TQQQ,1.97415,1.9777,1.89085,1.93125,7697610.0
2016-05-13,TQQQ,1.93,1.96165,1.89895,1.9079,6498530.0
2016-05-16,TQQQ,1.9156,2.0025,1.91355,1.98145,4887136.0
2016-05-17,TQQQ,1.97915,1.9931,1.89145,1.9054,7801116.0
2016-05-18,TQQQ,1.8948,1.9581,1.88165,1.9271,9915408.0
2016-05-19,TQQQ,1.90355,1.9195,1.8552,1.89665,10587334.0
2016-05-20,TQQQ,1.9198,1.9825,1.91645,1.96,5223014.0
2016-05-23,TQQQ,1.965,1.9871,1.94645,1.9504,3621920.0
2016-05-24,TQQQ,1.98395,2.07605,1.9825,2.0698,6250124.0
2016-05-25,TQQQ,2.09355,2.1323,2.08185,2.11435,5907050.0
2016-05-26,TQQQ,2.12145,2.1398,2.1046,2.1321,3969698.0
2016-05-27,TQQQ,2.1356,2.16585,2.1354,2.16415,4464186.0
2016-05-31,TQQQ,2.17605,2.1873,2.1448,2.1771,4706244.0
2016-06-01,TQQQ,2.1573,2.19185,2.15145,2.1779,4189022.0
2016-06-02,TQQQ,2.1631,2.19145,2.12915,2.1902,4360824.0
2016-06-03,TQQQ,2.1777,2.1817,2.1179,2.1602,6480336.0
2016-06-06,TQQQ,2.17,2.2006,2.16085,2.18335,3583250.0
2016-06-07,TQQQ,2.1904,2.19375,2.16375,2.1679,3212828.0
2016-06-08,TQQQ,2.1798,2.19125,2.15415,2.1775,3427524.0
2016-06-09,TQQQ,2.15145,2.17435,2.13895,2.1679,4155318.0
2016-06-10,TQQQ,2.1096,2.1204,2.0715,2.095,6739900.0
2016-06-13,TQQQ,2.0598,2.0928,2.03335,2.04125,4960466.0
2016-06-14,TQQQ,2.0246,2.0623,1.99585,2.0423,5905450.0
2016-06-15,TQQQ,2.0556,2.0623,2.0127,2.02395,4432362.0
2016-06-16,TQQQ,1.99415,2.04645,1.9538,2.03855,6848452.0
2016-06-17,TQQQ,2.0302,2.0302,1.9552,1.96875,6959144.0
2016-06-20,TQQQ,2.03935,2.0652,2.00125,2.00415,5801788.0
2016-06-21,TQQQ,2.01645,2.03685,2.00235,2.02415,3600504.0
2016-06-22,TQQQ,2.03,2.06355,2.0052,2.01105,4304028.0
2016-06-23,TQQQ,2.0577,2.09665,2.0323,2.09585,5356608.0
2016-06-24,TQQQ,1.875,1.9656,1.825,1.83915,13562606.0
2016-06-27,TQQQ,1.7973,1.7998,1.70415,1.7321,9896262.0
2016-06-28,TQQQ,1.7848,1.8431,1.7831,1.8406,8311150.0
2016-06-29,TQQQ,1.8856,1.9498,1.8821,1.93625,8685930.0
2016-06-30,TQQQ,1.9479,2.00895,1.92915,2.00665,6908716.0
2016-07-01,TQQQ,2.0031,2.05855,2.00085,2.03415,5476084.0
2016-07-05,TQQQ,2.0079,2.01165,1.96585,1.9981,5455826.0
2016-07-06,TQQQ,1.97085,2.0496,1.95145,2.0452,7228186.0
2016-07-07,TQQQ,2.05435,2.07915,2.03645,2.0646,5259668.0
2016-07-08,TQQQ,2.0952,2.165,2.0896,2.16,6251720.0
2016-07-11,TQQQ,2.1846,2.222,2.1825,2.19685,5943692.0
2016-07-12,TQQQ,2.2377,2.24915,2.22275,2.23145,4824578.0
2016-07-13,TQQQ,2.2496,2.25085,2.21435,2.21585,5267252.0
2016-07-14,TQQQ,2.2598,2.2729,2.24395,2.26085,4579336.0
2016-07-15,TQQQ,2.2754,2.27935,2.23435,2.2481,3559044.0
2016-07-18,TQQQ,2.25415,2.30585,2.2523,2.2929,3494164.0
2016-07-19,TQQQ,2.27085,2.29,2.257,2.26915,3277740.0
2016-07-20,TQQQ,2.30395,2.36085,2.2973,2.34685,3780208.0
2016-07-21,TQQQ,2.35395,2.36625,2.3129,2.3329,4700288.0
2016-07-22,TQQQ,2.33835,2.36875,2.3154,2.36,3616864.0
2016-07-25,TQQQ,2.3548,2.3623,2.3375,2.3621,3176740.0
2016-07-26,TQQQ,2.3598,2.395,2.33335,2.37,5681402.0
2016-07-27,TQQQ,2.4281,2.43685,2.3877,2.41625,5440206.0
2016-07-28,TQQQ,2.4296,2.45165,2.40665,2.4425,3629972.0
2016-07-29,TQQQ,2.46,2.47875,2.43625,2.45855,4276314.0
2016-08-01,TQQQ,2.4646,2.51605,2.4554,2.4971,4388104.0
2016-08-02,TQQQ,2.48645,2.49355,2.3931,2.44085,6712828.0
2016-08-03,TQQQ,2.4354,2.4652,2.4307,2.46395,3555616.0
2016-08-04,TQQQ,2.46335,2.4931,2.4452,2.48605,3501142.0
2016-08-05,TQQQ,2.52625,2.57395,2.5156,2.5579,5144912.0
2016-08-08,TQQQ,2.5623,2.5637,2.52435,2.5498,3162520.0
2016-08-09,TQQQ,2.55415,2.59015,2.55,2.56665,3325734.0
2016-08-10,TQQQ,2.56855,2.5725,2.52605,2.54685,3654908.0
2016-08-11,TQQQ,2.57085,2.5958,2.55685,2.5798,2860356.0
2016-08-12,TQQQ,2.5646,2.5846,2.5571,2.5846,2844866.0
2016-08-15,TQQQ,2.59375,2.63425,2.59125,2.6171,2385532.0
2016-08-16,TQQQ,2.60185,2.60415,2.57225,2.57585,2608230.0
2016-08-17,TQQQ,2.57585,2.5898,2.5329,2.5879,3743256.0
2016-08-18,TQQQ,2.5798,2.6004,2.56665,2.5904,2364730.0
2016-08-19,TQQQ,2.57625,2.60355,2.5546,2.58685,3067356.0
2016-08-22,TQQQ,2.5746,2.60605,2.56125,2.58935,3051794.0
2016-08-23,TQQQ,2.62085,2.63585,2.6029,2.6048,2610594.0
2016-08-24,TQQQ,2.60105,2.6123,2.53025,2.5546,2966572.0
2016-08-25,TQQQ,2.53435,2.56585,2.5256,2.5425,2435294.0
2016-08-26,TQQQ,2.54585,2.60335,2.50835,2.5548,4471342.0
2016-08-29,TQQQ,2.55625,2.5849,2.5548,2.56185,2076448.0
2016-08-30,TQQQ,2.5525,2.57395,2.5129,2.53875,2739630.0
2016-08-31,TQQQ,2.5277,2.5391,2.49895,2.5321,2984020.0
2016-09-01,TQQQ,2.53375,2.55875,2.49625,2.54335,3581380.0
2016-09-02,TQQQ,2.58855,2.60395,2.546,2.5731,3780714.0
2016-09-06,TQQQ,2.58855,2.6229,2.57085,2.62085,2749452.0
2016-09-07,TQQQ,2.62895,2.6404,2.5977,2.6256,2419746.0
2016-09-08,TQQQ,2.60415,2.6056,2.5606,2.5806,2919356.0
2016-09-09,TQQQ,2.5177,2.53335,2.385,2.385,6704874.0
2016-09-12,TQQQ,2.34915,2.5238,2.3448,2.5073,5443854.0
2016-09-13,TQQQ,2.47375,2.4975,2.4102,2.4481,5221132.0
2016-09-14,TQQQ,2.45435,2.52085,2.45185,2.4796,4647060.0
2016-09-15,TQQQ,2.48335,2.60685,2.48125,2.5946,5516570.0
2016-09-16,TQQQ,2.5881,2.6004,2.55415,2.59165,3396888.0
2016-09-19,TQQQ,2.61145,2.63615,2.54395,2.5577,3819654.0
2016-09-20,TQQQ,2.58335,2.60415,2.56,2.57185,3157560.0
2016-09-21,TQQQ,2.60415,2.65855,2.5602,2.64665,5774950.0
2016-09-22,TQQQ,2.69625,2.71995,2.68665,2.70855,3254188.0
2016-09-23,TQQQ,2.7,2.70145,2.6475,2.6598,3044352.0
2016-09-26,TQQQ,2.61395,2.62335,2.58085,2.59375,3411714.0
2016-09-27,TQQQ,2.59085,2.6721,2.58085,2.6673,3454104.0
2016-09-28,TQQQ,2.67685,2.68665,2.64125,2.68185,3154018.0
2016-09-29,TQQQ,2.6704,2.68355,2.5898,2.625,4784696.0
2016-09-30,TQQQ,2.64915,2.7056,2.63605,2.67895,3332822.0
2016-10-03,TQQQ,2.6698,2.68085,2.63855,2.6729,3406678.0
2016-10-04,TQQQ,2.69185,2.71145,2.6286,2.6577,4675232.0
2016-10-05,TQQQ,2.68185,2.71145,2.67805,2.6854,2869028.0
2016-10-06,TQQQ,2.6754,2.69855,2.6431,2.68125,3105388.0
2016-10-07,TQQQ,2.6898,2.6998,2.6254,2.66375,3773472.0
2016-10-10,TQQQ,2.7031,2.7327,2.70165,2.71145,2495388.0
2016-10-11,TQQQ,2.70585,2.70915,2.56355,2.59935,5401872.0
2016-10-12,TQQQ,2.6021,2.6181,2.5675,2.59395,3418956.0
2016-10-13,TQQQ,2.5398,2.5846,2.4931,2.56355,4351164.0
2016-10-14,TQQQ,2.5981,2.63165,2.5671,2.56935,3408854.0
2016-10-17,TQQQ,2.56875,2.58205,2.5414,2.55165,2327600.0
2016-10-18,TQQQ,2.6406,2.6548,2.6146,2.6171,3207044.0
2016-10-19,TQQQ,2.6123,2.62855,2.60395,2.6181,1960588.0
2016-10-20,TQQQ,2.60605,2.6254,2.5629,2.6071,2914604.0
2016-10-21,TQQQ,2.6127,2.64145,2.5881,2.6354,2442940.0
2016-10-24,TQQQ,2.68875,2.73685,2.68665,2.73145,2860334.0
2016-10-25,TQQQ,2.73395,2.7379,2.6935,2.70415,2488006.0
2016-10-26,TQQQ,2.6521,2.69505,2.6271,2.6523,3971184.0
2016-10-27,TQQQ,2.6848,2.69125,2.60335,2.6152,4293426.0
2016-10-28,TQQQ,2.5904,2.6321,2.54165,2.57,5956552.0
2016-10-31,TQQQ,2.595,2.595,2.55415,2.5554,2371014.0
2016-11-01,TQQQ,2.57185,2.57185,2.43375,2.5029,4246846.0
2016-11-02,TQQQ,2.4946,2.51145,2.42105,2.4377,3406870.0
2016-11-03,TQQQ,2.4277,2.4506,2.35855,2.3675,3625516.0
2016-11-04,TQQQ,2.3456,2.3973,2.32875,2.3406,3538492.0
2016-11-07,TQQQ,2.45395,2.51625,2.44435,2.50835,4206812.0
2016-11-08,TQQQ,2.5,2.59125,2.48335,2.5575,4607856.0
2016-11-09,TQQQ,2.46685,2.6048,2.4598,2.59335,7637280.0
2016-11-10,TQQQ,2.6248,2.6396,2.36395,2.47,10331938.0
2016-11-11,TQQQ,2.43185,2.48585,2.40835,2.4679,4731802.0
2016-11-14,TQQQ,2.4725,2.4779,2.3575,2.3846,7397956.0
2016-11-15,TQQQ,2.445,2.5177,2.4381,2.495,4398840.0
2016-11-16,TQQQ,2.4573,2.54355,2.4573,2.5356,3597452.0
2016-11-17,TQQQ,2.53395,2.59435,2.5181,2.59435,3147336.0
2016-11-18,TQQQ,2.59915,2.6161,2.5573,2.5652,2627326.0
2016-11-21,TQQQ,2.58145,2.6504,2.5804,2.6423,3484416.0
2016-11-22,TQQQ,2.67435,2.6875,2.6475,2.66605,3195098.0
2016-11-23,TQQQ,2.6404,2.64935,2.6,2.63395,3076078.0
2016-11-25,TQQQ,2.64645,2.66335,2.6356,2.65935,1595004.0
2016-11-28,TQQQ,2.6473,2.67915,2.63375,2.6446,2977830.0
2016-11-29,TQQQ,2.64685,2.70665,2.6275,2.67,3107504.0
2016-11-30,TQQQ,2.6754,2.68185,2.56935,2.58355,6303958.0
2016-12-01,TQQQ,2.5704,2.5706,2.42645,2.44165,7765980.0
2016-12-02,TQQQ,2.44395,2.4825,2.4223,2.45145,4291070.0
2016-12-05,TQQQ,2.49105,2.5392,2.4567,2.5081,3747670.0
2016-12-06,TQQQ,2.5275,2.5406,2.49665,2.52625,2885528.0
2016-12-07,TQQQ,2.51145,2.6325,2.4896,2.62,6202822.0
2016-12-08,TQQQ,2.62665,2.6573,2.61145,2.63605,4708906.0
2016-12-09,TQQQ,2.66585,2.7023,2.66585,2.6977,4278044.0
2016-12-12,TQQQ,2.66085,2.67835,2.6295,2.6602,3964690.0
2016-12-13,TQQQ,2.68915,2.80685,2.6854,2.76415,7049846.0
2016-12-14,TQQQ,2.7696,2.7996,2.72045,2.74395,5932392.0
2016-12-15,TQQQ,2.75145,2.80625,2.7367,2.7606,4434430.0
2016-12-16,TQQQ,2.77355,2.79145,2.71185,2.7271,4781364.0
2016-12-19,TQQQ,2.73855,2.8104,2.72625,2.7604,3482196.0
2016-12-20,TQQQ,2.7821,2.8073,2.7771,2.79375,2616088.0
2016-12-21,TQQQ,2.7948,2.8004,2.76655,2.78395,2012022.0
2016-12-22,TQQQ,2.7852,2.78895,2.73,2.7598,2730094.0
2016-12-23,TQQQ,2.74855,2.7696,2.7396,2.76835,1343796.0
2016-12-27,TQQQ,2.78335,2.85685,2.7804,2.80875,3151894.0
2016-12-28,TQQQ,2.82585,2.8348,2.7377,2.74375,3805780.0
2016-12-29,TQQQ,2.7423,2.7596,2.70585,2.7304,3572000.0
2016-12-30,TQQQ,2.74605,2.7477,2.625,2.6506,4391098.0
2017-01-03,TQQQ,2.7002,2.7477,2.67435,2.7148,4068592.0
2017-01-04,TQQQ,2.7273,2.77625,2.7238,2.76105,2771488.0
2017-01-05,TQQQ,2.75875,2.81355,2.75625,2.81,2557226.0
2017-01-06,TQQQ,2.8152,2.90335,2.79385,2.88125,3991688.0
2017-01-09,TQQQ,2.88835,2.925,2.8825,2.9104,2757180.0
2017-01-10,TQQQ,2.90915,2.9546,2.89395,2.9271,2763932.0
2017-01-11,TQQQ,2.92915,2.95165,2.88625,2.9496,3921024.0
2017-01-12,TQQQ,2.9204,2.94335,2.8554,2.9346,6709864.0
2017-01-13,TQQQ,2.94415,2.9825,2.94335,2.96835,4884468.0
2017-01-17,TQQQ,2.94165,2.95835,2.915,2.9404,4627528.0
2017-01-18,TQQQ,2.95415,2.96625,2.9304,2.9604,4110800.0
2017-01-19,TQQQ,2.96875,3.00145,2.93585,2.9525,4977608.0
2017-01-20,TQQQ,2.99165,3.0146,2.95,2.97165,4737218.0
2017-01-23,TQQQ,2.9625,2.99165,2.92375,2.97835,4604188.0
2017-01-24,TQQQ,2.9946,3.05335,2.9821,3.0404,4307538.0
2017-01-25,TQQQ,3.0954,3.13375,3.08875,3.12915,4679032.0
2017-01-26,TQQQ,3.14335,3.16085,3.1254,3.1421,4237910.0
2017-01-27,TQQQ,3.15835,3.16765,3.12835,3.1571,2770734.0
2017-01-30,TQQQ,3.12375,3.1254,3.0325,3.0854,6253698.0
2017-01-31,TQQQ,3.05375,3.06835,3.0121,3.06835,4967928.0
2017-02-01,TQQQ,3.12835,3.14665,3.08665,3.12665,6042550.0
2017-02-02,TQQQ,3.11085,3.1479,3.085,3.11875,4824562.0
2017-02-03,TQQQ,3.13125,3.15625,3.12165,3.14585,4015918.0
2017-02-06,TQQQ,3.1304,3.15915,3.1221,3.1575,3475606.0
2017-02-07,TQQQ,3.17415,3.2121,3.1693,3.19,3886228.0
2017-02-08,TQQQ,3.17875,3.2204,3.16105,3.2079,3080610.0
2017-02-09,TQQQ,3.21665,3.26355,3.21165,3.24125,4293720.0
2017-02-10,TQQQ,3.26375,3.2875,3.2471,3.27335,3989334.0
2017-02-13,TQQQ,3.30415,3.3429,3.29915,3.33085,3582374.0
2017-02-14,TQQQ,3.3329,3.36335,3.30165,3.3621,5221928.0
2017-02-15,TQQQ,3.3579,3.42665,3.35,3.42,6130382.0
2017-02-16,TQQQ,3.42835,3.44855,3.3925,3.4171,5329254.0
2017-02-17,TQQQ,3.4029,3.4625,3.40085,3.46,4300624.0
2017-02-21,TQQQ,3.48415,3.52,3.47625,3.515,5560742.0
2017-02-22,TQQQ,3.50415,3.52425,3.48585,3.5154,3588030.0
2017-02-23,TQQQ,3.53085,3.53125,3.43415,3.4775,5223002.0
2017-02-24,TQQQ,3.4275,3.49625,3.425,3.49625,4227658.0
2017-02-27,TQQQ,3.4779,3.50875,3.4588,3.50665,4369822.0
2017-02-28,TQQQ,3.5071,3.5104,3.4475,3.47915,3492078.0
2017-03-01,TQQQ,3.54,3.60835,3.52335,3.59165,5271252.0
2017-03-02,TQQQ,3.59,3.59,3.52335,3.535,3576566.0
2017-03-03,TQQQ,3.52665,3.55835,3.4996,3.55335,2887238.0
2017-03-06,TQQQ,3.515,3.54835,3.4879,3.52875,3231272.0
2017-03-07,TQQQ,3.50625,3.55835,3.4946,3.51125,2952474.0
2017-03-08,TQQQ,3.52,3.56335,3.5079,3.52915,3220938.0
2017-03-09,TQQQ,3.52835,3.55285,3.4821,3.54,3681042.0
2017-03-10,TQQQ,3.5854,3.59835,3.538,3.57875,4288064.0
2017-03-13,TQQQ,3.5754,3.6029,3.5721,3.5996,2823594.0
2017-03-14,TQQQ,3.575,3.5804,3.53,3.5729,4418448.0
2017-03-15,TQQQ,3.5975,3.66335,3.5604,3.6354,5317824.0
2017-03-16,TQQQ,3.6604,3.6604,3.6071,3.63335,3239696.0
2017-03-17,TQQQ,3.64165,3.65625,3.6225,3.6246,2943436.0
2017-03-20,TQQQ,3.6246,3.66125,3.60835,3.6354,3058896.0
2017-03-21,TQQQ,3.67585,3.6875,3.465,3.47335,7797416.0
2017-03-22,TQQQ,3.4754,3.55125,3.45915,3.54165,5947802.0
2017-03-23,TQQQ,3.52875,3.55665,3.49665,3.51335,4921964.0
2017-03-24,TQQQ,3.54665,3.5879,3.495,3.5325,4307214.0
2017-03-27,TQQQ,3.4604,3.5696,3.4346,3.55125,6271604.0
2017-03-28,TQQQ,3.55085,3.64875,3.52875,3.6179,6999994.0
2017-03-29,TQQQ,3.62125,3.67085,3.6129,3.66585,4014180.0
2017-03-30,TQQQ,3.6646,3.69625,3.6525,3.68415,4410554.0
2017-03-31,TQQQ,3.6679,3.705,3.65585,3.6754,4512182.0
2017-04-03,TQQQ,3.68625,3.71165,3.6091,3.6675,5376786.0
2017-04-04,TQQQ,3.6354,3.6871,3.6329,3.68415,2702002.0
2017-04-05,TQQQ,3.7021,3.76585,3.6204,3.6421,6113384.0
2017-04-06,TQQQ,3.6546,3.6754,3.61875,3.645,5137510.0
2017-04-07,TQQQ,3.6425,3.67375,3.60125,3.64085,3464648.0
2017-04-10,TQQQ,3.65335,3.68875,3.61375,3.645,4031462.0
2017-04-11,TQQQ,3.63085,3.64915,3.5179,3.59915,7112228.0
2017-04-12,TQQQ,3.595,3.6025,3.54085,3.55165,5674518.0
2017-04-13,TQQQ,3.5375,3.59875,3.5075,3.5096,5114180.0
2017-04-17,TQQQ,3.53915,3.5975,3.5352,3.5929,3027760.0
2017-04-18,TQQQ,3.5596,3.6116,3.5529,3.5825,4229528.0
2017-04-19,TQQQ,3.62375,3.65915,3.58,3.595,4797306.0
2017-04-20,TQQQ,3.63875,3.70835,3.6221,3.6821,6874404.0
2017-04-21,TQQQ,3.69415,3.69875,3.65505,3.6804,4502150.0
2017-04-24,TQQQ,3.8021,3.825,3.78585,3.81415,5006002.0
2017-04-25,TQQQ,3.8521,3.9179,3.84325,3.89875,5342778.0
2017-04-26,TQQQ,3.9025,3.9304,3.87335,3.88165,7304916.0
2017-04-27,TQQQ,3.91085,3.95,3.90125,3.9496,4806304.0
2017-04-28,TQQQ,3.9975,4.0021,3.9521,3.9721,5708330.0
2017-05-01,TQQQ,4.00875,4.0925,4.00375,4.0721,5386176.0
2017-05-02,TQQQ,4.0921,4.1021,4.0608,4.09625,5034404.0
2017-05-03,TQQQ,4.07125,4.0717,4.0229,4.05585,6132270.0
2017-05-04,TQQQ,4.0579,4.07665,4.01835,4.06,6050554.0
2017-05-05,TQQQ,4.08915,4.10415,4.0454,4.10415,4542202.0
2017-05-08,TQQQ,4.1104,4.1304,4.0854,4.12875,5105556.0
2017-05-09,TQQQ,4.14835,4.20125,4.13935,4.17415,6309744.0
2017-05-10,TQQQ,4.17875,4.1846,4.13665,4.18085,4682724.0
2017-05-11,TQQQ,4.1471,4.1728,4.08875,4.17085,5202830.0
2017-05-12,TQQQ,4.17625,4.2004,4.1654,4.1979,4878176.0
2017-05-15,TQQQ,4.2021,4.24415,4.19125,4.2371,5778310.0
2017-05-16,TQQQ,4.2671,4.29085,4.2329,4.2904,6422230.0
2017-05-17,TQQQ,4.1896,4.21165,3.9603,3.96585,11686402.0
2017-05-18,TQQQ,3.96,4.1054,3.9431,4.06625,10032060.0
2017-05-19,TQQQ,4.10585,4.16835,4.1025,4.1154,6070490.0
2017-05-22,TQQQ,4.14415,4.2271,4.1396,4.2221,5446270.0
2017-05-23,TQQQ,4.25665,4.25835,4.20085,4.2325,5738272.0
2017-05-24,TQQQ,4.2679,4.29585,4.2346,4.29085,5459426.0
2017-05-25,TQQQ,4.3379,4.4318,4.31085,4.40375,7291920.0
2017-05-26,TQQQ,4.4004,4.4271,4.38375,4.4225,4571314.0
2017-05-30,TQQQ,4.41165,4.4479,4.4071,4.43165,4599456.0
2017-05-31,TQQQ,4.4721,4.48165,4.35875,4.42625,8075216.0
2017-06-01,TQQQ,4.4525,4.4829,4.3979,4.47915,6174304.0
2017-06-02,TQQQ,4.52335,4.63535,4.50375,4.6321,6937052.0
2017-06-05,TQQQ,4.62835,4.6525,4.60875,4.62835,4289864.0
2017-06-06,TQQQ,4.61165,4.65665,4.5525,4.57585,6477888.0
2017-06-07,TQQQ,4.60835,4.6375,4.54835,4.62585,6784152.0
2017-06-08,TQQQ,4.6546,4.66165,4.5654,4.63835,7713564.0
2017-06-09,TQQQ,4.655,4.6721,4.11085,4.3029,19428236.0
2017-06-12,TQQQ,4.18335,4.24415,4.05975,4.225,13870784.0
2017-06-13,TQQQ,4.29085,4.34085,4.22645,4.32375,10540994.0
2017-06-14,TQQQ,4.3746,4.3746,4.16375,4.26585,11584384.0
2017-06-15,TQQQ,4.1354,4.2225,4.0575,4.20835,11763254.0
2017-06-16,TQQQ,4.2,4.2029,4.1071,4.1579,7821460.0
2017-06-19,TQQQ,4.27375,4.37325,4.2546,4.35915,9245450.0
2017-06-20,TQQQ,4.34875,4.36415,4.2546,4.2604,7161538.0
2017-06-21,TQQQ,4.28665,4.38835,4.2779,4.38415,6965716.0
2017-06-22,TQQQ,4.40375,4.4275,4.34585,4.37915,5703804.0
2017-06-23,TQQQ,4.36375,4.44585,4.32835,4.42835,5732132.0
2017-06-26,TQQQ,4.50125,4.5279,4.33875,4.3696,8806848.0
2017-06-27,TQQQ,4.31875,4.3329,4.12915,4.12915,12007300.0
2017-06-28,TQQQ,4.1725,4.3159,4.10165,4.3025,10071892.0
2017-06-29,TQQQ,4.2496,4.2525,3.95835,4.08335,19296972.0
2017-06-30,TQQQ,4.11875,4.1504,4.0454,4.06915,8217922.0
2017-07-03,TQQQ,4.14165,4.1546,3.94835,3.95835,6806984.0
2017-07-05,TQQQ,3.98875,4.10375,3.9521,4.07125,9502880.0
2017-07-06,TQQQ,3.9771,4.02875,3.9179,3.96375,8860430.0
2017-07-07,TQQQ,4.0029,4.12085,4.0,4.0825,7468624.0
2017-07-10,TQQQ,4.0979,4.1979,4.0651,4.1679,7676122.0
2017-07-11,TQQQ,4.1496,4.2177,4.1029,4.2021,9047634.0
2017-07-12,TQQQ,4.3075,4.365,4.28415,4.35165,8775550.0
2017-07-13,TQQQ,4.36875,4.41115,4.3421,4.3804,7623056.0
2017-07-14,TQQQ,4.4321,4.49915,4.3971,4.48335,7053022.0
2017-07-17,TQQQ,4.4979,4.53665,4.46375,4.48585,8388648.0
2017-07-18,TQQQ,4.47665,4.5796,4.4375,4.575,7015142.0
2017-07-19,TQQQ,4.6146,4.6771,4.61125,4.65875,8686174.0
2017-07-20,TQQQ,4.6929,4.7025,4.6121,4.67625,9038464.0
2017-07-21,TQQQ,4.61835,4.6696,4.5971,4.66915,7243072.0
2017-07-24,TQQQ,4.6679,4.7421,4.6504,4.73,7394430.0
2017-07-25,TQQQ,4.68625,4.7296,4.6579,4.69835,7848356.0
2017-07-26,TQQQ,4.72835,4.74915,4.70835,4.7404,5050674.0
2017-07-27,TQQQ,4.83585,4.8479,4.48585,4.65585,15746496.0
2017-07-28,TQQQ,4.57375,4.66205,4.5446,4.64085,5835252.0
2017-07-31,TQQQ,4.67875,4.69665,4.5496,4.5804,7392952.0
2017-08-01,TQQQ,4.62625,4.63,4.56875,4.6104,5096438.0
2017-08-02,TQQQ,4.6975,4.7021,4.51835,4.64415,9197264.0
2017-08-03,TQQQ,4.66165,4.66335,4.5671,4.59585,6053404.0
2017-08-04,TQQQ,4.6229,4.64875,4.56085,4.61375,5957456.0
2017-08-07,TQQQ,4.64085,4.7029,4.62085,4.6954,4569836.0
2017-08-08,TQQQ,4.6746,4.79165,4.6379,4.6779,8657126.0
2017-08-09,TQQQ,4.56335,4.6654,4.53085,4.6596,8256772.0
2017-08-10,TQQQ,4.58125,4.5896,4.34625,4.3571,13615256.0
2017-08-11,TQQQ,4.37835,4.48625,4.34745,4.45665,8772652.0
2017-08-14,TQQQ,4.5604,4.65,4.55915,4.63,7957316.0
2017-08-15,TQQQ,4.65585,4.6652,4.6004,4.63835,6024864.0
2017-08-16,TQQQ,4.67085,4.7271,4.61625,4.6625,8254446.0
2017-08-17,TQQQ,4.60585,4.62835,4.375,4.37585,13215162.0
2017-08-18,TQQQ,4.3825,4.4546,4.3125,4.3604,10821028.0
2017-08-21,TQQQ,4.3679,4.3933,4.26665,4.3525,7206712.0
2017-08-22,TQQQ,4.41665,4.5596,4.4146,4.54625,7855376.0
2017-08-23,TQQQ,4.47165,4.52665,4.46585,4.4954,7006390.0
2017-08-24,TQQQ,4.52835,4.54585,4.37915,4.4579,8098312.0
2017-08-25,TQQQ,4.50335,4.54125,4.41125,4.4279,7718428.0
2017-08-28,TQQQ,4.46665,4.49915,4.4254,4.46665,5520122.0
2017-08-29,TQQQ,4.3504,4.54165,4.34,4.52165,7093506.0
2017-08-30,TQQQ,4.5296,4.7,4.52165,4.67835,8854064.0
2017-08-31,TQQQ,4.71625,4.82835,4.70875,4.81125,8848022.0
2017-09-01,TQQQ,4.8479,4.86635,4.77085,4.8079,5916854.0
2017-09-05,TQQQ,4.7621,4.7948,4.5696,4.67915,10848128.0
2017-09-06,TQQQ,4.717,4.75125,4.61875,4.7196,7129736.0
2017-09-07,TQQQ,4.7471,4.7875,4.7,4.74875,6164198.0
2017-09-08,TQQQ,4.73085,4.73915,4.6146,4.63165,6887226.0
2017-09-11,TQQQ,4.73625,4.8096,4.7346,4.77915,7106678.0
2017-09-12,TQQQ,4.825,4.84025,4.7529,4.8196,6118148.0
2017-09-13,TQQQ,4.79165,4.84085,4.7725,4.8396,4300344.0
2017-09-14,TQQQ,4.78625,4.8254,4.74585,4.7579,6131358.0
2017-09-15,TQQQ,4.7529,4.8546,4.72835,4.79625,6605360.0
2017-09-18,TQQQ,4.8171,4.86335,4.7396,4.7846,7625888.0
2017-09-19,TQQQ,4.8071,4.8274,4.7579,4.805,4745178.0
2017-09-20,TQQQ,4.8025,4.81665,4.6525,4.765,8942158.0
2017-09-21,TQQQ,4.75085,4.7525,4.625,4.67335,7074122.0
2017-09-22,TQQQ,4.6271,4.6804,4.615,4.66165,5180538.0
2017-09-25,TQQQ,4.6046,4.6116,4.44375,4.5154,11293450.0
2017-09-26,TQQQ,4.58085,4.60585,4.49875,4.54625,7924156.0
2017-09-27,TQQQ,4.61875,4.71915,4.58335,4.6696,9278980.0
2017-09-28,TQQQ,4.63585,4.675,4.60165,4.66165,5377988.0
2017-09-29,TQQQ,4.69,4.7704,4.6525,4.7604,7354002.0
2017-10-02,TQQQ,4.785,4.8321,4.71,4.77375,7683868.0
2017-10-03,TQQQ,4.79165,4.82005,4.7604,4.80375,5228104.0
2017-10-04,TQQQ,4.77585,4.84625,4.7629,4.81625,7512866.0
2017-10-05,TQQQ,4.8725,4.963,4.8521,4.955,7857618.0
2017-10-06,TQQQ,4.90835,4.975,4.90625,4.9729,7163418.0
2017-10-09,TQQQ,4.99585,5.01085,4.9404,4.9604,5737694.0
2017-10-10,TQQQ,5.0075,5.02375,4.9046,4.97085,5979838.0
2017-10-11,TQQQ,4.9646,5.01665,4.9439,5.01415,4982422.0
2017-10-12,TQQQ,4.9929,5.045,4.96915,4.9871,5515052.0
2017-10-13,TQQQ,5.0446,5.06,5.0271,5.0429,4072894.0
2017-10-16,TQQQ,5.08085,5.0975,5.0471,5.095,4756688.0
2017-10-17,TQQQ,5.08875,5.1146,5.065,5.1129,5015876.0
2017-10-18,TQQQ,5.1271,5.1279,5.0721,5.09335,4824952.0
2017-10-19,TQQQ,5.00585,5.0375,4.93,5.0371,6723402.0
2017-10-20,TQQQ,5.0975,5.1096,5.0586,5.07375,5546218.0
2017-10-23,TQQQ,5.10585,5.1071,4.9554,4.97915,5121434.0
2017-10-24,TQQQ,5.0029,5.0321,4.9462,5.0046,4906056.0
2017-10-25,TQQQ,4.97085,5.0202,4.8321,4.94375,7432604.0
2017-10-26,TQQQ,4.93665,4.96965,4.89085,4.8979,6063940.0
2017-10-27,TQQQ,5.13085,5.3496,5.1179,5.32,12318130.0
2017-10-30,TQQQ,5.30665,5.41985,5.295,5.3579,8046310.0
2017-10-31,TQQQ,5.40585,5.43975,5.3629,5.4146,5016410.0
2017-11-01,TQQQ,5.4825,5.49,5.3479,5.4075,6921922.0
2017-11-02,TQQQ,5.39125,5.39875,5.26875,5.38,7648428.0
2017-11-03,TQQQ,5.4371,5.53615,5.3821,5.53,7224914.0
2017-11-06,TQQQ,5.5204,5.595,5.51375,5.58625,6341402.0
2017-11-07,TQQQ,5.57375,5.6204,5.54,5.5954,7776844.0
2017-11-08,TQQQ,5.59,5.6689,5.56915,5.6654,5738694.0
2017-11-09,TQQQ,5.5275,5.58335,5.4021,5.5746,13599500.0
2017-11-10,TQQQ,5.5371,5.58585,5.50585,5.5729,5536422.0
2017-11-13,TQQQ,5.51415,5.61415,5.5096,5.5896,6262044.0
2017-11-14,TQQQ,5.53335,5.55165,5.45165,5.53335,7583326.0
2017-11-15,TQQQ,5.4625,5.4979,5.365,5.4521,6722384.0
2017-11-16,TQQQ,5.5379,5.69625,5.53515,5.65625,6737834.0
2017-11-17,TQQQ,5.6621,5.67335,5.5779,5.5929,5779332.0
2017-11-20,TQQQ,5.60165,5.62085,5.55665,5.57915,4171566.0
2017-11-21,TQQQ,5.6571,5.76665,5.65125,5.755,5895274.0
2017-11-22,TQQQ,5.7754,5.79605,5.7429,5.7779,5009772.0
2017-11-24,TQQQ,5.8,5.8475,5.78915,5.8429,3329306.0
2017-11-27,TQQQ,5.8354,5.87585,5.795,5.83335,5569824.0
2017-11-28,TQQQ,5.8729,5.8896,5.77955,5.87625,5858778.0
2017-11-29,TQQQ,5.86165,5.86165,5.49,5.57415,17357300.0
2017-11-30,TQQQ,5.64415,5.7433,5.6021,5.7125,9898312.0
2017-12-01,TQQQ,5.6021,5.7179,5.3871,5.63625,14191250.0
2017-12-04,TQQQ,5.74665,5.7596,5.4246,5.44165,13787034.0
2017-12-05,TQQQ,5.4321,5.6371,5.3729,5.4496,9623344.0
2017-12-06,TQQQ,5.38915,5.5479,5.36915,5.52165,7896586.0
2017-12-07,TQQQ,5.525,5.625,5.50375,5.57625,6346354.0
2017-12-08,TQQQ,5.7,5.74085,5.625,5.65,7366744.0
2017-12-11,TQQQ,5.65875,5.78665,5.65625,5.7796,5963940.0
2017-12-12,TQQQ,5.77125,5.80915,5.72165,5.7579,6114708.0
2017-12-13,TQQQ,5.82335,5.845,5.76585,5.78665,6945224.0
2017-12-14,TQQQ,5.8204,5.8621,5.75625,5.77835,5937274.0
2017-12-15,TQQQ,5.84585,5.9921,5.81415,5.96625,9305750.0
2017-12-18,TQQQ,6.08375,6.1371,6.05835,6.1196,6756734.0
2017-12-19,TQQQ,6.08665,6.10625,5.96375,6.02,8238912.0
2017-12-20,TQQQ,6.0775,6.08,5.9204,5.995,5929196.0
2017-12-21,TQQQ,6.01625,6.07125,5.97165,5.9921,5543188.0
2017-12-22,TQQQ,5.96665,5.97875,5.92165,5.9721,3540924.0
2017-12-26,TQQQ,5.87665,5.89665,5.8079,5.8754,4072192.0
2017-12-27,TQQQ,5.87585,5.9225,5.85835,5.8754,3766494.0
2017-12-28,TQQQ,5.9275,5.9329,5.87405,5.89125,3894198.0
2017-12-29,TQQQ,5.91335,5.91335,5.77585,5.78,5713168.0
2018-01-02,TQQQ,5.87085,6.08915,5.82875,6.07665,7644694.0
2018-01-03,TQQQ,6.10125,6.2775,6.1004,6.2546,7101922.0
2018-01-04,TQQQ,6.3279,6.3504,6.26895,6.29125,5835442.0
2018-01-05,TQQQ,6.37915,6.495,6.34625,6.48125,6865056.0
2018-01-08,TQQQ,6.4804,6.56665,6.47415,6.55335,6021004.0
2018-01-09,TQQQ,6.59335,6.6154,6.5,6.55835,8680864.0
2018-01-10,TQQQ,6.4671,6.51415,6.3839,6.51165,7987718.0
2018-01-11,TQQQ,6.5446,6.6421,6.51395,6.6421,6236574.0
2018-01-12,TQQQ,6.6196,6.80875,6.60085,6.7829,7463454.0
2018-01-16,TQQQ,6.92,7.0279,6.67,6.7304,13751706.0
2018-01-17,TQQQ,6.82,6.9771,6.7279,6.9425,6885374.0
2018-01-18,TQQQ,6.9121,6.9954,6.8629,6.94915,7866118.0
2018-01-19,TQQQ,7.00875,7.04585,6.9104,7.01585,7079088.0
2018-01-22,TQQQ,6.99915,7.235,6.98125,7.235,8655254.0
2018-01-23,TQQQ,7.3046,7.43625,7.29335,7.41835,10778656.0
2018-01-24,TQQQ,7.45875,7.51085,7.14385,7.2679,17422768.0
2018-01-25,TQQQ,7.4196,7.425,7.1906,7.25875,11108468.0
2018-01-26,TQQQ,7.375,7.5829,7.33665,7.5829,8869840.0
2018-01-29,TQQQ,7.5379,7.58915,7.43375,7.4825,11029022.0
2018-01-30,TQQQ,7.27415,7.38955,7.17835,7.29125,11042276.0
2018-01-31,TQQQ,7.41875,7.46075,7.25,7.38125,9249776.0
2018-02-01,TQQQ,7.2179,7.425,7.12,7.19665,10664006.0
2018-02-02,TQQQ,7.11625,7.15935,6.74625,6.7571,15848750.0
2018-02-05,TQQQ,6.5729,6.90165,5.9421,5.9771,19218946.0
2018-02-06,TQQQ,5.70085,6.45835,5.62625,6.4379,19948562.0
2018-02-07,TQQQ,6.3775,6.5829,6.18335,6.18335,14675988.0
2018-02-08,TQQQ,6.2471,6.25585,5.41665,5.4171,18033758.0
2018-02-09,TQQQ,5.63335,5.7979,5.05,5.6721,26695450.0
2018-02-12,TQQQ,5.86585,6.0996,5.7179,5.9896,14588016.0
2018-02-13,TQQQ,5.8846,6.10835,5.84865,6.0625,9004582.0
2018-02-14,TQQQ,5.97165,6.4425,5.9654,6.4175,14009568.0
2018-02-15,TQQQ,6.58335,6.76165,6.3825,6.7529,15864586.0
2018-02-16,TQQQ,6.70375,6.8946,6.6396,6.6775,14212836.0
2018-02-20,TQQQ,6.60085,6.885,6.5946,6.71085,12155876.0
2018-02-21,TQQQ,6.8071,7.00875,6.64585,6.6504,14789806.0
2018-02-22,TQQQ,6.7471,6.8479,6.6006,6.65165,13883556.0
2018-02-23,TQQQ,6.8025,7.0525,6.73085,7.0479,11897352.0
2018-02-26,TQQQ,7.15875,7.33415,7.1431,7.33085,11162548.0
2018-02-27,TQQQ,7.34375,7.3829,7.05915,7.06835,14442380.0
2018-02-28,TQQQ,7.18625,7.25625,6.91915,6.92625,12751264.0
2018-03-01,TQQQ,6.94165,7.03415,6.40335,6.5929,20992984.0
2018-03-02,TQQQ,6.36165,6.80585,6.2825,6.77415,16116654.0
2018-03-05,TQQQ,6.67875,7.04665,6.59835,6.98665,12406826.0
2018-03-06,TQQQ,7.09085,7.15375,6.95,7.075,11838476.0
2018-03-07,TQQQ,6.9204,7.14585,6.88415,7.1279,11147030.0
2018-03-08,TQQQ,7.2075,7.25915,7.1296,7.23415,9597336.0
2018-03-09,TQQQ,7.39835,7.6554,7.36585,7.6554,12278928.0
2018-03-12,TQQQ,7.72915,7.8404,7.68085,7.77,11056664.0
2018-03-13,TQQQ,7.8879,7.93835,7.41065,7.4879,15191062.0
2018-03-14,TQQQ,7.5825,7.6054,7.3667,7.4625,11135130.0
2018-03-15,TQQQ,7.485,7.5754,7.36,7.42915,9241402.0
2018-03-16,TQQQ,7.47165,7.5283,7.36665,7.38,6522396.0
2018-03-19,TQQQ,7.1871,7.1871,6.71125,6.91665,16185910.0
2018-03-20,TQQQ,6.91835,7.0166,6.8404,6.9675,7682728.0
2018-03-21,TQQQ,6.91665,7.10835,6.78105,6.86665,11041494.0
2018-03-22,TQQQ,6.6,6.7333,6.3417,6.365,17156698.0
2018-03-23,TQQQ,6.34165,6.4246,5.85085,5.85085,18133104.0
2018-03-26,TQQQ,6.20835,6.535,5.9325,6.50915,15291916.0
2018-03-27,TQQQ,6.6621,6.6621,5.7154,5.885,22801244.0
2018-03-28,TQQQ,5.7821,5.95085,5.54165,5.6821,20190784.0
2018-03-29,TQQQ,5.76835,6.15415,5.6054,5.99665,16422846.0
2018-04-02,TQQQ,5.855,5.9375,5.2821,5.46415,20412768.0
2018-04-03,TQQQ,5.6146,5.71665,5.3496,5.6475,18483728.0
2018-04-04,TQQQ,5.3179,5.96585,5.30005,5.9146,18060798.0
2018-04-05,TQQQ,6.09085,6.1146,5.88165,6.0075,15279666.0
2018-04-06,TQQQ,5.8204,5.9925,5.47585,5.55915,19357600.0
2018-04-09,TQQQ,5.70585,6.01085,5.6479,5.6704,14657698.0
2018-04-10,TQQQ,5.9354,6.10625,5.81835,6.045,16300044.0
2018-04-11,TQQQ,5.94165,6.1404,5.9254,5.94335,11953396.0
2018-04-12,TQQQ,6.0625,6.21875,6.04125,6.15165,11897204.0
2018-04-13,TQQQ,6.2504,6.27665,5.98585,6.0604,11873704.0
2018-04-16,TQQQ,6.18415,6.26625,6.07415,6.19415,9858180.0
2018-04-17,TQQQ,6.3802,6.6382,6.3479,6.5904,10345590.0
2018-04-18,TQQQ,6.6002,6.70625,6.50415,6.63625,9840790.0
2018-04-19,TQQQ,6.5404,6.5825,6.3852,6.45585,10751510.0
2018-04-20,TQQQ,6.40625,6.4166,6.07915,6.14625,11734418.0
2018-04-23,TQQQ,6.23165,6.305,6.0,6.0979,10277796.0
2018-04-24,TQQQ,6.17835,6.21205,5.59,5.70915,17751696.0
2018-04-25,TQQQ,5.73665,5.8,5.495,5.73165,17568078.0
2018-04-26,TQQQ,5.9496,6.146,5.8925,6.0871,11832860.0
2018-04-27,TQQQ,6.35335,6.3604,5.99665,6.10125,13738276.0
2018-04-30,TQQQ,6.1421,6.25415,5.9221,5.97125,13427006.0
2018-05-01,TQQQ,5.91915,6.17335,5.8804,6.1654,9748104.0
2018-05-02,TQQQ,6.20625,6.2604,6.04165,6.0579,11970948.0
2018-05-03,TQQQ,5.9771,6.1246,5.76875,6.05835,16339474.0
2018-05-04,TQQQ,5.98165,6.44375,5.96585,6.39915,15494400.0
2018-05-07,TQQQ,6.49415,6.6221,6.47415,6.55125,11588530.0
2018-05-08,TQQQ,6.51625,6.58085,6.3963,6.5296,10559546.0
2018-05-09,TQQQ,6.575,6.7646,6.50415,6.74835,9583026.0
2018-05-10,TQQQ,6.8125,6.9725,6.7975,6.95835,9917256.0
2018-05-11,TQQQ,6.9229,6.98415,6.84585,6.9375,9974842.0
2018-05-14,TQQQ,6.98125,7.10375,6.93755,6.96835,9098584.0
2018-05-15,TQQQ,6.8025,6.81415,6.63085,6.7429,14543470.0
2018-05-16,TQQQ,6.75835,6.91665,6.75665,6.8671,7476068.0
2018-05-17,TQQQ,6.7971,6.9454,6.68875,6.7896,8601592.0
2018-05-18,TQQQ,6.7123,6.77915,6.65335,6.68085,7122212.0
2018-05-21,TQQQ,6.83415,6.92625,6.7084,6.7975,9741084.0
2018-05-22,TQQQ,6.8846,6.9208,6.73255,6.7621,8078650.0
2018-05-23,TQQQ,6.6125,6.93625,6.60585,6.9321,10253786.0
2018-05-24,TQQQ,6.93,6.96375,6.7175,6.92625,17777686.0
2018-05-25,TQQQ,6.92875,7.02,6.88375,6.94375,15770480.0
2018-05-29,TQQQ,6.84875,6.9725,6.72875,6.855,23612706.0
2018-05-30,TQQQ,6.925,7.035,6.88125,7.00125,17701660.0
2018-05-31,TQQQ,6.99125,7.1225,6.93,6.98625,20264140.0
2018-06-01,TQQQ,7.08125,7.3221,7.08125,7.31125,19292716.0
2018-06-04,TQQQ,7.3625,7.5125,7.35235,7.49875,16012378.0
2018-06-05,TQQQ,7.55875,7.61375,7.47625,7.57625,13974924.0
2018-06-06,TQQQ,7.6,7.7075,7.4851,7.70125,14406934.0
2018-06-07,TQQQ,7.71125,7.715,7.40375,7.5225,19612954.0
2018-06-08,TQQQ,7.40375,7.54955,7.3539,7.5175,12330114.0
2018-06-11,TQQQ,7.49875,7.6325,7.495,7.57625,10208982.0
2018-06-12,TQQQ,7.6075,7.71625,7.58375,7.69625,11961940.0
2018-06-13,TQQQ,7.725,7.86625,7.6425,7.6875,18061790.0
2018-06-14,TQQQ,7.7975,7.9575,7.77625,7.92125,22613184.0
2018-06-15,TQQQ,7.83,7.88625,7.725,7.8425,19422478.0
2018-06-18,TQQQ,7.6875,7.84375,7.615,7.825,17181660.0
2018-06-19,TQQQ,7.52375,7.7575,7.4525,7.755,26908452.0
2018-06-20,TQQQ,7.8575,8.01625,7.84125,7.9175,19911284.0
2018-06-21,TQQQ,7.9725,7.99875,7.66625,7.7125,25570126.0
2018-06-22,TQQQ,7.79,7.7975,7.57625,7.635,15556754.0
2018-06-25,TQQQ,7.4525,7.48375,6.93625,7.1475,42826524.0
2018-06-26,TQQQ,7.21625,7.3481,7.1375,7.22625,23541428.0
2018-06-27,TQQQ,7.3175,7.415,6.915,6.93625,32959624.0
2018-06-28,TQQQ,6.9025,7.17625,6.85875,7.10625,27825088.0
2018-06-29,TQQQ,7.20875,7.32,7.1325,7.13875,19633900.0
2018-07-02,TQQQ,6.9575,7.3075,6.91,7.29875,20824190.0
2018-07-03,TQQQ,7.3775,7.385,7.0285,7.0475,14106390.0
2018-07-05,TQQQ,7.18625,7.32375,7.07375,7.30625,16405678.0
2018-07-06,TQQQ,7.35125,7.66125,7.315,7.635,18752910.0
2018-07-09,TQQQ,7.76,7.85625,7.67375,7.8475,18094336.0
2018-07-10,TQQQ,7.88125,7.91875,7.785,7.86625,16696014.0
2018-07-11,TQQQ,7.6875,7.8325,7.66125,7.75125,19957358.0
2018-07-12,TQQQ,7.84625,8.14,7.83,8.13375,20337976.0
2018-07-13,TQQQ,8.135,8.20375,8.07375,8.1575,16976474.0
2018-07-16,TQQQ,8.16375,8.2074,8.06,8.1025,13889936.0
2018-07-17,TQQQ,7.85,8.3,7.8475,8.2525,18898428.0
2018-07-18,TQQQ,8.25,8.27325,8.125,8.2,11634498.0
2018-07-19,TQQQ,8.12,8.195,8.0475,8.07875,19218562.0
2018-07-20,TQQQ,8.145,8.22875,8.04125,8.0675,14401716.0
2018-07-23,TQQQ,7.99625,8.15375,7.9,8.1375,15756702.0
2018-07-24,TQQQ,8.39375,8.48125,8.14375,8.24125,23766582.0
2018-07-25,TQQQ,8.2525,8.60125,8.24585,8.585,19649286.0
2018-07-26,TQQQ,8.24,8.3175,8.16375,8.21,27972046.0
2018-07-27,TQQQ,8.355,8.3625,7.7225,7.8675,29524636.0
2018-07-30,TQQQ,7.86875,7.87665,7.415,7.52875,25201478.0
2018-07-31,TQQQ,7.60875,7.78625,7.48875,7.67875,23927938.0
2018-08-01,TQQQ,7.75,7.85375,7.655,7.78375,17325364.0
2018-08-02,TQQQ,7.6125,8.125,7.605,8.09375,23060656.0
2018-08-03,TQQQ,8.13625,8.17375,8.0375,8.16625,18033466.0
2018-08-06,TQQQ,8.15625,8.32075,8.12375,8.31625,17016952.0
2018-08-07,TQQQ,8.38125,8.45,8.33125,8.3975,17992586.0
2018-08-08,TQQQ,8.37,8.48125,8.3001,8.42,15869278.0
2018-08-09,TQQQ,8.4125,8.5125,8.37765,8.4125,13632572.0
2018-08-10,TQQQ,8.245,8.31875,8.1275,8.21625,21406690.0
2018-08-13,TQQQ,8.26125,8.42125,8.18125,8.1925,23168598.0
2018-08-14,TQQQ,8.2825,8.37375,8.15375,8.34375,15181776.0
2018-08-15,TQQQ,8.155,8.225,7.885,8.04,28964302.0
2018-08-16,TQQQ,8.2175,8.26875,8.06625,8.11375,16285592.0
2018-08-17,TQQQ,8.04875,8.1775,7.90125,8.1125,17565602.0
2018-08-20,TQQQ,8.17125,8.17875,8.0,8.09625,16865386.0
2018-08-21,TQQQ,8.1675,8.3275,8.15125,8.18,16767348.0
2018-08-22,TQQQ,8.125,8.3025,8.0989,8.275,15828434.0
2018-08-23,TQQQ,8.23375,8.4075,8.1964,8.23375,17783476.0
2018-08-24,TQQQ,8.32125,8.48375,8.3125,8.4625,15989158.0
2018-08-27,TQQQ,8.59875,8.71875,8.5525,8.7175,18212726.0
2018-08-28,TQQQ,8.79,8.82125,8.705,8.75625,16306280.0
2018-08-29,TQQQ,8.80125,9.075,8.79375,9.0625,16433842.0
2018-08-30,TQQQ,9.0075,9.1694,8.91815,9.01125,21965808.0
2018-08-31,TQQQ,8.9775,9.11875,8.946,9.0375,15795066.0
2018-09-04,TQQQ,8.95875,9.00375,8.7789,8.93,20052330.0
2018-09-05,TQQQ,8.875,8.87875,8.49,8.575,26932318.0
2018-09-06,TQQQ,8.59,8.61625,8.1725,8.34125,28876268.0
2018-09-07,TQQQ,8.17,8.46125,8.1525,8.25875,19252308.0
2018-09-10,TQQQ,8.38595,8.4025,8.19125,8.33125,13862274.0
2018-09-11,TQQQ,8.22125,8.56,8.1625,8.51625,17630644.0
2018-09-12,TQQQ,8.48125,8.49875,8.22375,8.4425,22065370.0
2018-09-13,TQQQ,8.5875,8.7525,8.58375,8.6925,18669068.0
2018-09-14,TQQQ,8.72375,8.7675,8.52625,8.62625,19171972.0
2018-09-17,TQQQ,8.5775,8.60375,8.2325,8.2625,18205784.0
2018-09-18,TQQQ,8.28,8.5807,8.2675,8.45875,18189516.0
2018-09-19,TQQQ,8.4625,8.5225,8.27375,8.44,14740514.0
2018-09-20,TQQQ,8.6025,8.7475,8.54515,8.705,15670858.0
2018-09-21,TQQQ,8.7825,8.8225,8.53875,8.56625,15070300.0
2018-09-24,TQQQ,8.38875,8.64875,8.28,8.64,13218716.0
2018-09-25,TQQQ,8.62375,8.69125,8.53875,8.675,10814816.0
2018-09-26,TQQQ,8.6825,8.93375,8.63875,8.66625,17730026.0
2018-09-27,TQQQ,8.795,8.9975,8.77875,8.90625,14631312.0
2018-09-28,TQQQ,8.83,8.96875,8.785,8.8925,15464452.0
2018-10-01,TQQQ,9.0625,9.1466,8.885,8.94375,17058084.0
2018-10-02,TQQQ,8.92,9.095,8.83,8.8925,16196880.0
2018-10-03,TQQQ,9.00125,9.0625,8.8783,8.91875,16642316.0
2018-10-04,TQQQ,8.8125,8.8225,8.2125,8.41,37722420.0
2018-10-05,TQQQ,8.4,8.47875,7.8525,8.09375,33231004.0
2018-10-08,TQQQ,7.98,8.15625,7.655,7.94875,29838420.0
2018-10-09,TQQQ,7.95875,8.2,7.89875,8.01,26072434.0
2018-10-10,TQQQ,7.87375,7.8825,6.93,6.97125,60713952.0
2018-10-11,TQQQ,6.87625,7.15625,6.47875,6.68875,55608084.0
2018-10-12,TQQQ,7.2225,7.315,6.85,7.25375,42121994.0
2018-10-15,TQQQ,7.1825,7.21375,6.90685,6.98,39933768.0
2018-10-16,TQQQ,7.205,7.64625,7.16875,7.58125,31116684.0
2018-10-17,TQQQ,7.71,7.7225,7.36875,7.60625,32530208.0
2018-10-18,TQQQ,7.5075,7.51625,6.97625,7.07875,39087276.0
2018-10-19,TQQQ,7.22375,7.42375,6.97375,7.05,33709132.0
2018-10-22,TQQQ,7.17625,7.3225,6.99625,7.15625,28731564.0
2018-10-23,TQQQ,6.77375,7.18445,6.52875,7.0775,44195372.0
2018-10-24,TQQQ,7.05125,7.0875,6.085,6.115,51210676.0
2018-10-25,TQQQ,6.38625,6.84625,6.30375,6.7425,38018492.0
2018-10-26,TQQQ,6.05,6.60375,5.935,6.21875,61190312.0
2018-10-29,TQQQ,6.4975,6.575,5.48,5.88625,54490316.0
2018-10-30,TQQQ,5.78,6.13125,5.69625,6.11375,46216398.0
2018-10-31,TQQQ,6.40625,6.7075,6.40625,6.52625,45039428.0
2018-11-01,TQQQ,6.58375,6.8275,6.43015,6.81125,31516544.0
2018-11-02,TQQQ,6.74375,6.86625,6.35,6.50625,43589336.0
2018-11-05,TQQQ,6.51,6.5175,6.22,6.4425,25650160.0
2018-11-06,TQQQ,6.42625,6.69125,6.40875,6.57875,27865318.0
2018-11-07,TQQQ,6.81375,7.195,6.77125,7.18375,34637938.0
2018-11-08,TQQQ,7.09875,7.165,6.9575,7.06125,29381192.0
2018-11-09,TQQQ,6.865,6.91,6.53625,6.7025,34184834.0
2018-11-12,TQQQ,6.5625,6.59865,6.07435,6.11375,38591806.0
2018-11-13,TQQQ,6.18375,6.4375,6.0554,6.11125,38613666.0
2018-11-14,TQQQ,6.285,6.3525,5.86,5.95625,39030942.0
2018-11-15,TQQQ,5.92375,6.32625,5.77625,6.275,42454172.0
2018-11-16,TQQQ,6.095,6.3,6.015,6.20625,33581202.0
2018-11-19,TQQQ,6.115,6.14375,5.55,5.61125,46623020.0
2018-11-20,TQQQ,5.215,5.53,5.0875,5.3,50747700.0
2018-11-21,TQQQ,5.50375,5.5775,5.39,5.41875,28778796.0
2018-11-23,TQQQ,5.285,5.465,5.28125,5.29875,14219980.0
2018-11-26,TQQQ,5.5225,5.6725,5.4525,5.6625,29991260.0
2018-11-27,TQQQ,5.5775,5.765,5.48625,5.72125,30040872.0
2018-11-28,TQQQ,5.85,6.27,5.75,6.26375,48766176.0
2018-11-29,TQQQ,6.19,6.33375,6.06,6.20625,32261234.0
2018-11-30,TQQQ,6.23,6.355,6.14125,6.33625,29140800.0
2018-12-03,TQQQ,6.76,6.7875,6.5314,6.66125,37335870.0
2018-12-04,TQQQ,6.56875,6.62375,5.88375,5.92875,52524056.0
2018-12-06,TQQQ,5.55125,6.0275,5.47875,6.015,49038970.0
2018-12-07,TQQQ,5.95,6.0525,5.375,5.42625,55746862.0
2018-12-10,TQQQ,5.395,5.6694,5.2275,5.59625,44117246.0
2018-12-11,TQQQ,5.86625,5.875,5.51125,5.65625,43040756.0
2018-12-12,TQQQ,5.9025,6.06625,5.79625,5.79875,42362874.0
2018-12-13,TQQQ,5.9125,5.98625,5.69,5.8,41181272.0
2018-12-14,TQQQ,5.61125,5.66625,5.33875,5.3625,39044304.0
2018-12-17,TQQQ,5.30875,5.43625,4.88625,5.01625,50148290.0
2018-12-18,TQQQ,5.135,5.2511,4.97125,5.1,39473342.0
2018-12-19,TQQQ,5.08875,5.32375,4.61,4.73125,76965610.0
2018-12-20,TQQQ,4.68375,4.84785,4.34125,4.54125,80204582.0
2018-12-21,TQQQ,4.58125,4.67625,4.0262,4.1025,92258540.0
2018-12-24,TQQQ,4.0,4.16125,3.79,3.79875,43900146.0
2018-12-26,TQQQ,3.9125,4.4925,3.83,4.4825,94558872.0
2018-12-27,TQQQ,4.325,4.55,4.015,4.54625,85458612.0
2018-12-28,TQQQ,4.625,4.76375,4.42085,4.5275,76210666.0
2018-12-31,TQQQ,4.67,4.71,4.50625,4.63,54241602.0
2019-01-02,TQQQ,4.3475,4.77875,4.34125,4.69625,67916370.0
2019-01-03,TQQQ,4.4975,4.55175,4.20375,4.24125,82627596.0
2019-01-04,TQQQ,4.44375,4.845,4.3958,4.78375,68240996.0
2019-01-07,TQQQ,4.80875,5.01875,4.76625,4.93625,53276574.0
2019-01-08,TQQQ,5.08625,5.13875,4.8625,5.07875,52905502.0
2019-01-09,TQQQ,5.14,5.27125,5.075,5.19875,44524594.0
2019-01-10,TQQQ,5.08,5.25375,4.995,5.24875,43782890.0
2019-01-11,TQQQ,5.155,5.20375,5.10125,5.18625,30201142.0
2019-01-14,TQQQ,5.05375,5.1175,4.9825,5.05125,27845732.0
2019-01-15,TQQQ,5.1175,5.365,5.1075,5.33125,36278414.0
2019-01-16,TQQQ,5.37125,5.4825,5.335,5.33875,33973118.0
2019-01-17,TQQQ,5.2875,5.53375,5.2575,5.46375,35510010.0
2019-01-18,TQQQ,5.59,5.70125,5.48125,5.61375,41726730.0
2019-01-22,TQQQ,5.50125,5.51,5.165,5.30375,45433638.0
2019-01-23,TQQQ,5.36875,5.4375,5.12705,5.30875,41523396.0
2019-01-24,TQQQ,5.3525,5.4275,5.2925,5.4025,32025826.0
2019-01-25,TQQQ,5.5325,5.64625,5.4775,5.595,34878470.0
2019-01-28,TQQQ,5.37625,5.38875,5.25125,5.38875,35089862.0
2019-01-29,TQQQ,5.39875,5.40125,5.17875,5.23625,30632696.0
2019-01-30,TQQQ,5.4125,5.69,5.36125,5.62875,43956016.0
2019-01-31,TQQQ,5.7275,5.965,5.71,5.87625,40143820.0
2019-02-01,TQQQ,5.7925,5.9275,5.7575,5.80125,35390412.0
2019-02-04,TQQQ,5.80875,6.02,5.7925,6.01375,27744136.0
2019-02-05,TQQQ,6.04625,6.2,6.03805,6.1725,32229290.0
2019-02-06,TQQQ,6.185,6.21625,6.0402,6.12375,36355002.0
2019-02-07,TQQQ,5.95875,6.00375,5.73625,5.87375,52448350.0
2019-02-08,TQQQ,5.71375,5.90625,5.7,5.90375,36180504.0
2019-02-11,TQQQ,5.97125,6.01395,5.845,5.89,30299264.0
2019-02-12,TQQQ,6.01625,6.17375,5.9867,6.145,32056532.0
2019-02-13,TQQQ,6.2325,6.2852,6.14,6.1575,31902488.0
2019-02-14,TQQQ,6.0875,6.24375,6.02765,6.18,38342450.0
2019-02-15,TQQQ,6.31375,6.315,6.17,6.25375,35623952.0
2019-02-19,TQQQ,6.195,6.34875,6.195,6.29125,25893108.0
2019-02-20,TQQQ,6.30625,6.37875,6.1867,6.28625,42766364.0
2019-02-21,TQQQ,6.23375,6.2857,6.11625,6.215,32123392.0
2019-02-22,TQQQ,6.2575,6.365,6.24625,6.35,29909408.0
2019-02-25,TQQQ,6.50125,6.5475,6.4075,6.42,31025612.0
2019-02-26,TQQQ,6.37,6.5,6.34,6.44,26339248.0
2019-02-27,TQQQ,6.35375,6.4475,6.22375,6.42,28961044.0
2019-02-28,TQQQ,6.36375,6.4469,6.3254,6.38,23015756.0
2019-03-01,TQQQ,6.515,6.53625,6.3775,6.5075,35039170.0
2019-03-04,TQQQ,6.62125,6.66625,6.29375,6.50875,53271992.0
2019-03-05,TQQQ,6.5225,6.585,6.4275,6.525,25087292.0
2019-03-06,TQQQ,6.54125,6.5475,6.3825,6.4125,30867234.0
2019-03-07,TQQQ,6.36,6.3675,6.10375,6.17875,42326684.0
2019-03-08,TQQQ,5.9675,6.1525,5.945,6.14375,43734152.0
2019-03-11,TQQQ,6.21625,6.53875,6.21625,6.5275,32117024.0
2019-03-12,TQQQ,6.57875,6.68375,6.531,6.63375,37901574.0
2019-03-13,TQQQ,6.73375,6.88625,6.7075,6.7775,36282390.0
2019-03-14,TQQQ,6.79,6.815,6.7375,6.7475,23860722.0
2019-03-15,TQQQ,6.82625,6.9925,6.8075,6.915,34711470.0
2019-03-18,TQQQ,6.92125,7.0425,6.88,6.9775,37248508.0
2019-03-19,TQQQ,7.0675,7.16,6.96125,7.0475,41095264.0
2019-03-20,TQQQ,7.04375,7.25625,6.94875,7.12625,45880648.0
2019-03-21,TQQQ,7.06,7.48725,7.05625,7.45625,37989336.0
2019-03-22,TQQQ,7.35875,7.41875,6.9425,6.96875,66900312.0
2019-03-25,TQQQ,6.8825,6.99625,6.7725,6.925,52592442.0
2019-03-26,TQQQ,7.08625,7.2104,6.91375,7.02,43968030.0
2019-03-27,TQQQ,7.04875,7.0975,6.73125,6.8825,44202578.0
2019-03-28,TQQQ,6.93375,7.00375,6.80375,6.92625,32109322.0
2019-03-29,TQQQ,7.07875,7.1024,6.96,7.0825,31745024.0
2019-04-01,TQQQ,7.2875,7.3875,7.2125,7.36125,30591236.0
2019-04-02,TQQQ,7.38625,7.46475,7.32875,7.4425,26682218.0
2019-04-03,TQQQ,7.5675,7.71125,7.50125,7.57125,37904162.0
2019-04-04,TQQQ,7.5725,7.6599,7.42875,7.56,35905144.0
2019-04-05,TQQQ,7.6325,7.6875,7.5975,7.67375,26163694.0
2019-04-08,TQQQ,7.635,7.74875,7.54515,7.73375,25865066.0
2019-04-09,TQQQ,7.655,7.72875,7.6,7.64875,26030468.0
2019-04-10,TQQQ,7.6825,7.7775,7.65315,7.7725,24810922.0
2019-04-11,TQQQ,7.80125,7.80375,7.67,7.71375,27942632.0
2019-04-12,TQQQ,7.8125,7.825,7.71625,7.80875,23806944.0
2019-04-15,TQQQ,7.80875,7.8394,7.6575,7.815,20842314.0
2019-04-16,TQQQ,7.89375,7.94375,7.82375,7.89125,23571822.0
2019-04-17,TQQQ,8.045,8.0699,7.90125,7.97,28605628.0
2019-04-18,TQQQ,8.01,8.01375,7.85875,7.995,22975766.0
2019-04-22,TQQQ,7.89375,8.07375,7.875,8.0625,18939144.0
2019-04-23,TQQQ,8.12625,8.4,8.09125,8.36875,26238538.0
2019-04-24,TQQQ,8.3875,8.4225,8.28375,8.2875,23768898.0
2019-04-25,TQQQ,8.47125,8.4818,8.2539,8.38,29922648.0
2019-04-26,TQQQ,8.35125,8.4125,8.1375,8.41,27629138.0
2019-04-29,TQQQ,8.4075,8.49625,8.3675,8.455,20949420.0
2019-04-30,TQQQ,8.25,8.30125,8.08375,8.26125,31898744.0
2019-05-01,TQQQ,8.415,8.48855,8.1575,8.16625,31479070.0
2019-05-02,TQQQ,8.16875,8.29125,7.906,8.06625,35322116.0
2019-05-03,TQQQ,8.2675,8.46875,8.22375,8.44625,27222388.0
2019-05-06,TQQQ,7.91375,8.3275,7.87,8.295,40428880.0
2019-05-07,TQQQ,8.02625,8.1275,7.5805,7.8125,59382348.0
2019-05-08,TQQQ,7.73375,7.92375,7.64875,7.74375,40309464.0
2019-05-09,TQQQ,7.495,7.69875,7.28375,7.62125,55104406.0
2019-05-10,TQQQ,7.53,7.75375,7.155,7.6425,56964632.0
2019-05-13,TQQQ,7.06,7.17875,6.78375,6.8525,58730216.0
2019-05-14,TQQQ,6.9525,7.1975,6.87875,7.0675,35047980.0
2019-05-15,TQQQ,6.9325,7.42375,6.92375,7.36125,44040098.0
2019-05-16,TQQQ,7.375,7.7275,7.35075,7.59125,43506528.0
2019-05-17,TQQQ,7.36125,7.6675,7.33375,7.355,45627538.0
2019-05-20,TQQQ,7.0475,7.12875,6.90585,6.98625,46092178.0
2019-05-21,TQQQ,7.15875,7.255,7.09175,7.19625,28621744.0
2019-05-22,TQQQ,7.0725,7.2225,7.07,7.1025,32228144.0
2019-05-23,TQQQ,6.8569,6.86,6.63815,6.7675,51920286.0
2019-05-24,TQQQ,6.88375,6.95,6.735,6.7575,34306438.0
2019-05-28,TQQQ,6.8175,6.92625,6.67875,6.685,29225736.0
2019-05-29,TQQQ,6.56125,6.625,6.4075,6.5175,44480312.0
2019-05-30,TQQQ,6.56625,6.6475,6.48,6.595,34106948.0
2019-05-31,TQQQ,6.35875,6.42625,6.2675,6.2775,35150174.0
2019-06-03,TQQQ,6.2275,6.275,5.76625,5.87625,60453270.0
2019-06-04,TQQQ,6.05,6.36,5.9889,6.3525,40967304.0
2019-06-05,TQQQ,6.53625,6.54,6.296,6.4925,38079260.0
2019-06-06,TQQQ,6.525,6.69355,6.43875,6.6425,25075574.0
2019-06-07,TQQQ,6.75,7.1149,6.7275,7.02125,37887020.0
2019-06-10,TQQQ,7.17,7.4775,7.17,7.2775,45817954.0
2019-06-11,TQQQ,7.5075,7.54625,7.23165,7.305,34361796.0
2019-06-12,TQQQ,7.24125,7.2875,7.13755,7.18125,27544018.0
2019-06-13,TQQQ,7.26625,7.35375,7.2225,7.29875,24639844.0
2019-06-14,TQQQ,7.18375,7.2625,7.12375,7.20375,19286218.0
2019-06-17,TQQQ,7.24875,7.39625,7.23,7.335,18762582.0
2019-06-18,TQQQ,7.59375,7.81125,7.53875,7.6525,35457382.0
2019-06-19,TQQQ,7.69125,7.795,7.55,7.7425,34244808.0
2019-06-20,TQQQ,8.06125,8.06625,7.77875,7.955,29838766.0
2019-06-21,TQQQ,7.91375,8.0675,7.8686,7.91875,26161658.0
2019-06-24,TQQQ,7.96125,7.98625,7.9015,7.91625,17234644.0
2019-06-25,TQQQ,7.8975,7.91,7.4725,7.51125,34905842.0
2019-06-26,TQQQ,7.6525,7.7975,7.57515,7.60625,23528870.0
2019-06-27,TQQQ,7.68875,7.74815,7.6313,7.68875,18817510.0
2019-06-28,TQQQ,7.7475,7.77375,7.63875,7.72125,24733240.0
2019-07-01,TQQQ,8.1625,8.19375,7.92375,8.02875,36297544.0
2019-07-02,TQQQ,8.02,8.12625,7.955,8.12625,20312132.0
2019-07-03,TQQQ,8.1775,8.30625,8.1575,8.30625,16781832.0
2019-07-05,TQQQ,8.13625,8.29875,8.03875,8.2525,29211212.0
2019-07-08,TQQQ,8.09875,8.1,7.9775,8.07875,26446766.0
2019-07-09,TQQQ,7.95875,8.2275,7.94125,8.2,22148752.0
2019-07-10,TQQQ,8.35,8.51125,8.3,8.4425,38527306.0
2019-07-11,TQQQ,8.48375,8.5377,8.33875,8.42,31962352.0
2019-07-12,TQQQ,8.44375,8.56375,8.4219,8.56125,22298120.0
2019-07-15,TQQQ,8.62,8.64875,8.55125,8.63375,18348570.0
2019-07-16,TQQQ,8.60625,8.635,8.43,8.51125,27998002.0
2019-07-17,TQQQ,8.515,8.55375,8.38,8.385,23126944.0
2019-07-18,TQQQ,8.26125,8.4572,8.17885,8.42125,34067002.0
2019-07-19,TQQQ,8.5875,8.588,8.19625,8.2175,35194774.0
2019-07-22,TQQQ,8.28,8.46625,8.2775,8.41125,23874088.0
2019-07-23,TQQQ,8.55125,8.5775,8.3801,8.57375,29012450.0
2019-07-24,TQQQ,8.48,8.75625,8.475,8.75625,27311228.0
2019-07-25,TQQQ,8.6675,8.66875,8.455,8.50625,37518710.0
2019-07-26,TQQQ,8.6625,8.79875,8.6525,8.75875,27869600.0
2019-07-29,TQQQ,8.745,8.745,8.50875,8.6775,28318876.0
2019-07-30,TQQQ,8.4775,8.66,8.4575,8.56125,27875924.0
2019-07-31,TQQQ,8.62875,8.64375,7.9625,8.2,49085130.0
2019-08-01,TQQQ,8.245,8.7,7.955,8.085,74596118.0
2019-08-02,TQQQ,7.9,7.92875,7.57505,7.715,61730010.0
2019-08-05,TQQQ,7.2425,7.2425,6.71,6.905,75621294.0
2019-08-06,TQQQ,7.09,7.2475,6.9375,7.18875,53385136.0
2019-08-07,TQQQ,6.95125,7.32875,6.7875,7.29375,76977230.0
2019-08-08,TQQQ,7.405,7.77875,7.33625,7.77625,54763918.0
2019-08-09,TQQQ,7.6575,7.74,7.37125,7.54625,55341698.0
2019-08-12,TQQQ,7.41,7.47875,7.19,7.29375,53327884.0
2019-08-13,TQQQ,7.28,7.92375,7.24965,7.7725,60113998.0
2019-08-14,TQQQ,7.39375,7.4675,7.0325,7.07625,76232668.0
2019-08-15,TQQQ,7.1125,7.1644,6.88375,7.04625,52711488.0
2019-08-16,TQQQ,7.2225,7.436,7.2225,7.37125,41224060.0
2019-08-19,TQQQ,7.68375,7.78,7.62125,7.71625,30090650.0
2019-08-20,TQQQ,7.67625,7.75625,7.55125,7.5575,31418214.0
2019-08-21,TQQQ,7.75375,7.82405,7.6716,7.75,25490386.0
2019-08-22,TQQQ,7.795,7.8489,7.49125,7.675,38307866.0
2019-08-23,TQQQ,7.51625,7.725,6.885,6.9725,75703382.0
2019-08-26,TQQQ,7.18625,7.2575,7.0575,7.255,36722976.0
2019-08-27,TQQQ,7.40625,7.445,7.125,7.21125,38782062.0
2019-08-28,TQQQ,7.13875,7.32125,7.0317,7.28375,32015450.0
2019-08-29,TQQQ,7.5525,7.6789,7.4675,7.615,35519632.0
2019-08-30,TQQQ,7.7399,7.7417,7.4325,7.56125,34063572.0
2019-09-03,TQQQ,7.41125,7.5225,7.2639,7.34125,32305898.0
2019-09-04,TQQQ,7.5475,7.67125,7.49,7.65,25216022.0
2019-09-05,TQQQ,7.9025,8.13875,7.8905,8.0725,31775418.0
2019-09-06,TQQQ,8.10625,8.12,7.995,8.05,28759602.0
2019-09-09,TQQQ,8.12125,8.13375,7.87125,7.99875,28078224.0
2019-09-10,TQQQ,7.8675,7.935,7.71,7.9325,34191404.0
2019-09-11,TQQQ,7.96875,8.16125,7.91625,8.14625,27850158.0
2019-09-12,TQQQ,8.2975,8.435,8.21125,8.2475,34982734.0
2019-09-13,TQQQ,8.2125,8.2675,8.125,8.16,26902538.0
2019-09-16,TQQQ,7.99875,8.0969,7.975,8.0475,24280928.0
2019-09-17,TQQQ,8.045,8.16125,7.9975,8.15375,22835940.0
2019-09-18,TQQQ,8.1075,8.15875,7.84375,8.14875,35685306.0
2019-09-19,TQQQ,8.19065,8.3367,8.1375,8.185,33326142.0
2019-09-20,TQQQ,8.22,8.24375,7.8425,7.9275,31096854.0
2019-09-23,TQQQ,7.91,8.005,7.8375,7.935,22950126.0
2019-09-24,TQQQ,8.04375,8.0925,7.5175,7.62125,51441938.0
2019-09-25,TQQQ,7.595,7.93,7.40375,7.865,38427834.0
2019-09-26,TQQQ,7.84125,7.8575,7.6075,7.78625,34306310.0
2019-09-27,TQQQ,7.81875,7.83155,7.3331,7.50375,47164722.0
2019-09-30,TQQQ,7.575,7.74,7.535,7.70375,29712600.0
2019-10-01,TQQQ,7.79,7.91875,7.4775,7.5175,39928770.0
2019-10-02,TQQQ,7.36625,7.36625,7.0025,7.1325,68012036.0
2019-10-03,TQQQ,7.1275,7.37075,6.86375,7.3675,60357998.0
2019-10-04,TQQQ,7.46375,7.71,7.44875,7.6775,42712664.0
2019-10-07,TQQQ,7.6075,7.79125,7.56705,7.60625,40796820.0
2019-10-08,TQQQ,7.455,7.56,7.25,7.26,59193986.0
2019-10-09,TQQQ,7.45,7.57625,7.3825,7.48,39235594.0
2019-10-10,TQQQ,7.48125,7.73375,7.46,7.64375,45039902.0
2019-10-11,TQQQ,7.9025,8.125,7.8925,7.93,55858642.0
2019-10-14,TQQQ,7.90625,8.01375,7.8825,7.93875,23207078.0
2019-10-15,TQQQ,8.01,8.29375,7.99625,8.24,35448260.0
2019-10-16,TQQQ,8.15265,8.23875,8.09875,8.17875,29659776.0
2019-10-17,TQQQ,8.32,8.3575,8.1425,8.235,30554316.0
2019-10-18,TQQQ,8.2025,8.25375,7.87375,7.99875,38643052.0
2019-10-21,TQQQ,8.12865,8.2275,8.05375,8.21,23669152.0
2019-10-22,TQQQ,8.295,8.34125,8.00945,8.02,31659302.0
2019-10-23,TQQQ,7.96375,8.06355,7.925,8.0575,24675440.0
2019-10-24,TQQQ,8.23375,8.3044,8.12065,8.28875,31153840.0
2019-10-25,TQQQ,8.16125,8.49875,8.15625,8.4775,32294358.0
2019-10-28,TQQQ,8.6075,8.77125,8.6075,8.73625,27898914.0
2019-10-29,TQQQ,8.69375,8.73125,8.52875,8.535,26757076.0
2019-10-30,TQQQ,8.58,8.6975,8.43375,8.655,29746156.0
2019-10-31,TQQQ,8.72125,8.74,8.51375,8.66125,30824066.0
2019-11-01,TQQQ,8.77625,8.89875,8.73565,8.89625,28763190.0
2019-11-04,TQQQ,9.07625,9.12125,9.015,9.055,24981670.0
2019-11-05,TQQQ,9.09625,9.1225,8.98625,9.06625,25807498.0
2019-11-06,TQQQ,9.04375,9.04785,8.88125,9.00875,28832364.0
2019-11-07,TQQQ,9.15125,9.275,9.02125,9.1,31429738.0
2019-11-08,TQQQ,9.04625,9.21125,8.97875,9.2075,20409356.0
2019-11-11,TQQQ,9.07125,9.1825,9.031,9.16875,19068094.0
2019-11-12,TQQQ,9.19,9.34,9.15,9.24375,32172928.0
2019-11-13,TQQQ,9.15375,9.27875,9.1325,9.23,28185124.0
2019-11-14,TQQQ,9.14875,9.24625,9.06375,9.2275,27000086.0
2019-11-15,TQQQ,9.38875,9.4175,9.3075,9.40125,22661842.0
2019-11-18,TQQQ,9.38875,9.4975,9.2725,9.45,24247784.0
2019-11-19,TQQQ,9.55875,9.55875,9.38625,9.48875,28104622.0
2019-11-20,TQQQ,9.41875,9.50375,9.1025,9.3225,37806792.0
2019-11-21,TQQQ,9.29,9.30625,9.16875,9.25,22664846.0
2019-11-22,TQQQ,9.32,9.33875,9.12125,9.275,20917088.0
2019-11-25,TQQQ,9.39,9.6025,9.3875,9.59625,20210314.0
2019-11-26,TQQQ,9.61375,9.68935,9.575,9.65375,21015786.0
2019-11-27,TQQQ,9.7225,9.8525,9.69,9.84875,20641130.0
2019-11-29,TQQQ,9.77625,9.82125,9.7,9.7175,13449026.0
2019-12-02,TQQQ,9.7175,9.72375,9.25375,9.405,38172228.0
2019-12-03,TQQQ,9.0375,9.20375,8.88875,9.19375,39285546.0
2019-12-04,TQQQ,9.33625,9.39685,9.2925,9.33,22055688.0
2019-12-05,TQQQ,9.4275,9.42875,9.2469,9.37875,22427154.0
2019-12-06,TQQQ,9.585,9.7025,9.5675,9.66875,23256840.0
2019-12-09,TQQQ,9.63625,9.76625,9.5394,9.55,19560872.0
2019-12-10,TQQQ,9.55625,9.66,9.46,9.52875,28096554.0
2019-12-11,TQQQ,9.585,9.70375,9.545,9.6725,22841848.0
2019-12-12,TQQQ,9.64125,10.0,9.6025,9.89375,46009600.0
2019-12-13,TQQQ,9.87,10.09,9.8075,9.9825,40266944.0
2019-12-16,TQQQ,10.1775,10.32125,10.17,10.26875,24976806.0
2019-12-17,TQQQ,10.32125,10.34875,10.25,10.2825,21170908.0
2019-12-18,TQQQ,10.33065,10.41,10.2925,10.30625,17927462.0
2019-12-19,TQQQ,10.3325,10.5225,10.3325,10.51625,20887694.0
2019-12-20,TQQQ,10.65375,10.69,10.575,10.64125,24920590.0
2019-12-23,TQQQ,10.7525,10.77265,10.69625,10.72,18138754.0
2019-12-24,TQQQ,10.74375,10.75875,10.65625,10.73,9974682.0
2019-12-26,TQQQ,10.77875,11.01375,10.77815,11.00875,16193838.0
2019-12-27,TQQQ,11.12625,11.1325,10.89375,10.97625,24967512.0
2019-12-30,TQQQ,10.96625,10.9825,10.6,10.7575,28284688.0
2019-12-31,TQQQ,10.6625,10.845,10.60755,10.81875,21106480.0
2020-01-02,TQQQ,11.08875,11.355,11.0275,11.355,32858482.0
2020-01-03,TQQQ,10.91125,11.25,10.905,11.04625,36330068.0
2020-01-06,TQQQ,10.78375,11.26,10.74385,11.25625,32193554.0
2020-01-07,TQQQ,11.2675,11.3475,11.145,11.2425,28765056.0
2020-01-08,TQQQ,11.245,11.66,11.19125,11.50125,40062664.0
2020-01-09,TQQQ,11.77875,11.8575,11.59,11.79125,36595442.0
2020-01-10,TQQQ,11.92375,11.93375,11.64125,11.695,34438954.0
2020-01-13,TQQQ,11.84125,12.11,11.78875,12.10375,29321650.0
2020-01-14,TQQQ,12.0725,12.14375,11.9025,11.9625,36679742.0
2020-01-15,TQQQ,11.9725,12.14125,11.8525,11.97,33250714.0
2020-01-16,TQQQ,12.13875,12.31125,12.06625,12.30375,30275144.0
2020-01-17,TQQQ,12.46375,12.51715,12.2825,12.4875,36100630.0
2020-01-21,TQQQ,12.37875,12.56375,12.37,12.48125,34720528.0
2020-01-22,TQQQ,12.65375,12.78625,12.5225,12.56625,34037134.0
2020-01-23,TQQQ,12.54125,12.69875,12.37125,12.6825,35897144.0
2020-01-24,TQQQ,12.8625,12.90125,12.18875,12.35375,59843622.0
2020-01-27,TQQQ,11.53125,11.79315,11.2725,11.59,49656544.0
2020-01-28,TQQQ,11.83125,12.20875,11.7475,12.12875,42965510.0
2020-01-29,TQQQ,12.32815,12.37,12.0225,12.1725,34642776.0
2020-01-30,TQQQ,11.95,12.325,11.83125,12.31,50062330.0
2020-01-31,TQQQ,12.46,12.46875,11.59315,11.705,55096008.0
2020-02-03,TQQQ,11.88875,12.3325,11.86625,12.2425,43546268.0
2020-02-04,TQQQ,12.75,13.15625,12.6275,13.07875,35062296.0
2020-02-05,TQQQ,13.57,13.5725,12.98625,13.23,43652988.0
2020-02-06,TQQQ,13.31375,13.5675,13.17625,13.5525,28283270.0
2020-02-07,TQQQ,13.3725,13.60125,13.265,13.3775,38512960.0
2020-02-10,TQQQ,13.2475,13.86375,13.2375,13.86,30812262.0
2020-02-11,TQQQ,14.0875,14.23375,13.76,13.87,48442562.0
2020-02-12,TQQQ,14.11125,14.29375,14.0125,14.27625,30401946.0
2020-02-13,TQQQ,13.97375,14.3875,13.9225,14.22125,38820584.0
2020-02-14,TQQQ,14.2775,14.37375,14.135,14.3175,28492448.0
2020-02-18,TQQQ,14.115,14.429,14.07375,14.3425,32783872.0
2020-02-19,TQQQ,14.60125,14.85,14.5494,14.7575,26406802.0
2020-02-20,TQQQ,14.6625,14.7475,13.79875,14.3375,56914438.0
2020-02-21,TQQQ,14.1325,14.1975,13.34125,13.5175,51853122.0
2020-02-24,TQQQ,12.035,12.4475,11.70375,11.96,67418522.0
2020-02-25,TQQQ,12.24125,12.36375,10.8675,10.9925,75198354.0
2020-02-26,TQQQ,11.16,11.71625,10.89375,11.14375,85134602.0
2020-02-27,TQQQ,10.2875,10.80125,9.4475,9.4775,106279090.0
2020-02-28,TQQQ,8.55125,9.67875,8.4375,9.625,123837034.0
2020-03-02,TQQQ,9.90875,10.9675,9.49625,10.93875,90879658.0
2020-03-03,TQQQ,11.04625,11.4375,9.61,9.90875,137031600.0
2020-03-04,TQQQ,10.4425,11.14375,10.1625,11.11125,78956886.0
2020-03-05,TQQQ,10.28,10.845,9.88625,10.13625,96742908.0
2020-03-06,TQQQ,9.09125,9.76,8.875,9.605,98379766.0
2020-03-09,TQQQ,7.69125,8.64375,7.625,7.65375,101741246.0
2020-03-10,TQQQ,8.4975,8.86625,7.625,8.845,114063116.0
2020-03-11,TQQQ,8.2225,8.40375,7.375,7.7075,108710100.0
2020-03-12,TQQQ,6.1875,7.1875,5.55,5.595,154556484.0
2020-03-13,TQQQ,6.53,7.16405,5.6325,7.105,139072682.0
2020-03-16,TQQQ,5.0575,6.075,4.62375,4.65625,164572534.0
2020-03-17,TQQQ,4.9225,5.6425,4.46875,5.415,190505156.0
2020-03-18,TQQQ,4.5375,5.1875,4.09125,4.91375,212249786.0
2020-03-19,TQQQ,4.85625,5.51,4.5,5.0275,201202164.0
2020-03-20,TQQQ,5.37375,5.475,4.3875,4.43875,195563800.0
2020-03-23,TQQQ,4.49125,4.75,4.03375,4.4525,205018464.0
2020-03-24,TQQQ,5.15375,5.4675,5.01625,5.445,207455918.0
2020-03-25,TQQQ,5.525,5.9794,5.135,5.31875,208718518.0
2020-03-26,TQQQ,5.47875,6.25,5.4584,6.185,162309978.0
2020-03-27,TQQQ,5.70375,6.04125,5.47365,5.5425,139285886.0
2020-03-30,TQQQ,5.6975,6.1725,5.625,6.125,104155318.0
2020-03-31,TQQQ,6.07625,6.44125,5.8573,5.955,182975974.0
2020-04-01,TQQQ,5.45,5.715,5.0775,5.21625,133897478.0
2020-04-02,TQQQ,5.15,5.5425,5.09625,5.525,116882730.0
2020-04-03,TQQQ,5.4825,5.62275,5.1075,5.3025,138620998.0
2020-04-06,TQQQ,5.88875,6.52375,5.7955,6.4125,129654296.0
2020-04-07,TQQQ,6.9875,7.03625,6.375,6.4,164502392.0
2020-04-08,TQQQ,6.58565,6.875,6.41,6.80875,129545032.0
2020-04-09,TQQQ,6.99125,7.09,6.65875,6.83375,138324432.0
2020-04-13,TQQQ,6.75,7.11,6.63425,7.07125,106740480.0
2020-04-14,TQQQ,7.50625,8.05,7.42375,7.98875,122512422.0
2020-04-15,TQQQ,7.61375,7.92375,7.4576,7.72375,107921910.0
2020-04-16,TQQQ,7.97625,8.25875,7.74375,8.1375,140730032.0
2020-04-17,TQQQ,8.45875,8.5125,8.00375,8.34125,115891124.0
2020-04-20,TQQQ,8.14875,8.43875,8.0575,8.07125,96749584.0
2020-04-21,TQQQ,7.8325,7.89125,7.03875,7.17875,129872484.0
2020-04-22,TQQQ,7.62875,7.9575,7.53875,7.81375,68973000.0
2020-04-23,TQQQ,7.90375,8.19875,7.715,7.7625,106217048.0
2020-04-24,TQQQ,7.8175,8.175,7.65125,8.1375,79591772.0
2020-04-27,TQQQ,8.3975,8.44875,8.205,8.29625,76185446.0
2020-04-28,TQQQ,8.5275,8.52875,7.82625,7.8475,96561810.0
2020-04-29,TQQQ,8.38125,8.79625,8.26125,8.66375,86525932.0
2020-04-30,TQQQ,8.80125,8.80865,8.4938,8.72125,95136266.0
2020-05-01,TQQQ,8.165,8.41375,7.8125,7.93875,86561356.0
2020-05-04,TQQQ,7.8169,8.24125,7.75875,8.21875,50188902.0
2020-05-05,TQQQ,8.46625,8.77815,8.40125,8.48125,72178650.0
2020-05-06,TQQQ,8.6925,8.89065,8.5488,8.64875,77970222.0
2020-05-07,TQQQ,8.97875,9.09375,8.82065,8.98625,72372472.0
2020-05-08,TQQQ,9.19375,9.36875,9.065,9.34875,65709210.0
2020-05-11,TQQQ,9.18375,9.7375,9.15625,9.58125,67345936.0
2020-05-12,TQQQ,9.68375,9.76625,9.00375,9.01125,84840826.0
2020-05-13,TQQQ,9.07375,9.30625,8.345,8.67,122779808.0
2020-05-14,TQQQ,8.505,8.96125,8.26375,8.9575,100749794.0
2020-05-15,TQQQ,8.58875,9.1375,8.53625,9.11125,89451674.0
2020-05-18,TQQQ,9.5,9.775,9.4025,9.63875,74407740.0
2020-05-19,TQQQ,9.6725,9.94625,9.55,9.565,65357632.0
2020-05-20,TQQQ,9.90125,10.18875,9.90125,10.125,71353970.0
2020-05-21,TQQQ,10.155,10.24,9.74125,9.81375,80673376.0
2020-05-22,TQQQ,9.76125,9.93625,9.63125,9.9025,52416232.0
2020-05-26,TQQQ,10.38125,10.415,9.7975,9.86125,61300552.0
2020-05-27,TQQQ,9.76375,10.005,9.1725,10.0,86822742.0
2020-05-28,TQQQ,9.825,10.40075,9.81875,9.93625,76306274.0
2020-05-29,TQQQ,10.005,10.415,9.79,10.34625,89736822.0
2020-06-01,TQQQ,10.2569,10.53,10.20375,10.47375,52790580.0
2020-06-02,TQQQ,10.53,10.69375,10.205,10.6825,62678540.0
2020-06-03,TQQQ,10.76875,10.93625,10.65125,10.8275,53758354.0
2020-06-04,TQQQ,10.77875,10.985,10.41965,10.6075,66602100.0
2020-06-05,TQQQ,10.7375,11.31635,10.6875,11.23625,70348586.0
2020-06-08,TQQQ,11.19875,11.51,10.98765,11.48625,54636110.0
2020-06-09,TQQQ,11.36125,11.8725,11.3424,11.7425,53294874.0
2020-06-10,TQQQ,11.995,12.4025,11.9225,12.16625,75727768.0
2020-06-11,TQQQ,11.5725,11.77625,10.3525,10.375,95832998.0
2020-06-12,TQQQ,11.0362,11.2058,10.05375,10.6,102969286.0
2020-06-15,TQQQ,10.135,11.085,10.0075,10.97375,99546212.0
2020-06-16,TQQQ,11.67375,11.765,11.03875,11.55375,95804446.0
2020-06-17,TQQQ,11.77125,11.9325,11.55,11.66625,64714544.0
2020-06-18,TQQQ,11.6175,11.795,11.505,11.75625,53196474.0
2020-06-19,TQQQ,12.12125,12.15375,11.495,11.74,72487500.0
2020-06-22,TQQQ,11.73875,12.19375,11.68875,12.1575,55033304.0
2020-06-23,TQQQ,12.42125,12.8275,12.3325,12.475,58724570.0
2020-06-24,TQQQ,12.3625,12.55875,11.48125,11.74,98205340.0
2020-06-25,TQQQ,11.73875,12.09,11.3425,12.05125,75425826.0
2020-06-26,TQQQ,12.0025,12.0375,11.1125,11.185,93985278.0
2020-06-29,TQQQ,11.15125,11.55375,10.785,11.5425,64902320.0
2020-06-30,TQQQ,11.54,12.31,11.51625,12.20625,62847182.0
2020-07-01,TQQQ,12.2325,12.80875,12.155,12.6425,63034442.0
2020-07-02,TQQQ,13.03625,13.23375,12.8425,12.91125,57038046.0
2020-07-06,TQQQ,13.4125,13.9475,13.41125,13.86,52995910.0
2020-07-07,TQQQ,13.81875,14.27,13.53,13.5875,61524786.0
2020-07-08,TQQQ,13.80375,14.1175,13.56125,14.11,59982836.0
2020-07-09,TQQQ,14.42625,14.58375,13.7325,14.4625,79399092.0
2020-07-10,TQQQ,14.4275,14.80625,13.98625,14.76875,60697330.0
2020-07-13,TQQQ,15.25625,15.74375,13.71125,13.85625,93646108.0
2020-07-14,TQQQ,13.44875,14.215,12.92375,14.15,114937704.0
2020-07-15,TQQQ,14.3575,14.5275,13.67375,14.22,91885902.0
2020-07-16,TQQQ,13.755,14.045,13.37375,13.915,74992904.0
2020-07-17,TQQQ,14.02,14.13,13.625,13.98,57750856.0
2020-07-20,TQQQ,14.1,15.27875,13.88625,15.17,62905366.0
2020-07-21,TQQQ,15.44875,15.45875,14.55,14.685,73920256.0
2020-07-22,TQQQ,14.77125,15.01625,14.45625,14.855,56947266.0
2020-07-23,TQQQ,14.78875,14.905,13.44625,13.69125,84162142.0
2020-07-24,TQQQ,13.06375,13.52,12.62625,13.28625,89304660.0
2020-07-27,TQQQ,13.57375,14.06875,13.435,14.0,66905926.0
2020-07-28,TQQQ,13.885,13.96375,13.42125,13.47375,59675642.0
2020-07-29,TQQQ,13.71125,14.07625,13.64375,13.9325,48570132.0
2020-07-30,TQQQ,13.6125,14.24625,13.42,14.15875,75550046.0
2020-07-31,TQQQ,14.915,14.9375,14.11005,14.9225,90001192.0
2020-08-03,TQQQ,15.28125,15.64125,15.2575,15.47875,54467004.0
2020-08-04,TQQQ,15.415,15.7025,15.2925,15.68,52751966.0
2020-08-05,TQQQ,15.76875,15.88375,15.61375,15.805,40740800.0
2020-08-06,TQQQ,15.76375,16.49125,15.6525,16.41,48016008.0
2020-08-07,TQQQ,16.3275,16.4775,15.46125,15.87375,74176984.0
2020-08-10,TQQQ,15.90875,15.95125,15.021,15.66,63577758.0
2020-08-11,TQQQ,15.445,15.68125,14.67375,14.77125,77568302.0
2020-08-12,TQQQ,15.1375,16.045,15.1375,15.87625,55461064.0
2020-08-13,TQQQ,16.01,16.3975,15.81625,15.9875,58570358.0
2020-08-14,TQQQ,16.0825,16.14875,15.67625,15.94125,49934400.0
2020-08-17,TQQQ,16.23375,16.545,16.2075,16.4675,31666162.0
2020-08-18,TQQQ,16.67875,17.05,16.41125,16.95125,37328332.0
2020-08-19,TQQQ,16.94845,17.15125,16.53625,16.62,51461794.0
2020-08-20,TQQQ,16.46875,17.39875,16.39625,17.30375,38193684.0
2020-08-21,TQQQ,17.3325,17.75125,17.2244,17.665,41070058.0
2020-08-24,TQQQ,18.27625,18.4449,17.555,17.9925,62845928.0
2020-08-25,TQQQ,17.85375,18.43125,17.75875,18.4125,43139260.0
2020-08-26,TQQQ,18.65875,19.63125,18.635,19.59125,54915832.0
2020-08-27,TQQQ,19.8225,19.98375,18.9475,19.41375,75650508.0
2020-08-28,TQQQ,19.66125,19.84125,19.39375,19.71375,49536348.0
2020-08-31,TQQQ,19.8175,20.5675,19.7275,20.17,45099518.0
2020-09-01,TQQQ,20.74,21.24625,20.36875,21.2175,48460048.0
2020-09-02,TQQQ,21.935,21.95875,20.5842,21.81625,72342438.0
2020-09-03,TQQQ,20.84125,20.925,17.8525,18.46625,110756230.0
2020-09-04,TQQQ,18.1725,18.7875,15.4825,17.705,140370214.0
2020-09-08,TQQQ,15.61875,16.74625,15.1325,15.2025,106706112.0
2020-09-09,TQQQ,16.12875,16.9,15.70875,16.50875,72588076.0
2020-09-10,TQQQ,17.06495,17.29875,15.2175,15.55375,116484120.0
2020-09-11,TQQQ,15.875,16.02375,14.60125,15.21375,96449464.0
2020-09-14,TQQQ,15.875,16.35125,15.635,15.9975,67258296.0
2020-09-15,TQQQ,16.66625,16.92755,16.37,16.6775,75222354.0
2020-09-16,TQQQ,16.81625,16.915,15.82375,15.87625,76793322.0
2020-09-17,TQQQ,14.65125,15.495,14.50625,15.145,111711272.0
2020-09-18,TQQQ,15.3575,15.43125,13.84525,14.56,115760656.0
2020-09-21,TQQQ,13.90375,14.74375,13.5125,14.7325,93828694.0
2020-09-22,TQQQ,15.15,15.64125,14.5575,15.5375,78766670.0
2020-09-23,TQQQ,15.48125,15.51875,13.96375,14.09875,101376860.0
2020-09-24,TQQQ,13.71125,14.83875,13.64625,14.305,93759082.0
2020-09-25,TQQQ,14.38375,15.445,14.13125,15.3075,81119696.0
2020-09-28,TQQQ,16.16125,16.25,15.69625,16.215,68332802.0
2020-09-29,TQQQ,16.185,16.35485,15.94125,16.045,55694348.0
2020-09-30,TQQQ,16.07375,16.94,16.03125,16.3625,84692084.0
2020-10-01,TQQQ,17.07125,17.25875,16.7225,17.12875,69668992.0
2020-10-02,TQQQ,16.015,16.70375,15.54125,15.71625,99888342.0
2020-10-05,TQQQ,16.05875,16.7625,16.03125,16.7075,52697674.0
2020-10-06,TQQQ,16.54875,16.89,15.64375,15.81,86412278.0
2020-10-07,TQQQ,16.27125,16.76375,16.1725,16.64125,56272244.0
2020-10-08,TQQQ,17.05625,17.07585,16.6925,16.88625,49473424.0
2020-10-09,TQQQ,17.1925,17.67315,17.12,17.6375,48817888.0
2020-10-12,TQQQ,18.55,19.84125,18.3575,19.2825,73529290.0
2020-10-13,TQQQ,19.65,19.79125,19.01875,19.285,70965398.0
2020-10-14,TQQQ,19.4575,19.65,18.45625,18.80875,74492748.0
2020-10-15,TQQQ,17.8775,18.54875,17.7425,18.42,62269136.0
2020-10-16,TQQQ,18.75875,19.03365,18.0625,18.1375,57024276.0
2020-10-19,TQQQ,18.505,18.68875,17.045,17.23625,69388742.0
2020-10-20,TQQQ,17.3725,17.925,17.07345,17.3475,68677532.0
2020-10-21,TQQQ,17.38625,17.87625,17.215,17.3025,60643148.0
2020-10-22,TQQQ,17.4625,17.62545,16.68375,17.31125,59790802.0
2020-10-23,TQQQ,17.42625,17.42875,16.86125,17.4125,47771942.0
2020-10-26,TQQQ,16.97125,17.4975,15.93625,16.61875,79278306.0
2020-10-27,TQQQ,16.78375,17.15,16.565,17.01125,55965006.0
2020-10-28,TQQQ,16.1775,16.28,14.97505,15.015,92360080.0
2020-10-29,TQQQ,15.2425,16.3075,15.155,15.77875,69093680.0
2020-10-30,TQQQ,15.44375,15.59125,14.19375,14.68125,115582876.0
2020-11-02,TQQQ,14.97375,15.26125,14.20125,14.68625,75567964.0
2020-11-03,TQQQ,14.9975,15.80115,14.825,15.425,67484658.0
2020-11-04,TQQQ,16.94875,17.83,16.665,17.51,84593858.0
2020-11-05,TQQQ,18.7075,19.06875,18.44875,18.86125,75066282.0
2020-11-06,TQQQ,18.73375,19.07125,18.0075,18.925,67575644.0
2020-11-09,TQQQ,19.46,19.7975,17.685,17.77,82932764.0
2020-11-10,TQQQ,17.1425,17.40625,16.29375,16.81125,84333318.0
2020-11-11,TQQQ,17.25875,18.02375,17.185,17.94125,63415370.0
2020-11-12,TQQQ,18.10625,18.365,17.465,17.67875,71928550.0
2020-11-13,TQQQ,17.9725,18.26,17.5825,18.1425,52448626.0
2020-11-16,TQQQ,18.09375,18.62625,17.968,18.56,53437256.0
2020-11-17,TQQQ,18.6,18.67,18.26625,18.38875,45675904.0
2020-11-18,TQQQ,18.2825,18.59375,17.9625,17.9625,38585312.0
2020-11-19,TQQQ,17.86375,18.46125,17.745,18.4075,39835448.0
2020-11-20,TQQQ,18.38125,18.53375,18.015,18.03375,32498366.0
2020-11-23,TQQQ,18.2275,18.4675,17.595,18.0375,44765202.0
2020-11-24,TQQQ,18.2275,18.87875,17.88375,18.775,39003772.0
2020-11-25,TQQQ,18.965,19.25125,18.80625,19.12875,32169410.0
2020-11-27,TQQQ,19.505,19.88375,19.44125,19.65125,23231878.0
2020-11-30,TQQQ,19.715,19.8475,18.8225,19.7525,46155528.0
2020-12-01,TQQQ,20.22375,20.86875,20.0125,20.52875,42698904.0
2020-12-02,TQQQ,20.27625,20.68015,19.8975,20.61125,36532328.0
2020-12-03,TQQQ,20.66125,21.02375,20.5439,20.695,39365414.0
2020-12-04,TQQQ,20.7,20.98,20.56375,20.94875,31772014.0
2020-12-07,TQQQ,20.9875,21.3775,20.95,21.30375,31006936.0
2020-12-08,TQQQ,21.20625,21.585,20.82625,21.49875,33481440.0
2020-12-09,TQQQ,21.48,21.5325,19.8275,20.05875,61219682.0
2020-12-10,TQQQ,19.63,20.53335,19.4075,20.305,43336644.0
2020-12-11,TQQQ,19.95625,20.19125,19.4875,20.1625,42454892.0
2020-12-14,TQQQ,20.40375,21.00625,20.39625,20.5925,36671118.0
2020-12-15,TQQQ,21.0725,21.25125,20.615,21.2325,39495692.0
2020-12-16,TQQQ,21.34625,21.78125,21.1225,21.58875,34397616.0
2020-12-17,TQQQ,21.95625,22.0844,21.69875,22.03125,34818854.0
2020-12-18,TQQQ,22.195,22.23875,21.31625,21.79125,42189028.0
2020-12-21,TQQQ,21.19625,21.8275,20.585,21.71,50899176.0
2020-12-22,TQQQ,21.9125,22.08875,21.2719,21.88125,40502208.0
2020-12-23,TQQQ,21.88,21.97,21.5225,21.55125,29858592.0
2020-12-24,TQQQ,21.61375,21.93,21.59,21.83125,19266444.0
2020-12-28,TQQQ,22.395,22.5944,22.00375,22.48625,29263268.0
2020-12-29,TQQQ,22.79375,22.925,22.35125,22.5525,30285688.0
2020-12-30,TQQQ,22.80625,22.875,22.40875,22.54875,26201732.0
2020-12-31,TQQQ,22.53375,22.81,22.29125,22.725,26677046.0
2021-01-04,TQQQ,23.01,23.0485,20.85375,21.73125,49368042.0
2021-01-05,TQQQ,21.535,22.3194,21.535,22.27625,29678100.0
2021-01-06,TQQQ,21.2375,22.2925,21.0275,21.355,52682642.0
2021-01-07,TQQQ,21.92125,23.08125,21.91875,22.8975,30923772.0
2021-01-08,TQQQ,23.41375,23.86,22.925,23.785,38203826.0
2021-01-11,TQQQ,23.10125,23.3675,22.60125,22.73375,35325576.0
2021-01-12,TQQQ,22.765,23.00125,22.05,22.635,36507852.0
2021-01-13,TQQQ,22.69625,23.27375,22.56305,23.075,27187508.0
2021-01-14,TQQQ,23.1875,23.4175,22.62,22.72375,29558900.0
2021-01-15,TQQQ,22.67625,22.89125,21.885,22.17125,35422972.0
2021-01-19,TQQQ,22.68125,23.25875,22.45,23.1325,30241834.0
2021-01-20,TQQQ,23.96375,24.97125,23.8825,24.745,30434088.0
2021-01-21,TQQQ,25.0625,25.535,24.75,25.36,46341632.0
2021-01-22,TQQQ,25.1025,25.38,24.97005,25.13,40939388.0
2021-01-25,TQQQ,25.94,26.26705,24.2,25.8275,76585110.0
2021-01-26,TQQQ,25.93,26.145,25.54375,25.855,45484470.0
2021-01-27,TQQQ,25.315,25.325,23.25,23.77,94450354.0
2021-01-28,TQQQ,23.9725,25.25,23.8375,24.12,45010852.0
2021-01-29,TQQQ,23.725,23.98,22.1875,22.6175,92139238.0
2021-02-01,TQQQ,23.3875,24.5075,22.935,24.28,52829748.0
2021-02-02,TQQQ,24.9725,25.74,24.94,25.455,46373274.0
2021-02-03,TQQQ,25.9825,26.0575,25.1625,25.1625,47586020.0
2021-02-04,TQQQ,25.51,26.075,25.1875,26.0525,36404450.0
2021-02-05,TQQQ,26.3,26.5725,25.8925,26.325,43307644.0
2021-02-08,TQQQ,26.74,26.88755,26.33715,26.84,38497498.0
2021-02-09,TQQQ,26.62,27.1425,26.62,26.8275,32884442.0
2021-02-10,TQQQ,27.195,27.3,25.865,26.6375,61773958.0
2021-02-11,TQQQ,27.04,27.185,26.49,27.0675,49429990.0
2021-02-12,TQQQ,26.895,27.575,26.61,27.5275,38735862.0
2021-02-16,TQQQ,27.74,27.965,27.02,27.2975,44331874.0
2021-02-17,TQQQ,26.5575,26.985,26.0025,26.9175,53321564.0
2021-02-18,TQQQ,26.015,26.74,25.57,26.555,55100994.0
2021-02-19,TQQQ,26.91,26.92,25.965,26.205,46688630.0
2021-02-22,TQQQ,25.135,25.45,24.125,24.175,66367446.0
2021-02-23,TQQQ,22.945,24.34,21.605,23.96,99637416.0
2021-02-24,TQQQ,23.31,24.6175,22.725,24.5375,61520922.0
2021-02-25,TQQQ,23.905,24.5175,21.6125,21.975,118895932.0
2021-02-26,TQQQ,22.59625,23.29,21.5625,22.305,104659186.0
2021-03-01,TQQQ,23.34,24.32695,23.0475,24.25,66853516.0
2021-03-02,TQQQ,24.385,24.42125,23.025,23.0875,75846576.0
2021-03-03,TQQQ,22.8425,23.05,21.06125,21.085,115771294.0
2021-03-04,TQQQ,20.9925,21.66,19.22,20.0425,216018514.0
2021-03-05,TQQQ,20.5725,21.1175,18.7575,20.94,168328290.0
2021-03-08,TQQQ,20.82,21.2125,19.0675,19.15,117865756.0
2021-03-09,TQQQ,20.61665,21.7875,20.4825,21.405,86714548.0
2021-03-10,TQQQ,22.315,22.375,21.0775,21.2225,101685610.0
2021-03-11,TQQQ,22.255,23.065,22.035,22.695,79467864.0
2021-03-12,TQQQ,21.7925,22.1675,21.2675,22.13,83294962.0
2021-03-15,TQQQ,22.2025,22.8775,21.845,22.8375,63669754.0
2021-03-16,TQQQ,23.335,23.9975,22.9,23.2125,84385122.0
2021-03-17,TQQQ,22.53,23.9325,22.1525,23.505,98185306.0
2021-03-18,TQQQ,22.4025,22.625,21.2375,21.3475,114754898.0
2021-03-19,TQQQ,21.3125,21.8875,20.85,21.62,96643286.0
2021-03-22,TQQQ,22.0725,23.2175,22.0725,22.7725,70550582.0
2021-03-23,TQQQ,23.0125,23.3075,22.2925,22.475,93890378.0
2021-03-24,TQQQ,22.7725,22.78,21.3125,21.34,95241866.0
2021-03-25,TQQQ,20.955,21.545,20.4125,21.225,119937194.0
2021-03-26,TQQQ,21.18,22.2425,20.8825,22.1625,107530236.0
2021-03-29,TQQQ,22.06,22.385,21.43,22.15,95294582.0
2021-03-30,TQQQ,21.7375,21.9475,21.24,21.835,74174880.0
2021-03-31,TQQQ,22.1975,23.15,22.1275,22.815,80984338.0
2021-04-01,TQQQ,23.65875,24.0075,23.605,23.975,72543652.0
2021-04-05,TQQQ,24.5525,25.595,24.49285,25.415,65269854.0
2021-04-06,TQQQ,25.34,25.82,25.1775,25.355,60303428.0
2021-04-07,TQQQ,25.2574,25.745,25.025,25.5425,49493512.0
2021-04-08,TQQQ,26.23,26.385,26.025,26.34,56809660.0
2021-04-09,TQQQ,26.005,26.865,25.83,26.8175,64719100.0
2021-04-12,TQQQ,26.575,26.81,26.245,26.7125,54815986.0
2021-04-13,TQQQ,27.095,27.75,27.03,27.6275,57511022.0
2021-04-14,TQQQ,27.6975,27.7325,26.44,26.6575,80613714.0
2021-04-15,TQQQ,27.3425,27.9425,27.31,27.835,60399048.0
2021-04-16,TQQQ,27.9775,27.9975,27.475,27.9525,58743952.0
2021-04-19,TQQQ,27.5375,27.8425,26.6875,27.19,79584098.0
2021-04-20,TQQQ,27.0125,27.33,26.0975,26.595,79141886.0
2021-04-21,TQQQ,26.25,27.3075,26.005,27.2675,55528578.0
2021-04-22,TQQQ,27.1675,27.4075,25.985,26.275,87424124.0
2021-04-23,TQQQ,26.43,27.58,26.43,27.265,53941852.0
2021-04-26,TQQQ,27.3275,27.8675,27.1375,27.805,49988320.0
2021-04-27,TQQQ,27.8675,27.9175,27.1925,27.44,59656308.0
2021-04-28,TQQQ,27.3475,27.6,26.99255,27.1575,59475000.0
2021-04-29,TQQQ,27.965,28.0575,26.645,27.43,74062192.0
2021-04-30,TQQQ,26.8225,27.45,26.6725,26.915,59220184.0
2021-05-03,TQQQ,27.19,27.3725,26.3575,26.475,67111068.0
2021-05-04,TQQQ,25.8625,25.9225,24.1125,25.08,105616918.0
2021-05-05,TQQQ,25.51,25.7125,24.6,24.7875,68214586.0
2021-05-06,TQQQ,24.7175,25.37005,24.1975,25.33,84831634.0
2021-05-07,TQQQ,25.9925,26.51875,25.69275,25.95,79353374.0
2021-05-10,TQQQ,25.6225,25.665,23.94,24.0,92107480.0
2021-05-11,TQQQ,22.6475,24.06,22.5,23.88,114403448.0
2021-05-12,TQQQ,22.755,23.2875,21.83,22.0625,118079028.0
2021-05-13,TQQQ,22.65,23.16755,22.0176,22.5275,104301028.0
2021-05-14,TQQQ,23.22,24.2225,23.105,23.9925,72131670.0
2021-05-17,TQQQ,23.6275,23.79,22.9325,23.5875,69271156.0
2021-05-18,TQQQ,23.8025,24.07,23.0475,23.0925,65841978.0
2021-05-19,TQQQ,21.9125,23.2475,21.8325,23.1775,95944852.0
2021-05-20,TQQQ,23.5175,24.715,23.4575,24.5175,69613214.0
2021-05-21,TQQQ,24.885,24.983,24.0275,24.1125,64066634.0
2021-05-24,TQQQ,24.6375,25.585,24.555,25.32,46090842.0
2021-05-25,TQQQ,25.687,25.86,25.1575,25.4425,53364422.0
2021-05-26,TQQQ,25.59,25.80965,25.43,25.7,39017464.0
2021-05-27,TQQQ,25.5925,25.79,25.36,25.4,41608420.0
2021-05-28,TQQQ,25.695,26.02375,25.575,25.6475,40928552.0
2021-06-01,TQQQ,25.9625,26.075,25.07125,25.3975,51931756.0
2021-06-02,TQQQ,25.4875,25.7425,25.1325,25.53,41589312.0
2021-06-03,TQQQ,24.8725,25.1675,24.34375,24.7275,60516066.0
2021-06-04,TQQQ,25.1575,26.0975,25.1325,25.995,45587606.0
2021-06-07,TQQQ,25.8575,26.24125,25.70355,26.225,31096546.0
2021-06-08,TQQQ,26.645,26.855,25.85625,26.255,46472238.0
2021-06-09,TQQQ,26.59,26.78,26.2325,26.285,38901820.0
2021-06-10,TQQQ,26.3575,27.125,26.25,27.09,58603436.0
2021-06-11,TQQQ,27.105,27.31,26.94,27.305,34169362.0
2021-06-14,TQQQ,27.41,28.0925,27.125,28.07,45411570.0
2021-06-15,TQQQ,28.005,28.085,27.365,27.55,45054070.0
2021-06-16,TQQQ,27.655,27.91755,26.38,27.255,78888994.0
2021-06-17,TQQQ,26.99,28.52,26.9825,28.2725,72161774.0
2021-06-18,TQQQ,27.8525,28.1445,27.42,27.5975,71447264.0
2021-06-21,TQQQ,27.6575,28.2,27.0975,28.1025,53854272.0
2021-06-22,TQQQ,28.0775,29.0125,27.9925,28.8875,51789358.0
2021-06-23,TQQQ,28.8925,29.24,28.73125,28.9375,46998450.0
2021-06-24,TQQQ,29.435,29.8725,29.2975,29.47,46836230.0
2021-06-25,TQQQ,29.6225,29.6875,29.2125,29.3775,43496568.0
2021-06-28,TQQQ,29.6925,30.47,29.685,30.4175,44393850.0
2021-06-29,TQQQ,30.39,30.769,30.1675,30.76,37279942.0
2021-06-30,TQQQ,30.7225,30.825,30.4625,30.625,40273308.0
2021-07-01,TQQQ,30.52,30.785,30.1625,30.64,41917488.0
2021-07-02,TQQQ,31.16,31.7875,31.095,31.68,46750994.0
2021-07-06,TQQQ,31.8625,32.19,31.125,32.105,54799778.0
2021-07-07,TQQQ,32.725,32.805,31.775,32.31,57637740.0
2021-07-08,TQQQ,30.92125,31.965,30.56,31.75,76262134.0
2021-07-09,TQQQ,31.57,32.45,31.4075,32.2875,46437762.0
2021-07-12,TQQQ,32.7,32.82225,32.2646,32.6925,43563094.0
2021-07-13,TQQQ,32.595,33.5169,32.4525,32.675,59725002.0
2021-07-14,TQQQ,33.34,33.52,32.6375,32.8525,68021348.0
2021-07-15,TQQQ,32.8525,32.895,31.615,32.1725,68596484.0
2021-07-16,TQQQ,32.41375,32.6775,31.2925,31.3825,63701446.0
2021-07-19,TQQQ,30.4525,30.75,29.9175,30.63,101143206.0
2021-07-20,TQQQ,30.86,32.075,30.3875,31.64,60772346.0
2021-07-21,TQQQ,31.5775,32.3975,31.5,32.3625,40881682.0
2021-07-22,TQQQ,32.4625,33.05,32.4588,33.0425,47478702.0
2021-07-23,TQQQ,33.425,34.2775,33.07375,34.14,51949226.0
2021-07-26,TQQQ,34.005,34.3925,33.76,34.2825,42988814.0
2021-07-27,TQQQ,34.2075,34.2075,31.9575,33.1625,89391058.0
2021-07-28,TQQQ,33.465,33.965,32.8175,33.525,71970132.0
2021-07-29,TQQQ,33.37,34.03,33.36625,33.69,44319246.0
2021-07-30,TQQQ,32.5875,33.3375,32.5675,33.185,56559386.0
2021-08-02,TQQQ,33.635,33.7975,33.005,33.175,54559908.0
2021-08-03,TQQQ,33.36,33.8,32.4625,33.7525,63417826.0
2021-08-04,TQQQ,33.7725,34.19,33.45,33.92,48428484.0
2021-08-05,TQQQ,34.14,34.62,33.95,34.5575,38670252.0
2021-08-06,TQQQ,34.1975,34.4825,33.78875,34.1075,43152980.0
2021-08-09,TQQQ,34.2275,34.445,33.92,34.29,34210894.0
2021-08-10,TQQQ,34.4425,34.5275,33.42875,33.7775,53081216.0
2021-08-11,TQQQ,34.125,34.2625,33.21,33.595,46593950.0
2021-08-12,TQQQ,33.4525,34.05,33.06,33.945,39810104.0
2021-08-13,TQQQ,34.045,34.4025,33.9075,34.285,36644700.0
2021-08-16,TQQQ,33.985,34.3575,32.8738,34.345,61320786.0
2021-08-17,TQQQ,33.5525,33.8375,32.7425,33.4425,83197584.0
2021-08-18,TQQQ,33.275,33.68,32.3775,32.47,65042360.0
2021-08-19,TQQQ,31.935,33.4,31.8625,32.9325,81623812.0
2021-08-20,TQQQ,33.2375,34.0675,33.145,33.95,62541148.0
2021-08-23,TQQQ,34.2575,35.675,34.25,35.4625,48266126.0
2021-08-24,TQQQ,35.6525,35.985,35.5175,35.8125,36343472.0
2021-08-25,TQQQ,35.8725,36.1,35.6575,35.8525,38063512.0
2021-08-26,TQQQ,35.6675,35.8775,35.11,35.245,53502484.0
2021-08-27,TQQQ,35.4225,36.4,35.285,36.275,46159920.0
2021-08-30,TQQQ,36.5,37.63,36.4875,37.4775,45635190.0
2021-08-31,TQQQ,37.555,37.575,36.9225,37.3725,45897938.0
2021-09-01,TQQQ,37.7075,38.205,37.5175,37.5775,47783966.0
2021-09-02,TQQQ,37.9875,38.085,37.15,37.525,47649418.0
2021-09-03,TQQQ,37.175,37.985,37.165,37.8625,46647394.0
2021-09-07,TQQQ,37.8875,38.22,37.54,38.0175,45185344.0
2021-09-08,TQQQ,37.9525,37.9625,36.9275,37.6275,63423020.0
2021-09-09,TQQQ,37.6825,38.025,37.1475,37.225,55286758.0
2021-09-10,TQQQ,37.75,37.9625,36.2775,36.3875,69217740.0
2021-09-13,TQQQ,37.0725,37.195,35.69,36.305,77774688.0
2021-09-14,TQQQ,36.7375,36.965,35.705,35.9925,59629156.0
2021-09-15,TQQQ,36.1225,36.89,35.44125,36.79,55892624.0
2021-09-16,TQQQ,36.3875,37.0325,35.81,36.8625,52615422.0
2021-09-17,TQQQ,36.725,36.7325,35.24,35.56,77325186.0
2021-09-20,TQQQ,33.855,34.365,32.0,33.3725,121913630.0
2021-09-21,TQQQ,33.845,34.1875,33.1475,33.415,71700642.0
2021-09-22,TQQQ,33.715,34.8075,33.4025,34.3925,87669416.0
2021-09-23,TQQQ,34.7275,35.6425,34.5425,35.3475,69369572.0
2021-09-24,TQQQ,34.68,35.5625,34.575,35.4475,54775196.0
2021-09-27,TQQQ,34.5525,34.85,33.85,34.5925,78355460.0
2021-09-28,TQQQ,33.285,33.4725,31.5175,31.7075,148822906.0
2021-09-29,TQQQ,31.99,32.5725,31.325,31.4975,97530602.0
2021-09-30,TQQQ,31.945,32.385,31.02,31.1425,117312028.0
2021-10-01,TQQQ,31.3125,32.0025,30.21,31.71,104353980.0
2021-10-04,TQQQ,31.275,31.37175,29.1175,29.76,128617932.0
2021-10-05,TQQQ,29.9925,31.5,29.93025,30.905,81306412.0
2021-10-06,TQQQ,30.065,31.58,29.815,31.515,117495378.0
2021-10-07,TQQQ,32.33125,33.085,32.1825,32.3675,75407566.0
2021-10-08,TQQQ,32.6675,32.7305,31.7425,31.87,78566086.0
2021-10-11,TQQQ,31.465,32.4225,31.13375,31.1625,68107650.0
2021-10-12,TQQQ,31.5425,31.655,30.6525,30.845,87201742.0
2021-10-13,TQQQ,31.445,31.7375,30.9,31.5675,70460676.0
2021-10-14,TQQQ,32.5275,33.3625,32.35,33.31,60874914.0
2021-10-15,TQQQ,33.65,33.9625,33.355,33.9275,51429062.0
2021-10-18,TQQQ,33.5625,35.005,33.395,34.945,50438266.0
2021-10-19,TQQQ,35.26,35.7575,35.07,35.7125,53225350.0
2021-10-20,TQQQ,35.8725,36.055,35.17,35.6,59354868.0
2021-10-21,TQQQ,35.35875,36.3025,35.2825,36.2375,46050156.0
2021-10-22,TQQQ,35.8675,36.165,34.84,35.32,70124156.0
2021-10-25,TQQQ,35.747,36.6825,35.18,36.38,59475726.0
2021-10-26,TQQQ,37.08,37.79875,36.4125,36.72,83987788.0
2021-10-27,TQQQ,36.89,37.93,36.815,37.01,72533916.0
2021-10-28,TQQQ,37.5775,38.3125,37.35,38.225,65368752.0
2021-10-29,TQQQ,37.2975,38.85,37.195,38.79,67257164.0
2021-11-01,TQQQ,38.95,39.2325,38.295,39.1725,65022734.0
2021-11-02,TQQQ,39.00625,39.8425,38.99,39.695,60085618.0
2021-11-03,TQQQ,39.835,41.08,39.5175,40.955,72605226.0
2021-11-04,TQQQ,41.3575,42.83695,41.1825,42.4825,80439724.0
2021-11-05,TQQQ,43.115,43.415,42.1825,42.64,85252714.0
2021-11-08,TQQQ,42.625,42.975,42.265,42.465,56459826.0
2021-11-09,TQQQ,42.8125,42.9487,41.1425,41.59,88118820.0
2021-11-10,TQQQ,40.68,41.6,39.125,39.7675,96976726.0
2021-11-11,TQQQ,40.6875,40.7475,39.975,40.09,57719030.0
2021-11-12,TQQQ,40.4525,41.5175,39.9375,41.3625,63820392.0
2021-11-15,TQQQ,41.7275,41.8275,40.5225,41.35,69729108.0
2021-11-16,TQQQ,41.0725,42.3521,41.015,42.205,51590808.0
2021-11-17,TQQQ,42.3025,42.92125,41.9475,42.255,57967932.0
2021-11-18,TQQQ,42.92,43.725,42.1925,43.5475,86841676.0
2021-11-19,TQQQ,44.1075,44.71755,43.83,44.285,64607152.0
2021-11-22,TQQQ,44.8225,45.84,42.715,42.75,89522396.0
2021-11-23,TQQQ,42.3625,43.0425,40.6975,42.1675,113012704.0
2021-11-24,TQQQ,41.3275,42.64,40.5825,42.5575,99120802.0
2021-11-26,TQQQ,41.695,42.16,39.68,40.21,88841138.0
2021-11-29,TQQQ,41.55,43.04,41.3325,42.7075,79465946.0
2021-11-30,TQQQ,42.42,43.1975,40.1775,40.8725,151292998.0
2021-12-01,TQQQ,42.215,42.905,38.6175,38.775,152057602.0
2021-12-02,TQQQ,38.355,40.12975,37.9125,39.505,198216468.0
2021-12-03,TQQQ,40.0,40.32,36.2325,37.52,240286878.0
2021-12-06,TQQQ,37.6475,38.82,36.3825,38.3975,152413966.0
2021-12-07,TQQQ,40.4425,42.07,40.435,41.86,135289192.0
2021-12-08,TQQQ,41.9725,42.5,41.3675,42.4425,102621738.0
2021-12-09,TQQQ,42.0375,42.6275,40.5,40.61,106400964.0
2021-12-10,TQQQ,41.4425,41.9575,40.445,41.8675,101537690.0
2021-12-13,TQQQ,41.8675,41.9725,39.945,40.0675,89572606.0
2021-12-14,TQQQ,38.53,39.39,37.4575,38.875,115466760.0
2021-12-15,TQQQ,38.74,41.56725,37.5075,41.4475,134530604.0
2021-12-16,TQQQ,41.7525,41.905,37.7375,38.285,148109900.0
2021-12-17,TQQQ,37.2075,38.9475,36.75,37.7,150136082.0
2021-12-20,TQQQ,36.255,36.8125,35.62505,36.5725,120932938.0
2021-12-21,TQQQ,37.54,39.11225,36.4275,39.0175,109562436.0
2021-12-22,TQQQ,38.895,40.5,38.70585,40.41,88611350.0
2021-12-23,TQQQ,40.5425,41.8225,40.4925,41.37,65654128.0
2021-12-27,TQQQ,41.7725,43.3825,41.75,43.3475,62981636.0
2021-12-28,TQQQ,43.69,43.745,42.5075,42.8375,72412510.0
2021-12-29,TQQQ,42.8275,43.2475,41.98775,42.77,57747338.0
2021-12-30,TQQQ,42.6925,43.41375,42.1925,42.37,56635824.0
2021-12-31,TQQQ,42.1575,42.6,41.4275,41.5825,60248564.0
2022-01-03,TQQQ,41.9575,42.86,41.28,42.7825,76505152.0
2022-01-04,TQQQ,42.9575,42.9725,40.0975,41.12,106648110.0
2022-01-05,TQQQ,40.595,40.93,37.25065,37.3375,133245246.0
2022-01-06,TQQQ,36.7575,38.2025,36.105,37.235,154226586.0
2022-01-07,TQQQ,37.225,37.735,35.5,36.0175,142713484.0
2022-01-10,TQQQ,34.5875,36.235,33.025,36.15,179217406.0
2022-01-11,TQQQ,35.8575,37.7575,35.26,37.74,154326818.0
2022-01-12,TQQQ,38.4925,38.9825,37.47,38.17,138371172.0
2022-01-13,TQQQ,38.565,38.775,35.01,35.4,173531820.0
2022-01-14,TQQQ,34.545,36.0325,34.5,35.935,178451634.0
2022-01-18,TQQQ,34.2425,34.86,33.03,33.345,156341740.0
2022-01-19,TQQQ,33.68,34.355,32.08,32.185,183284396.0
2022-01-20,TQQQ,33.01,34.09,30.75,30.94,172197064.0
2022-01-21,TQQQ,30.31,31.0125,28.25,28.335,342054676.0
2022-01-24,TQQQ,26.9225,28.875,24.085,28.745,511809150.0
2022-01-25,TQQQ,27.075,28.155,25.875,26.625,347497978.0
2022-01-26,TQQQ,28.495,29.425,25.685,26.575,415676122.0
2022-01-27,TQQQ,27.7,28.12,25.52,25.78,323528156.0
2022-01-28,TQQQ,26.2,28.23,25.05,28.185,334032462.0
2022-01-31,TQQQ,28.5225,31.02995,28.11,30.915,227502274.0
2022-02-01,TQQQ,31.21,31.675,29.865,31.505,203691690.0
2022-02-02,TQQQ,32.61,32.68485,31.175,32.25,201630474.0
2022-02-03,TQQQ,29.66,30.535,28.06,28.37,211149936.0
2022-02-04,TQQQ,28.435,30.205,27.945,29.35,193068812.0
2022-02-07,TQQQ,29.535,30.135,28.36,28.685,153912234.0
2022-02-08,TQQQ,28.4,29.91275,28.115,29.66,158593210.0
2022-02-09,TQQQ,30.78,31.54,30.38,31.5,151075404.0
2022-02-10,TQQQ,29.655,31.455,28.9,29.41,254286698.0
2022-02-11,TQQQ,29.39,29.775,26.2775,26.64,268511276.0
2022-02-14,TQQQ,26.45,27.485,25.85,26.715,190125066.0
2022-02-15,TQQQ,27.915,28.72,27.675,28.65,164171170.0
2022-02-16,TQQQ,28.135,28.89995,27.35,28.645,186181042.0
2022-02-17,TQQQ,27.82,28.025,25.985,26.105,157671296.0
2022-02-18,TQQQ,26.295,26.39455,24.655,25.22,226165466.0
2022-02-22,TQQQ,24.52,25.75,23.6025,24.44,262876152.0
2022-02-23,TQQQ,25.12,25.315,22.485,22.57,260920316.0
2022-02-24,TQQQ,20.38,24.925,20.305,24.78,389734770.0
2022-02-25,TQQQ,24.9975,26.0025,24.125,25.955,238372286.0
2022-02-28,TQQQ,25.2275,26.5925,24.9603,26.23,243401088.0
2022-03-01,TQQQ,25.96,26.485,24.425,25.02,248145096.0
2022-03-02,TQQQ,25.335,26.525,24.71,26.215,219495882.0
2022-03-03,TQQQ,26.875,26.89,24.685,25.12,223888690.0
2022-03-04,TQQQ,24.5825,24.9,23.5,24.045,231823034.0
2022-03-07,TQQQ,24.0225,24.27005,21.315,21.36,249752636.0
2022-03-08,TQQQ,21.195,23.0,20.385,21.065,355936094.0
2022-03-09,TQQQ,22.7,23.6,22.175,23.32,219074166.0
2022-03-10,TQQQ,22.45,22.81,21.5952,22.57,225574766.0
2022-03-11,TQQQ,23.17,23.235,21.045,21.17,197814858.0
2022-03-14,TQQQ,20.905,21.565,19.78,19.93,246265184.0
2022-03-15,TQQQ,20.435,21.94495,20.1175,21.775,211407248.0
2022-03-16,TQQQ,22.58,24.24,21.845,24.22,326174962.0
2022-03-17,TQQQ,23.795,25.095,23.51995,25.03,192061564.0
2022-03-18,TQQQ,24.73,26.705,24.46525,26.585,201569570.0
2022-03-21,TQQQ,26.43,26.9625,25.385,26.395,221094564.0
2022-03-22,TQQQ,26.535,28.17,26.435,27.955,186689256.0
2022-03-23,TQQQ,27.28,28.13465,26.75,26.775,205499434.0
2022-03-24,TQQQ,27.215,28.545,26.705,28.51,171150506.0
2022-03-25,TQQQ,28.52,28.7806,27.425,28.465,198789370.0
2022-03-28,TQQQ,28.46,29.805,28.165,29.76,183407444.0
2022-03-29,TQQQ,30.76,31.48,30.07,31.285,204013396.0
2022-03-30,TQQQ,30.84,31.27,29.9,30.345,167818810.0
2022-03-31,TQQQ,30.32,30.415,28.95,29.09,168098866.0
2022-04-01,TQQQ,29.215,29.4075,28.2,28.965,176162626.0
2022-04-04,TQQQ,29.19,30.775,29.115,30.775,137515038.0
2022-04-05,TQQQ,30.41,30.58,28.43,28.74,172097638.0
2022-04-06,TQQQ,27.41,27.6844,26.2,26.85,296859822.0
2022-04-07,TQQQ,26.615,27.54445,25.79,27.025,229653934.0
2022-04-08,TQQQ,26.61,26.795,25.75,25.92,204182444.0
2022-04-11,TQQQ,24.915,25.135,23.975,24.08,185914502.0
2022-04-12,TQQQ,25.08,25.4875,23.445,23.77,247928154.0
2022-04-13,TQQQ,23.83,25.4175,23.665,25.195,190084618.0
2022-04-14,TQQQ,25.21,25.325,23.41525,23.5,167843546.0
2022-04-18,TQQQ,23.235,24.005,22.91,23.565,175525404.0
2022-04-19,TQQQ,23.365,25.20995,23.155,25.08,172372654.0
2022-04-20,TQQQ,25.285,25.37,23.72,23.95,215629478.0
2022-04-21,TQQQ,24.82,25.385,22.295,22.545,268626488.0
2022-04-22,TQQQ,22.525,22.785,20.64,20.755,248824764.0
2022-04-25,TQQQ,20.405,21.58,20.155,21.525,332878790.0
2022-04-26,TQQQ,21.11,21.145,19.05,19.105,332263282.0
2022-04-27,TQQQ,19.085,20.11,18.685,19.02,316698684.0
2022-04-28,TQQQ,19.9125,21.365,19.14,21.03,344698336.0
2022-04-29,TQQQ,20.195,20.8845,18.1,18.265,320116746.0
2022-05-02,TQQQ,18.125,19.14,17.565,19.125,311905588.0
2022-05-03,TQQQ,19.095,19.5847,18.65,19.17,285565638.0
2022-05-04,TQQQ,19.245,21.225,18.265,21.07,438806830.0
2022-05-05,TQQQ,20.25,20.255,17.26,17.93,455552680.0
2022-05-06,TQQQ,17.545,18.265,16.55,17.305,466794340.0
2022-05-09,TQQQ,16.28,16.71,15.005,15.26,420419706.0
2022-05-10,TQQQ,16.3575,16.54,15.14,15.785,463579574.0
2022-05-11,TQQQ,15.425,16.3,14.235,14.38,529531894.0
2022-05-12,TQQQ,13.715,14.945,13.345,14.265,590992948.0
2022-05-13,TQQQ,14.925,16.0,14.69,15.815,395948082.0
2022-05-16,TQQQ,15.565,15.89,15.09,15.325,318388082.0
2022-05-17,TQQQ,16.215,16.54,15.61975,16.48,307981420.0
2022-05-18,TQQQ,15.73,15.845,13.845,14.075,328105128.0
2022-05-19,TQQQ,13.77,14.51,13.52,13.79,392015544.0
2022-05-20,TQQQ,14.325,14.41995,12.465,13.67,458111202.0
2022-05-23,TQQQ,13.825,14.415,13.48,14.345,341040626.0
2022-05-24,TQQQ,13.5725,13.68,12.7125,13.45,366488654.0
2022-05-25,TQQQ,13.22,14.3,13.1925,13.99,361283834.0
2022-05-26,TQQQ,13.88,15.39,13.84,15.16,337131568.0
2022-05-27,TQQQ,15.6475,16.6696,15.635,16.645,315035858.0
2022-05-31,TQQQ,16.65,17.0,15.8656,16.525,369158684.0
2022-06-01,TQQQ,16.855,17.215,15.775,16.14,398894182.0
2022-06-02,TQQQ,15.96,17.49,15.725,17.45,336861310.0
2022-06-03,TQQQ,16.57,16.815,15.88,16.07,324723818.0
2022-06-06,TQQQ,16.8075,17.065,16.0,16.27,300958638.0
2022-06-07,TQQQ,15.71,16.7975,15.525,16.665,274886590.0
2022-06-08,TQQQ,16.5375,16.97,16.165,16.325,225705986.0
2022-06-09,TQQQ,16.035,16.53,14.966,14.995,275959442.0
2022-06-10,TQQQ,14.1275,14.31,13.335,13.395,343352148.0
2022-06-13,TQQQ,12.135,12.49,11.41,11.54,426731434.0
2022-06-14,TQQQ,11.82,11.935,11.26,11.615,393201064.0
2022-06-15,TQQQ,12.03,12.96,11.67,12.45,549823044.0
2022-06-16,TQQQ,11.495,11.56,10.66,10.93,424284456.0
2022-06-17,TQQQ,11.035,11.64,10.825,11.335,441181096.0
2022-06-21,TQQQ,11.9075,12.49,11.89,12.19,318408288.0
2022-06-22,TQQQ,11.855,12.725,11.775,12.145,388973698.0
2022-06-23,TQQQ,12.47,12.785,12.085,12.665,365372834.0
2022-06-24,TQQQ,13.056,14.02,13.02505,13.99,303634922.0
2022-06-27,TQQQ,14.175,14.25,13.5,13.66,338261980.0
2022-06-28,TQQQ,13.73,14.105,12.38,12.415,376240774.0
2022-06-29,TQQQ,12.39,12.64495,12.05,12.44,380182164.0
2022-06-30,TQQQ,12.03,12.445,11.375,12.0,512407880.0
2022-07-01,TQQQ,11.8,12.25,11.55,12.195,417200766.0
2022-07-05,TQQQ,11.705,12.84,11.5,12.825,441107982.0
2022-07-06,TQQQ,12.885,13.36,12.64,13.07,412245772.0
2022-07-07,TQQQ,13.19,14.0,13.185,13.88,275732656.0
2022-07-08,TQQQ,13.495,14.155,13.355,13.945,319458440.0
2022-07-11,TQQQ,13.6,13.635,12.93,13.055,258448292.0
2022-07-12,TQQQ,13.22,13.49,12.45495,12.675,319233024.0
2022-07-13,TQQQ,11.92,12.915,11.845,12.595,361150998.0
2022-07-14,TQQQ,12.2325,12.84,11.81,12.725,351647002.0
2022-07-15,TQQQ,13.135,13.425,12.905,13.395,308760358.0
2022-07-18,TQQQ,13.805,14.0,12.91,13.085,319900446.0
2022-07-19,TQQQ,13.575,14.31,13.34535,14.23,298643390.0
2022-07-20,TQQQ,14.33,15.125,14.22,14.945,377126124.0
2022-07-21,TQQQ,15.005,15.5875,14.61,15.58,319381744.0
2022-07-22,TQQQ,15.44,15.765,14.475,14.765,298800842.0
2022-07-25,TQQQ,14.765,14.835,14.205,14.545,220897550.0
2022-07-26,TQQQ,14.245,14.285,13.525,13.665,231755580.0
2022-07-27,TQQQ,14.3,15.625,14.215,15.37,341918904.0
2022-07-28,TQQQ,15.3375,15.91,14.76,15.81,324071892.0
2022-07-29,TQQQ,16.065,16.825,15.8351,16.68,292146316.0
2022-08-01,TQQQ,16.39,17.21,16.21995,16.655,285282948.0
2022-08-02,TQQQ,16.27,17.17495,16.105,16.5,325375068.0
2022-08-03,TQQQ,16.775,17.975,16.655,17.82,294213704.0
2022-08-04,TQQQ,17.845,18.1325,17.48,18.075,253567182.0
2022-08-05,TQQQ,17.215,17.99,17.075,17.645,283898628.0
2022-08-08,TQQQ,17.8,18.415,17.2175,17.465,268760842.0
2022-08-09,TQQQ,17.14,17.185,16.595,16.865,218406014.0
2022-08-10,TQQQ,18.0675,18.32,17.655,18.25,271554472.0
2022-08-11,TQQQ,18.665,19.01,17.835,17.975,273361026.0
2022-08-12,TQQQ,18.3,19.025,18.1175,18.99,211186978.0
2022-08-15,TQQQ,18.825,19.54,18.82,19.445,196308430.0
2022-08-16,TQQQ,19.28,19.69,18.765,19.32,220755794.0
2022-08-17,TQQQ,18.755,19.1639,18.275,18.65,262838344.0
2022-08-18,TQQQ,18.63,18.98,18.345,18.775,192140854.0
2022-08-19,TQQQ,18.24,18.3501,17.5325,17.675,224256664.0
2022-08-22,TQQQ,16.945,16.985,16.13,16.285,224975422.0
2022-08-23,TQQQ,16.2155,16.675,16.1,16.23,219509794.0
2022-08-24,TQQQ,16.15,16.65,16.0525,16.355,187005598.0
2022-08-25,TQQQ,16.64,17.22,16.47,17.215,222052516.0
2022-08-26,TQQQ,17.1725,17.37,15.1,15.12,366276628.0
2022-08-29,TQQQ,14.675,15.06,14.4794,14.655,248441014.0
2022-08-30,TQQQ,14.895,14.975,13.78,14.165,327014788.0
2022-08-31,TQQQ,14.5775,14.7,13.88645,13.905,341030516.0
2022-09-01,TQQQ,13.54,13.965,13.01,13.92,397320464.0
2022-09-02,TQQQ,14.32,14.52,13.085,13.34,454462914.0
2022-09-06,TQQQ,13.38,13.50995,12.73,13.035,361083376.0
2022-09-07,TQQQ,13.09,13.95,13.055,13.805,331569564.0
2022-09-08,TQQQ,13.515,14.2075,13.32,14.03,410799822.0
2022-09-09,TQQQ,14.34,15.01,14.33,14.92,298735806.0
2022-09-12,TQQQ,15.15,15.515,15.095,15.465,273141124.0
2022-09-13,TQQQ,14.12,14.305,12.78,12.92,391296656.0
2022-09-14,TQQQ,13.0625,13.335,12.82,13.21,309291830.0
2022-09-15,TQQQ,12.94,13.275,12.325,12.545,393730512.0
2022-09-16,TQQQ,12.105,12.365,11.835,12.3,392143502.0
2022-09-19,TQQQ,11.97,12.615,11.96,12.595,302692562.0
2022-09-20,TQQQ,12.265,12.595,11.99,12.295,322118662.0
2022-09-21,TQQQ,12.405,12.96,11.615,11.62,591115140.0
2022-09-22,TQQQ,11.425,11.555,11.035,11.19,431083954.0
2022-09-23,TQQQ,10.8975,10.93,10.225,10.655,561303944.0
2022-09-26,TQQQ,10.58,11.105,10.415,10.51,490607778.0
2022-09-27,TQQQ,10.9075,11.175,10.25,10.52,543921210.0
2022-09-28,TQQQ,10.515,11.295,10.34,11.135,512038908.0
2022-09-29,TQQQ,10.6525,10.695,9.81,10.195,540195690.0
2022-09-30,TQQQ,10.0775,10.545,9.64,9.66,513197612.0
2022-10-03,TQQQ,9.8525,10.505,9.68,10.33,447222570.0
2022-10-04,TQQQ,10.9475,11.3825,10.945,11.29,463323684.0
2022-10-05,TQQQ,10.8325,11.5,10.505,11.29,458398926.0
2022-10-06,TQQQ,11.15,11.53,10.96,11.005,475087182.0
2022-10-07,TQQQ,10.44,10.455,9.58,9.75,501945276.0
2022-10-10,TQQQ,9.7575,9.805,9.15,9.445,412999602.0
2022-10-11,TQQQ,9.26,9.57,8.87,9.07,529746980.0
2022-10-12,TQQQ,9.115,9.32,8.965,9.05,401483746.0
2022-10-13,TQQQ,8.2575,9.81,8.16,9.655,829507210.0
2022-10-14,TQQQ,9.925,9.99,8.73,8.785,670132612.0
2022-10-17,TQQQ,9.4025,9.75,9.4,9.65,460050806.0
2022-10-18,TQQQ,10.4325,10.5,9.585,9.89,692553898.0
2022-10-19,TQQQ,9.705,10.12,9.505,9.77,519702186.0
2022-10-20,TQQQ,9.665,10.23335,9.48,9.605,529702958.0
2022-10-21,TQQQ,9.49,10.345,9.3625,10.285,627458040.0
2022-10-24,TQQQ,10.315,10.735,9.9,10.635,549243976.0
2022-10-25,TQQQ,10.7375,11.32,10.735,11.275,476799604.0
2022-10-26,TQQQ,10.59,11.25,10.465,10.53,565039524.0
2022-10-27,TQQQ,10.395,10.56,9.885,9.95,513258824.0
2022-10-28,TQQQ,9.875,10.905,9.855,10.85,510777262.0
2022-10-31,TQQQ,10.5875,10.6825,10.245,10.475,419122264.0
2022-11-01,TQQQ,10.87,10.93495,10.105,10.15,430464882.0
2022-11-02,TQQQ,10.14,10.49,9.0905,9.1,662952528.0
2022-11-03,TQQQ,8.8225,8.975,8.52,8.575,424463524.0
2022-11-04,TQQQ,9.065,9.175,8.425,8.975,764740336.0
2022-11-07,TQQQ,9.08,9.32,8.855,9.26,401886822.0
2022-11-08,TQQQ,9.425,9.81,9.045,9.46,592112620.0
2022-11-09,TQQQ,9.265,9.35,8.765,8.8,431138240.0
2022-11-10,TQQQ,10.075,10.77,9.85,10.725,656884716.0
2022-11-11,TQQQ,10.715,11.415,10.56,11.335,614268410.0
2022-11-14,TQQQ,11.085,11.48,10.91,11.035,428451868.0
2022-11-15,TQQQ,11.8225,11.975,11.09,11.48,636531350.0
2022-11-16,TQQQ,11.25,11.29,10.91,11.015,383358702.0
2022-11-17,TQQQ,10.475,11.10485,10.455,10.93,426924314.0
2022-11-18,TQQQ,11.28,11.29,10.64,10.92,389577040.0
2022-11-21,TQQQ,10.76,10.9,10.485,10.59,288222504.0
2022-11-22,TQQQ,10.665,11.05,10.415,11.035,292477256.0
2022-11-23,TQQQ,11.025,11.435,11.005,11.365,357566970.0
2022-11-25,TQQQ,11.17,11.25,11.075,11.13,134752990.0
2022-11-28,TQQQ,10.9,11.135,10.53,10.64,264285336.0
2022-11-29,TQQQ,10.66,10.71,10.235,10.385,275805454.0
2022-11-30,TQQQ,10.425,11.825,10.325,11.78,545469828.0
2022-12-01,TQQQ,11.85,12.085,11.505,11.845,411007244.0
2022-12-02,TQQQ,11.2225,11.815,11.195,11.705,363310042.0
2022-12-05,TQQQ,11.44,11.6,10.93,11.115,301979930.0
2022-12-06,TQQQ,11.09,11.105,10.25,10.41,339800982.0
2022-12-07,TQQQ,10.28,10.515,10.09,10.285,347335790.0
2022-12-08,TQQQ,10.435,10.75,10.195,10.65,377840190.0
2022-12-09,TQQQ,10.525,10.845,10.385,10.445,354007872.0
2022-12-12,TQQQ,10.455,10.83,10.335,10.825,225654988.0
2022-12-13,TQQQ,12.0875,12.115,10.86,11.165,695385566.0
2022-12-14,TQQQ,11.105,11.495,10.54,10.9,578910928.0
2022-12-15,TQQQ,10.43,10.5149,9.675,9.82,428053132.0
2022-12-16,TQQQ,9.74,9.90455,9.355,9.53,351284140.0
2022-12-19,TQQQ,9.55,9.56495,8.99,9.135,310532992.0
2022-12-20,TQQQ,9.0,9.28,8.835,9.095,345762468.0
2022-12-21,TQQQ,9.205,9.625,9.11505,9.49,326374520.0
2022-12-22,TQQQ,9.115,9.1225,8.29,8.77,460900466.0
2022-12-23,TQQQ,8.605,8.86,8.415,8.795,330134672.0
2022-12-27,TQQQ,8.73,8.74,8.36,8.42,263200668.0
2022-12-28,TQQQ,8.375,8.59775,8.05,8.08,364869186.0
2022-12-29,TQQQ,8.335,8.75,8.26505,8.65,306109730.0
2022-12-30,TQQQ,8.38,8.65,8.25,8.65,301941126.0
2023-01-03,TQQQ,8.87,9.01975,8.235,8.455,359851714.0
2023-01-04,TQQQ,8.6625,8.745,8.27,8.585,435272842.0
2023-01-05,TQQQ,8.405,8.425,8.14,8.18,362504022.0
2023-01-06,TQQQ,8.325,8.95,8.05,8.82,466895272.0
2023-01-09,TQQQ,9.04,9.48,8.94505,9.005,372042878.0
2023-01-10,TQQQ,8.9075,9.245,8.85,9.245,328722920.0
2023-01-11,TQQQ,9.3425,9.7175,9.26,9.705,302549918.0
2023-01-12,TQQQ,9.7575,9.96,9.295,9.855,561852514.0
2023-01-13,TQQQ,9.585,10.085,9.55,10.05,319566066.0
2023-01-17,TQQQ,10.03,10.255,9.905,10.105,279515862.0
2023-01-18,TQQQ,10.2875,10.4525,9.695,9.73,373300130.0
2023-01-19,TQQQ,9.535,9.655,9.29,9.425,332741460.0
2023-01-20,TQQQ,9.5875,10.225,9.48005,10.195,322650442.0
2023-01-23,TQQQ,10.275,11.0,10.19,10.865,388084142.0
2023-01-24,TQQQ,10.68,10.93355,10.62,10.8,290012902.0
2023-01-25,TQQQ,10.28,10.795,9.99,10.72,436167102.0
2023-01-26,TQQQ,11.11,11.35995,10.8,11.34,406837780.0
2023-01-27,TQQQ,11.18,11.91,11.165,11.665,376822240.0
2023-01-30,TQQQ,11.275,11.45,10.925,10.965,347815964.0
2023-01-31,TQQQ,10.97,11.46,10.95,11.455,316513852.0
2023-02-01,TQQQ,11.43,12.475,11.18,12.195,543277648.0
2023-02-02,TQQQ,12.9775,13.725,12.875,13.455,535770182.0
2023-02-03,TQQQ,12.605,13.57,12.555,12.76,534808434.0
2023-02-06,TQQQ,12.4225,12.725,12.26,12.435,323632412.0
2023-02-07,TQQQ,12.415,13.345,12.2706,13.205,519789288.0
2023-02-08,TQQQ,13.025,13.15,12.405,12.495,362514386.0
2023-02-09,TQQQ,13.025,13.045,11.965,12.16,395196822.0
2023-02-10,TQQQ,11.88,12.13,11.61,11.91,367863344.0
2023-02-13,TQQQ,12.07,12.55,11.925,12.475,279739704.0
2023-02-14,TQQQ,12.2675,12.87,12.025,12.745,511474390.0
2023-02-15,TQQQ,12.51,13.05,12.425,13.03,277305228.0
2023-02-16,TQQQ,12.415,12.935,12.265,12.285,388992980.0
2023-02-17,TQQQ,12.015,12.115,11.65,12.02,389804836.0
2023-02-21,TQQQ,11.55,11.725,11.145,11.175,300937500.0
2023-02-22,TQQQ,11.225,11.425,10.99,11.185,334677488.0
2023-02-23,TQQQ,11.5925,11.615,10.975,11.465,359539916.0
2023-02-24,TQQQ,10.875,11.015,10.675,10.885,345563608.0
2023-02-27,TQQQ,11.24,11.4,11.05,11.12,277508732.0
2023-02-28,TQQQ,11.04,11.36,11.0,11.065,254631544.0
2023-03-01,TQQQ,11.03,11.105,10.685,10.795,308773764.0
2023-03-02,TQQQ,10.505,11.15,10.475,11.055,318983902.0
2023-03-03,TQQQ,11.25,11.765,11.19235,11.73,303353206.0
2023-03-06,TQQQ,11.88,12.24,11.75,11.78,303699756.0
2023-03-07,TQQQ,11.7775,11.89,11.26065,11.34,352662960.0
2023-03-08,TQQQ,11.375,11.57,11.165,11.495,290985662.0
2023-03-09,TQQQ,11.555,11.855,10.795,10.89,393667328.0
2023-03-10,TQQQ,10.91,11.08,10.31,10.44,629715258.0
2023-03-13,TQQQ,10.235,11.075,10.065,10.665,659081492.0
2023-03-14,TQQQ,11.06,11.455,10.96,11.39,434325848.0
2023-03-15,TQQQ,11.085,11.61,10.915,11.555,549118898.0
2023-03-16,TQQQ,11.44,12.515,11.36,12.47,458032812.0
2023-03-17,TQQQ,12.465,12.755,12.05,12.285,403540566.0
2023-03-20,TQQQ,12.215,12.45785,11.945,12.415,328355924.0
2023-03-21,TQQQ,12.655,13.0,12.465,12.94,270290280.0
2023-03-22,TQQQ,12.855,13.48,12.32495,12.34,475836174.0
2023-03-23,TQQQ,12.7975,13.30495,12.44,12.78,392994302.0
2023-03-24,TQQQ,12.72,12.92,12.42,12.91,339589400.0
2023-03-27,TQQQ,12.9925,13.13,12.53,12.645,273591130.0
2023-03-28,TQQQ,12.5675,12.57,12.145,12.435,236041472.0
2023-03-29,TQQQ,12.88,13.185,12.785,13.115,238730538.0
2023-03-30,TQQQ,13.41,13.545,13.245,13.47,260299932.0
2023-03-31,TQQQ,13.5,14.16,13.455,14.13,254044148.0
2023-04-03,TQQQ,13.84,14.06,13.665,14.03,250232656.0
2023-04-04,TQQQ,14.08,14.215,13.71,13.89,232180790.0
2023-04-05,TQQQ,13.735,13.76,13.205,13.445,258274080.0
2023-04-06,TQQQ,13.23,13.78,13.055,13.715,241920604.0
2023-04-10,TQQQ,13.32,13.69,13.085,13.685,237057598.0
2023-04-11,TQQQ,13.68,13.685,13.35,13.42,208521612.0
2023-04-12,TQQQ,13.67,13.745,13.0,13.065,348038638.0
2023-04-13,TQQQ,13.265,13.87,13.245,13.815,247523084.0
2023-04-14,TQQQ,13.6025,13.965,13.3475,13.735,285332176.0
2023-04-17,TQQQ,13.675,13.80995,13.405,13.75,228617812.0
2023-04-18,TQQQ,14.035,14.09,13.6,13.76,212829880.0
2023-04-19,TQQQ,13.435,13.87,13.42,13.73,191850696.0
2023-04-20,TQQQ,13.335,13.79,13.235,13.41,273695148.0
2023-04-21,TQQQ,13.35,13.545,13.125,13.435,228888092.0
2023-04-24,TQQQ,13.405,13.585,13.07,13.355,215290774.0
2023-04-25,TQQQ,13.14,13.225,12.585,12.6,276576088.0
2023-04-26,TQQQ,13.01,13.195,12.755,12.81,249724606.0
2023-04-27,TQQQ,13.28,13.915,13.195,13.845,255631270.0
2023-04-28,TQQQ,13.82,14.14,13.665,14.125,261072124.0
2023-05-01,TQQQ,14.07,14.265,13.935,14.085,178002524.0
2023-05-02,TQQQ,14.07,14.11,13.48,13.71,249312058.0
2023-05-03,TQQQ,13.75,14.1,13.415,13.44,340267548.0
2023-05-04,TQQQ,13.39,13.54,13.142,13.29,242621686.0
2023-05-05,TQQQ,13.56,14.23,13.51685,14.105,195603266.0
2023-05-08,TQQQ,14.05,14.27,13.91,14.22,151476934.0
2023-05-09,TQQQ,13.9925,14.11,13.9025,13.945,129681472.0
2023-05-10,TQQQ,14.26,14.51,13.935,14.395,303101924.0
2023-05-11,TQQQ,14.4525,14.59495,14.245,14.515,194682906.0
2023-05-12,TQQQ,14.59,14.65,14.085,14.365,210763420.0
2023-05-15,TQQQ,14.425,14.625,14.215,14.585,172935262.0
2023-05-16,TQQQ,14.49,14.87,14.48,14.64,159326922.0
2023-05-17,TQQQ,14.775,15.24,14.615,15.165,202209266.0
2023-05-18,TQQQ,15.2,16.02,15.1975,15.98,271867636.0
2023-05-19,TQQQ,16.015,16.12,15.725,15.87,198058406.0
2023-05-22,TQQQ,15.84,16.18,15.835,16.035,166624716.0
2023-05-23,TQQQ,15.78,15.9475,15.365,15.415,212629932.0
2023-05-24,TQQQ,15.135,15.35,14.885,15.165,235945070.0
2023-05-25,TQQQ,16.18,16.435,15.84,16.26,261747008.0
2023-05-26,TQQQ,16.405,17.625,16.395,17.49,252784486.0
2023-05-30,TQQQ,18.155,18.335,17.52,17.735,270612750.0
2023-05-31,TQQQ,17.485,17.7925,17.2,17.375,210288932.0
2023-06-01,TQQQ,17.37,18.215,17.205,18.005,216759196.0
2023-06-02,TQQQ,18.28,18.595,18.005,18.41,216505550.0
2023-06-05,TQQQ,18.38,18.85,18.28,18.45,206261866.0
2023-06-06,TQQQ,18.345,18.58,18.13,18.43,159509032.0
2023-06-07,TQQQ,18.47,18.78,17.385,17.49,228485440.0
2023-06-08,TQQQ,17.51,18.19,17.475,18.09,188153886.0
2023-06-09,TQQQ,18.34,18.8075,18.0975,18.31,207944024.0
2023-06-12,TQQQ,18.575,19.255,18.42005,19.245,155955782.0
2023-06-13,TQQQ,19.685,19.815,19.16,19.675,266534284.0
2023-06-14,TQQQ,19.675,20.15,19.21025,20.095,305312964.0
2023-06-15,TQQQ,19.87,21.045,19.755,20.8,255873994.0
2023-06-16,TQQQ,21.205,21.22,20.325,20.4,224810412.0
2023-06-20,TQQQ,20.145,20.54,19.8,20.3,168249778.0
2023-06-21,TQQQ,20.04,20.11,19.25,19.425,199266648.0
2023-06-22,TQQQ,19.185,20.095,19.1196,20.07,210199266.0
2023-06-23,TQQQ,19.415,19.855,19.19,19.475,225152434.0
2023-06-26,TQQQ,19.38,19.835,18.67,18.705,216900060.0
2023-06-27,TQQQ,18.9225,19.75,18.8,19.63,195354036.0
2023-06-28,TQQQ,19.335,20.07,19.31625,19.75,217352534.0
2023-06-29,TQQQ,19.68,19.78,19.335,19.615,198266452.0
2023-06-30,TQQQ,20.2,20.675,20.145,20.5,184308772.0
2023-07-03,TQQQ,20.6,20.745,20.42,20.64,79868056.0
2023-07-05,TQQQ,20.36,20.92,20.355,20.625,139007350.0
2023-07-06,TQQQ,19.985,20.21,19.645,20.14,170473334.0
2023-07-07,TQQQ,20.095,20.6275,19.89,19.935,168624848.0
2023-07-10,TQQQ,19.88,20.05495,19.465,19.95,172013624.0
2023-07-11,TQQQ,20.01,20.3075,19.65,20.235,162478684.0
2023-07-12,TQQQ,20.915,21.22,20.57505,20.985,230335324.0
2023-07-13,TQQQ,21.51,22.18,21.415,22.03,164773248.0
2023-07-14,TQQQ,22.11,22.68,21.86005,22.01,186056328.0
2023-07-17,TQQQ,22.14,22.78275,22.055,22.62,145525266.0
2023-07-18,TQQQ,22.5075,23.42045,22.155,23.16,196633660.0
2023-07-19,TQQQ,23.365,23.57,22.91,23.16,200573860.0
2023-07-20,TQQQ,22.58,22.85,21.345,21.535,233862824.0
2023-07-21,TQQQ,21.94,22.09,21.255,21.345,205108650.0
2023-07-24,TQQQ,21.49,21.655,21.1016,21.43,126429224.0
2023-07-25,TQQQ,21.54,22.14,21.54,21.86,138199126.0
2023-07-26,TQQQ,21.66,21.925,21.22,21.635,205764514.0
2023-07-27,TQQQ,22.555,22.845,21.225,21.45,261103192.0
2023-07-28,TQQQ,22.15,22.795,22.065,22.61,204487676.0
2023-07-31,TQQQ,22.665,22.855,22.41,22.655,159009172.0
2023-08-01,TQQQ,22.395,22.615,22.10535,22.48,154491254.0
2023-08-02,TQQQ,21.845,21.8475,20.765,21.01,258044052.0
2023-08-03,TQQQ,20.555,21.23,20.525,20.86,202697852.0
2023-08-04,TQQQ,21.195,21.585,20.485,20.57,247452846.0
2023-08-07,TQQQ,20.865,21.1,20.47,21.08,149792118.0
2023-08-08,TQQQ,20.645,20.645,20.0,20.54,188780006.0
2023-08-09,TQQQ,20.5775,20.605,19.725,19.855,199430532.0
2023-08-10,TQQQ,20.33,20.875,19.6864,19.945,260554102.0
2023-08-11,TQQQ,19.515,19.8375,19.3,19.545,201573762.0
2023-08-14,TQQQ,19.415,20.22,19.3,20.195,142553580.0
2023-08-15,TQQQ,20.035,20.1695,19.44,19.575,162553528.0
2023-08-16,TQQQ,19.46,19.7077,18.91,18.925,190221950.0
2023-08-17,TQQQ,19.125,19.18,18.215,18.285,210232756.0
2023-08-18,TQQQ,17.765,18.4047,17.685,18.2,247001960.0
2023-08-21,TQQQ,18.435,19.19,18.355,19.08,191487124.0
2023-08-22,TQQQ,19.485,19.49,18.885,18.995,180786068.0
2023-08-23,TQQQ,19.175,20.06,19.14,19.89,175454018.0
2023-08-24,TQQQ,20.44,20.4525,18.55,18.58,232397200.0
2023-08-25,TQQQ,18.715,19.28,18.175,19.02,278289382.0
2023-08-28,TQQQ,19.475,19.58495,19.04005,19.445,182641030.0
2023-08-29,TQQQ,19.4,20.76,19.3454,20.685,187495662.0
2023-08-30,TQQQ,20.715,21.14,20.54,21.03,185958264.0
2023-08-31,TQQQ,21.02,21.49,21.01,21.22,162242894.0
2023-09-01,TQQQ,21.605,21.68,20.875,21.145,165058386.0
2023-09-05,TQQQ,20.985,21.41,20.83,21.2,123778678.0
2023-09-06,TQQQ,21.07,21.12,20.29,20.64,148058192.0
2023-09-07,TQQQ,19.87,20.3,19.69,20.19,168622998.0
2023-09-08,TQQQ,20.155,20.62,20.085,20.25,149765496.0
2023-09-11,TQQQ,20.745,21.045,20.42005,20.94,141712808.0
2023-09-12,TQQQ,20.67,20.90475,20.2,20.27,155524118.0
2023-09-13,TQQQ,20.29,20.74255,20.095,20.47,170849370.0
2023-09-14,TQQQ,20.75,21.12,20.4,20.95,152379756.0
2023-09-15,TQQQ,20.725,20.7939,19.715,19.875,179839658.0
2023-09-18,TQQQ,19.715,20.11,19.665,19.92,124798204.0
2023-09-19,TQQQ,19.705,19.9125,19.3,19.8,148741472.0
2023-09-20,TQQQ,19.885,19.94995,18.85,18.875,196038464.0
2023-09-21,TQQQ,18.275,18.39,17.785,17.8,216821130.0
2023-09-22,TQQQ,18.065,18.39,17.7603,17.8125,188181264.0
2023-09-25,TQQQ,17.655,18.07,17.505,18.05,162538410.0
2023-09-26,TQQQ,17.655,17.74,17.085,17.245,210679486.0
2023-09-27,TQQQ,17.4045,17.63495,16.815,17.35,256871594.0
2023-09-28,TQQQ,17.195,18.08495,17.0655,17.77,268145786.0
2023-09-29,TQQQ,18.29,18.5,17.615,17.81,286858110.0
2023-10-02,TQQQ,17.835,18.45,17.74,18.235,236463234.0
2023-10-03,TQQQ,17.855,18.195,17.02,17.27,266539052.0
2023-10-04,TQQQ,17.39,18.095,17.32,17.97,252759256.0
2023-10-05,TQQQ,17.945,18.0,17.25,17.78,218006152.0
2023-10-06,TQQQ,17.325,18.845,17.205,18.675,294897430.0
2023-10-09,TQQQ,18.305,19.045,18.07,18.95,210966064.0
2023-10-10,TQQQ,19.0025,19.68495,18.925,19.26,216109502.0
2023-10-11,TQQQ,19.47,19.70595,19.2,19.67,191710850.0
2023-10-12,TQQQ,19.735,20.025,19.06,19.44,236509226.0
2023-10-13,TQQQ,19.545,19.63975,18.48705,18.705,260187530.0
2023-10-16,TQQQ,18.91,19.5,18.885,19.335,173152154.0
2023-10-17,TQQQ,18.76,19.41,18.425,19.15,210386922.0
2023-10-18,TQQQ,18.735,19.08995,18.1654,18.34,263165196.0
2023-10-19,TQQQ,18.575,18.755,17.72005,17.85,370050336.0
2023-10-20,TQQQ,17.76,17.85,17.01,17.045,277722790.0
2023-10-23,TQQQ,16.8375,17.705,16.53,17.195,263599006.0
2023-10-24,TQQQ,17.45,17.795,17.2,17.68,245074508.0
2023-10-25,TQQQ,17.315,17.34,16.29,16.385,328363228.0
2023-10-26,TQQQ,16.19,16.31995,15.235,15.43,374047390.0
2023-10-27,TQQQ,15.7875,16.115,15.475,15.65,294702164.0
2023-10-30,TQQQ,15.975,16.345,15.7875,16.155,264305602.0
2023-10-31,TQQQ,16.16,16.4425,15.7996,16.39,222923662.0
2023-11-01,TQQQ,16.5,17.315,16.485,17.235,332635612.0
2023-11-02,TQQQ,17.88,18.19,17.7,18.15,234134094.0
2023-11-03,TQQQ,18.35,18.99,18.315,18.79,228661228.0
2023-11-06,TQQQ,18.905,19.105,18.66,19.005,183599660.0
2023-11-07,TQQQ,19.175,19.685,18.985,19.54,204502238.0
2023-11-08,TQQQ,19.6,19.715,19.215,19.575,187960104.0
2023-11-09,TQQQ,19.67,19.855,19.0302,19.11,258365216.0
2023-11-10,TQQQ,19.375,20.415,19.29,20.385,249581706.0
2023-11-13,TQQQ,20.125,20.36495,19.875,20.2,180430420.0
2023-11-14,TQQQ,21.235,21.64,21.145,21.47,233552424.0
2023-11-15,TQQQ,21.81,21.89,21.3,21.53,218432502.0
2023-11-16,TQQQ,21.38,21.605,21.16525,21.565,178044936.0
2023-11-17,TQQQ,21.44,21.75,21.2825,21.58,157868866.0
2023-11-20,TQQQ,21.575,22.475,21.57,22.35,166582534.0
2023-11-21,TQQQ,22.045,22.08,21.6458,21.945,148275274.0
2023-11-22,TQQQ,22.285,22.71,22.027,22.2,171858350.0
2023-11-24,TQQQ,22.125,22.225,21.925,22.09,63975418.0
2023-11-27,TQQQ,22.0025,22.37,21.8825,22.025,121856400.0
2023-11-28,TQQQ,21.9,22.3,21.835,22.2,158349060.0
2023-11-29,TQQQ,22.62,22.865,22.065,22.12,177523126.0
2023-11-30,TQQQ,22.15,22.2275,21.42085,21.935,186394502.0
2023-12-01,TQQQ,21.745,22.2206,21.462,22.12,172937578.0
2023-12-04,TQQQ,21.455,21.53725,20.865,21.49,181143608.0
2023-12-05,TQQQ,21.155,21.85,21.1305,21.645,167540434.0
2023-12-06,TQQQ,22.14,22.16,21.205,21.26,163000546.0
2023-12-07,TQQQ,21.74,22.27,21.555,22.15,162755452.0
2023-12-08,TQQQ,21.825,22.5,21.7925,22.415,181788900.0
2023-12-11,TQQQ,22.335,23.04,22.3,22.985,151540034.0
2023-12-12,TQQQ,22.99,23.55,22.785,23.54,142899482.0
2023-12-13,TQQQ,23.69,24.5347,23.55,24.37,230081326.0
2023-12-14,TQQQ,24.625,24.865,23.77505,24.33,202697724.0
2023-12-15,TQQQ,24.47,24.895,24.35,24.62,156730978.0
2023-12-18,TQQQ,24.745,25.3,24.68335,25.135,116435970.0
2023-12-19,TQQQ,25.21,25.53,25.1775,25.51,120349594.0
2023-12-20,TQQQ,25.24,25.635,24.23,24.27,176165020.0
2023-12-21,TQQQ,24.945,25.135,24.47,25.0725,149089422.0
2023-12-22,TQQQ,25.3,25.47,24.82,25.175,132420072.0
2023-12-26,TQQQ,25.32,25.755,25.31,25.635,87371218.0
2023-12-27,TQQQ,25.675,25.83,25.51,25.77,111495576.0
2023-12-28,TQQQ,25.96,26.005,25.635,25.705,85768226.0
2023-12-29,TQQQ,25.69,25.7618,25.0,25.35,134245376.0
2024-01-02,TQQQ,24.675,24.715,23.6325,24.065,176270660.0
2024-01-03,TQQQ,23.585,23.77,23.21505,23.295,167812246.0
2024-01-04,TQQQ,22.935,23.485,22.865,22.905,143735416.0
2024-01-05,TQQQ,22.93,23.46,22.735,22.99,170481518.0
2024-01-08,TQQQ,23.195,24.45,23.165,24.375,135374148.0
2024-01-09,TQQQ,23.83,24.705,23.805,24.535,148431534.0
2024-01-10,TQQQ,24.585,25.205,24.42005,25.02,147621022.0
2024-01-11,TQQQ,25.225,25.485,24.2,25.14,190228316.0
2024-01-12,TQQQ,25.335,25.49,24.92,25.17,128214080.0
2024-01-16,TQQQ,24.94,25.455,24.665,25.155,145874028.0
2024-01-17,TQQQ,24.535,24.795,23.935,24.72,166554576.0
2024-01-18,TQQQ,25.295,25.86,25.055,25.78,182140852.0
2024-01-19,TQQQ,26.16,27.31,26.05,27.27,186359474.0
2024-01-22,TQQQ,27.705,27.96,27.25505,27.38,149656512.0
2024-01-23,TQQQ,27.505,27.74,27.14,27.705,112172002.0
2024-01-24,TQQQ,28.475,28.95,28.0575,28.16,179718578.0
2024-01-25,TQQQ,28.63,28.765,27.76,28.24,151395204.0
2024-01-26,TQQQ,27.84,28.195,27.59,27.72,128382580.0
2024-01-29,TQQQ,27.805,28.6,27.67,28.535,115977180.0
2024-01-30,TQQQ,28.345,28.4575,27.8,27.965,119554438.0
2024-01-31,TQQQ,27.095,27.492,26.29,26.32,203451596.0
2024-02-01,TQQQ,26.645,27.32,26.455,27.25,162261462.0
2024-02-02,TQQQ,27.59,28.84,27.395,28.62,198504962.0
2024-02-05,TQQQ,28.595,28.71,27.785,28.475,139947760.0
2024-02-06,TQQQ,28.69,28.82,27.82,28.31,140124224.0
2024-02-07,TQQQ,28.845,29.33,28.585,29.155,131823434.0
2024-02-08,TQQQ,29.155,29.445,29.01,29.275,98922134.0
2024-02-09,TQQQ,29.515,30.305,29.356,30.135,110222006.0
2024-02-12,TQQQ,30.105,30.57,29.6375,29.78,116254988.0
2024-02-13,TQQQ,28.12,28.935,27.7175,28.37,188932910.0
2024-02-14,TQQQ,28.9,29.375,28.43005,29.27,156151430.0
2024-02-15,TQQQ,29.405,29.6051,28.865,29.515,130057178.0
2024-02-16,TQQQ,29.58,29.605,28.555,28.705,151932942.0
2024-02-20,TQQQ,28.29,28.59,27.275,28.04,163321094.0
2024-02-21,TQQQ,27.485,27.71,26.91,27.69,154586302.0
2024-02-22,TQQQ,29.39,30.2975,29.24505,30.085,179279230.0
2024-02-23,TQQQ,30.415,30.61,29.61,29.81,140390800.0
2024-02-26,TQQQ,29.97,30.185,29.715,29.77,109875358.0
2024-02-27,TQQQ,29.98,30.045,29.435,29.955,109399736.0
2024-02-28,TQQQ,29.515,29.7625,29.27505,29.47,123503396.0
2024-02-29,TQQQ,30.04,30.425,29.39,30.18,136959760.0
2024-03-01,TQQQ,30.375,31.755,30.365,31.565,140959680.0
2024-03-04,TQQQ,31.545,31.64,31.1525,31.19,120418562.0
2024-03-05,TQQQ,30.55,30.55,29.01,29.52,193206906.0
2024-03-06,TQQQ,30.37,30.713,29.675,30.065,181677328.0
2024-03-07,TQQQ,30.775,31.6575,30.457,31.405,142370894.0
2024-03-08,TQQQ,31.46,32.065,29.885,30.03,296451260.0
2024-03-11,TQQQ,29.705,29.94,29.28,29.68,146769956.0
2024-03-12,TQQQ,30.145,31.02,29.48,30.94,170559944.0
2024-03-13,TQQQ,30.72,30.7275,29.98435,30.22,143779740.0
2024-03-14,TQQQ,30.435,30.55,29.395,29.975,162480358.0
2024-03-15,TQQQ,29.345,29.46085,28.6425,28.88,140883816.0
2024-03-18,TQQQ,29.94,30.4,29.645,29.695,129193746.0
2024-03-19,TQQQ,29.27,29.99,28.8401,29.9,118809994.0
2024-03-20,TQQQ,30.035,30.915,29.68,30.85,156555918.0
2024-03-21,TQQQ,31.875,31.975,31.21,31.25,126541872.0
2024-03-22,TQQQ,31.135,31.585,30.9524,31.315,91574794.0
2024-03-25,TQQQ,30.74,31.315,30.53,30.995,86669328.0
2024-03-26,TQQQ,31.305,31.505,30.64,30.705,93985988.0
2024-03-27,TQQQ,31.285,31.315,30.355,30.975,111388644.0
2024-03-28,TQQQ,30.945,31.115,30.7,30.78,87023300.0
2024-04-01,TQQQ,30.96,31.495,30.56,30.97,112290506.0
2024-04-02,TQQQ,29.935,30.21,29.5005,30.14,109672728.0
2024-04-03,TQQQ,29.7,30.72995,29.69,30.34,111683784.0
2024-04-04,TQQQ,31.175,31.30495,28.87005,28.91,167520380.0
2024-04-05,TQQQ,29.2,30.46435,29.0275,29.93,154897264.0
2024-04-08,TQQQ,30.105,30.32995,29.656,29.95,89725420.0
2024-04-09,TQQQ,30.405,30.4675,29.2875,30.26,120311874.0
2024-04-10,TQQQ,29.18,29.6375,29.03,29.465,202080508.0
2024-04-11,TQQQ,29.805,31.03,29.3418,30.85,146931174.0
2024-04-12,TQQQ,29.94,30.175,29.06,29.36,172589806.0
2024-04-15,TQQQ,30.1,30.115,27.72,27.885,203656184.0
2024-04-16,TQQQ,27.845,28.405,27.62,27.89,163766110.0
2024-04-17,TQQQ,28.27,28.275,26.675,26.855,171026352.0
2024-04-18,TQQQ,26.945,27.28,26.255,26.375,172781536.0
2024-04-19,TQQQ,26.14,26.235,24.425,24.74,250807644.0
2024-04-22,TQQQ,25.19,25.88495,24.585,25.46,142604748.0
2024-04-23,TQQQ,25.81,26.8075,25.745,26.595,151835052.0
2024-04-24,TQQQ,27.16,27.455,26.4159,26.855,144316784.0
2024-04-25,TQQQ,25.45,26.595,25.24,26.425,172827294.0
2024-04-26,TQQQ,27.015,27.935,26.885,27.64,135994636.0
2024-04-29,TQQQ,28.04,28.16505,27.4375,27.97,102354954.0
2024-04-30,TQQQ,27.65,27.92495,26.36575,26.3675,125248572.0
2024-05-01,TQQQ,26.075,27.4,25.635,25.8,208076852.0
2024-05-02,TQQQ,26.46,26.9225,25.6005,26.755,124829898.0
2024-05-03,TQQQ,28.165,28.555,27.865,28.35,150878038.0
2024-05-06,TQQQ,28.71,29.3,28.5575,29.28,82530740.0
2024-05-07,TQQQ,29.36,29.615,29.1415,29.28,93320382.0
2024-05-08,TQQQ,28.75,29.5075,28.725,29.225,78027196.0
2024-05-09,TQQQ,29.25,29.49965,28.875,29.385,81439246.0
2024-05-10,TQQQ,29.68,30.03495,29.27,29.585,92669698.0
2024-05-13,TQQQ,29.96,29.985,29.4901,29.78,67722006.0
2024-05-14,TQQQ,29.68,30.45,29.64,30.335,92952862.0
2024-05-15,TQQQ,30.845,31.8075,30.53,31.735,130481438.0
2024-05-16,TQQQ,31.68,32.1,31.495,31.54,87715240.0
2024-05-17,TQQQ,31.545,31.6775,31.01,31.47,70099694.0
2024-05-20,TQQQ,31.51,32.265,31.4725,32.12,74539022.0
2024-05-21,TQQQ,31.72,32.335,31.675,32.285,62313930.0
2024-05-22,TQQQ,32.345,32.5,31.71,32.265,80039376.0
2024-05-23,TQQQ,33.25,33.255,31.4007,31.785,130877880.0
2024-05-24,TQQQ,32.125,32.945,31.97,32.675,82558026.0
2024-05-28,TQQQ,32.93,33.05,32.4,33.03,83186310.0
2024-05-29,TQQQ,32.12,32.72,32.1,32.34,79282224.0
2024-05-30,TQQQ,32.125,32.1475,30.995,31.3,85564766.0
2024-05-31,TQQQ,31.3,31.445,29.48,31.265,143746312.0
2024-06-03,TQQQ,31.865,32.07495,30.4809,31.57,111434962.0
2024-06-04,TQQQ,31.5,32.065,31.135,31.805,88491810.0
2024-06-05,TQQQ,32.56,33.74,32.325,33.725,104871438.0
2024-06-06,TQQQ,33.87,33.9375,33.425,33.685,73031104.0
2024-06-07,TQQQ,33.56,34.1625,33.31,33.56,89943346.0
2024-06-10,TQQQ,33.295,34.02995,33.24,33.915,72453664.0
2024-06-11,TQQQ,33.66,34.65935,33.33,34.615,71386734.0
2024-06-12,TQQQ,35.505,36.51,35.36,35.98,124402686.0
2024-06-13,TQQQ,36.785,36.94425,36.035,36.555,87285010.0
2024-06-14,TQQQ,36.475,37.105,36.365,37.085,71554964.0
2024-06-17,TQQQ,37.14,38.86,36.835,38.43,93354592.0
2024-06-18,TQQQ,38.415,38.616,38.03,38.45,66433296.0
2024-06-20,TQQQ,38.73,38.83,37.1105,37.545,105455074.0
2024-06-21,TQQQ,37.45,37.765,36.86095,37.2,77712934.0
2024-06-24,TQQQ,36.91,37.315,35.90005,35.94,93754548.0
2024-06-25,TQQQ,36.395,37.215,36.185,37.14,78608658.0
2024-06-26,TQQQ,36.8,37.35,36.705,37.23,72549544.0
2024-06-27,TQQQ,37.16,37.8494,36.96,37.5,74115476.0
2024-06-28,TQQQ,37.645,38.765,36.72505,36.91,107802952.0
2024-07-01,TQQQ,37.08,37.64495,36.20995,37.515,86557380.0
2024-07-02,TQQQ,37.145,38.69,37.12,38.665,74950286.0
2024-07-03,TQQQ,38.475,39.655,38.475,39.615,56150486.0
2024-07-05,TQQQ,39.785,40.925,39.715,40.815,79624552.0
2024-07-08,TQQQ,40.905,41.2325,40.64,41.085,73365698.0
2024-07-09,TQQQ,41.46,41.745,40.81,41.175,72373088.0
2024-07-10,TQQQ,41.66,42.6,41.3353,42.465,77554856.0
2024-07-11,TQQQ,42.485,42.53,39.35,39.675,149328970.0
2024-07-12,TQQQ,39.755,41.47,39.6475,40.32,101019758.0
2024-07-15,TQQQ,40.735,41.81,40.115,40.62,109900482.0
2024-07-16,TQQQ,40.97,41.175,39.87,40.65,83637592.0
2024-07-17,TQQQ,38.665,38.785,37.045,37.075,142840026.0
2024-07-18,TQQQ,37.905,37.95995,35.775,36.52,131678482.0
2024-07-19,TQQQ,36.4,36.985,35.22,35.53,118249630.0
2024-07-22,TQQQ,36.825,37.315,36.06,37.08,112808568.0
2024-07-23,TQQQ,36.865,37.56355,36.57,36.68,87127098.0
2024-07-24,TQQQ,35.115,35.19005,32.5225,32.725,159575248.0
2024-07-25,TQQQ,32.78,33.67,31.065,31.635,188127994.0
2024-07-26,TQQQ,32.5,33.17,31.89,32.54,137406904.0
2024-07-29,TQQQ,33.135,33.5927,32.26,32.73,115640876.0
2024-07-30,TQQQ,33.14,33.29505,30.67,31.395,143063694.0
2024-07-31,TQQQ,33.49,34.5,33.19,34.14,173408378.0
2024-08-01,TQQQ,34.29,35.11,30.852,31.68,210693136.0
2024-08-02,TQQQ,29.825,30.3575,28.5,29.37,209844008.0
2024-08-05,TQQQ,24.665,28.0925,24.4,26.81,287924450.0
2024-08-06,TQQQ,27.065,28.875,26.57,27.48,192909324.0
2024-08-07,TQQQ,28.785,29.255,26.5,26.595,182751646.0
2024-08-08,TQQQ,27.725,29.175,27.005,29.03,152879254.0
2024-08-09,TQQQ,28.72,29.765,28.5,29.425,125592372.0
2024-08-12,TQQQ,29.615,30.2,29.0573,29.625,108972640.0
2024-08-13,TQQQ,30.48,31.855,30.45,31.78,108962868.0
2024-08-14,TQQQ,31.995,32.3185,30.93495,31.835,124710578.0
2024-08-15,TQQQ,33.065,34.315,32.9938,34.23,106424860.0
2024-08-16,TQQQ,33.81,34.6275,33.595,34.32,89675150.0
2024-08-19,TQQQ,34.34,35.675,33.9425,35.65,91599848.0
2024-08-20,TQQQ,35.45,36.03,35.045,35.43,97858954.0
2024-08-21,TQQQ,35.59,36.33,35.21005,35.915,103000714.0
2024-08-22,TQQQ,36.43,36.58,33.96,34.19,127496478.0
2024-08-23,TQQQ,35.1,35.86,34.25,35.265,128753292.0
2024-08-26,TQQQ,35.135,35.335,33.765,34.23,84981306.0
2024-08-27,TQQQ,33.865,34.75,33.425,34.52,71532590.0
2024-08-28,TQQQ,34.4,34.56,32.578,33.35,118625800.0
2024-08-29,TQQQ,33.725,34.715,32.895,33.175,120033658.0
2024-08-30,TQQQ,34.06,34.435,33.09,34.305,92946774.0
2024-09-03,TQQQ,33.63,33.66,30.646,31.175,147572554.0
2024-09-04,TQQQ,30.52,31.685,30.325,30.91,96798378.0
2024-09-05,TQQQ,30.57,31.8597,30.36,31.01,110171514.0
2024-09-06,TQQQ,30.805,30.985,28.36005,28.495,169904608.0
2024-09-09,TQQQ,29.285,29.7425,28.6675,29.555,110834928.0
2024-09-10,TQQQ,29.89,30.4575,29.1,30.35,91582410.0
2024-09-11,TQQQ,30.59,32.47495,28.885,32.285,163475182.0
2024-09-12,TQQQ,32.315,33.445,31.945,33.24,110347038.0
2024-09-13,TQQQ,33.075,33.935,33.025,33.675,87966588.0
2024-09-16,TQQQ,33.21,33.355,32.5125,33.225,82331074.0
2024-09-17,TQQQ,33.85,34.13,32.735,33.245,103114458.0
2024-09-18,TQQQ,33.51,34.38,32.695,32.81,166396194.0
2024-09-19,TQQQ,35.15,35.9,34.70585,35.29,114801338.0
2024-09-20,TQQQ,35.075,35.34,34.155,35.065,96759568.0
2024-09-23,TQQQ,35.31,35.575,35.02,35.325,69837040.0
2024-09-24,TQQQ,35.64,36.045,34.69,35.825,81259516.0
2024-09-25,TQQQ,35.57,36.24495,35.5295,35.835,64724882.0
2024-09-26,TQQQ,37.46,37.535,35.79,36.595,107003156.0
2024-09-27,TQQQ,36.81,36.83,35.695,35.965,82930684.0
2024-09-30,TQQQ,35.73,36.31,35.09,36.245,86333904.0
2024-10-01,TQQQ,36.14,36.215,33.85,34.71,134760172.0
2024-10-02,TQQQ,34.505,35.2688,33.935,34.84,79119354.0
2024-10-03,TQQQ,34.365,35.4042,34.195,34.76,97749434.0
2024-10-04,TQQQ,36.0,36.08,34.89,35.985,110930020.0
2024-10-07,TQQQ,35.525,35.79,34.52895,34.8,82403436.0
2024-10-08,TQQQ,35.33,36.49,35.155,36.31,77914080.0
2024-10-09,TQQQ,36.26,37.315,36.03,37.185,78696266.0
2024-10-10,TQQQ,36.66,37.475,36.36,37.055,86060594.0
2024-10-11,TQQQ,36.585,37.4,36.45,37.15,70735230.0
2024-10-14,TQQQ,37.72,38.41,37.605,38.1,67691268.0
2024-10-15,TQQQ,38.175,38.325,36.07,36.58,106307692.0
2024-10-16,TQQQ,36.62,36.745,35.835,36.56,70784194.0
2024-10-17,TQQQ,37.79,37.8,36.625,36.67,97697702.0
2024-10-18,TQQQ,37.23,37.575,37.06495,37.32,64151696.0
2024-10-21,TQQQ,37.03,37.7105,36.59,37.525,74995728.0
2024-10-22,TQQQ,36.9025,37.975,36.7275,37.635,76307982.0
2024-10-23,TQQQ,37.085,37.235,35.14,35.895,118172136.0
2024-10-24,TQQQ,36.71,36.9,36.12,36.75,78612740.0
2024-10-25,TQQQ,37.35,38.5,37.195,37.37,114826048.0
2024-10-28,TQQQ,38.095,38.095,37.33,37.405,69162280.0
2024-10-29,TQQQ,37.465,38.7275,37.035,38.44,78545158.0
2024-10-30,TQQQ,38.275,38.49,37.47,37.585,80473128.0
2024-10-31,TQQQ,36.655,36.665,34.71495,34.725,138905118.0
2024-11-01,TQQQ,35.04,36.18,34.985,35.465,96678886.0
2024-11-04,TQQQ,35.32,35.8775,34.755,35.135,82214360.0
2024-11-05,TQQQ,35.475,36.62,35.4575,36.47,79352532.0
2024-11-06,TQQQ,38.33,39.61005,38.0971,39.43,118794134.0
2024-11-07,TQQQ,40.08,41.465,40.05,41.275,99545196.0
2024-11-08,TQQQ,41.11,41.555,40.955,41.375,70059902.0
2024-11-11,TQQQ,41.665,41.71675,40.59,41.3,70806070.0
2024-11-12,TQQQ,41.27,41.485,40.325,41.075,68286050.0
2024-11-13,TQQQ,40.93,41.54505,40.34,40.895,74989078.0
2024-11-14,TQQQ,40.795,41.01495,39.81,40.03,77651310.0
2024-11-15,TQQQ,38.635,38.725,36.645,37.135,120601530.0
2024-11-18,TQQQ,37.465,38.37,37.155,37.885,77965234.0
2024-11-19,TQQQ,37.275,38.775,37.21,38.645,80088274.0
2024-11-20,TQQQ,38.575,38.645,37.055,38.6,101260638.0
2024-11-21,TQQQ,39.275,39.44,37.28,38.98,109865534.0
2024-11-22,TQQQ,38.82,39.305,38.44,39.125,79934878.0
2024-11-25,TQQQ,40.08,40.435,38.77,39.305,91515710.0
2024-11-26,TQQQ,39.645,40.125,39.445,39.915,69747198.0
2024-11-27,TQQQ,39.645,39.655,38.1661,38.95,78463646.0
2024-11-29,TQQQ,39.065,40.0845,38.92505,39.945,40865722.0
2024-12-02,TQQQ,40.24,41.47305,40.145,41.24,73638182.0
2024-12-03,TQQQ,40.9,41.665,40.765,41.605,84810878.0
2024-12-04,TQQQ,42.435,43.185,42.25735,43.125,69992560.0
2024-12-05,TQQQ,43.125,43.32,42.67,42.77,54020404.0
2024-12-06,TQQQ,42.89,43.9325,42.86,43.87,62740678.0
2024-12-09,TQQQ,43.625,43.8312,42.54,42.845,69577502.0
2024-12-10,TQQQ,43.125,43.56,42.0261,42.38,71541554.0
2024-12-11,TQQQ,43.44,44.81,43.34,44.645,74897892.0
2024-12-12,TQQQ,44.065,44.385,43.64095,43.76,66348304.0
2024-12-13,TQQQ,44.71,45.385,43.925,44.7,79663694.0
2024-12-16,TQQQ,45.36,46.8946,45.335,46.645,69967688.0
2024-12-17,TQQQ,46.165,46.45495,45.585,46.02,69168160.0
2024-12-18,TQQQ,45.825,46.28365,40.645,41.045,134849156.0
2024-12-19,TQQQ,42.135,42.26525,40.375,40.465,113317588.0
2024-12-20,TQQQ,39.53,42.93,39.25,41.515,145240944.0
2024-12-23,TQQQ,41.725,42.62,40.915,42.53,83645744.0
2024-12-24,TQQQ,42.975,44.24,42.82,44.22,48139548.0
2024-12-26,TQQQ,43.81,44.54,43.2955,44.125,59604796.0
2024-12-27,TQQQ,43.185,43.2925,41.14,42.33,102138978.0
2024-12-30,TQQQ,40.6,41.53,39.70625,40.63,102844068.0
2024-12-31,TQQQ,40.9,41.07995,39.34,39.565,105177670.0
2025-01-02,TQQQ,40.27,40.8025,38.2655,39.315,141370664.0
2025-01-03,TQQQ,39.995,41.455,39.81,41.2,92431564.0
2025-01-06,TQQQ,42.485,43.425,42.015,42.605,92050004.0
2025-01-07,TQQQ,42.86,42.945,39.8525,40.31,111020954.0
2025-01-08,TQQQ,40.28,40.705,39.22,40.34,96021236.0
2025-01-10,TQQQ,39.4,39.41,37.615,38.415,145651664.0
2025-01-13,TQQQ,37.025,38.1,36.67,38.015,113382012.0
2025-01-14,TQQQ,38.74,39.03,37.09545,37.88,125270900.0
2025-01-15,TQQQ,39.655,40.7375,39.3,40.44,106919152.0
2025-01-16,TQQQ,41.005,41.025,39.6,39.615,93055430.0
2025-01-17,TQQQ,41.845,41.97,40.92,41.57,87352166.0
2025-01-21,TQQQ,42.225,42.575,41.16525,42.26,83451792.0
2025-01-22,TQQQ,43.42,44.455,43.355,43.9,86265326.0
2025-01-23,TQQQ,43.27,44.19,43.135,44.17,60480964.0
2025-01-24,TQQQ,44.215,44.415,43.005,43.375,72479266.0
2025-01-27,TQQQ,38.79,40.515,38.59,39.57,161821678.0
2025-01-28,TQQQ,39.79,41.58495,39.0,41.325,101033390.0
2025-01-29,TQQQ,41.455,41.49,40.13,41.07,118481100.0
2025-01-30,TQQQ,41.735,42.2925,40.43,41.585,115171020.0
2025-01-31,TQQQ,42.46,43.545,41.09,41.36,118669258.0
2025-02-03,TQQQ,39.265,40.995,38.67,40.36,153256986.0
2025-02-04,TQQQ,40.455,41.969,40.365,41.825,84634532.0
2025-02-05,TQQQ,41.175,42.41,40.88,42.37,79694868.0
2025-02-06,TQQQ,42.48,43.065,42.0974,43.005,76431016.0
2025-02-07,TQQQ,43.13,43.595,41.17565,41.365,110870478.0
2025-02-10,TQQQ,42.365,43.1,42.25,42.82,65594118.0
2025-02-11,TQQQ,42.035,42.995,42.005,42.515,62602804.0
2025-02-12,TQQQ,41.14,42.8025,41.05,42.6,96986608.0
2025-02-13,TQQQ,42.99,44.4775,42.79,44.395,92920162.0
2025-02-14,TQQQ,44.405,45.09,44.3,44.915,76057482.0
2025-02-18,TQQQ,45.315,45.375,44.375,45.195,68825158.0
2025-02-19,TQQQ,45.0,45.56,44.46,45.2,68515786.0
2025-02-20,TQQQ,45.025,45.115,43.445,44.65,80266060.0
2025-02-21,TQQQ,44.885,44.895,41.735,41.855,118627218.0
2025-02-24,TQQQ,42.25,42.525,40.25,40.35,106467450.0
2025-02-25,TQQQ,40.165,40.19,37.89,38.81,151194462.0
2025-02-26,TQQQ,39.29,40.22495,38.345,39.06,126351466.0
2025-02-27,TQQQ,39.86,40.085,35.74,35.82,206751046.0
2025-02-28,TQQQ,35.73,37.585,35.0375,37.46,186357948.0
2025-03-03,TQQQ,38.185,38.525,34.2175,35.04,183891686.0
2025-03-04,TQQQ,34.38,36.385,33.005,34.655,261673884.0
2025-03-05,TQQQ,34.775,36.3425,33.745,36.005,201266592.0
2025-03-06,TQQQ,34.195,35.2481,32.5858,33.02,245645406.0
2025-03-07,TQQQ,32.78,34.005,31.445,33.705,270354664.0
2025-03-10,TQQQ,32.0,32.095,28.94,29.905,312271582.0
2025-03-11,TQQQ,29.7,30.925,28.68535,29.555,278978590.0
2025-03-12,TQQQ,30.97,31.33,29.58,30.565,283837152.0
2025-03-13,TQQQ,30.4,30.425,28.52,28.895,242454572.0
2025-03-14,TQQQ,29.855,31.115,29.75,30.945,198217088.0
2025-03-17,TQQQ,30.94,32.13995,30.575,31.545,180300748.0
2025-03-18,TQQQ,30.885,30.89,29.505,29.955,175652450.0
2025-03-19,TQQQ,30.34,31.955,29.97,31.12,185186316.0
2025-03-20,TQQQ,30.33,31.815,30.185,30.8,176818126.0
2025-03-21,TQQQ,29.765,31.2075,29.53635,31.09,160981968.0
2025-03-24,TQQQ,32.53,33.265,32.4075,33.065,126822994.0
2025-03-25,TQQQ,33.24,33.68505,33.045,33.655,111139390.0
2025-03-26,TQQQ,33.32,33.495,31.38,31.69,159135374.0
2025-03-27,TQQQ,31.3,32.115,30.875,31.15,144736084.0
2025-03-28,TQQQ,30.77,30.905,28.485,28.67,207264272.0
2025-03-31,TQQQ,27.36,28.814,26.52,28.65,213708900.0
2025-04-01,TQQQ,28.34,29.49505,27.81,29.31,194196332.0
2025-04-02,TQQQ,28.095,30.6,28.045,29.965,246174714.0
2025-04-03,TQQQ,26.215,26.915,25.055,25.15,280231482.0
2025-04-04,TQQQ,22.995,23.39,20.515,20.545,516053354.0
2025-04-07,TQQQ,18.375,23.415,17.5,20.625,791455254.0
2025-04-08,TQQQ,22.695,23.405,18.55,19.45,502295392.0
2025-04-09,TQQQ,19.38,26.705,19.365,26.305,713864068.0
2025-04-10,TQQQ,24.34,24.67,20.785,23.07,563385458.0
2025-04-11,TQQQ,22.835,24.535,22.31,24.29,358585798.0
2025-04-14,TQQQ,25.95,26.026,24.03745,24.8,294861454.0
2025-04-15,TQQQ,24.98,25.60465,24.595,24.895,209340112.0
2025-04-16,TQQQ,23.415,24.005,21.58,22.645,269148718.0
2025-04-17,TQQQ,23.045,23.14475,22.175,22.58,202191662.0
2025-04-21,TQQQ,21.685,21.82,20.12,20.93,229539376.0
2025-04-22,TQQQ,21.73,22.99,21.55,22.53,260222868.0
2025-04-23,TQQQ,24.62,25.41385,23.815,24.025,303995450.0
2025-04-24,TQQQ,24.37,26.14,24.27,26.07,240615402.0
2025-04-25,TQQQ,26.02,27.035,25.74,26.93,226103126.0
2025-04-28,TQQQ,27.01,27.32,25.82,26.91,191356892.0
2025-04-29,TQQQ,26.52,27.585,26.415,27.435,169808030.0
2025-04-30,TQQQ,25.98,27.71,25.16,27.44,268446592.0
2025-05-01,TQQQ,28.78,29.4425,28.315,28.385,205481682.0
2025-05-02,TQQQ,29.32,30.09335,29.015,29.715,195097872.0
2025-05-05,TQQQ,28.95,29.75,28.85,29.2,138578984.0
2025-05-06,TQQQ,28.03,29.02,27.785,28.37,165885888.0
2025-05-07,TQQQ,28.48,29.13,27.5425,28.7,208737144.0
2025-05-08,TQQQ,29.6,30.355,28.83,29.555,197621576.0
2025-05-09,TQQQ,29.9,30.1349,29.1625,29.485,146818844.0
2025-05-12,TQQQ,32.925,33.08,31.9254,33.055,202489900.0
2025-05-13,TQQQ,33.335,34.93,33.18,34.57,170595446.0
2025-05-14,TQQQ,34.805,35.30375,34.605,35.18,161184772.0
2025-05-15,TQQQ,34.74,35.84495,34.465,35.29,161694744.0
2025-05-16,TQQQ,35.555,35.76,34.825,35.725,127627218.0
2025-05-19,TQQQ,34.235,35.93,34.215,35.82,143794186.0
2025-05-20,TQQQ,35.29,35.58495,34.70005,35.445,134069416.0
2025-05-21,TQQQ,34.62,35.995,33.59,33.97,219255168.0
2025-05-22,TQQQ,34.08,34.87505,33.81,34.145,173542012.0
2025-05-23,TQQQ,32.545,33.67005,32.42935,33.16,214220876.0
2025-05-27,TQQQ,34.495,35.5725,34.19465,35.47,130539532.0
2025-05-28,TQQQ,35.67,35.97,34.89,35.015,132542674.0
2025-05-29,TQQQ,36.5,36.5298,34.665,35.185,195434484.0
2025-05-30,TQQQ,35.065,35.3,33.52,35.0,187118298.0
2025-06-02,TQQQ,34.6,35.86,34.345,35.805,137925416.0
2025-06-03,TQQQ,35.88,36.93995,35.7,36.64,128728364.0
2025-06-04,TQQQ,36.79,37.16,36.355,36.935,128888904.0
2025-06-05,TQQQ,37.225,37.825,35.65,36.075,199024924.0
2025-06-06,TQQQ,37.135,37.505,36.77,37.105,131215386.0
2025-06-09,TQQQ,37.155,37.62,36.92,37.27,100363788.0
2025-06-10,TQQQ,37.355,38.1425,36.88,37.99,122692950.0
2025-06-11,TQQQ,38.295,38.5375,37.11,37.6,181651976.0
2025-06-12,TQQQ,37.3,38.06465,37.26,37.845,126110016.0
2025-06-13,TQQQ,36.55,37.4425,36.135,36.415,210666160.0
2025-06-16,TQQQ,37.11,38.12495,37.11,37.9,116668682.0
2025-06-17,TQQQ,37.34,37.69,36.54,36.78,135418188.0
2025-06-18,TQQQ,36.96,37.48,36.42,36.73,142661416.0
2025-06-20,TQQQ,37.38,37.6649,35.8575,36.225,163354900.0
2025-06-23,TQQQ,36.365,37.465,35.71,37.35,167572710.0
2025-06-24,TQQQ,38.455,39.255,38.3275,39.05,113191500.0
2025-06-25,TQQQ,39.44,39.71,38.86,39.24,101438146.0
2025-06-26,TQQQ,39.71,40.425,39.31035,40.315,100144186.0
2025-06-27,TQQQ,40.51515,41.125,39.92645,40.71,146023562.0
2025-06-30,TQQQ,41.4,41.745,40.915,41.5,113721460.0
2025-07-01,TQQQ,41.06,41.27,39.905,40.445,140389946.0
2025-07-02,TQQQ,40.23,41.295,40.215,41.25,100285062.0
2025-07-03,TQQQ,41.745,42.645,41.745,42.405,83484604.0
2025-07-07,TQQQ,41.8,41.985,40.9,41.46,139674752.0
2025-07-08,TQQQ,41.74,41.8875,41.235,41.515,115515424.0
2025-07-09,TQQQ,41.985,42.6925,41.675,42.375,117976250.0
2025-07-10,TQQQ,42.515,42.61,41.57,42.18,110317770.0
2025-07-11,TQQQ,41.6575,42.225,41.375,41.86,106937584.0
2025-07-14,TQQQ,41.815,42.4676,41.275,42.305,97311478.0
2025-07-15,TQQQ,43.215,43.335,42.4,42.415,123257536.0
2025-07-16,TQQQ,42.53,42.675,41.22,42.535,166357634.0
2025-07-17,TQQQ,42.685,43.66,42.5,43.525,97330852.0
2025-07-18,TQQQ,43.82,43.87,43.095,43.375,98496256.0
2025-07-21,TQQQ,43.575,44.49,43.56,44.035,87720302.0
2025-07-22,TQQQ,44.065,44.08,42.7325,43.35,108345276.0
2025-07-23,TQQQ,43.59,43.94,42.95,43.92,118025230.0
2025-07-24,TQQQ,44.225,44.48,43.8,44.21,90378270.0
2025-07-25,TQQQ,44.155,44.79,43.99,44.46,79003182.0
2025-07-28,TQQQ,44.795,45.095,44.59,44.8925,95591984.0
2025-07-29,TQQQ,45.495,45.8125,44.49,44.69,116251158.0
2025-07-30,TQQQ,44.87,45.44,44.13,44.845,145527628.0
2025-07-31,TQQQ,46.355,46.375,43.83,44.105,178874656.0
2025-08-01,TQQQ,42.625,42.66,40.93,41.46,219781216.0
2025-08-04,TQQQ,42.61,43.78495,42.58,43.73,108585948.0
2025-08-05,TQQQ,44.025,44.305,42.71,42.82,152088324.0
2025-08-06,TQQQ,43.015,44.53275,42.905,44.42,128995266.0
2025-08-07,TQQQ,45.445,45.835,43.9075,44.87,169239148.0
2025-08-08,TQQQ,45.12,46.14,45.0506,46.08,104522674.0
2025-08-11,TQQQ,46.115,46.62,45.3575,45.675,94616990.0
2025-08-12,TQQQ,46.21,47.44495,45.565,47.36,120277962.0
2025-08-13,TQQQ,48.025,48.16,47.0875,47.43,96058510.0
2025-08-14,TQQQ,46.92,47.7939,46.82,47.3,106385750.0
2025-08-15,TQQQ,47.235,47.255,46.2097,46.63,96167398.0
2025-08-18,TQQQ,46.4,46.7275,46.115,46.57,73371354.0
2025-08-19,TQQQ,46.385,46.43,44.4119,44.67,111118642.0
2025-08-20,TQQQ,44.415,44.445,42.19,43.855,164404258.0
2025-08-21,TQQQ,43.475,43.975,42.695,43.245,119919942.0
2025-08-22,TQQQ,43.51,45.66,43.185,45.19,132726482.0
2025-08-25,TQQQ,44.81,45.49,44.515,44.795,80452568.0
2025-08-26,TQQQ,44.655,45.385,44.4175,45.315,84374598.0
2025-08-27,TQQQ,45.07,45.72,44.77,45.52,90055180.0
2025-08-28,TQQQ,45.64,46.555,45.255,46.35,90657998.0
2025-08-29,TQQQ,45.7075,45.795,44.245,44.68,121887006.0
2025-09-02,TQQQ,42.555,43.62,42.125,43.54,166668070.0
2025-09-03,TQQQ,44.365,44.9375,43.79495,44.555,119929802.0
2025-09-04,TQQQ,44.7,45.8323,44.3075,45.76,101759684.0
2025-09-05,TQQQ,46.97,47.12,44.8436,45.91,172625734.0
2025-09-08,TQQQ,46.455,47.04755,46.32,46.565,101696744.0
2025-09-09,TQQQ,46.75,47.055,46.12175,46.945,94620748.0
2025-09-10,TQQQ,47.725,47.73,46.47,46.995,120818810.0
2025-09-11,TQQQ,47.595,47.99,47.205,47.785,91247130.0
2025-09-12,TQQQ,47.98,48.68495,47.7625,48.38,92235236.0
2025-09-15,TQQQ,48.82,49.635,48.7825,49.615,78114352.0
2025-09-16,TQQQ,49.835,49.905,49.305,49.48,77137148.0
2025-09-17,TQQQ,49.445,49.6,47.7555,49.165,147697142.0
2025-09-18,TQQQ,50.38,51.185,49.895,50.49,123401564.0
2025-09-19,TQQQ,50.94,51.645,50.575,51.49,84365388.0
2025-09-22,TQQQ,51.21,52.53785,51.21,52.36,81054580.0
2025-09-23,TQQQ,52.395,52.45,50.99,51.305,99930552.0
2025-09-24,TQQQ,51.605,51.68,49.995,50.705,101055614.0
2025-09-25,TQQQ,49.7,50.435,48.7499,50.025,122820590.0
2025-09-26,TQQQ,50.2,50.69,49.37,50.625,124097356.0
2025-09-29,TQQQ,51.3925,52.14,50.97,51.3,92393106.0
2025-09-30,TQQQ,51.205,51.785,50.61,51.7,92323854.0
2025-10-01,TQQQ,50.865,52.57,50.65,52.43,93996434.0
2025-10-02,TQQQ,53.405,53.4175,52.33,53.07,89158698.0
2025-10-03,TQQQ,53.22,53.435,51.88,52.35,103096370.0
2025-10-06,TQQQ,53.7,53.9412,53.065,53.52,82476726.0
2025-10-07,TQQQ,53.85,54.03,52.26,52.655,100185818.0
2025-10-08,TQQQ,52.86,54.52495,52.83,54.44,86931056.0
2025-10-09,TQQQ,54.438,54.48,53.3775,54.225,87956100.0
2025-10-10,TQQQ,54.365,54.83,48.4151,48.535,238009404.0
2025-10-13,TQQQ,51.03,51.84,50.42505,51.615,114511130.0
2025-10-14,TQQQ,49.865,51.765,48.535,50.565,147230048.0
2025-10-15,TQQQ,52.07,52.755,50.02,51.6,127069378.0
2025-10-16,TQQQ,52.34,53.165,49.875,51.025,159343968.0
2025-10-17,TQQQ,50.46,52.385,50.06,51.995,142274018.0
2025-10-20,TQQQ,52.805,54.26,52.775,53.945,79928832.0
2025-10-21,TQQQ,53.9475,54.24,53.335,53.885,79811454.0
2025-10-22,TQQQ,53.725,53.87,50.79,52.3,134380740.0
2025-10-23,TQQQ,52.135,53.815,52.04,53.61,91244990.0
2025-10-24,TQQQ,54.995,55.63,54.765,55.28,84387668.0
2025-10-27,TQQQ,57.26,58.345,57.13505,58.215,77489436.0
2025-10-28,TQQQ,58.825,60.0378,58.53,59.545,92239436.0
2025-10-29,TQQQ,60.285,60.685,58.77,60.305,133060878.0
2025-10-30,TQQQ,59.295,59.67,57.515,57.545,127234270.0
2025-10-31,TQQQ,59.745,59.745,57.69,58.36,122666876.0
2025-11-03,TQQQ,60.0,60.2088,58.54,59.16,83597916.0
2025-11-04,TQQQ,56.68,57.70495,55.32165,55.54,124762784.0
2025-11-05,TQQQ,55.34,57.5,54.97,56.62,109730040.0
2025-11-06,TQQQ,56.185,56.25,53.06,53.445,156461384.0
2025-11-07,TQQQ,52.51,52.9218,49.98,52.89,183589372.0
2025-11-10,TQQQ,55.215,56.625,54.705,56.355,119878754.0
2025-11-11,TQQQ,55.635,56.21,54.8,55.89,102665534.0
2025-11-12,TQQQ,56.765,56.77,54.865,55.775,125708378.0
2025-11-13,TQQQ,54.785,54.94,51.7,52.33,201264402.0
2025-11-14,TQQQ,49.99,53.545,49.385,52.37,222397596.0
2025-11-17,TQQQ,51.705,53.314,50.055,51.025,186327044.0
2025-11-18,TQQQ,49.985,50.67,47.9,49.18,267348016.0
2025-11-19,TQQQ,49.325,51.575,48.715,50.025,184263514.0
2025-11-20,TQQQ,52.95,53.54,46.23,46.45,178246289.0
2025-11-21,TQQQ,46.85,49.1,45.24,47.48,179618618.0
2025-11-24,TQQQ,48.7,51.45,48.67,51.08,93894159.0
2025-11-25,TQQQ,50.64,52.36,49.08,52.01,101851915.0
2025-11-26,TQQQ,52.91,53.855,52.3701,53.37,75598097.0
2025-11-28,TQQQ,53.82,54.61,53.625,54.54,34381610.0
2025-12-01,TQQQ,53.11,54.65,52.82,54.05,66359590.0
2025-12-02,TQQQ,54.63,55.76,54.1441,55.3,79504353.0
2025-12-03,TQQQ,54.66,55.88,54.2327,55.69,69844899.0
2025-12-04,TQQQ,56.04,56.05,54.61,55.51,63957971.0
2025-12-05,TQQQ,55.86,57.08,55.68,56.15,73205980.0
2025-12-08,TQQQ,56.57,57.04,55.12,55.8,69700018.0
2025-12-09,TQQQ,55.45,56.22,55.09,56.01,48735976.0
2025-12-10,TQQQ,55.65,57.09,54.89,56.65,100261104.0
2025-12-11,TQQQ,55.63,56.16,53.98,56.11,99683926.0
2025-12-12,TQQQ,55.11,55.52,52.23,52.82,138448531.0
2025-12-15,TQQQ,54.06,54.06,51.72,52.02,98696303.0
2025-12-16,TQQQ,51.43,52.7684,51.095,52.33,105953678.0
2025-12-17,TQQQ,52.65,52.7994,49.37,49.4,125606247.0
2025-12-18,TQQQ,51.67,52.46,50.98,51.51,109222135.0
2025-12-19,TQQQ,52.2,53.6399,52.19,53.52,72957834.0
2025-12-22,TQQQ,54.81,54.89,53.88,54.25,64783070.0
2025-12-23,TQQQ,53.97,55.07,53.86,55.01,48197058.0
2025-12-24,TQQQ,54.87,55.45,54.78,55.36,25855006.0
2025-12-26,TQQQ,55.52,55.745,55.11,55.31,37244200.0
2025-12-29,TQQQ,54.29,54.9908,53.92,54.49,50635251.0
2025-12-30,TQQQ,54.2,54.8183,54.04,54.1,38976810.0
2025-12-31,TQQQ,54.13,54.2,52.64,52.72,57199369.0
2026-01-02,TQQQ,54.17,54.875,51.61,52.35,107226621.0
2026-01-05,TQQQ,53.95,54.33,53.29,53.6,77968003.0
2026-01-06,TQQQ,53.92,55.165,53.74,55.01,68915803.0
2026-01-07,TQQQ,54.89,56.19,54.77,55.17,65588305.0
2026-01-08,TQQQ,54.87,54.98,53.495,54.19,83760291.0
2026-01-09,TQQQ,54.39,56.1,53.79,55.76,78706269.0
2026-01-12,TQQQ,54.6,56.34,54.58,55.89,59673897.0
2026-01-13,TQQQ,55.91,56.5,54.96,55.6,88610986.0
2026-01-14,TQQQ,54.55,54.88,52.5,53.83,117421544.0
2026-01-15,TQQQ,55.65,55.83,54.13,54.38,90482974.0
2026-01-16,TQQQ,55.32,55.46,53.5801,54.14,75855865.0
2026-01-20,TQQQ,51.39,52.56,50.475,50.73,129209054.0
2026-01-21,TQQQ,51.07,53.8,50.67,52.73,150230118.0
2026-01-22,TQQQ,54.32,54.33,53.15,53.9,90992291.0
2026-01-23,TQQQ,53.59,55.07,53.32,54.38,78066065.0
2026-01-26,TQQQ,54.47,55.63,54.21,55.08,58084348.0
2026-01-27,TQQQ,55.98,56.8,55.5627,56.54,51981226.0
2026-01-28,TQQQ,57.7,58.01,56.73,57.06,76172141.0
2026-01-29,TQQQ,56.95,57.21,53.06,56.04,122642284.0
2026-01-30,TQQQ,55.015,55.71,53.32,54.0,110170721.0
2026-02-02,TQQQ,53.16,55.71,53.15,55.1,74665794.0
2026-02-03,TQQQ,55.64,55.7565,51.08,52.52,129992150.0
2026-02-04,TQQQ,52.14,52.15,48.43,49.76,142536211.0
2026-02-05,TQQQ,48.39,49.5297,47.06,47.64,158712865.0
2026-02-06,TQQQ,48.34,51.005,47.995,50.59,117934624.0
2026-02-09,TQQQ,50.06,52.27,49.44,51.74,71272728.0
2026-02-10,TQQQ,51.97,52.4,50.89,51.02,70660921.0
2026-02-11,TQQQ,52.21,52.5,50.0416,51.4,92393807.0
2026-02-12,TQQQ,51.8,52.0698,47.99,48.26,131150002.0
2026-02-13,TQQQ,48.15,49.5925,47.18,48.47,123216560.0
2026-02-17,TQQQ,47.64,48.98,46.42,48.35,117089669.0
2026-02-18,TQQQ,48.53,50.3603,48.2,49.39,81370841.0
2026-02-19,TQQQ,48.67,49.4,48.16,48.83,83447513.0
2026-02-20,TQQQ,47.96,50.4499,47.76,50.06,118813778.0
2026-02-23,TQQQ,49.53,49.88,47.66,48.24,91951796.0
2026-02-24,TQQQ,48.45,50.0399,47.82,49.78,71023309.0
2026-02-25,TQQQ,50.55,51.96,50.53,51.87,54217195.0
2026-02-26,TQQQ,51.63,51.64,48.71,50.05,105583756.0
2026-02-27,TQQQ,48.45,49.77,48.26,49.52,93802209.0
2026-03-02,TQQQ,47.46,50.15,47.23,49.7,108545943.0
2026-03-03,TQQQ,46.81,48.67,45.715,48.1,163365515.0
2026-03-04,TQQQ,48.69,50.79,48.52,50.26,99738423.0
2026-03-05,TQQQ,49.44,50.76,48.17,49.8,129713209.0
2026-03-06,TQQQ,47.66,49.05,47.18,47.54,141012236.0
2026-03-09,TQQQ,46.19,49.77,45.5,49.39,159005492.0
2026-03-10,TQQQ,49.41,50.74,48.83,49.4,115057232.0
2026-03-11,TQQQ,49.68,50.52,48.7299,49.35,91104317.0
2026-03-12,TQQQ,48.15,48.4881,46.75,46.83,130823889.0
2026-03-13,TQQQ,47.35,48.25,45.67,45.93,141952545.0
2026-03-16,TQQQ,47.365,48.27,47.18,47.46,81421541.0
2026-03-17,TQQQ,48.12,48.76,47.81,48.16,74570090.0
2026-03-18,TQQQ,47.72,48.11,46.05,46.1,105059285.0
2026-03-19,TQQQ,44.87,46.32,44.3,45.69,138384909.0
2026-03-20,TQQQ,45.18,45.21,42.3,43.08,137952495.0
2026-03-23,TQQQ,45.11,46.15,44.125,44.57,139354268.0
2026-03-24,TQQQ,43.835,44.55,43.19,43.62,105505193.0
2026-03-25,TQQQ,44.7,45.22,43.945,44.39,79294402.0
2026-03-26,TQQQ,43.23,43.68,41.15,41.23,117558871.0
2026-03-27,TQQQ,40.56,40.59,38.56,38.78,124795741.0
2026-03-30,TQQQ,39.75,39.9087,37.32,37.89,111446506.0
2026-03-31,TQQQ,39.09,42.0,39.0693,41.68,149516163.0
2026-04-01,TQQQ,42.63,43.98,42.41,43.23,116135527.0
2026-04-02,TQQQ,40.88,43.55,40.44,43.33,111377317.0
2026-04-06,TQQQ,43.6,44.585,43.27,44.1,69245136.0
2026-04-07,TQQQ,43.45,44.21,41.84,44.15,131796221.0
2026-04-08,TQQQ,48.64,48.92,47.15,48.0,102015116.0
2026-04-09,TQQQ,48.015,49.09,47.31,48.96,78953594.0
2026-04-10,TQQQ,49.355,49.81,48.82,49.17,65481558.0
2026-04-13,TQQQ,48.78,50.74,48.46,50.66,67169143.0
2026-04-14,TQQQ,51.39,53.43,51.38,53.41,72362348.0
2026-04-15,TQQQ,53.57,55.7382,53.33,55.65,83243969.0
2026-04-16,TQQQ,56.13,56.92,55.095,56.43,86398114.0
2026-04-17,TQQQ,57.78,58.94,57.3699,58.59,103604000.0
2026-04-20,TQQQ,58.4,58.58,56.91,58.08,67652788.0
2026-04-21,TQQQ,58.48,58.97,56.82,57.4,91775196.0
2026-04-22,TQQQ,58.93,60.3,58.49,60.21,73399831.0
2026-04-23,TQQQ,59.8,60.73,57.59,59.22,92856854.0
2026-04-24,TQQQ,61.08,62.735,60.56,62.56,80250657.0
2026-04-27,TQQQ,62.41,62.6995,61.64,62.64,56614967.0
2026-04-28,TQQQ,60.715,61.33,59.68,60.74,80631559.0
2026-04-29,TQQQ,61.0,61.8675,60.45,61.86,77081402.0
2026-04-30,TQQQ,62.89,63.8,60.7,63.54,81042682.0
2026-05-01,TQQQ,63.89,65.84,63.81,65.3,67762932.0
2026-05-04,TQQQ,65.44,66.05,63.78,64.91,60813806.0
2026-05-05,TQQQ,66.37,67.7686,66.25,67.39,54098798.0
2026-05-06,TQQQ,69.255,71.6587,68.88,71.57,70169043.0
2026-05-07,TQQQ,71.87,73.295,70.38,71.34,93509106.0
2026-05-08,TQQQ,72.82,76.31,72.695,76.28,68713740.0
2026-05-11,TQQQ,76.0,77.36,75.55,76.96,60475028.0
2026-05-12,TQQQ,75.3,75.9292,71.55,74.96,90651646.0
2026-05-13,TQQQ,75.81,77.94,74.19,77.24,64416388.0
2026-05-14,TQQQ,77.29,79.68,77.155,78.95,58472779.0
2026-05-15,TQQQ,75.73,77.365,74.228,75.34,81260605.0
2026-05-18,TQQQ,76.13,76.2713,72.1,74.32,87710120.0
2026-05-19,TQQQ,72.41,74.5,70.9616,72.93,85973688.0
2026-05-20,TQQQ,74.09,76.53,73.615,76.51,70647504.0
2026-05-21,TQQQ,75.18,77.7895,74.47,76.95,74958080.0
2026-05-22,TQQQ,78.04,79.33,77.332,77.84,58330530.0
2026-05-26,TQQQ,80.59,82.27,79.98,81.95,62579633.0
2026-05-27,TQQQ,82.87,82.91,80.33,81.67,66220965.0
2026-05-28,TQQQ,81.74,84.05,80.655,83.68,55265904.0
2026-05-29,TQQQ,84.41,85.7,83.53,84.56,67644084.0
2026-06-01,TQQQ,84.145,87.06,83.75,86.04,57216019.0
2026-06-02,TQQQ,85.94,87.32,84.83,87.22,48355014.0
2026-06-03,TQQQ,87.68,88.09,85.41,86.56,62154484.0
2026-06-04,TQQQ,83.47,86.245,82.475,85.22,59614610.0
2026-06-05,TQQQ,81.569,82.08,72.68,73.05,118961266.0
2026-06-08,TQQQ,76.86,78.47,75.38,76.27,77319034.0
2026-06-09,TQQQ,78.48,79.3407,66.79,73.72,132485655.0
2026-06-10,TQQQ,71.68,74.7,69.0,69.27,91465223.0
2026-06-11,TQQQ,70.89,76.5979,69.59,76.01,116288785.0
2026-06-12,TQQQ,76.34,78.36,74.29,77.52,94483584.0
2026-06-15,TQQQ,82.88,85.03,82.64,84.59,59757994.0
2026-06-16,TQQQ,84.19,84.83,79.86,79.93,67086684.0
2026-06-17,TQQQ,81.67,81.805,76.94,77.54,78089611.0
2026-06-18,TQQQ,82.1,83.5999,80.63,82.87,61062971.0
2026-06-22,TQQQ,83.95,85.11,81.39,82.58,61888933.0
2026-06-23,TQQQ,75.12,77.74,73.9101,74.44,82341752.0
2026-06-24,TQQQ,74.79,76.18,71.35,73.3,72009703.0
2026-06-25,TQQQ,77.96,78.24,71.6,74.95,106912009.0
2026-06-26,TQQQ,72.085,74.69,70.72,71.83,70427714.0
2026-06-29,TQQQ,74.12,77.375,71.45,77.19,79128442.0
2026-06-30,TQQQ,77.24,81.54,77.15,81.0,58466178.0
2026-07-01,TQQQ,78.72,79.64,77.23,77.46,63348163.0
2026-07-02,TQQQ,77.45,79.135,71.72,73.35,87993371.0
2026-07-06,TQQQ,75.54,77.45,75.11,76.42,54545139.0
2026-07-07,TQQQ,73.7,74.39,70.76,72.23,70992853.0
2026-07-08,TQQQ,70.795,73.015,69.57,72.72,70748539.0
2026-07-09,TQQQ,74.85,76.685,73.89,76.34,51726573.0
2026-07-10,TQQQ,75.529,77.32,74.33,77.03,46034410.0
2026-07-13,TQQQ,74.54,74.845,72.09,72.64,63317516
2026-07-14,TQQQ,75.2,75.845,73.41,75.02,58097269
2026-07-15,TQQQ,76.29,76.4699,72.06,74.44,47658933
