date,signal_date,symbol,signal_symbol,regime,weather_state,regime_age,strong_green_age,score,signal_return_3m,signal_return_6m,signal_rs,signal_distance_50,signal_sma50_rising_10d,sessions_since_stress,trade_dollar_volume_multiple,reasons
2010-12-28,2010-12-27,TQQQ,QQQ,green,green,1,0,0.1185892908,0.1111273151,0.2193996119,0.0263658525,0.0338450825,True,,1.1924,
2010-12-29,2010-12-28,TQQQ,QQQ,green,green,2,0,0.1273228726,0.109547755,0.2660054144,0.0271911546,0.0306804076,True,,1.1744,
2010-12-30,2010-12-29,TQQQ,QQQ,orange,orange,1,0,0.1299111477,0.1137881586,0.2883914193,0.0309774016,0.0315460609,True,0,0.8462,leveraged_etf_liquidity_below_floor
2010-12-31,2010-12-30,TQQQ,QQQ,orange,orange,2,0,0.1267316629,0.1161278199,0.2889557518,0.0294991667,0.027573882,True,0,0.5313,leveraged_etf_liquidity_below_floor
2011-01-03,2010-12-31,TQQQ,QQQ,orange,orange,3,0,0.130079639,0.1134051564,0.2878682868,0.0262719376,0.0225178485,True,0,0.8919,leveraged_etf_liquidity_below_floor
2011-01-04,2011-01-03,TQQQ,QQQ,green,green,1,0,0.1645631541,0.1431450087,0.3039772324,0.0368558427,0.0368723271,True,1,2.5542,
2011-01-05,2011-01-04,TQQQ,QQQ,green,green,2,0,0.1441964696,0.1151744061,0.2627219126,0.0342392014,0.0346744398,True,2,2.5121,
2011-01-06,2011-01-05,TQQQ,QQQ,green,green,3,0,0.1531016977,0.1344812971,0.266544968,0.0429614522,0.0419310257,True,3,2.4053,
2011-01-07,2011-01-06,TQQQ,QQQ,green,green,4,0,0.1478337102,0.1339988076,0.2586746536,0.0446835877,0.0437378335,True,4,2.0645,
2011-01-10,2011-01-07,TQQQ,QQQ,green,green,5,0,0.1527058512,0.125241798,0.2538967395,0.0446369945,0.0413339795,True,5,3.0033,
2011-01-11,2011-01-10,TQQQ,QQQ,green,green,6,0,0.1414930639,0.129017058,0.242505304,0.0508507706,0.0437369953,True,6,1.7148,
2011-01-12,2011-01-11,TQQQ,QQQ,green,green,7,0,0.1446112081,0.1229561162,0.2379967194,0.04421449,0.0436396458,True,7,2.2008,
2011-01-13,2011-01-12,TQQQ,QQQ,green,green,8,0,0.1510939399,0.1217765521,0.2457206489,0.0433660348,0.0493402384,True,8,2.7388,
2011-01-14,2011-01-13,TQQQ,QQQ,green,green,9,0,0.1567218119,0.1243984374,0.2815729605,0.0438748969,0.0481925659,True,9,2.6931,
2011-01-18,2011-01-14,TQQQ,QQQ,green,green,10,0,0.1368303351,0.1092058439,0.2801147266,0.0334786515,0.0543773859,True,10,1.2829,
2011-01-19,2011-01-18,TQQQ,QQQ,green,green,11,0,0.152977263,0.1164391067,0.2683919069,0.0386229106,0.0559322149,True,11,2.9145,
2011-01-20,2011-01-19,TQQQ,QQQ,green,green,12,0,0.1586727864,0.1141681417,0.2713851941,0.036748887,0.0427895595,True,12,3.0581,
2011-01-21,2011-01-20,TQQQ,QQQ,green,green,13,0,0.1503481395,0.0982860642,0.2312195398,0.029739222,0.0344631665,True,13,3.7771,
2011-01-24,2011-01-21,TQQQ,QQQ,green,green,14,0,0.1278784586,0.0877443764,0.2140915446,0.0196399005,0.0256519956,True,14,2.0421,
2011-01-25,2011-01-24,TQQQ,QQQ,green,green,15,0,0.1373335907,0.0953126795,0.2208095449,0.0297639008,0.0387505215,True,15,1.7534,
2011-01-26,2011-01-25,TQQQ,QQQ,green,green,16,0,0.1291985222,0.0915795222,0.2230653373,0.0274443085,0.0389771862,True,16,1.951,
2011-01-27,2011-01-26,TQQQ,QQQ,green,green,17,0,0.1353826988,0.0944201685,0.2394358189,0.0281005834,0.04279563,True,17,2.0543,
2011-01-28,2011-01-27,TQQQ,QQQ,green,green,18,0,0.1405365038,0.0977845265,0.2563449229,0.0288923815,0.0473064174,True,18,2.3463,
2011-01-31,2011-01-28,TQQQ,QQQ,green,early_thaw,19,0,0.1477753975,0.0676959427,0.2218133482,0.0182460741,0.0191125003,True,19,4.9587,
2011-02-01,2011-01-31,TQQQ,QQQ,green,early_thaw,20,0,0.1326129812,0.0753359914,0.2051086248,0.0184966815,0.0223662659,True,20,3.1625,
2011-02-02,2011-02-01,TQQQ,QQQ,green,green,21,0,0.1569101226,0.0946586719,0.2329879247,0.0209196907,0.0397421803,True,21,4.2451,
2011-02-03,2011-02-02,TQQQ,QQQ,green,green,22,0,0.1277770994,0.0813366885,0.2187176344,0.0186757703,0.0363670637,True,22,1.9136,
2011-02-04,2011-02-03,TQQQ,QQQ,green,early_thaw,23,0,0.137871588,0.0783308837,0.2237247712,0.0190528329,0.0365811511,True,23,2.7434,
2011-02-07,2011-02-04,TQQQ,QQQ,green,early_thaw,24,0,0.1481240258,0.0712458015,0.2324294155,0.0255800026,0.0403485623,True,24,2.8858,
2011-02-08,2011-02-07,TQQQ,QQQ,green,early_thaw,25,0,0.1413856525,0.0762866126,0.2298124089,0.0260576284,0.0434901163,True,25,2.2355,
2011-02-09,2011-02-08,TQQQ,QQQ,green,green,26,0,0.1556667788,0.0819697448,0.248794113,0.0260122925,0.0483325309,True,26,2.947,
2011-02-10,2011-02-09,TQQQ,QQQ,green,green,27,0,0.1630702531,0.0859654333,0.2815153393,0.0260179961,0.0445240343,True,27,2.851,
2011-02-11,2011-02-10,TQQQ,QQQ,green,green,28,0,0.1705730485,0.0821858886,0.2937646528,0.0291490689,0.0438757779,True,28,3.1214,
2011-02-14,2011-02-11,TQQQ,QQQ,green,green,29,0,0.1645086982,0.0969628869,0.3124549096,0.0324065721,0.0494101662,True,29,2.1196,
2011-02-15,2011-02-14,TQQQ,QQQ,green,green,30,0,0.1656702353,0.1178092921,0.3132499413,0.0325167928,0.050055038,True,30,1.3454,
2011-02-16,2011-02-15,TQQQ,QQQ,green,green,31,0,0.172642449,0.1205503119,0.2949804852,0.0336763707,0.0468433487,True,31,2.098,
2011-02-17,2011-02-16,TQQQ,QQQ,green,green,32,0,0.1901946982,0.1466808186,0.2982411184,0.0341281605,0.0517097103,True,32,3.2343,
2011-02-18,2011-02-17,TQQQ,QQQ,green,green,33,0,0.1764808267,0.1429594013,0.3177613465,0.0266499038,0.0494456268,True,33,1.9864,
2011-02-22,2011-02-18,TQQQ,QQQ,green,green,34,0,0.1814591172,0.1223812461,0.3130958528,0.018987777,0.0453547787,True,34,2.9185,
2011-02-23,2011-02-22,TQQQ,QQQ,green,green,35,0,0.1858080287,0.0890616569,0.2876996714,0.0128221658,0.0140102449,True,35,5.0215,
2011-02-24,2011-02-23,TQQQ,QQQ,green,early_thaw,36,0,0.1709937948,0.0711046546,0.3013709595,0.0101374494,0.0048753807,True,36,3.9341,
2011-02-25,2011-02-24,TQQQ,QQQ,green,green,37,0,0.1925914178,0.094157216,0.2958059786,0.0164326068,0.0092489974,True,37,6.5835,
2011-02-28,2011-02-25,TQQQ,QQQ,green,green,38,0,0.1672129391,0.0874303954,0.3298019302,0.0197345656,0.0220526712,True,38,2.3207,
2011-03-01,2011-02-28,TQQQ,QQQ,green,green,39,0,0.1628101209,0.0969213473,0.3165436635,0.0117672455,0.0228318509,True,39,2.2506,
2011-03-02,2011-03-01,TQQQ,QQQ,green,green,40,0,0.1581300684,0.0800810245,0.3090133349,0.0126534747,0.0055227938,True,40,2.5241,
2011-03-03,2011-03-02,TQQQ,QQQ,green,green,41,0,0.163973559,0.0991226698,0.3204639222,0.0200976384,0.0098938752,True,41,2.3766,
2011-03-04,2011-03-03,TQQQ,QQQ,green,green,42,0,0.1668653135,0.0976786163,0.3074678512,0.0220086262,0.0285167173,True,42,2.9315,
2011-03-07,2011-03-04,TQQQ,QQQ,green,green,43,0,0.1515724001,0.081052575,0.2863663062,0.0248049451,0.0221102407,True,43,2.3792,
2011-03-08,2011-03-07,TQQQ,QQQ,green,early_thaw,44,0,0.1392917141,0.0637348983,0.24837187,0.0165970731,0.0075369179,True,44,2.8721,
2011-03-09,2011-03-08,TQQQ,QQQ,green,early_thaw,45,0,0.1418719436,0.0684095165,0.2618942965,0.0107619677,0.0106341068,True,45,2.7165,
2011-03-10,2011-03-09,TQQQ,QQQ,green,early_thaw,46,0,0.1248145031,0.0605621286,0.2384195083,0.0005064074,0.0029721973,True,46,2.0061,
2011-03-11,2011-03-10,TQQQ,QQQ,orange,orange,1,0,0.1268306798,0.0401496586,0.2143659343,0.004326684,-0.0131903226,True,0,3.4496,signal_trend_template_failed|close_below_50ma
2011-03-14,2011-03-11,TQQQ,QQQ,orange,orange,2,0,0.1195807387,0.0456674064,0.2174792241,0.0053510178,-0.0076311613,True,0,2.0564,signal_trend_template_failed|close_below_50ma
2011-03-15,2011-03-14,TQQQ,QQQ,orange,orange,3,0,0.1067144236,0.0350818928,0.1964805028,0.0076318108,-0.011710393,True,0,1.567,signal_trend_template_failed|close_below_50ma
2011-03-16,2011-03-15,TQQQ,QQQ,orange,orange,4,0,0.1155014978,0.0239415921,0.1745042067,0.0049656496,-0.0261086396,True,0,3.5778,signal_trend_template_failed|close_below_50ma
2011-03-17,2011-03-16,TQQQ,QQQ,orange,orange,5,0,0.101854156,-0.0026218395,0.1389405972,-0.0006114212,-0.0492393456,True,0,3.8253,signal_trend_template_failed|close_below_50ma|relative_strength_below_floor|three_month_momentum_not_positive
2011-03-18,2011-03-17,TQQQ,QQQ,orange,orange,6,0,0.0935361302,0.01104781,0.144901369,-0.005047534,-0.040251518,True,0,2.1093,signal_trend_template_failed|close_below_50ma|relative_strength_below_floor
2011-03-21,2011-03-18,TQQQ,QQQ,orange,orange,7,0,0.0859590488,0.0010064469,0.1384649006,-0.0138957427,-0.042006524,True,0,2.1379,signal_trend_template_failed|close_below_50ma|relative_strength_below_floor
2011-03-22,2011-03-21,TQQQ,QQQ,orange,orange,8,0,0.0944745388,0.0194116574,0.1404565181,-0.0112286489,-0.0234152233,True,0,1.8111,signal_trend_template_failed|close_below_50ma|relative_strength_below_floor
2011-03-23,2011-03-22,TQQQ,QQQ,orange,orange,9,0,0.0874496808,0.016828716,0.1386352574,-0.0081971913,-0.0250406176,True,0,1.2203,signal_trend_template_failed|close_below_50ma|relative_strength_below_floor
2011-03-24,2011-03-23,TQQQ,QQQ,orange,orange,10,0,0.0932613058,0.0163711869,0.1480641328,-0.0060723532,-0.0194847166,True,0,2.0123,signal_trend_template_failed|close_below_50ma|relative_strength_below_floor
2011-03-25,2011-03-24,TQQQ,QQQ,orange,orange,11,0,0.1157912698,0.0346208399,0.1689454659,0.0030087778,-0.0022780872,True,0,2.6518,signal_trend_template_failed|close_below_50ma
2011-03-28,2011-03-25,TQQQ,QQQ,green,green,1,0,0.1156617806,0.0398285599,0.1484705303,0.0024756375,5.9121e-05,False,1,3.0319,
2011-03-29,2011-03-28,TQQQ,QQQ,orange,orange,1,0,0.0981812303,0.0335907899,0.1484509593,-0.001356249,-0.0054056707,False,0,1.7855,signal_trend_template_failed|close_below_50ma|relative_strength_below_floor
2011-03-30,2011-03-29,TQQQ,QQQ,green,green,1,0,0.1020593706,0.0455561225,0.1600944484,0.005461506,0.0042145326,False,1,1.3913,
2011-03-31,2011-03-30,TQQQ,QQQ,green,green,2,0,0.1024490646,0.0482009193,0.1674737717,0.000935162,0.0088687613,False,2,1.417,
2011-04-01,2011-03-31,TQQQ,QQQ,green,early_thaw,3,0,0.1042865301,0.0521590539,0.174343991,0.0048140005,0.0099204899,True,3,1.1888,
2011-04-04,2011-04-01,TQQQ,QQQ,green,early_thaw,4,0,0.1154573594,0.056574916,0.1763959596,0.0048414781,0.0099406411,True,4,1.5942,
2011-04-05,2011-04-04,TQQQ,QQQ,yellow,yellow,1,0,0.1035817825,0.0368975403,0.1853242478,-0.0020558418,0.0060110877,True,5,1.3052,relative_strength_below_floor
2011-04-06,2011-04-05,TQQQ,QQQ,yellow,yellow,2,0,0.0907039775,0.0349304022,0.1541278966,-0.0064907386,0.0031120523,True,6,1.1149,relative_strength_below_floor
2011-04-07,2011-04-06,TQQQ,QQQ,yellow,yellow,3,0,0.096788393,0.0287189949,0.1670624596,-0.0056939481,0.0052846853,True,7,1.3828,relative_strength_below_floor
2011-04-08,2011-04-07,TQQQ,QQQ,yellow,yellow,4,0,0.0899167635,0.024691205,0.1619986046,-0.0088332453,0.0044166882,True,8,1.4981,relative_strength_below_floor
2011-04-11,2011-04-08,TQQQ,QQQ,orange,orange,1,0,0.0791851054,0.020768898,0.1486118301,-0.0106771,-0.0002701652,True,0,1.0349,signal_trend_template_failed|close_below_50ma|relative_strength_below_floor
2011-04-12,2011-04-11,TQQQ,QQQ,orange,orange,2,0,0.0740291016,0.0135533157,0.1443189826,-0.0129001683,-0.0039936123,True,0,1.1399,signal_trend_template_failed|close_below_50ma|relative_strength_below_floor
2011-04-13,2011-04-12,TQQQ,QQQ,orange,orange,3,0,0.0688189179,0.0051557687,0.1287458182,-0.0122022163,-0.0109925602,True,0,1.3263,signal_trend_template_failed|close_below_50ma|relative_strength_below_floor
2011-04-14,2011-04-13,TQQQ,QQQ,orange,orange,4,0,0.0771440477,0.0065454198,0.1291190506,-0.0015477128,-0.002529254,True,0,1.4453,signal_trend_template_failed|close_below_50ma|relative_strength_below_floor
2011-04-15,2011-04-14,TQQQ,QQQ,orange,orange,5,0,0.0754398649,0.0044196773,0.1293679156,-0.0053036552,-0.0042386623,True,0,1.377,signal_trend_template_failed|close_below_50ma|relative_strength_below_floor
2011-04-18,2011-04-15,TQQQ,QQQ,orange,orange,6,0,0.0781227906,-0.0047376956,0.1039507643,-0.0181246408,-0.0058780554,True,0,3.0172,signal_trend_template_failed|close_below_50ma|relative_strength_below_floor|three_month_momentum_not_positive
2011-04-19,2011-04-18,TQQQ,QQQ,orange,orange,7,0,0.0669045626,-0.0145312932,0.1002158027,-0.0103523832,-0.0125337523,True,0,2.4861,signal_trend_template_failed|close_below_50ma|relative_strength_below_floor|three_month_momentum_not_positive
2011-04-20,2011-04-19,TQQQ,QQQ,orange,orange,8,0,0.0750987517,0.0030058761,0.1175171931,-0.0106574215,-0.0060517839,True,0,2.16,signal_trend_template_failed|close_below_50ma|relative_strength_below_floor
2011-04-21,2011-04-20,TQQQ,QQQ,green,green,1,0,0.0997473073,0.0330008336,0.1345304199,0.0018312005,0.0164510049,False,1,2.8151,
2011-04-25,2011-04-21,TQQQ,QQQ,green,green,2,0,0.0966838362,0.0492511714,0.1413170611,0.0106016752,0.024351799,False,2,1.43,
2011-04-26,2011-04-25,TQQQ,QQQ,green,green,3,0,0.0868283895,0.0375998239,0.1364962433,0.0081173892,0.0267866532,False,3,1.0055,
2011-04-27,2011-04-26,TQQQ,QQQ,green,green,4,0,0.085885615,0.0419779346,0.1374017759,0.0033786235,0.0324122527,False,4,1.0102,
2011-04-28,2011-04-27,TQQQ,QQQ,green,green,5,0,0.0933355831,0.0435253733,0.1420552149,0.0030009537,0.039169411,False,5,1.4427,
2011-04-29,2011-04-28,TQQQ,QQQ,yellow,yellow,1,0,0.0920241483,0.0355617041,0.136823615,-0.0060586276,0.0373308018,True,6,1.5178,relative_strength_below_floor
2011-05-02,2011-04-29,TQQQ,QQQ,yellow,yellow,2,0,0.098833721,0.0616066777,0.1334731425,-0.005691349,0.0363506603,True,7,1.199,relative_strength_below_floor
2011-05-03,2011-05-02,TQQQ,QQQ,yellow,yellow,3,0,0.0991413439,0.0545217626,0.1339652051,-0.0024294315,0.0343514443,True,8,1.2257,relative_strength_below_floor
2011-05-04,2011-05-03,TQQQ,QQQ,yellow,yellow,4,0,0.0871168617,0.0301987199,0.1277159625,-0.0057669771,0.0294248302,True,9,1.1699,relative_strength_below_floor
2011-05-05,2011-05-04,TQQQ,QQQ,yellow,yellow,5,0,0.0901017089,0.0302436658,0.1140402739,-0.0013259462,0.0272514572,True,10,1.8256,relative_strength_below_floor
2011-05-06,2011-05-05,TQQQ,QQQ,green,early_thaw,1,0,0.0883892685,0.0228224126,0.102940996,0.0021887174,0.0209975291,True,11,2.1012,
2011-05-09,2011-05-06,TQQQ,QQQ,green,early_thaw,2,0,0.0842013603,0.0204340888,0.0931357333,0.0014797936,0.0237199675,True,12,1.7008,
2011-05-10,2011-05-09,TQQQ,QQQ,orange,orange,1,0,0.077286083,0.019476497,0.0972489056,0.0022436809,0.027168657,True,0,0.937,leveraged_etf_liquidity_below_floor
2011-05-11,2011-05-10,TQQQ,QQQ,green,early_thaw,1,0,0.0849779893,0.0214287936,0.1051550511,0.0017952134,0.0353751799,True,1,1.2703,
2011-05-12,2011-05-11,TQQQ,QQQ,green,early_thaw,2,0,0.089164903,0.0157590509,0.1030792178,0.0057093549,0.0271348615,True,2,1.4529,
2011-05-13,2011-05-12,TQQQ,QQQ,green,early_thaw,3,0,0.0882835625,0.0202243134,0.1040723551,0.0045518654,0.0325127801,True,3,1.3776,
2011-05-16,2011-05-13,TQQQ,QQQ,green,early_thaw,4,0,0.0836437872,0.0008967845,0.0979466262,0.0016485762,0.0202060391,True,4,1.6322,
2011-05-17,2011-05-16,TQQQ,QQQ,yellow,yellow,1,0,0.0705213702,-0.0187610491,0.0968380172,-0.0082539887,0.0027360527,True,5,1.6657,relative_strength_below_floor|three_month_momentum_not_positive
2011-05-18,2011-05-17,TQQQ,QQQ,yellow,yellow,2,0,0.0785141256,-0.0146799016,0.1041007435,-0.0061507601,0.0053732041,True,6,1.8904,relative_strength_below_floor|three_month_momentum_not_positive
2011-05-19,2011-05-18,TQQQ,QQQ,orange,orange,1,0,0.0763882388,-0.0128754812,0.1319167513,-0.0057377674,0.013508556,True,0,0.9185,leveraged_etf_liquidity_below_floor|relative_strength_below_floor|three_month_momentum_not_positive
2011-05-20,2011-05-19,TQQQ,QQQ,yellow,yellow,1,0,0.0748924933,-0.0096476704,0.1319325057,-0.0045737692,0.0160301611,True,1,1.1454,relative_strength_below_floor|three_month_momentum_not_positive
2011-05-23,2011-05-20,TQQQ,QQQ,orange,orange,1,0,0.0637717514,-0.0149579898,0.1055926789,-0.0029166536,0.0077491125,True,0,0.9293,leveraged_etf_liquidity_below_floor|relative_strength_below_floor|three_month_momentum_not_positive
2011-05-24,2011-05-23,TQQQ,QQQ,orange,orange,2,0,0.0675893089,-0.0005207828,0.0884944923,-0.00220047,-0.0072554178,True,0,1.5766,signal_trend_template_failed|close_below_50ma|relative_strength_below_floor|three_month_momentum_not_positive
2011-05-25,2011-05-24,TQQQ,QQQ,orange,orange,3,0,0.0598793514,0.0015878171,0.0728053729,-0.0109459224,-0.0134833129,True,0,1.357,signal_trend_template_failed|close_below_50ma|relative_strength_below_floor
2011-05-26,2011-05-25,TQQQ,QQQ,orange,orange,4,0,0.0586391003,0.0001774099,0.0943513304,-0.0143416099,-0.0101228341,True,0,1.089,signal_trend_template_failed|close_below_50ma|relative_strength_below_floor
2011-05-27,2011-05-26,TQQQ,QQQ,orange,orange,5,0,0.0515582583,-0.0074482481,0.079330944,-0.0156505866,-0.0050855485,True,0,0.97,signal_trend_template_failed|leveraged_etf_liquidity_below_floor|close_below_50ma|relative_strength_below_floor|three_month_momentum_not_positive
2011-05-31,2011-05-27,TQQQ,QQQ,orange,orange,6,0,0.0537759701,-0.0044828028,0.0920040652,-0.0137880313,-0.0010299577,True,0,0.7322,signal_trend_template_failed|leveraged_etf_liquidity_below_floor|close_below_50ma|relative_strength_below_floor|three_month_momentum_not_positive
2011-06-01,2011-05-31,TQQQ,QQQ,yellow,yellow,1,0,0.0743916195,0.0281904358,0.1105289792,-0.0075472146,0.0137680399,True,1,1.2108,relative_strength_below_floor
2011-06-02,2011-06-01,TQQQ,QQQ,orange,orange,1,0,0.0669286038,0.0005346573,0.0997103238,-0.007235357,-0.0088404911,True,0,1.8924,signal_trend_template_failed|close_below_50ma|relative_strength_below_floor
2011-06-03,2011-06-02,TQQQ,QQQ,orange,orange,2,0,0.0471868585,-0.0168058262,0.0792312203,-0.0054662473,-0.0073808831,True,0,0.9644,signal_trend_template_failed|leveraged_etf_liquidity_below_floor|close_below_50ma|relative_strength_below_floor|three_month_momentum_not_positive
2011-06-06,2011-06-03,TQQQ,QQQ,orange,orange,3,0,0.0389832125,-0.0265737535,0.0523249504,-0.0120642738,-0.0225190902,True,0,1.6013,signal_trend_template_failed|close_below_50ma|relative_strength_below_floor|three_month_momentum_not_positive
2011-06-07,2011-06-06,TQQQ,QQQ,orange,orange,4,0,0.0324264839,-0.0213524971,0.041021502,-0.0073745846,-0.0302262165,True,0,1.0266,signal_trend_template_failed|close_below_50ma|relative_strength_below_floor|three_month_momentum_not_positive
2011-06-08,2011-06-07,TQQQ,QQQ,orange,orange,5,0,0.0275542831,-0.0270162032,0.0395451479,-0.0070107514,-0.0316086046,True,0,1.0661,signal_trend_template_failed|close_below_50ma|relative_strength_below_floor|three_month_momentum_not_positive
2011-06-09,2011-06-08,TQQQ,QQQ,orange,orange,6,0,0.0311351458,-0.0273863116,0.0315172437,-0.0078447388,-0.0381709018,True,0,1.7467,signal_trend_template_failed|close_below_50ma|relative_strength_below_floor|three_month_momentum_not_positive
2011-06-10,2011-06-09,TQQQ,QQQ,orange,orange,7,0,0.0254368777,-0.0101835143,0.0295572797,-0.0159027124,-0.0359021809,True,0,0.8266,signal_trend_template_failed|leveraged_etf_liquidity_below_floor|close_below_50ma|relative_strength_below_floor|three_month_momentum_not_positive
2011-06-13,2011-06-10,TQQQ,QQQ,orange,orange,8,0,0.0132316986,-0.0313843028,0.0128498639,-0.0175928752,-0.0497753869,True,0,0.9969,signal_trend_template_failed|leveraged_etf_liquidity_below_floor|close_below_50ma|relative_strength_below_floor|three_month_momentum_not_positive
2011-06-14,2011-06-13,TQQQ,QQQ,orange,orange,9,0,0.0097383512,-0.0279429646,0.0061586361,-0.0197172089,-0.0488524011,False,0,1.0563,signal_trend_template_failed|close_below_50ma|relative_strength_below_floor|three_month_momentum_not_positive
2011-06-15,2011-06-14,TQQQ,QQQ,orange,orange,10,0,0.0265685346,-0.0012958636,0.0226147035,-0.0171318556,-0.0359556644,False,0,1.0871,signal_trend_template_failed|close_below_50ma|relative_strength_below_floor|three_month_momentum_not_positive
2011-06-16,2011-06-15,TQQQ,QQQ,red,red,1,0,0.026706119,0.0039998937,0.0013675672,-0.0146965204,-0.0532642312,False,0,1.5688,close_below_200ma|signal_trend_template_failed
2011-06-17,2011-06-16,TQQQ,QQQ,red,red,2,0,0.0194548961,-0.0090336244,0.0019143838,-0.019028548,-0.0559251763,False,0,1.4748,close_below_200ma|signal_trend_template_failed
2011-06-20,2011-06-17,TQQQ,QQQ,red,red,3,0,0.0165613034,-0.0099057253,-0.008909248,-0.0225626542,-0.0577801935,False,0,1.5463,close_below_200ma|signal_trend_template_failed|not_30pct_above_52w_low
2011-06-21,2011-06-20,TQQQ,QQQ,red,red,4,0,0.0062572082,-0.0235813549,-0.0046274508,-0.0230449199,-0.0518718802,False,0,0.8222,close_below_200ma|signal_trend_template_failed|leveraged_etf_liquidity_below_floor
2011-06-22,2011-06-21,TQQQ,QQQ,orange,orange,1,0,0.0319689025,-0.000833081,0.0159816153,-0.0151072411,-0.0309896654,False,0,1.3799,signal_trend_template_failed|close_below_50ma|relative_strength_below_floor|three_month_momentum_not_positive
2011-06-23,2011-06-22,TQQQ,QQQ,orange,orange,2,0,0.016108248,-0.013589333,0.0025593803,-0.0183312747,-0.037398934,False,0,1.1295,signal_trend_template_failed|close_below_50ma|relative_strength_below_floor|three_month_momentum_not_positive
2011-06-24,2011-06-23,TQQQ,QQQ,orange,orange,3,0,0.0323607215,-0.0217970547,0.0120691529,-0.006933392,-0.0281367036,False,0,2.1618,signal_trend_template_failed|close_below_50ma|relative_strength_below_floor|three_month_momentum_not_positive
2011-06-27,2011-06-24,TQQQ,QQQ,red,red,1,0,0.011958845,-0.0411342752,-0.0029440343,-0.013147636,-0.0442096014,False,0,1.6624,close_below_200ma|signal_trend_template_failed
2011-06-28,2011-06-27,TQQQ,QQQ,orange,orange,1,0,0.023834268,-0.0204510625,0.0124527601,-0.0050336189,-0.028449202,False,0,1.3784,signal_trend_template_failed|close_below_50ma|relative_strength_below_floor|three_month_momentum_not_positive
2011-06-29,2011-06-28,TQQQ,QQQ,orange,orange,2,0,0.029259166,-0.015491634,0.0293587498,-0.0036193234,-0.0138725593,False,0,1.1171,signal_trend_template_failed|close_below_50ma|relative_strength_below_floor|three_month_momentum_not_positive
2011-06-30,2011-06-29,TQQQ,QQQ,orange,orange,3,0,0.0295797333,-0.0161074688,0.0313170556,-0.0084471629,-0.0098888501,False,0,1.3415,signal_trend_template_failed|close_below_50ma|relative_strength_below_floor|three_month_momentum_not_positive
2011-07-01,2011-06-30,TQQQ,QQQ,yellow,yellow,1,0,0.0433175312,-0.0043889853,0.0475411432,-0.0058898981,0.003097449,False,1,1.8408,relative_strength_below_floor|three_month_momentum_not_positive
2011-07-05,2011-07-01,TQQQ,QQQ,yellow,yellow,2,0,0.0519261051,0.0100916211,0.0672374697,-0.0029931078,0.0181616475,False,2,1.6341,relative_strength_below_floor
2011-07-06,2011-07-05,TQQQ,QQQ,yellow,yellow,3,0,0.0494872327,0.0185178133,0.0560986154,-0.0007336015,0.0232637722,False,3,1.5834,relative_strength_below_floor
2011-07-07,2011-07-06,TQQQ,QQQ,green,green,1,0,0.0566012564,0.0245260362,0.0603131428,0.0047416099,0.0265929621,False,4,1.7432,
2011-07-08,2011-07-07,TQQQ,QQQ,green,green,2,0,0.0710080395,0.0360240425,0.0657776117,0.0067065022,0.0404749442,False,5,2.4332,
2011-07-11,2011-07-08,TQQQ,QQQ,green,green,3,0,0.077249379,0.0339457316,0.0594750976,0.0093555564,0.0376833417,False,6,3.2903,
2011-07-12,2011-07-11,TQQQ,QQQ,green,green,4,0,0.0640854063,0.0200169511,0.0412015791,0.0095403631,0.0192457537,False,7,2.8875,
2011-07-13,2011-07-12,TQQQ,QQQ,green,green,5,0,0.0488767158,0.0156626525,0.029428249,0.0035939702,0.0120165255,False,8,2.0938,
2011-07-14,2011-07-13,TQQQ,QQQ,green,green,6,0,0.0561973804,0.026956207,0.0322509557,0.0044760995,0.0166247513,False,9,2.42,
2011-07-15,2011-07-14,TQQQ,QQQ,yellow,yellow,1,0,0.0421565281,0.0064734517,0.013061243,-0.0047363121,0.0053517826,False,10,2.5126,relative_strength_below_floor
2011-07-18,2011-07-15,TQQQ,QQQ,green,green,1,0,0.0475023779,0.0216693841,0.026184833,0.0022863458,0.0189575665,False,11,2.0403,
2011-07-19,2011-07-18,TQQQ,QQQ,green,green,2,0,0.0421431958,0.0179882317,0.0131653133,0.0074695228,0.0137151022,False,12,1.7629,
2011-07-20,2011-07-19,TQQQ,QQQ,green,green,3,0,0.0740121132,0.0485680778,0.0333310276,0.0126762947,0.0366073576,False,13,3.2281,
2011-07-21,2011-07-20,TQQQ,QQQ,green,green,4,0,0.0615387656,0.0376577038,0.0407767742,0.0088721552,0.032188942,False,14,2.3527,
2011-07-22,2011-07-21,TQQQ,QQQ,yellow,yellow,1,0,0.0592920411,0.0214630019,0.0551721325,-0.0020391036,0.03908326,False,15,2.9414,relative_strength_below_floor
2011-07-25,2011-07-22,TQQQ,QQQ,green,green,1,0,0.0593548835,0.0238888426,0.0743165675,0.0097241466,0.0494689086,False,16,2.1141,
2011-07-26,2011-07-25,TQQQ,QQQ,green,green,2,0,0.0498567609,0.0192064346,0.057528417,0.01055018,0.04717034,False,17,1.8405,
2011-07-27,2011-07-26,TQQQ,QQQ,green,green,3,0,0.057511575,0.016044255,0.0586956943,0.0190399019,0.0493122173,False,18,2.3878,
2011-07-28,2011-07-27,TQQQ,QQQ,yellow,yellow,1,0,0.043286493,-0.0168816538,0.0259089392,0.0117095612,0.0219182908,True,19,3.0757,three_month_momentum_not_positive
2011-07-29,2011-07-28,TQQQ,QQQ,yellow,yellow,2,0,0.0419619347,-0.0136904068,0.0213844432,0.0171744477,0.0234041965,True,20,2.6486,three_month_momentum_not_positive
2011-08-01,2011-07-29,TQQQ,QQQ,red,red,1,0,0.0531642493,-0.0160785747,0.0445375555,0.024590068,0.0200305851,True,0,3.1829,50ma_below_150ma|signal_trend_template_failed
2011-08-02,2011-08-01,TQQQ,QQQ,red,red,2,0,0.0609792281,-0.0188326926,0.0346622785,0.0255970951,0.0154068114,True,0,4.138,50ma_below_150ma|signal_trend_template_failed
2011-08-03,2011-08-02,TQQQ,QQQ,red,red,3,0,0.0384446865,-0.0390836149,-0.0100651702,0.0259049724,-0.0097950425,True,0,3.4299,50ma_below_150ma|signal_trend_template_failed
2011-08-04,2011-08-03,TQQQ,QQQ,red,red,4,0,0.0479832625,-0.0283722805,0.0010133035,0.0282648699,-0.0002987681,True,0,3.4906,50ma_below_150ma|signal_trend_template_failed
2011-08-05,2011-08-04,TQQQ,QQQ,red,red,5,0,0.03352439,-0.0684373691,-0.0471768624,0.0261456097,-0.0459922976,True,0,5.0168,50ma_below_150ma|signal_trend_template_failed|not_30pct_above_52w_low
2011-08-08,2011-08-05,TQQQ,QQQ,red,red,6,0,0.0247872676,-0.0772926794,-0.0584379961,0.0206761008,-0.0510333669,False,0,5.3383,50ma_below_150ma|signal_trend_template_failed|not_30pct_above_52w_low
2011-08-09,2011-08-08,TQQQ,QQQ,red,red,7,0,-0.0183967854,-0.1360804443,-0.1192543177,0.0240720915,-0.1061269592,False,0,5.3366,50ma_below_150ma|signal_trend_template_failed|not_30pct_above_52w_low
2011-08-10,2011-08-09,TQQQ,QQQ,red,red,8,0,0.008423545,-0.102062577,-0.0828208613,0.0264134517,-0.061598225,False,0,6.7034,50ma_below_150ma|signal_trend_template_failed|not_30pct_above_52w_low
2011-08-11,2011-08-10,TQQQ,QQQ,red,red,9,0,-0.0222852062,-0.1325043721,-0.1188334644,0.0250960968,-0.0976443842,False,0,4.4927,50ma_below_150ma|signal_trend_template_failed|not_30pct_above_52w_low
2011-08-12,2011-08-11,TQQQ,QQQ,red,red,10,0,0.0051621233,-0.0996605737,-0.081451827,0.0248886566,-0.0566095247,False,0,4.4862,50ma_below_150ma|signal_trend_template_failed|not_30pct_above_52w_low
2011-08-15,2011-08-12,TQQQ,QQQ,red,red,11,0,0.0067482872,-0.0808061295,-0.0799818107,0.0275236419,-0.0470704655,False,0,4.021,50ma_below_150ma|signal_trend_template_failed|not_30pct_above_52w_low
2011-08-16,2011-08-15,TQQQ,QQQ,red,red,12,0,0.0074365439,-0.0508377231,-0.0686450032,0.026358464,-0.0323754581,False,0,2.5387,50ma_below_150ma|signal_trend_template_failed|not_30pct_above_52w_low
2011-08-17,2011-08-16,TQQQ,QQQ,red,red,13,0,-2.00892e-05,-0.0614860797,-0.0752633717,0.0251264627,-0.0399262358,False,0,2.4597,50ma_below_150ma|signal_trend_template_failed|not_30pct_above_52w_low
2011-08-18,2011-08-17,TQQQ,QQQ,red,red,14,0,0.0016333861,-0.0747733129,-0.0866860518,0.0202828782,-0.0449168196,False,0,3.4091,50ma_below_150ma|signal_trend_template_failed|not_30pct_above_52w_low
2011-08-19,2011-08-18,TQQQ,QQQ,red,red,15,0,-0.0254798224,-0.1227581006,-0.1312214413,0.0143868877,-0.0903978358,False,0,4.5145,50ma_below_150ma|signal_trend_template_failed|not_30pct_above_52w_low
2011-08-22,2011-08-19,TQQQ,QQQ,red,red,16,0,-0.0433860668,-0.1320381373,-0.145021102,0.0141092986,-0.1051178714,False,0,3.7248,50ma_below_150ma|signal_trend_template_failed|not_30pct_above_52w_low
2011-08-23,2011-08-22,TQQQ,QQQ,red,red,17,0,-0.0382577816,-0.1159063696,-0.1163667904,0.0205953754,-0.1005116502,False,0,2.8313,50ma_below_150ma|signal_trend_template_failed|not_30pct_above_52w_low
2011-08-24,2011-08-23,TQQQ,QQQ,red,red,18,0,0.0088419591,-0.0737627354,-0.07229204,0.0317007148,-0.0626771395,False,0,4.2059,50ma_below_150ma|signal_trend_template_failed|not_30pct_above_52w_low
2011-08-25,2011-08-24,TQQQ,QQQ,red,red,19,0,-0.0033719305,-0.0701148614,-0.0699498905,0.0243207456,-0.0544697723,False,0,2.9664,50ma_below_150ma|signal_trend_template_failed|not_30pct_above_52w_low
2011-08-26,2011-08-25,TQQQ,QQQ,red,red,20,0,-0.0281064727,-0.0908951906,-0.0976664288,0.0212286253,-0.0691211994,False,0,2.1854,50ma_below_150ma|signal_trend_template_failed|not_30pct_above_52w_low
2011-08-29,2011-08-26,TQQQ,QQQ,red,red,21,0,0.0019852438,-0.072798926,-0.0769553856,0.0322263476,-0.0454887542,False,0,3.4157,50ma_below_150ma|signal_trend_template_failed|not_30pct_above_52w_low
2011-08-30,2011-08-29,TQQQ,QQQ,red,red,22,0,0.0198126245,-0.0621579243,-0.0357197475,0.0292275627,-0.0191888841,False,0,3.7739,50ma_below_150ma|signal_trend_template_failed|not_30pct_above_52w_low
2011-08-31,2011-08-30,TQQQ,QQQ,red,red,23,0,0.0335618895,-0.0349748816,-0.0344589238,0.0330963928,-0.013041951,False,0,3.8928,50ma_below_150ma|signal_trend_template_failed|not_30pct_above_52w_low
2011-09-01,2011-08-31,TQQQ,QQQ,red,red,24,0,0.0329010947,-0.0354225936,-0.0516331138,0.0279515562,-0.0113658336,False,0,4.386,50ma_below_150ma|signal_trend_template_failed|not_30pct_above_52w_low
2011-09-02,2011-09-01,TQQQ,QQQ,red,red,25,0,0.0235886463,-0.0295946907,-0.0553820021,0.0310470665,-0.0202485978,False,0,3.288,50ma_below_150ma|signal_trend_template_failed|not_30pct_above_52w_low
2011-09-06,2011-09-02,TQQQ,QQQ,red,red,26,0,0.0034185575,-0.0445610544,-0.0649620617,0.0325591614,-0.0425255513,False,0,2.3824,50ma_below_150ma|signal_trend_template_failed|not_30pct_above_52w_low
2011-09-07,2011-09-06,TQQQ,QQQ,red,red,27,0,0.0087458156,-0.0426689193,-0.0685323703,0.0412850741,-0.0419707108,False,0,2.628,50ma_below_150ma|signal_trend_template_failed|not_30pct_above_52w_low
2011-09-08,2011-09-07,TQQQ,QQQ,red,red,28,0,0.0304075375,-0.0113282387,-0.0384043117,0.043167826,-0.0174851983,False,0,2.6611,50ma_below_150ma|signal_trend_template_failed|not_30pct_above_52w_low
2011-09-09,2011-09-08,TQQQ,QQQ,red,red,29,0,0.0375682362,-0.0176255058,-0.0276295305,0.0505128306,-0.021389592,False,0,3.2628,50ma_below_150ma|signal_trend_template_failed|not_30pct_above_52w_low
2011-09-12,2011-09-09,TQQQ,QQQ,red,red,30,0,0.0270029154,-0.0245380933,-0.0551522851,0.0549060024,-0.042085053,False,0,3.1797,50ma_below_150ma|signal_trend_template_failed|not_30pct_above_52w_low
2011-09-13,2011-09-12,TQQQ,QQQ,red,red,31,0,0.0452505635,-0.01206501,-0.0396708425,0.0613365194,-0.0287201346,False,0,3.8083,50ma_below_150ma|signal_trend_template_failed|not_30pct_above_52w_low
2011-09-14,2011-09-13,TQQQ,QQQ,red,red,32,0,0.0628212835,-0.0115216023,-0.0128025354,0.0664797156,-0.014552384,False,0,4.625,50ma_below_150ma|signal_trend_template_failed|not_30pct_above_52w_low
2011-09-15,2011-09-14,TQQQ,QQQ,red,red,33,0,0.0807702399,0.0219956837,0.0260835578,0.0719152648,0.0005566171,False,0,4.0222,50ma_below_150ma|signal_trend_template_failed|not_30pct_above_52w_low
2011-09-16,2011-09-15,TQQQ,QQQ,red,red,34,0,0.0911144175,0.0411609827,0.0317555255,0.074363413,0.0161889945,False,0,4.2364,50ma_below_150ma|signal_trend_template_failed|not_30pct_above_52w_low
2011-09-19,2011-09-16,TQQQ,QQQ,red,red,35,0,0.1044197026,0.0540052994,0.0435646124,0.0831892348,0.0264297398,False,0,4.5474,50ma_below_150ma|signal_trend_template_failed|not_30pct_above_52w_low
2011-09-20,2011-09-19,TQQQ,QQQ,red,red,36,0,0.1024352879,0.0489177843,0.0241828817,0.0921029656,0.0276538319,False,0,4.5818,50ma_below_150ma|signal_trend_template_failed|not_30pct_above_52w_low
2011-09-21,2011-09-20,TQQQ,QQQ,red,red,37,0,0.0847267973,0.0223522964,0.0215005941,0.0823986533,0.0236704185,False,0,4.3654,50ma_below_150ma|signal_trend_template_failed|not_30pct_above_52w_low
2011-09-22,2011-09-21,TQQQ,QQQ,red,red,38,0,0.0767920759,0.0119045705,-0.0018465377,0.0923807653,0.0066144084,False,0,4.0619,50ma_below_150ma|signal_trend_template_failed|not_30pct_above_52w_low
2011-09-23,2011-09-22,TQQQ,QQQ,red,red,39,0,0.0521297384,-0.0300075936,-0.0511505711,0.0801616485,-0.0246591018,False,0,5.2465,50ma_below_150ma|signal_trend_template_failed|not_30pct_above_52w_low
2011-09-26,2011-09-23,TQQQ,QQQ,red,red,40,0,0.0592063098,-0.0023825173,-0.0434187894,0.0876229463,-0.0132650952,False,0,4.2173,50ma_below_150ma|signal_trend_template_failed|not_30pct_above_52w_low
2011-09-27,2011-09-26,TQQQ,QQQ,red,red,41,0,0.0573437548,-0.0066679481,-0.0269826439,0.0746691275,-0.0007059778,False,0,4.1184,50ma_below_150ma|signal_trend_template_failed|not_30pct_above_52w_low
2011-09-28,2011-09-27,TQQQ,QQQ,red,red,42,0,0.057467688,-0.0110107293,-0.0263317891,0.0713375754,0.010459637,False,0,4.4512,50ma_below_150ma|signal_trend_template_failed|not_30pct_above_52w_low
2011-09-29,2011-09-28,TQQQ,QQQ,red,red,43,0,0.0481943862,-0.029642194,-0.0452722021,0.0780324183,-0.0029766857,False,0,4.4078,50ma_below_150ma|signal_trend_template_failed|not_30pct_above_52w_low
2011-09-30,2011-09-29,TQQQ,QQQ,red,red,44,0,0.0330238786,-0.0538135373,-0.0579663358,0.0569408355,-0.0131971964,False,0,5.3478,stage4_breakdown|signal_trend_template_failed|not_30pct_above_52w_low
2011-10-03,2011-09-30,TQQQ,QQQ,red,red,45,0,0.0023442585,-0.0919125795,-0.0827485053,0.0547674439,-0.0363992821,False,0,4.2126,stage4_breakdown|signal_trend_template_failed|not_30pct_above_52w_low
2011-10-04,2011-10-03,TQQQ,QQQ,red,red,46,0,-0.0083321989,-0.1196761565,-0.1033744839,0.0541798258,-0.0582952219,False,0,5.5462,stage4_breakdown|signal_trend_template_failed|not_30pct_above_52w_low
2011-10-05,2011-10-04,TQQQ,QQQ,red,red,47,0,0.0033842932,-0.1045248456,-0.0825623895,0.0536387967,-0.0364125165,False,0,9.8757,stage4_breakdown|signal_trend_template_failed|not_30pct_above_52w_low
2011-10-06,2011-10-05,TQQQ,QQQ,red,red,48,0,0.0185382511,-0.0939470759,-0.0613073868,0.0598435804,-0.009481199,False,0,8.0255,stage4_breakdown|signal_trend_template_failed|not_30pct_above_52w_low
2011-10-07,2011-10-06,TQQQ,QQQ,red,red,49,0,0.0296848604,-0.0762163233,-0.0448578106,0.0585653246,0.0084984173,False,0,7.3987,stage4_breakdown|signal_trend_template_failed|not_30pct_above_52w_low
2011-10-10,2011-10-07,TQQQ,QQQ,red,red,50,0,0.0306801078,-0.0653852841,-0.046677147,0.0611027891,0.0033197077,False,0,4.5777,stage4_breakdown|signal_trend_template_failed|not_30pct_above_52w_low
2011-10-11,2011-10-10,TQQQ,QQQ,red,red,51,0,0.0430433098,-0.0256651876,-0.0104045201,0.0644301123,0.0387722267,False,0,3.7976,stage4_breakdown|signal_trend_template_failed|not_30pct_above_52w_low
2011-10-12,2011-10-11,TQQQ,QQQ,red,red,52,0,0.0461299168,-0.0231226409,0.0032102674,0.069500784,0.046334829,False,0,3.5924,50ma_below_150ma|signal_trend_template_failed|not_30pct_above_52w_low
2011-10-13,2011-10-12,TQQQ,QQQ,red,red,53,0,0.060209868,-0.0067442044,-0.000314411,0.0660045758,0.0513673201,False,0,4.7037,50ma_below_150ma|signal_trend_template_failed|not_30pct_above_52w_low
2011-10-14,2011-10-13,TQQQ,QQQ,red,red,54,0,0.0504395581,-0.0107877141,0.0106479068,0.0730691003,0.0608628952,False,0,3.491,50ma_below_150ma|signal_trend_template_failed|not_30pct_above_52w_low
2011-10-17,2011-10-14,TQQQ,QQQ,red,red,55,0,0.0712558469,0.0129977124,0.0312197499,0.0781205938,0.0789025217,False,0,3.7683,50ma_below_150ma|signal_trend_template_failed|not_30pct_above_52w_low
2011-10-18,2011-10-17,TQQQ,QQQ,red,red,56,0,0.0675198162,-0.0248727497,0.0224873064,0.0761005142,0.0608163099,False,0,20.5392,50ma_below_150ma|signal_trend_template_failed|not_30pct_above_52w_low
2011-10-19,2011-10-18,TQQQ,QQQ,red,red,57,0,0.0703953035,-0.0085741943,0.028760625,0.0711811505,0.0709928712,False,0,5.5584,50ma_below_150ma|signal_trend_template_failed|not_30pct_above_52w_low
2011-10-20,2011-10-19,TQQQ,QQQ,red,red,58,0,0.0448666957,-0.034150728,-0.0134207033,0.0628756381,0.048782046,True,0,4.4399,50ma_below_150ma|signal_trend_template_failed|not_30pct_above_52w_low
2011-10-21,2011-10-20,TQQQ,QQQ,red,red,59,0,0.0246504488,-0.0487426505,-0.0260182133,0.0485818707,0.0413814097,True,0,3.6765,50ma_below_150ma|signal_trend_template_failed|not_30pct_above_52w_low
2011-10-24,2011-10-21,TQQQ,QQQ,red,red,60,0,0.0263422125,-0.0348642108,-0.0163273934,0.0400147075,0.0527815961,True,0,3.5309,50ma_below_150ma|signal_trend_template_failed|not_30pct_above_52w_low
2011-10-25,2011-10-24,TQQQ,QQQ,red,red,61,0,0.0412227708,-0.0172986958,-0.0015319855,0.0468069408,0.0726672714,True,0,3.9293,50ma_below_150ma|signal_trend_template_failed|not_30pct_above_52w_low
2011-10-26,2011-10-25,TQQQ,QQQ,red,red,62,0,0.0363721699,-0.0110801408,-0.0277747435,0.0481121152,0.0503902167,True,0,3.7704,50ma_below_150ma|signal_trend_template_failed|not_30pct_above_52w_low
2011-10-27,2011-10-26,TQQQ,QQQ,red,red,63,0,0.0440767649,-0.0139847117,-0.027483662,0.0364019221,0.0477759516,True,0,7.1776,50ma_below_150ma|signal_trend_template_failed|not_30pct_above_52w_low
2011-10-28,2011-10-27,TQQQ,QQQ,red,red,64,0,0.0577427042,0.0165367758,0.0001923133,0.0294680992,0.0745712431,True,0,6.6813,50ma_below_150ma|signal_trend_template_failed|not_30pct_above_52w_low
2011-10-31,2011-10-28,TQQQ,QQQ,red,red,65,0,0.0365223154,0.0228534274,0.0035903433,0.0313147083,0.0730468508,True,0,2.579,50ma_below_150ma|signal_trend_template_failed|not_30pct_above_52w_low
2011-11-01,2011-10-31,TQQQ,QQQ,red,red,66,0,0.0447383858,0.0317659651,-0.0085591786,0.0385731291,0.0519541594,True,0,3.0452,50ma_below_150ma|signal_trend_template_failed|not_30pct_above_52w_low
2011-11-02,2011-11-01,TQQQ,QQQ,red,red,67,0,0.0463701883,-0.0046703927,-0.0329101636,0.0355145392,0.0221967839,True,0,6.9865,50ma_below_150ma|signal_trend_template_failed|not_30pct_above_52w_low
2011-11-03,2011-11-02,TQQQ,QQQ,red,red,68,0,0.0601659886,0.0527150317,-0.0193300155,0.0276032254,0.0291245143,True,0,4.4396,50ma_below_150ma|signal_trend_template_failed|not_30pct_above_52w_low
2011-11-04,2011-11-03,TQQQ,QQQ,red,red,69,0,0.0816500084,0.0813258816,-0.0022526931,0.0341709365,0.0483713156,True,0,5.52,50ma_below_150ma|signal_trend_template_failed|not_30pct_above_52w_low
2011-11-07,2011-11-04,TQQQ,QQQ,red,red,70,0,0.0826205445,0.1446372613,-0.0111254858,0.0336061978,0.040679828,True,0,3.013,50ma_below_150ma|signal_trend_template_failed|not_30pct_above_52w_low
2011-11-08,2011-11-07,TQQQ,QQQ,red,red,71,0,0.0847828283,0.0997164256,-0.0125234668,0.0352689757,0.0461111422,True,0,4.3399,50ma_below_150ma|signal_trend_template_failed|not_30pct_above_52w_low
2011-11-09,2011-11-08,TQQQ,QQQ,red,red,72,0,0.1080544095,0.1598347023,0.0061515334,0.0324450847,0.0564918772,True,0,4.1392,50ma_below_150ma|signal_trend_template_failed|not_30pct_above_52w_low
2011-11-10,2011-11-09,TQQQ,QQQ,red,red,73,0,0.066766092,0.0718526349,-0.0349688136,0.0316300826,0.0186401324,True,0,4.0038,50ma_below_150ma|signal_trend_template_failed|not_30pct_above_52w_low
2011-11-11,2011-11-10,TQQQ,QQQ,red,red,74,0,0.052019764,0.0618875656,-0.0239194586,0.0211714536,0.017437125,True,0,3.194,50ma_below_150ma|signal_trend_template_failed|not_30pct_above_52w_low
2011-11-14,2011-11-11,TQQQ,QQQ,red,red,75,0,0.0640418851,0.0661748919,0.011972988,0.0290997229,0.0353520221,True,0,3.2517,50ma_below_150ma|signal_trend_template_failed|not_30pct_above_52w_low
2011-11-15,2011-11-14,TQQQ,QQQ,red,red,76,0,0.0549526399,0.0685830888,0.0028801038,0.0313692435,0.0273250947,True,0,2.1081,50ma_below_150ma|signal_trend_template_failed|not_30pct_above_52w_low
2011-11-16,2011-11-15,TQQQ,QQQ,red,red,77,0,0.0859355731,0.0869319202,0.0056584196,0.0408965835,0.0369311998,True,0,4.2335,50ma_below_150ma|signal_trend_template_failed|not_30pct_above_52w_low
2011-11-17,2011-11-16,TQQQ,QQQ,red,red,78,0,0.0950925604,0.1241615064,-0.0138384249,0.0428169905,0.0188502347,True,0,4.4269,50ma_below_150ma|signal_trend_template_failed|not_30pct_above_52w_low
2011-11-18,2011-11-17,TQQQ,QQQ,red,red,79,0,0.0928885978,0.1180004766,-0.0296182238,0.0349498706,-0.005576582,True,0,7.5932,close_below_200ma|signal_trend_template_failed|not_30pct_above_52w_low
2011-11-21,2011-11-18,TQQQ,QQQ,red,red,80,0,0.0777706979,0.105411971,-0.0227123175,0.0286395201,-0.0140499751,True,0,3.9256,close_below_200ma|signal_trend_template_failed|not_30pct_above_52w_low
2011-11-22,2011-11-21,TQQQ,QQQ,red,red,81,0,0.051935288,0.041330892,-0.035480523,0.0258962731,-0.0331141327,True,0,4.2635,close_below_200ma|signal_trend_template_failed|not_30pct_above_52w_low
2011-11-23,2011-11-22,TQQQ,QQQ,red,red,82,0,0.0627686963,0.036650481,-0.0360341238,0.0369466817,-0.0299254674,True,0,5.0634,close_below_200ma|signal_trend_template_failed|not_30pct_above_52w_low
2011-11-25,2011-11-23,TQQQ,QQQ,red,red,83,0,0.0489568675,0.0300758401,-0.0635530997,0.0354662902,-0.0511464254,True,0,4.5737,close_below_200ma|signal_trend_template_failed|not_30pct_above_52w_low
2011-11-28,2011-11-25,TQQQ,QQQ,red,red,84,0,0.0011481073,-0.0028594282,-0.0754501909,0.0240487341,-0.0573737862,True,0,1.78,close_below_200ma|signal_trend_template_failed|not_30pct_above_52w_low
2011-11-29,2011-11-28,TQQQ,QQQ,red,red,85,0,0.0376214168,0.003872852,-0.0585258008,0.0284198235,-0.0239237732,True,0,4.1763,200ma_not_rising|signal_trend_template_failed|signal_200ma_not_rising|not_30pct_above_52w_low
2011-11-30,2011-11-29,TQQQ,QQQ,red,red,86,0,0.0287039528,-0.0088988504,-0.0435624957,0.0183469558,-0.0292165919,True,0,3.6589,200ma_not_rising|signal_trend_template_failed|signal_200ma_not_rising|not_30pct_above_52w_low
2011-12-01,2011-11-30,TQQQ,QQQ,red,red,87,0,0.0604470127,0.0260546455,-0.0102908712,0.0168482454,0.0066549067,False,0,4.1995,200ma_not_rising|signal_trend_template_failed|signal_200ma_not_rising|not_30pct_above_52w_low
2011-12-02,2011-12-01,TQQQ,QQQ,red,red,88,0,0.0631428155,0.0426190688,0.0117630799,0.025724135,0.0131107705,False,0,3.246,200ma_not_rising|signal_trend_template_failed|signal_200ma_not_rising|not_30pct_above_52w_low
2011-12-05,2011-12-02,TQQQ,QQQ,red,red,89,0,0.061773571,0.0646585419,0.0172162346,0.0231597417,0.0091613304,False,0,2.2619,200ma_not_rising|signal_trend_template_failed|signal_200ma_not_rising|not_30pct_above_52w_low
2011-12-06,2011-12-05,TQQQ,QQQ,red,red,90,0,0.0759256764,0.0761149176,0.030198257,0.0188362022,0.0190892621,False,0,3.4233,200ma_not_rising|signal_trend_template_failed|signal_200ma_not_rising|not_30pct_above_52w_low
2011-12-07,2011-12-06,TQQQ,QQQ,red,red,91,0,0.0575234511,0.0465934515,0.034737391,0.0178512596,0.0154092314,True,0,2.5147,200ma_not_rising|signal_trend_template_failed|signal_200ma_not_rising|not_30pct_above_52w_low
2011-12-08,2011-12-07,TQQQ,QQQ,red,red,92,0,0.0586245537,0.0514043239,0.0328727909,0.0120087086,0.0147846133,True,0,2.7713,200ma_not_rising|signal_trend_template_failed|signal_200ma_not_rising|not_30pct_above_52w_low
2011-12-09,2011-12-08,TQQQ,QQQ,red,red,93,0,0.0748833287,0.057241315,0.031298629,0.0136911816,-0.0028464667,True,0,4.4348,200ma_not_rising|signal_trend_template_failed|signal_200ma_not_rising|not_30pct_above_52w_low
2011-12-12,2011-12-09,TQQQ,QQQ,red,red,94,0,0.0690892209,0.0606344301,0.0478378651,0.0100466228,0.0120159191,True,0,3.5088,200ma_not_rising|signal_trend_template_failed|signal_200ma_not_rising|not_30pct_above_52w_low
2011-12-13,2011-12-12,TQQQ,QQQ,red,red,95,0,0.0584617254,0.0348947955,0.0229711493,0.0117599074,-0.0007232144,True,0,3.7107,200ma_not_rising|signal_trend_template_failed|signal_200ma_not_rising|not_30pct_above_52w_low
2011-12-14,2011-12-13,TQQQ,QQQ,red,red,96,0,0.0492452592,0.0090934276,0.0312891274,0.0099204095,-0.0133279437,True,0,3.8696,200ma_not_rising|signal_trend_template_failed|signal_200ma_not_rising|not_30pct_above_52w_low
2011-12-15,2011-12-14,TQQQ,QQQ,red,red,97,0,0.0441167961,-0.0211502361,0.0191401822,0.0084448048,-0.029649902,True,0,6.531,200ma_not_rising|signal_trend_template_failed|signal_200ma_not_rising|not_30pct_above_52w_low
2011-12-16,2011-12-15,TQQQ,QQQ,red,red,98,0,0.0358944836,-0.0326912908,0.0195485056,0.002054542,-0.0327153008,True,0,4.8522,200ma_not_rising|signal_trend_template_failed|signal_200ma_not_rising|not_30pct_above_52w_low
2011-12-19,2011-12-16,TQQQ,QQQ,red,red,99,0,0.0341955467,-0.0280544464,0.0194909765,0.0009886689,-0.0279384753,True,0,4.4966,200ma_not_rising|signal_trend_template_failed|signal_200ma_not_rising|not_30pct_above_52w_low
2011-12-20,2011-12-19,TQQQ,QQQ,red,red,100,0,0.0111794794,-0.0333527053,-0.0117459185,0.001648485,-0.0376461565,True,0,3.1016,200ma_not_rising|signal_trend_template_failed|signal_200ma_not_rising|not_30pct_above_52w_low
2011-12-21,2011-12-20,TQQQ,QQQ,red,red,101,0,0.0514609286,0.012910377,0.02496864,-0.0048942614,-0.0091770797,True,0,4.536,200ma_not_rising|signal_trend_template_failed|signal_200ma_not_rising|not_30pct_above_52w_low
2011-12-22,2011-12-21,TQQQ,QQQ,red,red,102,0,0.0480527387,0.0319639307,0.0009971764,-0.0259666322,-0.0229946259,True,0,5.5815,200ma_not_rising|signal_trend_template_failed|signal_200ma_not_rising|not_30pct_above_52w_low
2011-12-23,2011-12-22,TQQQ,QQQ,red,red,103,0,0.0370977225,0.0298063542,0.0273528227,-0.0271507284,-0.0143743262,True,0,3.3427,200ma_not_rising|signal_trend_template_failed|signal_200ma_not_rising|not_30pct_above_52w_low
2011-12-27,2011-12-23,TQQQ,QQQ,red,red,104,0,0.0233881279,0.0267513502,0.0199050255,-0.0226246979,-0.0055576895,True,0,1.8929,200ma_not_rising|signal_trend_template_failed|signal_200ma_not_rising|not_30pct_above_52w_low
2011-12-28,2011-12-27,TQQQ,QQQ,red,red,105,0,0.0258739655,0.019968423,0.0087378268,-0.0194459449,-0.0012393603,True,0,2.4037,200ma_not_rising|signal_trend_template_failed|signal_200ma_not_rising|not_30pct_above_52w_low
2011-12-29,2011-12-28,TQQQ,QQQ,red,red,106,0,0.0322043225,0.023339901,-0.0069941389,-0.0199815604,-0.0122665659,False,0,3.3338,200ma_not_rising|signal_trend_template_failed|signal_200ma_not_rising|not_30pct_above_52w_low
2011-12-30,2011-12-29,TQQQ,QQQ,red,red,107,0,0.0288367501,0.0431378052,-0.01299713,-0.0156903453,-0.0045298499,False,0,2.2982,200ma_not_rising|signal_trend_template_failed|signal_200ma_not_rising|not_30pct_above_52w_low
2012-01-03,2011-12-30,TQQQ,QQQ,red,red,108,0,0.0309047112,0.0677012056,-0.0304339664,-0.0133817237,-0.0070844087,False,0,1.946,200ma_not_rising|signal_trend_template_failed|signal_200ma_not_rising|not_30pct_above_52w_low
2012-01-04,2012-01-03,TQQQ,QQQ,red,red,109,0,0.068810069,0.1168895686,-0.0167754822,-0.0131783275,0.0117561519,False,0,3.6063,200ma_not_rising|signal_trend_template_failed|signal_200ma_not_rising|not_30pct_above_52w_low
2012-01-05,2012-01-04,TQQQ,QQQ,red,red,110,0,0.050135457,0.0990357975,-0.0158407495,-0.0105455603,0.0160027986,False,0,2.1546,200ma_not_rising|signal_trend_template_failed|signal_200ma_not_rising|not_30pct_above_52w_low
2012-01-06,2012-01-05,TQQQ,QQQ,red,red,111,0,0.0459389604,0.0803377275,-0.021156843,-0.0093618052,0.0245993052,False,0,2.56,200ma_not_rising|signal_trend_template_failed|signal_200ma_not_rising|not_30pct_above_52w_low
2012-01-09,2012-01-06,TQQQ,QQQ,orange,orange,1,0,0.0535970216,0.0661628344,-0.0150961769,-0.0051762485,0.0279046944,False,0,3.8666,signal_trend_template_failed|not_30pct_above_52w_low|relative_strength_below_floor|six_month_momentum_not_positive
2012-01-10,2012-01-09,TQQQ,QQQ,orange,orange,2,0,0.0444246184,0.0697339818,-0.0002108785,-0.0117375883,0.0243190802,False,0,2.8447,signal_trend_template_failed|not_30pct_above_52w_low|relative_strength_below_floor|six_month_momentum_not_positive
2012-01-11,2012-01-10,TQQQ,QQQ,orange,orange,3,0,0.0380426525,0.0415110472,0.0147804707,-0.0128017881,0.0320005856,False,0,2.9664,signal_trend_template_failed|not_30pct_above_52w_low|relative_strength_below_floor
2012-01-12,2012-01-11,TQQQ,QQQ,orange,orange,4,0,0.0310347422,0.0366227333,0.0126532781,-0.0139398213,0.0343384735,False,0,2.6061,signal_trend_template_failed|not_30pct_above_52w_low|relative_strength_below_floor
2012-01-13,2012-01-12,TQQQ,QQQ,orange,orange,5,0,0.0384334051,0.0355734746,0.0285893554,-0.0088022129,0.0381847167,False,0,2.9653,signal_trend_template_failed|not_30pct_above_52w_low|relative_strength_below_floor
2012-01-17,2012-01-13,TQQQ,QQQ,orange,orange,6,0,0.0285099651,0.0224554892,0.0114255317,-0.0142964788,0.0337321988,True,0,2.947,signal_trend_template_failed|not_30pct_above_52w_low|relative_strength_below_floor
2012-01-18,2012-01-17,TQQQ,QQQ,orange,orange,7,0,0.0257113509,0.0129714795,0.0261377914,-0.0095704208,0.0424055911,True,0,2.5164,signal_trend_template_failed|not_30pct_above_52w_low|relative_strength_below_floor
2012-01-19,2012-01-18,TQQQ,QQQ,orange,orange,8,0,0.051622969,0.0425569566,0.0166256983,-0.0118109318,0.0556506314,True,0,4.3362,signal_trend_template_failed|not_30pct_above_52w_low|relative_strength_below_floor
2012-01-20,2012-01-19,TQQQ,QQQ,orange,orange,9,0,0.0581529626,0.0361969493,0.0273123953,-0.0053814228,0.0613571808,True,0,4.691,signal_trend_template_failed|not_30pct_above_52w_low|relative_strength_below_floor
2012-01-23,2012-01-20,TQQQ,QQQ,orange,orange,10,0,0.0327184788,0.0550157046,0.0189861502,-0.006002827,0.0590922433,True,0,1.6511,signal_trend_template_failed|not_30pct_above_52w_low|relative_strength_below_floor
2012-01-24,2012-01-23,TQQQ,QQQ,orange,orange,11,0,0.0467809365,0.0605908591,0.0088948496,-0.0015841221,0.0590212465,True,0,2.8346,signal_trend_template_failed|not_30pct_above_52w_low|relative_strength_below_floor
2012-01-25,2012-01-24,TQQQ,QQQ,orange,orange,12,0,0.0332035009,0.045521747,0.0090704564,0.0004187506,0.0559180695,True,0,1.9575,signal_trend_template_failed|not_30pct_above_52w_low
2012-01-26,2012-01-25,TQQQ,QQQ,orange,orange,13,0,0.0547195182,0.0371218167,0.0191809619,-0.0014038883,0.0677267829,True,0,4.3054,signal_trend_template_failed|not_30pct_above_52w_low|relative_strength_below_floor
2012-01-27,2012-01-26,TQQQ,QQQ,orange,orange,14,0,0.0620616345,0.0542457497,0.0425645583,0.0019297732,0.0630432171,True,0,3.935,signal_trend_template_failed|not_30pct_above_52w_low
2012-01-30,2012-01-27,TQQQ,QQQ,orange,orange,15,0,0.0642652257,0.0586896446,0.0438841752,0.0095691726,0.0650443557,True,0,3.5865,signal_trend_template_failed|not_30pct_above_52w_low
2012-01-31,2012-01-30,TQQQ,QQQ,orange,orange,16,0,0.0571645392,0.0311189358,0.0481703184,0.0163000571,0.0649712146,True,0,3.5887,signal_trend_template_failed|not_30pct_above_52w_low
2012-02-01,2012-01-31,TQQQ,QQQ,orange,orange,17,0,0.0674368927,0.0309066447,0.0544663949,0.0182479197,0.0650378387,True,0,4.2317,signal_trend_template_failed|not_30pct_above_52w_low
2012-02-02,2012-02-01,TQQQ,QQQ,orange,orange,18,0,0.0823931151,0.0570064705,0.0905833011,0.0163067304,0.0716223428,True,0,3.8443,signal_trend_template_failed|not_30pct_above_52w_low
2012-02-03,2012-02-02,TQQQ,QQQ,orange,orange,19,0,0.0850345116,0.0886650728,0.0835805794,0.0148726248,0.0726904334,True,0,3.2088,signal_trend_template_failed|not_30pct_above_52w_low
2012-02-06,2012-02-03,TQQQ,QQQ,orange,orange,20,0,0.1054666429,0.094298024,0.151983979,0.019192714,0.0844017148,True,0,3.5627,signal_trend_template_failed|not_30pct_above_52w_low
2012-02-07,2012-02-06,TQQQ,QQQ,orange,orange,21,0,0.0931386716,0.0712092524,0.1583262892,0.0192187435,0.0806243154,True,0,3.0034,signal_trend_template_failed|not_30pct_above_52w_low
2012-02-08,2012-02-07,TQQQ,QQQ,orange,orange,22,0,0.1127842849,0.0790273105,0.2350948655,0.0168646435,0.0794875801,True,0,3.0013,signal_trend_template_failed|not_30pct_above_52w_low
2012-02-09,2012-02-08,TQQQ,QQQ,orange,orange,23,0,0.1113190329,0.0771176964,0.1845240231,0.0190235865,0.081544682,True,0,3.6305,signal_trend_template_failed|not_30pct_above_52w_low
2012-02-10,2012-02-09,TQQQ,QQQ,orange,orange,24,0,0.12649724,0.0725334236,0.2439614841,0.0266558168,0.0861777679,True,0,3.6549,signal_trend_template_failed|not_30pct_above_52w_low
2012-02-13,2012-02-10,TQQQ,QQQ,orange,orange,25,0,0.1334251847,0.103838427,0.1831521265,0.0258380922,0.075499416,True,0,4.5675,signal_trend_template_failed|not_30pct_above_52w_low
2012-02-14,2012-02-13,TQQQ,QQQ,orange,orange,26,0,0.1316291566,0.1146759223,0.1836605015,0.0323443859,0.082921277,True,0,3.8334,signal_trend_template_failed|not_30pct_above_52w_low
2012-02-15,2012-02-14,TQQQ,QQQ,orange,orange,27,0,0.1278621981,0.096835453,0.1694184206,0.0380717879,0.0831964617,True,0,4.2232,signal_trend_template_failed|not_30pct_above_52w_low
2012-02-16,2012-02-15,TQQQ,QQQ,orange,orange,28,0,0.1316292299,0.0960202773,0.1711887334,0.0322693995,0.0733144623,True,0,9.1155,signal_trend_template_failed|not_30pct_above_52w_low
2012-02-17,2012-02-16,TQQQ,QQQ,orange,orange,29,0,0.1419641795,0.098804383,0.194325558,0.034662416,0.0855662625,True,0,6.2409,signal_trend_template_failed|not_30pct_above_52w_low
2012-02-21,2012-02-17,TQQQ,QQQ,orange,orange,30,0,0.1477221953,0.1137439978,0.2520281303,0.0307766308,0.0797347438,True,0,3.972,signal_trend_template_failed|not_30pct_above_52w_low
2012-02-22,2012-02-21,TQQQ,QQQ,orange,orange,31,0,0.170817611,0.1437116481,0.2786701677,0.0402648777,0.0803168288,True,0,4.066,not_30pct_above_52w_low
2012-02-23,2012-02-22,TQQQ,QQQ,orange,orange,32,0,0.1617914593,0.1473343036,0.2682770739,0.0408974313,0.0726903448,True,0,3.0604,not_30pct_above_52w_low
2012-02-24,2012-02-23,TQQQ,QQQ,orange,orange,33,0,0.1835408869,0.1774737838,0.2261398256,0.0408750761,0.0772734272,True,0,5.2269,not_30pct_above_52w_low
2012-02-27,2012-02-24,TQQQ,QQQ,orange,orange,34,0,0.1679396022,0.1776370752,0.2207980404,0.0410799591,0.0781510368,True,0,3.3799,not_30pct_above_52w_low
2012-02-28,2012-02-27,TQQQ,QQQ,orange,orange,35,0,0.1964313341,0.2065135841,0.2428004938,0.0432230648,0.0765820643,True,0,4.6642,not_30pct_above_52w_low
2012-02-29,2012-02-28,TQQQ,QQQ,green,green,1,0,0.2097517739,0.2282070894,0.2246951194,0.0522282962,0.0838569229,True,1,4.9899,
2012-03-01,2012-02-29,TQQQ,QQQ,orange,orange,1,0,0.184329076,0.1815878623,0.1861639772,0.0475738963,0.0754393629,True,0,6.8253,not_30pct_above_52w_low
2012-03-02,2012-03-01,TQQQ,QQQ,green,green,1,0,0.1914972191,0.1983901199,0.1877258255,0.0546976887,0.0803081298,True,1,6.165,
2012-03-05,2012-03-02,TQQQ,QQQ,green,green,2,0,0.1748927166,0.1547844269,0.1848719257,0.0602456987,0.0756827729,True,2,4.3549,
2012-03-06,2012-03-05,TQQQ,QQQ,orange,orange,1,0,0.1714246272,0.1350067662,0.1833796976,0.0496872981,0.0616431651,True,0,6.2037,not_30pct_above_52w_low
2012-03-07,2012-03-06,TQQQ,QQQ,orange,orange,2,0,0.1754209119,0.1270445873,0.199917647,0.0566263677,0.0482823803,True,0,5.3135,not_30pct_above_52w_low
2012-03-08,2012-03-07,TQQQ,QQQ,orange,orange,3,0,0.1722712818,0.1234304247,0.2089402389,0.0548351286,0.0534067707,True,0,4.7202,not_30pct_above_52w_low
2012-03-09,2012-03-08,TQQQ,QQQ,green,green,1,0,0.1569150798,0.1387136304,0.1917702287,0.0566716104,0.0617085044,True,1,3.2449,
2012-03-12,2012-03-09,TQQQ,QQQ,green,green,2,0,0.1711675905,0.1434619388,0.2022408266,0.0577056584,0.063074781,True,2,4.0787,
2012-03-13,2012-03-12,TQQQ,QQQ,green,green,3,0,0.1800593752,0.1635591221,0.2301627763,0.0516457607,0.0602854331,True,3,3.9946,
2012-03-14,2012-03-13,TQQQ,QQQ,green,green,4,0,0.1966111744,0.166495224,0.2372249971,0.0526457835,0.0764042281,True,4,5.3324,
2012-03-15,2012-03-14,TQQQ,QQQ,green,green,5,0,0.1981144677,0.1838324585,0.22514205,0.0529007836,0.0764127367,True,5,6.845,
2012-03-16,2012-03-15,TQQQ,QQQ,green,green,6,0,0.1980478883,0.2004161263,0.2113320234,0.0499876251,0.0760811698,True,6,5.5853,
2012-03-19,2012-03-16,TQQQ,QQQ,green,green,7,0,0.1903654687,0.2185809497,0.192807675,0.0525151286,0.0720360546,True,7,3.916,
2012-03-20,2012-03-19,TQQQ,QQQ,green,green,8,0,0.2051322334,0.2305539216,0.1903255255,0.0580285183,0.0763229565,True,8,5.5539,
2012-03-21,2012-03-20,TQQQ,QQQ,green,green,9,0,0.2018026829,0.2264441012,0.1920368909,0.057225363,0.0750048239,True,9,5.3643,
2012-03-22,2012-03-21,TQQQ,QQQ,green,green,10,0,0.2031032307,0.2388210876,0.1975030529,0.0589586707,0.0718694601,True,10,4.5534,
2012-03-23,2012-03-22,TQQQ,QQQ,green,green,11,0,0.1981358732,0.2006507121,0.2161515655,0.059187689,0.0665546994,True,11,6.1631,
2012-03-26,2012-03-23,TQQQ,QQQ,green,green,12,0,0.2077326273,0.2173455818,0.2562567316,0.063771636,0.0629120722,True,12,4.5463,
2012-03-27,2012-03-26,TQQQ,QQQ,green,green,13,0,0.2177177173,0.2281525534,0.2647593034,0.0659908666,0.0781281463,True,13,4.8158,
2012-03-28,2012-03-27,TQQQ,QQQ,green,green,14,0,0.2208334437,0.2194278747,0.2520492168,0.0759010384,0.0762598245,True,14,5.4653,
2012-03-29,2012-03-28,TQQQ,QQQ,green,green,15,0,0.2155806804,0.210087943,0.234251491,0.0760012391,0.0688532241,True,15,5.7364,
2012-03-30,2012-03-29,TQQQ,QQQ,green,green,16,0,0.2196266205,0.219552,0.2480162229,0.070689352,0.0619920784,True,16,5.1386,
2012-04-02,2012-03-30,TQQQ,QQQ,green,green,17,0,0.2092339538,0.2085134352,0.2606460524,0.0737095223,0.0573667825,True,17,3.7449,
2012-04-03,2012-04-02,TQQQ,QQQ,green,green,18,0,0.2244877413,0.2245369212,0.3074395471,0.0756556401,0.0654617106,True,18,3.8287,
2012-04-04,2012-04-03,TQQQ,QQQ,green,green,19,0,0.2366785678,0.201157389,0.3415601581,0.0761594704,0.0623166162,True,19,5.1124,
2012-04-05,2012-04-04,TQQQ,QQQ,green,green,20,0,0.2134049232,0.1798086306,0.2966519192,0.0676784293,0.0453236534,True,20,6.0061,
2012-04-09,2012-04-05,TQQQ,QQQ,green,green,21,0,0.205548408,0.1774857014,0.2720822268,0.070333858,0.0494369235,True,21,4.6105,
2012-04-10,2012-04-09,TQQQ,QQQ,green,green,22,0,0.1903221556,0.1645745554,0.2416261088,0.0721886815,0.0392489433,True,22,4.1913,
2012-04-11,2012-04-10,TQQQ,QQQ,green,green,23,0,0.189526851,0.1496400743,0.2298090544,0.0728898337,0.0207085301,True,23,8.1338,
2012-04-12,2012-04-11,TQQQ,QQQ,green,green,24,0,0.1777271385,0.1468432464,0.1944499104,0.0686394446,0.0237190853,True,24,4.7469,
2012-04-13,2012-04-12,TQQQ,QQQ,green,green,25,0,0.1832654932,0.1575663875,0.1999596325,0.0632929339,0.033267954,True,25,5.1818,
2012-04-16,2012-04-13,TQQQ,QQQ,green,green,26,0,0.1738757274,0.1355086554,0.1759026438,0.0605653292,0.0159396896,True,26,5.087,
2012-04-17,2012-04-16,TQQQ,QQQ,green,green,27,0,0.1594877543,0.1268660971,0.1521704266,0.0428110561,0.0032434695,True,27,5.3882,
2012-04-18,2012-04-17,TQQQ,QQQ,green,green,28,0,0.166092739,0.1393860926,0.154165616,0.0453283067,0.0221155084,True,28,5.3861,
2012-04-19,2012-04-18,TQQQ,QQQ,green,green,29,0,0.149594548,0.1215848474,0.1693160851,0.0434721408,0.0180444479,True,29,3.6245,
2012-04-20,2012-04-19,TQQQ,QQQ,green,green,30,0,0.1537055392,0.1021021188,0.1419948533,0.0396842329,0.005403235,True,30,5.4458,
2012-04-23,2012-04-20,TQQQ,QQQ,green,green,31,0,0.1519093586,0.1007446396,0.1613028815,0.0391743884,0.0016380391,True,31,4.6254,
2012-04-24,2012-04-23,TQQQ,QQQ,orange,orange,1,0,0.1448811392,0.0903235192,0.1563871579,0.0401168159,-0.0082011207,True,0,3.6945,signal_trend_template_failed|close_below_50ma
2012-04-25,2012-04-24,TQQQ,QQQ,orange,orange,2,0,0.1337223622,0.0864590764,0.1359165915,0.033535344,-0.0142456574,True,0,3.3588,signal_trend_template_failed|close_below_50ma
2012-04-26,2012-04-25,TQQQ,QQQ,green,green,1,0,0.1665263977,0.1014860355,0.1423751983,0.0425198265,0.010867905,True,1,4.2606,
2012-04-27,2012-04-26,TQQQ,QQQ,green,green,2,0,0.1652268309,0.1118143525,0.1721255556,0.0399584988,0.01564596,True,2,4.0543,
2012-04-30,2012-04-27,TQQQ,QQQ,green,green,3,0,0.1683609455,0.1151344307,0.1805812741,0.0467474258,0.0203049919,True,3,3.0369,
2012-05-01,2012-04-30,TQQQ,QQQ,green,green,4,0,0.1442051656,0.1062585369,0.1406841252,0.0420058497,0.0120271296,True,4,2.7256,
2012-05-02,2012-05-01,TQQQ,QQQ,green,green,5,0,0.1430918357,0.106617283,0.1408191101,0.0348816735,0.0126058808,True,5,2.9835,
2012-05-03,2012-05-02,TQQQ,QQQ,green,green,6,0,0.1378663341,0.1008491495,0.1636046741,0.0406898007,0.0143895368,True,6,2.2144,
2012-05-04,2012-05-03,TQQQ,QQQ,green,green,7,0,0.141958701,0.0858130538,0.1820867472,0.0357904366,0.0026980113,True,7,2.7952,
2012-05-07,2012-05-04,TQQQ,QQQ,orange,orange,1,0,0.1331069003,0.0444778371,0.1429700332,0.0293855068,-0.0225525753,True,0,4.6925,signal_trend_template_failed|close_below_50ma
2012-05-08,2012-05-07,TQQQ,QQQ,orange,orange,2,0,0.1416174066,0.0462896728,0.1207951782,0.0308168634,-0.0219143311,True,0,5.4442,signal_trend_template_failed|close_below_50ma
2012-05-09,2012-05-08,TQQQ,QQQ,orange,orange,3,0,0.142744142,0.0402301799,0.1224367733,0.0316252481,-0.0257098197,True,0,7.0534,signal_trend_template_failed|close_below_50ma
2012-05-10,2012-05-09,TQQQ,QQQ,orange,orange,4,0,0.1363300582,0.0315274724,0.1110764949,0.0322862799,-0.0286502592,True,0,6.8381,signal_trend_template_failed|not_30pct_above_52w_low|close_below_50ma
2012-05-11,2012-05-10,TQQQ,QQQ,orange,orange,5,0,0.1190597382,0.0220784832,0.0962133348,0.0227500614,-0.0305812774,True,0,10.1983,signal_trend_template_failed|not_30pct_above_52w_low|close_below_50ma
2012-05-14,2012-05-11,TQQQ,QQQ,orange,orange,6,0,0.1039952873,0.0291171944,0.1359791051,0.0266636004,-0.0305476824,True,0,2.4126,signal_trend_template_failed|not_30pct_above_52w_low|close_below_50ma
2012-05-15,2012-05-14,TQQQ,QQQ,orange,orange,7,0,0.1139470987,0.0101175911,0.1259537575,0.0309879469,-0.0392686068,True,0,4.0101,signal_trend_template_failed|not_30pct_above_52w_low|close_below_50ma
2012-05-16,2012-05-15,TQQQ,QQQ,orange,orange,8,0,0.0976205546,0.0042328741,0.1014782195,0.0286642402,-0.0422328851,True,0,3.6578,signal_trend_template_failed|not_30pct_above_52w_low|close_below_50ma
2012-05-17,2012-05-16,TQQQ,QQQ,orange,orange,9,0,0.0893471764,0.0044104773,0.1008542499,0.02549957,-0.0485816303,True,0,3.5151,signal_trend_template_failed|not_30pct_above_52w_low|close_below_50ma
2012-05-18,2012-05-17,TQQQ,QQQ,orange,orange,10,0,0.0763090372,-0.0301023768,0.0657277594,0.014201597,-0.0680267642,False,0,5.786,signal_trend_template_failed|not_30pct_above_52w_low|close_below_50ma|three_month_momentum_not_positive
2012-05-21,2012-05-18,TQQQ,QQQ,orange,orange,11,0,0.0710873294,-0.0396777529,0.0695531387,0.0131553866,-0.0790607806,False,0,6.0073,signal_trend_template_failed|not_30pct_above_52w_low|close_below_50ma|three_month_momentum_not_positive
2012-05-22,2012-05-21,TQQQ,QQQ,orange,orange,12,0,0.0992228619,-0.0156246223,0.1258415856,0.0257068041,-0.0526267839,False,0,4.7682,signal_trend_template_failed|not_30pct_above_52w_low|close_below_50ma|three_month_momentum_not_positive
2012-05-23,2012-05-22,TQQQ,QQQ,orange,orange,13,0,0.102357378,-0.0122238057,0.133309512,0.0253770821,-0.0529702078,False,0,4.4476,signal_trend_template_failed|not_30pct_above_52w_low|close_below_50ma|three_month_momentum_not_positive
2012-05-24,2012-05-23,TQQQ,QQQ,orange,orange,14,0,0.0987703438,-0.016846413,0.1576375742,0.0243137927,-0.0501160824,False,0,3.7484,signal_trend_template_failed|not_30pct_above_52w_low|close_below_50ma|three_month_momentum_not_positive
2012-05-25,2012-05-24,TQQQ,QQQ,orange,orange,15,0,0.0814119259,-0.0266496099,0.1462535066,0.0126324663,-0.0551286018,False,0,3.5185,signal_trend_template_failed|not_30pct_above_52w_low|close_below_50ma|three_month_momentum_not_positive
2012-05-29,2012-05-25,TQQQ,QQQ,orange,orange,16,0,0.0656294599,-0.0292683032,0.1712009787,0.0138480523,-0.0550526452,False,0,1.4124,signal_trend_template_failed|not_30pct_above_52w_low|close_below_50ma|three_month_momentum_not_positive
2012-05-30,2012-05-29,TQQQ,QQQ,orange,orange,17,0,0.0958274993,-0.0267896491,0.1953038524,0.012414898,-0.0419581133,False,0,3.3138,signal_trend_template_failed|not_30pct_above_52w_low|close_below_50ma|three_month_momentum_not_positive
2012-05-31,2012-05-30,TQQQ,QQQ,orange,orange,18,0,0.0768776396,-0.0306502278,0.1453719252,0.015311636,-0.0486843698,False,0,2.8503,signal_trend_template_failed|not_30pct_above_52w_low|close_below_50ma|three_month_momentum_not_positive
2012-06-01,2012-05-31,TQQQ,QQQ,orange,orange,19,0,0.0787742882,-0.0424311805,0.1475410124,0.0138097744,-0.0513428835,False,0,3.7444,signal_trend_template_failed|not_30pct_above_52w_low|close_below_50ma|three_month_momentum_not_positive
2012-06-04,2012-06-01,TQQQ,QQQ,orange,orange,20,0,0.057281674,-0.0671723821,0.0772148061,0.0116348166,-0.0746668597,False,0,4.6604,signal_trend_template_failed|not_30pct_above_52w_low|close_below_50ma|three_month_momentum_not_positive
2012-06-05,2012-06-04,TQQQ,QQQ,orange,orange,21,0,0.0673775243,-0.0502593996,0.0779620075,0.020954536,-0.0658722441,False,0,4.8453,signal_trend_template_failed|not_30pct_above_52w_low|close_below_50ma|three_month_momentum_not_positive
2012-06-06,2012-06-05,TQQQ,QQQ,orange,orange,22,0,0.0646561155,-0.0369080682,0.0854475489,0.0152022167,-0.0603574084,False,0,4.2266,signal_trend_template_failed|not_30pct_above_52w_low|close_below_50ma|three_month_momentum_not_positive
2012-06-07,2012-06-06,TQQQ,QQQ,orange,orange,23,0,0.0723585509,-0.0223830943,0.0982845756,0.0131905273,-0.0371789728,False,0,3.9465,signal_trend_template_failed|not_30pct_above_52w_low|close_below_50ma|three_month_momentum_not_positive
2012-06-08,2012-06-07,TQQQ,QQQ,orange,orange,24,0,0.065436562,-0.0366683478,0.096958883,0.0097767614,-0.0392713741,False,0,3.8951,signal_trend_template_failed|not_30pct_above_52w_low|close_below_50ma|three_month_momentum_not_positive
2012-06-11,2012-06-08,TQQQ,QQQ,orange,orange,25,0,0.0643948212,-0.0314251999,0.1075284188,0.0098129994,-0.0284945879,False,0,2.9564,signal_trend_template_failed|not_30pct_above_52w_low|close_below_50ma|three_month_momentum_not_positive
2012-06-12,2012-06-11,TQQQ,QQQ,orange,orange,26,0,0.0698607337,-0.0481947205,0.1074817154,0.0036220757,-0.0431384344,False,0,4.0492,signal_trend_template_failed|not_30pct_above_52w_low|close_below_50ma|three_month_momentum_not_positive
2012-06-13,2012-06-12,TQQQ,QQQ,orange,orange,27,0,0.0574668256,-0.0542377572,0.1032271392,0.0031914044,-0.0300292867,False,0,3.1017,signal_trend_template_failed|not_30pct_above_52w_low|close_below_50ma|three_month_momentum_not_positive
2012-06-14,2012-06-13,TQQQ,QQQ,orange,orange,28,0,0.0426455114,-0.0639876169,0.1080818407,0.0023758044,-0.0348646514,False,0,2.185,signal_trend_template_failed|not_30pct_above_52w_low|close_below_50ma|three_month_momentum_not_positive
2012-06-15,2012-06-14,TQQQ,QQQ,orange,orange,29,0,0.0517237919,-0.0631996185,0.124550285,-0.0024274021,-0.0295219822,False,0,2.9934,signal_trend_template_failed|not_30pct_above_52w_low|close_below_50ma|relative_strength_below_floor|three_month_momentum_not_positive
2012-06-18,2012-06-15,TQQQ,QQQ,orange,orange,30,0,0.0783619279,-0.0508898079,0.1565675993,0.0012703339,-0.016189056,False,0,3.9861,signal_trend_template_failed|not_30pct_above_52w_low|close_below_50ma|three_month_momentum_not_positive
2012-06-19,2012-06-18,TQQQ,QQQ,orange,orange,31,0,0.093150403,-0.0487215515,0.1705994254,0.014491079,-0.0057365875,False,0,4.2805,signal_trend_template_failed|not_30pct_above_52w_low|close_below_50ma|three_month_momentum_not_positive
2012-06-20,2012-06-19,TQQQ,QQQ,orange,orange,32,0,0.0996667034,-0.0405656461,0.1766926038,0.0120696339,0.0054699199,False,0,4.0672,not_30pct_above_52w_low|three_month_momentum_not_positive
2012-06-21,2012-06-20,TQQQ,QQQ,yellow,yellow,1,0,0.1155227127,-0.0399623187,0.1893149245,0.0130286713,0.0067844544,False,1,4.8832,three_month_momentum_not_positive
2012-06-22,2012-06-21,TQQQ,QQQ,orange,orange,1,0,0.0732285818,-0.0618976593,0.1263332434,0.0076613498,-0.0171605964,False,0,3.6196,signal_trend_template_failed|not_30pct_above_52w_low|close_below_50ma|three_month_momentum_not_positive
2012-06-25,2012-06-22,TQQQ,QQQ,orange,orange,2,0,0.0807413119,-0.0514548325,0.1547072688,0.0163696396,-0.0056580633,False,0,3.355,signal_trend_template_failed|not_30pct_above_52w_low|close_below_50ma|three_month_momentum_not_positive
2012-06-26,2012-06-25,TQQQ,QQQ,orange,orange,3,0,0.0511167136,-0.0857023594,0.1228969819,0.0114608782,-0.0236092672,False,0,3.0234,signal_trend_template_failed|not_30pct_above_52w_low|close_below_50ma|three_month_momentum_not_positive
2012-06-27,2012-06-26,TQQQ,QQQ,orange,orange,4,0,0.0550492247,-0.0813119869,0.1202737714,0.0105815573,-0.0166212336,False,0,3.1399,signal_trend_template_failed|not_30pct_above_52w_low|close_below_50ma|three_month_momentum_not_positive
2012-06-28,2012-06-27,TQQQ,QQQ,orange,orange,5,0,0.0486562656,-0.0720555715,0.1228943647,0.0058538029,-0.0094830821,False,0,2.7366,signal_trend_template_failed|not_30pct_above_52w_low|close_below_50ma|three_month_momentum_not_positive
2012-06-29,2012-06-28,TQQQ,QQQ,orange,orange,6,0,0.0601452061,-0.0788567258,0.1233821224,-0.003334566,-0.0191909184,False,0,4.7173,signal_trend_template_failed|not_30pct_above_52w_low|close_below_50ma|relative_strength_below_floor|three_month_momentum_not_positive
2012-07-02,2012-06-29,TQQQ,QQQ,orange,orange,7,0,0.0857142343,-0.0480018816,0.1505025164,0.0079904161,0.0122099577,False,0,6.1042,not_30pct_above_52w_low|three_month_momentum_not_positive
2012-07-03,2012-07-02,TQQQ,QQQ,yellow,yellow,1,0,0.0628115395,-0.0549758141,0.157217007,0.0034315523,0.0155853455,False,1,3.1217,three_month_momentum_not_positive
2012-07-05,2012-07-03,TQQQ,QQQ,yellow,yellow,2,0,0.05221158,-0.0467666231,0.1449833142,0.0018175598,0.0241205778,False,2,2.3744,three_month_momentum_not_positive
2012-07-06,2012-07-05,TQQQ,QQQ,yellow,yellow,3,0,0.0671500959,-0.0329979827,0.1408773258,0.0070736739,0.024639741,False,3,3.0393,three_month_momentum_not_positive
2012-07-09,2012-07-06,TQQQ,QQQ,orange,orange,1,0,0.0568558532,-0.0509836569,0.1174531743,0.0003919118,0.012553165,False,0,3.5768,not_30pct_above_52w_low|three_month_momentum_not_positive
2012-07-10,2012-07-09,TQQQ,QQQ,orange,orange,2,0,0.0472525456,-0.0455718832,0.1115026997,-0.0024668254,0.0115162317,False,0,2.359,not_30pct_above_52w_low|relative_strength_below_floor|three_month_momentum_not_positive
2012-07-11,2012-07-10,TQQQ,QQQ,orange,orange,3,0,0.0666157041,-0.0395333898,0.1041909052,-0.0002703242,0.002737095,False,0,4.1075,not_30pct_above_52w_low|relative_strength_below_floor|three_month_momentum_not_positive
2012-07-12,2012-07-11,TQQQ,QQQ,orange,orange,4,0,0.0658542322,-0.0494381451,0.0901454435,-0.0027313614,-0.0016682623,False,0,5.1871,signal_trend_template_failed|not_30pct_above_52w_low|close_below_50ma|relative_strength_below_floor|three_month_momentum_not_positive
2012-07-13,2012-07-12,TQQQ,QQQ,orange,orange,5,0,0.0488097965,-0.068985028,0.0777116379,-0.0086669442,-0.0096693742,False,0,4.9066,signal_trend_template_failed|not_30pct_above_52w_low|close_below_50ma|relative_strength_below_floor|three_month_momentum_not_positive
2012-07-16,2012-07-13,TQQQ,QQQ,orange,orange,6,0,0.0499690112,-0.0402525248,0.0898015652,-0.0095203024,0.006526535,False,0,3.3549,not_30pct_above_52w_low|relative_strength_below_floor|three_month_momentum_not_positive
2012-07-17,2012-07-16,TQQQ,QQQ,orange,orange,7,0,0.0474473516,-0.0321576738,0.0906287047,-0.002860532,0.004624353,False,0,2.5658,not_30pct_above_52w_low|relative_strength_below_floor|three_month_momentum_not_positive
2012-07-18,2012-07-17,TQQQ,QQQ,orange,orange,8,0,0.0517414802,-0.0464804135,0.0864269559,-0.0071991855,0.0101984674,False,0,4.1591,not_30pct_above_52w_low|relative_strength_below_floor|three_month_momentum_not_positive
2012-07-19,2012-07-18,TQQQ,QQQ,yellow,yellow,1,0,0.0636774465,-0.0311066017,0.0866961543,-0.0026495815,0.0239454726,False,1,4.6733,relative_strength_below_floor|three_month_momentum_not_positive
2012-07-20,2012-07-19,TQQQ,QQQ,yellow,yellow,2,0,0.0815578883,-0.0092680577,0.0918877727,0.0064225003,0.0349964125,False,2,5.5672,three_month_momentum_not_positive
2012-07-23,2012-07-20,TQQQ,QQQ,orange,orange,1,0,0.0698473322,-0.0196765647,0.0790857665,0.0055640404,0.021301691,False,0,4.0776,not_30pct_above_52w_low|three_month_momentum_not_positive
2012-07-24,2012-07-23,TQQQ,QQQ,orange,orange,2,0,0.0733655888,-0.022651163,0.0656264235,0.0044725429,0.0090879404,False,0,5.287,not_30pct_above_52w_low|three_month_momentum_not_positive
2012-07-25,2012-07-24,TQQQ,QQQ,red,red,1,0,0.0695678092,-0.0251086687,0.0591795354,0.0092841608,0.0014792748,False,0,5.8744,50ma_below_150ma|signal_trend_template_failed|not_30pct_above_52w_low
2012-07-26,2012-07-25,TQQQ,QQQ,red,red,2,0,0.0439915884,-0.0566778999,0.0390561202,-0.00523441,-0.004918492,False,0,4.479,50ma_below_150ma|signal_trend_template_failed|not_30pct_above_52w_low
2012-07-27,2012-07-26,TQQQ,QQQ,red,red,3,0,0.0538083932,-0.049735719,0.0565174663,-0.0086344455,0.0082411575,False,0,5.4671,50ma_below_150ma|signal_trend_template_failed|not_30pct_above_52w_low
2012-07-30,2012-07-27,TQQQ,QQQ,red,red,4,0,0.0633764337,-0.0330290455,0.0783026048,-0.0064148714,0.031426122,False,0,6.9066,50ma_below_150ma|signal_trend_template_failed
2012-07-31,2012-07-30,TQQQ,QQQ,red,red,5,0,0.0670646135,-0.0268276951,0.0765801701,-0.0072989153,0.0295336319,True,0,4.6365,50ma_below_150ma|signal_trend_template_failed
2012-08-01,2012-07-31,TQQQ,QQQ,red,red,6,0,0.0573946146,-0.0287286972,0.0748256101,0.0036544116,0.0278676213,True,0,3.361,50ma_below_150ma|signal_trend_template_failed
2012-08-02,2012-08-01,TQQQ,QQQ,red,red,7,0,0.0526013929,-0.034319748,0.0630682841,-0.0012439636,0.0241251344,True,0,3.7837,50ma_below_150ma|signal_trend_template_failed
2012-08-03,2012-08-02,TQQQ,QQQ,red,red,8,0,0.0591657815,-0.0274608281,0.0559957281,0.00240251,0.019805763,True,0,4.114,50ma_below_150ma|signal_trend_template_failed
2012-08-06,2012-08-03,TQQQ,QQQ,red,red,9,0,0.0836867698,0.0162405234,0.0614407039,0.0045227849,0.0380840258,True,0,5.1149,50ma_below_150ma|signal_trend_template_failed
2012-08-07,2012-08-06,TQQQ,QQQ,red,red,10,0,0.0772404512,0.0230375116,0.0703935833,0.0106927571,0.0446434366,True,0,3.4211,50ma_below_150ma|signal_trend_template_failed
2012-08-08,2012-08-07,TQQQ,QQQ,red,red,11,0,0.0935280352,0.0353874948,0.07704132,0.0161699346,0.0517656799,True,0,3.8626,50ma_below_150ma|signal_trend_template_failed
2012-08-09,2012-08-08,TQQQ,QQQ,red,red,12,0,0.0787904066,0.0381394309,0.0708693432,0.0137613725,0.0499988095,True,0,2.3568,50ma_below_150ma|signal_trend_template_failed
2012-08-10,2012-08-09,TQQQ,QQQ,red,red,13,0,0.0821003674,0.0433646489,0.0664005578,0.0165168324,0.0516148149,True,0,2.1437,50ma_below_150ma|signal_trend_template_failed
2012-08-13,2012-08-10,TQQQ,QQQ,red,red,14,0,0.0867030334,0.0441516211,0.0745543869,0.0120687938,0.0506098544,True,0,2.5927,50ma_below_150ma|signal_trend_template_failed
2012-08-14,2012-08-13,TQQQ,QQQ,red,red,15,0,0.0887086933,0.0565284149,0.0672179375,0.0139980799,0.050895769,True,0,2.0092,50ma_below_150ma|signal_trend_template_failed
2012-08-15,2012-08-14,TQQQ,QQQ,green,early_thaw,1,0,0.1018312851,0.0605035518,0.0649925299,0.0133356237,0.0492863012,True,1,3.0825,
2012-08-16,2012-08-15,TQQQ,QQQ,green,early_thaw,2,0,0.0919343217,0.0704563574,0.0751775809,0.015570974,0.0498965183,True,2,2.0192,
2012-08-17,2012-08-16,TQQQ,QQQ,green,green,3,0,0.1296484833,0.1065790112,0.0732683528,0.0256268539,0.0605213337,True,3,4.0579,
2012-08-20,2012-08-17,TQQQ,QQQ,green,green,4,0,0.1282384432,0.12608128,0.0814009052,0.0340616808,0.0631458535,True,4,3.3617,
2012-08-21,2012-08-20,TQQQ,QQQ,green,green,5,0,0.108147481,0.0970607459,0.0799195861,0.0271167551,0.0628186406,True,5,2.7302,
2012-08-22,2012-08-21,TQQQ,QQQ,green,green,6,0,0.131138088,0.093956462,0.0805841508,0.0284982698,0.0564968533,True,6,6.4079,
2012-08-23,2012-08-22,TQQQ,QQQ,green,green,7,0,0.1145149947,0.0963438561,0.0778743947,0.0309368028,0.0588634926,True,7,3.3761,
2012-08-24,2012-08-23,TQQQ,QQQ,green,green,8,0,0.1116385982,0.094545058,0.0653758592,0.0356360865,0.0482894909,True,8,3.182,
2012-08-27,2012-08-24,TQQQ,QQQ,green,green,9,0,0.114993667,0.1027378976,0.0704626305,0.0358927546,0.0528016899,True,9,3.0788,
2012-08-28,2012-08-27,TQQQ,QQQ,green,green,10,0,0.1028413508,0.0906334831,0.0614157948,0.0336814291,0.0527419024,True,10,2.2373,
2012-08-29,2012-08-28,TQQQ,QQQ,green,green,11,0,0.1075730365,0.0999071416,0.0661947372,0.0317469387,0.051182273,True,11,2.6012,
2012-08-30,2012-08-29,TQQQ,QQQ,green,green,12,0,0.105077746,0.1046924225,0.0578190189,0.0305740679,0.0498399117,True,12,2.1889,
2012-08-31,2012-08-30,TQQQ,QQQ,green,green,13,0,0.1244538307,0.123416917,0.0479543266,0.0280295891,0.0381592578,True,13,3.5764,
2012-09-04,2012-08-31,TQQQ,QQQ,green,green,14,0,0.1452021172,0.1223372622,0.0659292652,0.0291601916,0.0433091722,True,14,4.962,
2012-09-05,2012-09-04,TQQQ,QQQ,green,green,15,0,0.1406643379,0.1165986634,0.0753871637,0.0309417567,0.0407273026,True,15,4.3794,
2012-09-06,2012-09-05,TQQQ,QQQ,green,green,16,0,0.113853995,0.0904719647,0.0660638279,0.0290754157,0.0377885431,True,16,2.9377,
2012-09-07,2012-09-06,TQQQ,QQQ,green,green,17,0,0.1493325564,0.1191551357,0.0781175659,0.0339846321,0.0585626225,True,17,4.8038,
2012-09-10,2012-09-07,TQQQ,QQQ,green,green,18,0,0.1221913857,0.1068803798,0.0720964426,0.0266456064,0.0549425772,True,18,3.3918,
2012-09-11,2012-09-10,TQQQ,QQQ,green,green,19,0,0.1336764354,0.1114307611,0.0578656663,0.024770839,0.0394172555,True,19,4.4864,
2012-09-12,2012-09-11,TQQQ,QQQ,green,green,20,0,0.1175266081,0.0963438561,0.0368806242,0.0192780581,0.0364067349,True,20,4.1629,
2012-09-13,2012-09-12,TQQQ,QQQ,green,green,21,0,0.123819239,0.1071582259,0.0363138095,0.0177023147,0.0380901695,True,21,4.604,
2012-09-14,2012-09-13,TQQQ,QQQ,green,green,22,0,0.1345281045,0.1180221969,0.0473636205,0.0200697198,0.0506726382,True,22,7.268,
2012-09-17,2012-09-14,TQQQ,QQQ,green,green,23,0,0.1392310136,0.1141451271,0.0574464956,0.0243409075,0.0583591673,True,23,9.1377,
2012-09-18,2012-09-17,TQQQ,QQQ,green,green,24,0,0.1319457424,0.1042778554,0.050475725,0.0240769999,0.0568700509,True,24,4.8694,
2012-09-19,2012-09-18,TQQQ,QQQ,green,green,25,0,0.1123055507,0.0938671431,0.0494937156,0.0235603382,0.0557807985,True,25,3.2264,
2012-09-20,2012-09-19,TQQQ,QQQ,green,green,26,0,0.1216862086,0.0950386279,0.0512783453,0.0220996323,0.0555042378,True,26,4.4336,
2012-09-21,2012-09-20,TQQQ,QQQ,green,green,27,0,0.1325127791,0.1218693694,0.0524282814,0.0201424464,0.0521483563,True,27,4.6615,
2012-09-24,2012-09-21,TQQQ,QQQ,green,green,28,0,0.1273796522,0.1104981833,0.0533576853,0.0191215664,0.0499602734,True,28,4.6658,
2012-09-25,2012-09-24,TQQQ,QQQ,green,green,29,0,0.1228578154,0.1256856707,0.0292117528,0.0136894605,0.0417834926,True,29,4.4159,
2012-09-26,2012-09-25,TQQQ,QQQ,green,green,30,0,0.1127733221,0.1029446633,0.0132620413,0.0089771951,0.0253863079,True,30,4.641,
2012-09-27,2012-09-26,TQQQ,QQQ,green,green,31,0,0.1084346678,0.0873525944,0.0090027818,0.0076266374,0.0155655271,True,31,7.2233,
2012-09-28,2012-09-27,TQQQ,QQQ,green,green,32,0,0.1252297715,0.1147455941,0.0268404065,0.0173357962,0.0280532504,True,32,5.6365,
2012-10-01,2012-09-28,TQQQ,QQQ,green,early_thaw,33,0,0.1034759043,0.071782394,0.0203348223,0.0111090975,0.0184707751,True,33,4.7428,
2012-10-02,2012-10-01,TQQQ,QQQ,green,early_thaw,34,0,0.0974983077,0.0670593918,0.0083969331,0.0055377359,0.0156540544,True,34,4.6782,
2012-10-03,2012-10-02,TQQQ,QQQ,green,early_thaw,35,0,0.0973217181,0.0612706507,0.0116386062,0.0041502754,0.0169942063,True,35,4.9655,
2012-10-04,2012-10-03,TQQQ,QQQ,green,early_thaw,36,0,0.1014050482,0.0674117895,0.0321893537,0.0044044544,0.0215951114,True,36,4.8994,
2012-10-05,2012-10-04,TQQQ,QQQ,yellow,yellow,1,0,0.1027918974,0.0846500609,0.0293506343,-0.0002778088,0.0230296551,True,37,4.7244,relative_strength_below_floor
2012-10-08,2012-10-05,TQQQ,QQQ,yellow,yellow,2,0,0.0887138837,0.0808865331,0.0316284982,-0.0058882626,0.0158363561,True,38,3.5516,relative_strength_below_floor
2012-10-09,2012-10-08,TQQQ,QQQ,yellow,yellow,3,0,0.0837729094,0.0816621485,0.0389003772,-0.0125869343,0.0054734777,True,39,3.1107,relative_strength_below_floor
2012-10-10,2012-10-09,TQQQ,QQQ,orange,orange,1,0,0.0919831437,0.0703246939,0.0174098264,-0.0147171165,-0.011324305,True,0,5.1278,signal_trend_template_failed|not_30pct_above_52w_low|close_below_50ma|relative_strength_below_floor
2012-10-11,2012-10-10,TQQQ,QQQ,orange,orange,2,0,0.0819486934,0.0749774545,0.0008201048,-0.0111018851,-0.0169883603,True,0,4.332,signal_trend_template_failed|not_30pct_above_52w_low|close_below_50ma|relative_strength_below_floor
2012-10-12,2012-10-11,TQQQ,QQQ,orange,orange,3,0,0.0727890602,0.0555417739,0.0130535525,-0.0136665853,-0.0207302558,True,0,3.9239,signal_trend_template_failed|not_30pct_above_52w_low|close_below_50ma|relative_strength_below_floor
2012-10-15,2012-10-12,TQQQ,QQQ,orange,orange,4,0,0.0682999534,0.0580722347,0.0240470929,-0.0079224484,-0.0218837016,True,0,3.0081,signal_trend_template_failed|not_30pct_above_52w_low|close_below_50ma|relative_strength_below_floor
2012-10-16,2012-10-15,TQQQ,QQQ,orange,orange,5,0,0.0690348034,0.0603110882,0.0110273903,-0.0106033706,-0.0152031421,True,0,3.269,signal_trend_template_failed|not_30pct_above_52w_low|close_below_50ma|relative_strength_below_floor
2012-10-17,2012-10-16,TQQQ,QQQ,orange,orange,6,0,0.0840576949,0.0609450587,0.0279426633,-0.0103842182,-0.0019215199,True,0,4.1857,signal_trend_template_failed|close_below_50ma|relative_strength_below_floor
2012-10-18,2012-10-17,TQQQ,QQQ,orange,orange,7,0,0.0749922747,0.0487579213,0.0390379723,-0.0186861427,-0.0029807422,True,0,3.8999,signal_trend_template_failed|close_below_50ma|relative_strength_below_floor
2012-10-19,2012-10-18,TQQQ,QQQ,orange,orange,8,0,0.0790831022,0.0504657934,0.0297962353,-0.025120214,-0.014797689,True,0,4.8992,signal_trend_template_failed|not_30pct_above_52w_low|close_below_50ma|relative_strength_below_floor
2012-10-22,2012-10-19,TQQQ,QQQ,orange,orange,9,0,0.0645774568,0.0379346075,0.0144241815,-0.0312457538,-0.038102487,True,0,7.4737,signal_trend_template_failed|not_30pct_above_52w_low|close_below_50ma|relative_strength_below_floor
2012-10-23,2012-10-22,TQQQ,QQQ,orange,orange,10,0,0.0751793643,0.0515924866,0.0251883993,-0.0236231963,-0.0329393565,True,0,5.6173,signal_trend_template_failed|not_30pct_above_52w_low|close_below_50ma|relative_strength_below_floor
2012-10-24,2012-10-23,TQQQ,QQQ,orange,orange,11,0,0.066517553,0.0485528495,-0.010876924,-0.0187112288,-0.0417631563,True,0,7.2818,signal_trend_template_failed|not_30pct_above_52w_low|close_below_50ma|relative_strength_below_floor|six_month_momentum_not_positive
2012-10-25,2012-10-24,TQQQ,QQQ,orange,orange,12,0,0.0575451873,0.0311788786,-0.0201075444,-0.0177115872,-0.0446582601,True,0,5.2925,signal_trend_template_failed|not_30pct_above_52w_low|close_below_50ma|relative_strength_below_floor|six_month_momentum_not_positive
2012-10-26,2012-10-25,TQQQ,QQQ,orange,orange,13,0,0.0441331528,0.007334558,-0.025936741,-0.0256843683,-0.0441344333,True,0,5.9717,signal_trend_template_failed|not_30pct_above_52w_low|close_below_50ma|relative_strength_below_floor|six_month_momentum_not_positive
2012-10-31,2012-10-26,TQQQ,QQQ,orange,orange,14,0,0.0502722718,0.0110517378,-0.01607245,-0.0209144575,-0.0406498905,False,0,4.964,signal_trend_template_failed|not_30pct_above_52w_low|close_below_50ma|relative_strength_below_floor|six_month_momentum_not_positive
2012-11-01,2012-10-31,TQQQ,QQQ,orange,orange,15,0,0.0292559684,0.0051735149,-0.0237038107,-0.0294954312,-0.0456319982,False,0,3.7538,signal_trend_template_failed|not_30pct_above_52w_low|close_below_50ma|relative_strength_below_floor|six_month_momentum_not_positive
2012-11-02,2012-11-01,TQQQ,QQQ,orange,orange,16,0,0.0509144337,0.0224090083,-0.0126798112,-0.027619559,-0.0314433236,False,0,4.8508,signal_trend_template_failed|not_30pct_above_52w_low|close_below_50ma|relative_strength_below_floor|six_month_momentum_not_positive
2012-11-05,2012-11-02,TQQQ,QQQ,orange,orange,17,0,0.0452543939,0.015157551,-0.0127195161,-0.0296822603,-0.040950619,False,0,4.6659,signal_trend_template_failed|not_30pct_above_52w_low|close_below_50ma|relative_strength_below_floor|six_month_momentum_not_positive
2012-11-06,2012-11-05,TQQQ,QQQ,orange,orange,18,0,0.0416661493,0.0028520352,0.0191388771,-0.0224580977,-0.0338730347,False,0,3.9184,signal_trend_template_failed|not_30pct_above_52w_low|close_below_50ma|relative_strength_below_floor
2012-11-07,2012-11-06,TQQQ,QQQ,orange,orange,19,0,0.0464901628,-0.0029132407,0.020057157,-0.0303550303,-0.0315472738,False,0,4.7872,signal_trend_template_failed|not_30pct_above_52w_low|close_below_50ma|relative_strength_below_floor|three_month_momentum_not_positive
2012-11-08,2012-11-07,TQQQ,QQQ,red,red,1,0,0.0286231031,-0.0344638101,-0.0002959032,-0.0327263547,-0.0532932267,False,0,9.3393,close_below_200ma|signal_trend_template_failed|not_30pct_above_52w_low
2012-11-09,2012-11-08,TQQQ,QQQ,red,red,2,0,0.0181042769,-0.0492329148,-0.0129711992,-0.0358426444,-0.0668043356,False,0,7.2028,close_below_200ma|signal_trend_template_failed|not_30pct_above_52w_low
2012-11-12,2012-11-09,TQQQ,QQQ,red,red,3,0,0.0205853636,-0.0480260532,-0.0067440373,-0.0327558782,-0.0614906618,False,0,10.2391,close_below_200ma|signal_trend_template_failed|not_30pct_above_52w_low
2012-11-13,2012-11-12,TQQQ,QQQ,red,red,4,0,0.0079001419,-0.0487454577,-0.0067460276,-0.0343129047,-0.0603078837,False,0,3.8617,close_below_200ma|signal_trend_template_failed|not_30pct_above_52w_low
2012-11-14,2012-11-13,TQQQ,QQQ,red,red,5,0,0.0137011313,-0.0576012475,-0.0043289397,-0.0395294003,-0.065571267,False,0,7.9438,close_below_200ma|signal_trend_template_failed|not_30pct_above_52w_low
2012-11-15,2012-11-14,TQQQ,QQQ,red,red,6,0,0.0048718475,-0.0690904255,-0.0127670898,-0.0396190534,-0.0749786193,False,0,6.5346,close_below_200ma|signal_trend_template_failed|not_30pct_above_52w_low
2012-11-16,2012-11-15,TQQQ,QQQ,red,red,7,0,0.0033764148,-0.0745778127,-0.0093759364,-0.0408703972,-0.0764891077,False,0,6.8153,close_below_200ma|signal_trend_template_failed|not_30pct_above_52w_low
2012-11-19,2012-11-16,TQQQ,QQQ,red,red,8,0,0.0054084913,-0.0814807132,0.0164141641,-0.0422636302,-0.0709405782,False,0,8.2737,close_below_200ma|signal_trend_template_failed|not_30pct_above_52w_low
2012-11-20,2012-11-19,TQQQ,QQQ,red,red,9,0,0.0235503144,-0.063789209,0.0542494459,-0.0403089494,-0.0472917693,False,0,8.226,close_below_200ma|signal_trend_template_failed|not_30pct_above_52w_low
2012-11-21,2012-11-20,TQQQ,QQQ,red,red,10,0,0.0177772751,-0.0648650698,0.025899824,-0.0429756642,-0.0454443576,False,0,5.2014,close_below_200ma|signal_trend_template_failed|not_30pct_above_52w_low
2012-11-23,2012-11-21,TQQQ,QQQ,red,red,11,0,0.0107390026,-0.0592470858,0.0291427297,-0.0427112299,-0.0422340387,False,0,3.8545,close_below_200ma|signal_trend_template_failed|not_30pct_above_52w_low
2012-11-26,2012-11-23,TQQQ,QQQ,red,red,12,0,0.0116926746,-0.0488808089,0.0427536815,-0.0440426891,-0.0267290544,False,0,3.2428,close_below_200ma|signal_trend_template_failed|not_30pct_above_52w_low
2012-11-27,2012-11-26,TQQQ,QQQ,red,red,13,0,0.038057809,-0.0368956238,0.0541611353,-0.035141417,-0.0215750894,False,0,5.0019,close_below_200ma|signal_trend_template_failed|not_30pct_above_52w_low
2012-11-28,2012-11-27,TQQQ,QQQ,red,red,14,0,0.0337777475,-0.0460495922,0.0519572671,-0.0338477147,-0.0235868494,False,0,9.0345,close_below_200ma|signal_trend_template_failed|not_30pct_above_52w_low
2012-11-29,2012-11-28,TQQQ,QQQ,orange,orange,1,0,0.0361675181,-0.0393739304,0.0476909563,-0.0344171012,-0.0138474587,False,0,7.2453,signal_trend_template_failed|not_30pct_above_52w_low|close_below_50ma|relative_strength_below_floor|three_month_momentum_not_positive
2012-11-30,2012-11-29,TQQQ,QQQ,orange,orange,2,0,0.0390917324,-0.03365526,0.0628894808,-0.0358629282,-0.0067508717,False,0,6.5358,signal_trend_template_failed|not_30pct_above_52w_low|close_below_50ma|relative_strength_below_floor|three_month_momentum_not_positive
2012-12-03,2012-11-30,TQQQ,QQQ,orange,orange,3,0,0.0377938573,-0.0352683941,0.0657316948,-0.0376109929,-0.0071310782,False,0,5.9711,signal_trend_template_failed|not_30pct_above_52w_low|close_below_50ma|relative_strength_below_floor|three_month_momentum_not_positive
2012-12-04,2012-12-03,TQQQ,QQQ,orange,orange,4,0,0.0474026586,-0.0273625984,0.0926773111,-0.0323094964,-0.007736358,False,0,8.7597,signal_trend_template_failed|not_30pct_above_52w_low|close_below_50ma|relative_strength_below_floor|three_month_momentum_not_positive
2012-12-05,2012-12-04,TQQQ,QQQ,orange,orange,5,0,0.0423337608,-0.0343728812,0.0837592968,-0.0344697168,-0.0069903524,False,0,8.701,signal_trend_template_failed|not_30pct_above_52w_low|close_below_50ma|relative_strength_below_floor|three_month_momentum_not_positive
2012-12-06,2012-12-05,TQQQ,QQQ,red,red,1,0,0.0286233029,-0.0441315394,0.0673214455,-0.0468565358,-0.0164729273,False,0,10.9334,close_below_200ma|signal_trend_template_failed|not_30pct_above_52w_low
2012-12-07,2012-12-06,TQQQ,QQQ,red,red,2,0,0.0289158457,-0.0369554109,0.0501731252,-0.0447274584,-0.0087802413,False,0,7.8099,close_below_200ma|signal_trend_template_failed|not_30pct_above_52w_low
2012-12-10,2012-12-07,TQQQ,QQQ,red,red,3,0,0.0154599891,-0.0634950911,0.0480942784,-0.0529912896,-0.0135515526,False,0,6.0346,close_below_200ma|signal_trend_template_failed|not_30pct_above_52w_low
2012-12-11,2012-12-10,TQQQ,QQQ,red,red,4,0,0.0173470869,-0.0594016416,0.0411298681,-0.0494680087,-0.009738031,False,0,5.3218,close_below_200ma|signal_trend_template_failed|not_30pct_above_52w_low
2012-12-12,2012-12-11,TQQQ,QQQ,orange,orange,1,0,0.0377627453,-0.0347516906,0.0728066632,-0.0383515851,0.0041552664,False,0,9.0604,signal_trend_template_failed|not_30pct_above_52w_low|relative_strength_below_floor|three_month_momentum_not_positive
2012-12-13,2012-12-12,TQQQ,QQQ,orange,orange,2,0,0.0315611855,-0.0352514931,0.0576960982,-0.039425932,0.0028609993,False,0,7.858,signal_trend_template_failed|not_30pct_above_52w_low|relative_strength_below_floor|three_month_momentum_not_positive
2012-12-14,2012-12-13,TQQQ,QQQ,red,red,1,0,0.0261155316,-0.045661419,0.0566038102,-0.0415110575,-0.0041017309,False,0,8.631,close_below_200ma|signal_trend_template_failed|not_30pct_above_52w_low
2012-12-17,2012-12-14,TQQQ,QQQ,red,red,2,0,0.0140034008,-0.0673595137,0.0427127654,-0.0439448578,-0.0123576668,False,0,6.7912,close_below_200ma|signal_trend_template_failed|not_30pct_above_52w_low
2012-12-18,2012-12-17,TQQQ,QQQ,orange,orange,1,0,0.0169426129,-0.063309333,0.0436093422,-0.0451548551,0.00186189,False,0,4.9733,signal_trend_template_failed|not_30pct_above_52w_low|relative_strength_below_floor|three_month_momentum_not_positive
2012-12-19,2012-12-18,TQQQ,QQQ,orange,orange,2,0,0.023464611,-0.0494258978,0.049697931,-0.0445974094,0.0180169629,False,0,12.29,signal_trend_template_failed|not_30pct_above_52w_low|relative_strength_below_floor|three_month_momentum_not_positive
2012-12-20,2012-12-19,TQQQ,QQQ,orange,orange,3,0,0.0177070594,-0.0543770477,0.0343858773,-0.0426774961,0.0144246407,False,0,9.5908,signal_trend_template_failed|not_30pct_above_52w_low|relative_strength_below_floor|three_month_momentum_not_positive
2012-12-21,2012-12-20,TQQQ,QQQ,red,red,1,0,0.0140585091,-0.0561231872,0.03358157,-0.0507091781,0.0150742435,False,0,7.7461,50ma_below_150ma|signal_trend_template_failed|not_30pct_above_52w_low
2012-12-24,2012-12-21,TQQQ,QQQ,red,red,2,0,0.0162877122,-0.0651202437,0.0488129627,-0.0500655089,0.0049212357,False,0,8.6644,50ma_below_150ma|signal_trend_template_failed|not_30pct_above_52w_low
2012-12-26,2012-12-24,TQQQ,QQQ,red,red,3,0,-0.0251216149,-0.0672502612,0.0358168904,-0.0512782324,0.0033750971,False,0,1.338,stage4_breakdown|signal_trend_template_failed|not_30pct_above_52w_low
2012-12-27,2012-12-26,TQQQ,QQQ,red,red,4,0,0.0019088468,-0.0699846283,0.0469049774,-0.0535899135,-0.0048491495,False,0,3.951,stage4_breakdown|signal_trend_template_failed|not_30pct_above_52w_low
2012-12-28,2012-12-27,TQQQ,QQQ,red,red,5,0,0.0169969818,-0.0581926497,0.0387613908,-0.053083816,-0.0058060042,False,0,7.6356,stage4_breakdown|signal_trend_template_failed|not_30pct_above_52w_low
2012-12-31,2012-12-28,TQQQ,QQQ,red,red,6,0,0.0022376588,-0.0596001644,0.022546201,-0.048529602,-0.0144588717,False,0,3.9528,stage4_breakdown|signal_trend_template_failed|not_30pct_above_52w_low
2013-01-02,2012-12-31,TQQQ,QQQ,red,red,7,0,0.0239011354,-0.0527518324,0.0559407213,-0.0440787601,0.007214657,False,0,10.843,50ma_below_150ma|signal_trend_template_failed|not_30pct_above_52w_low
2013-01-03,2013-01-02,TQQQ,QQQ,red,red,8,0,0.0409116128,-0.0145218512,0.0562181295,-0.0387666229,0.0393877564,False,0,9.9398,50ma_below_150ma|signal_trend_template_failed|not_30pct_above_52w_low
2013-01-04,2013-01-03,TQQQ,QQQ,red,red,9,0,0.039964159,-0.0182223977,0.0476150113,-0.0374010654,0.0339961297,False,0,8.5811,50ma_below_150ma|signal_trend_template_failed|not_30pct_above_52w_low
2013-01-07,2013-01-04,TQQQ,QQQ,red,red,10,0,0.0205535239,-0.0243031862,0.0354783925,-0.0476319701,0.0301746368,False,0,4.1619,50ma_below_150ma|signal_trend_template_failed|not_30pct_above_52w_low
2013-01-08,2013-01-07,TQQQ,QQQ,red,red,11,0,0.0272892195,-0.0302238439,0.0351505022,-0.0473705677,0.0301666509,False,0,5.0044,50ma_below_150ma|signal_trend_template_failed|not_30pct_above_52w_low
2013-01-09,2013-01-08,TQQQ,QQQ,red,red,12,0,0.0287621632,-0.0354653831,0.046182531,-0.0426570732,0.0276831361,False,0,4.7635,50ma_below_150ma|signal_trend_template_failed|not_30pct_above_52w_low
2013-01-10,2013-01-09,TQQQ,QQQ,red,red,13,0,0.0299271454,-0.026647373,0.0520837464,-0.03781682,0.0309177664,False,0,4.2336,50ma_below_150ma|signal_trend_template_failed|not_30pct_above_52w_low
2013-01-11,2013-01-10,TQQQ,QQQ,red,red,14,0,0.0479940333,-0.0117905811,0.0689087233,-0.0369998191,0.0363353411,True,0,6.5901,50ma_below_150ma|signal_trend_template_failed|not_30pct_above_52w_low
2013-01-14,2013-01-11,TQQQ,QQQ,red,red,15,0,0.0391503467,0.0055694704,0.0762858356,-0.0288253688,0.0369969395,True,0,2.9783,50ma_below_150ma|signal_trend_template_failed|not_30pct_above_52w_low
2013-01-15,2013-01-14,TQQQ,QQQ,red,red,16,0,0.045913362,0.0061708081,0.0816109342,-0.0345257752,0.0316176917,True,0,4.085,50ma_below_150ma|signal_trend_template_failed|not_30pct_above_52w_low
2013-01-16,2013-01-15,TQQQ,QQQ,red,red,17,0,0.0481741331,0.0043637258,0.0601478688,-0.0374820521,0.0261776432,True,0,5.9217,50ma_below_150ma|signal_trend_template_failed|not_30pct_above_52w_low
2013-01-17,2013-01-16,TQQQ,QQQ,red,red,18,0,0.0432684596,0.0088873118,0.0674756526,-0.0353915871,0.0296727344,True,0,4.2036,50ma_below_150ma|signal_trend_template_failed|not_30pct_above_52w_low
2013-01-18,2013-01-17,TQQQ,QQQ,red,red,19,0,0.0512503975,0.0063182812,0.0670104318,-0.0354826245,0.0339671851,True,0,6.4669,50ma_below_150ma|signal_trend_template_failed|not_30pct_above_52w_low
2013-01-22,2013-01-18,TQQQ,QQQ,red,red,20,0,0.0393988669,-0.0099303001,0.0504095559,-0.0427801929,0.0311155796,True,0,5.7451,50ma_below_150ma|signal_trend_template_failed|not_30pct_above_52w_low
2013-01-23,2013-01-22,TQQQ,QQQ,red,red,21,0,0.0360352077,-0.0077236731,0.0406576579,-0.0479933727,0.0317392522,True,0,7.0711,50ma_below_150ma|signal_trend_template_failed|not_30pct_above_52w_low
2013-01-24,2013-01-23,TQQQ,QQQ,red,red,22,0,0.0519412187,0.010052081,0.0610251606,-0.0373298948,0.0365139122,True,0,6.4041,50ma_below_150ma|signal_trend_template_failed|not_30pct_above_52w_low
2013-01-25,2013-01-24,TQQQ,QQQ,red,red,23,0,0.056083958,0.020573267,0.0592883133,-0.0462572962,0.0211307117,True,0,6.7238,50ma_below_150ma|signal_trend_template_failed|not_30pct_above_52w_low
2013-01-28,2013-01-25,TQQQ,QQQ,red,red,24,0,0.0548981488,0.0204964299,0.0731463783,-0.0500459458,0.0251044368,True,0,4.7245,50ma_below_150ma|signal_trend_template_failed|not_30pct_above_52w_low
2013-01-29,2013-01-28,TQQQ,QQQ,red,red,25,0,0.0658115867,0.0326346461,0.0827720007,-0.046769793,0.0259806686,True,0,6.9692,50ma_below_150ma|signal_trend_template_failed|not_30pct_above_52w_low
2013-01-30,2013-01-29,TQQQ,QQQ,red,red,26,0,0.0637613847,0.0364347348,0.0687496076,-0.0500261462,0.0244855751,True,0,5.9723,50ma_below_150ma|signal_trend_template_failed|not_30pct_above_52w_low
2013-01-31,2013-01-30,TQQQ,QQQ,red,red,27,0,0.0532430158,0.0342741399,0.0418600836,-0.0468040325,0.0206890148,True,0,4.4197,50ma_below_150ma|signal_trend_template_failed|not_30pct_above_52w_low
2013-02-01,2013-01-31,TQQQ,QQQ,red,red,28,0,0.05647892,0.0289586698,0.0403304512,-0.0486582413,0.0168822162,True,0,5.6129,50ma_below_150ma|signal_trend_template_failed|not_30pct_above_52w_low
2013-02-04,2013-02-01,TQQQ,QQQ,red,red,29,0,0.0677069559,0.0475262045,0.0529455969,-0.0471321469,0.027572437,True,0,8.1521,50ma_below_150ma|signal_trend_template_failed|not_30pct_above_52w_low
2013-02-05,2013-02-04,TQQQ,QQQ,orange,orange,1,0,0.0510733085,0.0148817582,0.037624252,-0.0547956193,0.0087219582,True,0,7.4167,not_30pct_above_52w_low|relative_strength_below_floor
2013-02-06,2013-02-05,TQQQ,QQQ,orange,orange,2,0,0.0668850784,0.0409047423,0.056682309,-0.0504134597,0.022387072,True,0,7.9082,not_30pct_above_52w_low|relative_strength_below_floor
2013-02-07,2013-02-06,TQQQ,QQQ,orange,orange,3,0,0.0602250226,0.0307090586,0.0336486771,-0.0551233508,0.0182196746,True,0,7.0202,not_30pct_above_52w_low|relative_strength_below_floor
2013-02-08,2013-02-07,TQQQ,QQQ,orange,orange,4,0,0.0622591756,0.0297448308,0.0267449362,-0.0503472355,0.0183630043,True,0,6.1291,not_30pct_above_52w_low|relative_strength_below_floor
2013-02-11,2013-02-08,TQQQ,QQQ,orange,orange,5,0,0.071669343,0.0654306044,0.0287118064,-0.0485983415,0.0277491933,True,0,5.8917,not_30pct_above_52w_low|relative_strength_below_floor
2013-02-12,2013-02-11,TQQQ,QQQ,orange,orange,6,0,0.0615434385,0.0827865507,0.0294778128,-0.0450122641,0.0271659284,True,0,3.2078,not_30pct_above_52w_low|relative_strength_below_floor
2013-02-13,2013-02-12,TQQQ,QQQ,orange,orange,7,0,0.0584021646,0.0737384508,0.0221710308,-0.0540065608,0.0222621941,True,0,3.698,not_30pct_above_52w_low|relative_strength_below_floor
2013-02-14,2013-02-13,TQQQ,QQQ,orange,orange,8,0,0.0765359934,0.07771326,0.0251796339,-0.0484094034,0.0251004406,True,0,5.3946,not_30pct_above_52w_low|relative_strength_below_floor
2013-02-15,2013-02-14,TQQQ,QQQ,orange,orange,9,0,0.0679763071,0.0849233441,0.0224304061,-0.0492934245,0.0239819607,True,0,3.9482,not_30pct_above_52w_low|relative_strength_below_floor
2013-02-19,2013-02-15,TQQQ,QQQ,orange,orange,10,0,0.0621333275,0.0945911254,0.0189653588,-0.0523548005,0.0202044993,True,0,3.3885,not_30pct_above_52w_low|relative_strength_below_floor
2013-02-20,2013-02-19,TQQQ,QQQ,orange,orange,11,0,0.0713563394,0.1062397133,0.0237387752,-0.0540962226,0.0264392473,True,0,3.7164,not_30pct_above_52w_low|relative_strength_below_floor
2013-02-21,2013-02-20,TQQQ,QQQ,orange,orange,12,0,0.0662313041,0.0844979364,-0.003867729,-0.0569209452,0.0099676289,True,0,4.5684,not_30pct_above_52w_low|relative_strength_below_floor|six_month_momentum_not_positive
2013-02-22,2013-02-21,TQQQ,QQQ,orange,orange,13,0,0.056170149,0.0479799804,-0.0188698336,-0.0638883126,-0.001425633,True,0,7.1514,signal_trend_template_failed|not_30pct_above_52w_low|close_below_50ma|relative_strength_below_floor|six_month_momentum_not_positive
2013-02-25,2013-02-22,TQQQ,QQQ,orange,orange,14,0,0.0465876535,0.0582122043,-0.0104288042,-0.0663445737,0.0079188632,True,0,3.673,not_30pct_above_52w_low|relative_strength_below_floor|six_month_momentum_not_positive
2013-02-26,2013-02-25,TQQQ,QQQ,orange,orange,15,0,0.0546518259,0.0430053756,-0.0187896534,-0.0570740117,-0.0047518364,True,0,6.4276,signal_trend_template_failed|not_30pct_above_52w_low|close_below_50ma|relative_strength_below_floor|six_month_momentum_not_positive
2013-02-27,2013-02-26,TQQQ,QQQ,orange,orange,16,0,0.0414331252,0.0312896519,-0.0191206206,-0.0619947605,-0.0013278515,True,0,4.5546,signal_trend_template_failed|not_30pct_above_52w_low|close_below_50ma|relative_strength_below_floor|six_month_momentum_not_positive
2013-02-28,2013-02-27,TQQQ,QQQ,orange,orange,17,0,0.0483716157,0.037350875,-0.0009228327,-0.0678212333,0.0081820366,True,0,4.7658,not_30pct_above_52w_low|relative_strength_below_floor|six_month_momentum_not_positive
2013-03-01,2013-02-28,TQQQ,QQQ,orange,orange,18,0,0.0431216687,0.0386967151,-0.0091348451,-0.0689309624,0.0052484518,True,0,4.5383,not_30pct_above_52w_low|relative_strength_below_floor|six_month_momentum_not_positive
2013-03-04,2013-03-01,TQQQ,QQQ,orange,orange,19,0,0.0342327871,0.0341165919,-0.0066006428,-0.0680393278,0.008780366,True,0,3.4551,not_30pct_above_52w_low|relative_strength_below_floor|six_month_momentum_not_positive
2013-03-05,2013-03-04,TQQQ,QQQ,orange,orange,20,0,0.0404388981,0.0325739066,-0.0021776367,-0.0701381196,0.0128173717,True,0,4.2879,not_30pct_above_52w_low|relative_strength_below_floor|six_month_momentum_not_positive
2013-03-06,2013-03-05,TQQQ,QQQ,orange,orange,21,0,0.0601572724,0.0495825568,0.0125654656,-0.0634868549,0.0269254247,True,0,6.7628,not_30pct_above_52w_low|relative_strength_below_floor
2013-03-07,2013-03-06,TQQQ,QQQ,orange,orange,22,0,0.0599439724,0.0490570571,0.0203521301,-0.0669249515,0.0235821989,True,0,6.1169,not_30pct_above_52w_low|relative_strength_below_floor
2013-03-08,2013-03-07,TQQQ,QQQ,orange,orange,23,0,0.0411303262,0.0524547988,0.016278895,-0.0674289296,0.0252028065,True,0,3.2776,not_30pct_above_52w_low|relative_strength_below_floor
2013-03-11,2013-03-08,TQQQ,QQQ,orange,orange,24,0,0.0627604796,0.0655320244,0.0185084559,-0.0656532948,0.0252641793,True,0,5.0499,not_30pct_above_52w_low|relative_strength_below_floor
2013-03-12,2013-03-11,TQQQ,QQQ,orange,orange,25,0,0.0472017062,0.0617592811,0.0225215306,-0.0683651615,0.0268767745,True,0,3.7239,not_30pct_above_52w_low|relative_strength_below_floor
2013-03-13,2013-03-12,TQQQ,QQQ,orange,orange,26,0,0.0565650282,0.0642647771,-0.0033108119,-0.0653310175,0.0218401755,True,0,5.2889,not_30pct_above_52w_low|relative_strength_below_floor|six_month_momentum_not_positive
2013-03-14,2013-03-13,TQQQ,QQQ,orange,orange,27,0,0.0558562851,0.0597700819,-0.0031820007,-0.0677373535,0.0190325834,True,0,4.761,not_30pct_above_52w_low|relative_strength_below_floor|six_month_momentum_not_positive
2013-03-15,2013-03-14,TQQQ,QQQ,orange,orange,28,0,0.0514350196,0.0496217057,0.0131455769,-0.0717379384,0.0213163523,True,0,4.6152,not_30pct_above_52w_low|relative_strength_below_floor
2013-03-18,2013-03-15,TQQQ,QQQ,orange,orange,29,0,0.0558425625,0.0489289548,0.011952643,-0.0699615942,0.0180330239,True,0,4.736,not_30pct_above_52w_low|relative_strength_below_floor
2013-03-19,2013-03-18,TQQQ,QQQ,orange,orange,30,0,0.0602558016,0.0549658144,0.0067945783,-0.0652571738,0.0153021638,True,0,6.3172,not_30pct_above_52w_low|relative_strength_below_floor
2013-03-20,2013-03-19,TQQQ,QQQ,orange,orange,31,0,0.0608465118,0.0630518809,-0.0085547768,-0.059993245,0.0128437114,True,0,8.4234,not_30pct_above_52w_low|relative_strength_below_floor|six_month_momentum_not_positive
2013-03-21,2013-03-20,TQQQ,QQQ,orange,orange,32,0,0.0557121964,0.0564847926,-0.010400555,-0.0603568742,0.0192991894,True,0,4.5828,not_30pct_above_52w_low|relative_strength_below_floor|six_month_momentum_not_positive
2013-03-22,2013-03-21,TQQQ,QQQ,orange,orange,33,0,0.0407782272,0.0287964766,-0.0220527129,-0.0668664111,0.0072603923,True,0,6.2067,not_30pct_above_52w_low|relative_strength_below_floor|six_month_momentum_not_positive
2013-03-25,2013-03-22,TQQQ,QQQ,orange,orange,34,0,0.0393475384,0.0433390796,-0.0133946193,-0.0679209698,0.0164518185,True,0,4.24,not_30pct_above_52w_low|relative_strength_below_floor|six_month_momentum_not_positive
2013-03-26,2013-03-25,TQQQ,QQQ,orange,orange,35,0,0.044449127,0.0395363111,-0.0188057799,-0.0646242278,0.0123494676,True,0,6.7301,not_30pct_above_52w_low|relative_strength_below_floor|six_month_momentum_not_positive
2013-03-27,2013-03-26,TQQQ,QQQ,orange,orange,36,0,0.0373407983,0.0562734916,-0.0125112955,-0.068094136,0.0173468309,True,0,3.6961,not_30pct_above_52w_low|relative_strength_below_floor|six_month_momentum_not_positive
2013-03-28,2013-03-27,TQQQ,QQQ,orange,orange,37,0,0.0541375408,0.0597698318,-0.0114999662,-0.067118759,0.0180778001,True,0,5.7553,not_30pct_above_52w_low|relative_strength_below_floor|six_month_momentum_not_positive
2013-04-01,2013-03-28,TQQQ,QQQ,orange,orange,38,0,0.0614835285,0.071776781,-0.0032311186,-0.0642304246,0.019840757,True,0,8.049,not_30pct_above_52w_low|relative_strength_below_floor|six_month_momentum_not_positive
2013-04-02,2013-04-01,TQQQ,QQQ,orange,orange,39,0,0.061983991,0.0661265698,0.0040858398,-0.0660769566,0.0123661005,True,0,7.388,not_30pct_above_52w_low|relative_strength_below_floor
2013-04-03,2013-04-02,TQQQ,QQQ,orange,orange,40,0,0.0742755365,0.0849763042,0.0203115381,-0.0622700622,0.0197514823,True,0,10.2225,not_30pct_above_52w_low|relative_strength_below_floor
2013-04-04,2013-04-03,TQQQ,QQQ,orange,orange,41,0,0.0595820167,0.052791856,-0.0027448436,-0.0625182281,0.0099999276,True,0,5.2209,not_30pct_above_52w_low|relative_strength_below_floor|six_month_momentum_not_positive
2013-04-05,2013-04-04,TQQQ,QQQ,orange,orange,42,0,0.0460860378,0.0206606621,0.0058387798,-0.0676371145,0.0098759923,True,0,5.5988,not_30pct_above_52w_low|relative_strength_below_floor
2013-04-08,2013-04-05,TQQQ,QQQ,orange,orange,43,0,0.043655881,0.0174581068,-0.0010824194,-0.0684811344,0.0013383804,True,0,9.7271,not_30pct_above_52w_low|relative_strength_below_floor|six_month_momentum_not_positive
2013-04-09,2013-04-08,TQQQ,QQQ,orange,orange,44,0,0.0472213991,0.026233132,0.0012923971,-0.0664712567,0.0061416935,True,0,6.5281,not_30pct_above_52w_low|relative_strength_below_floor
2013-04-10,2013-04-09,TQQQ,QQQ,orange,orange,45,0,0.0475603545,0.0328427617,0.0016262833,-0.0667297945,0.0123779545,True,0,9.9018,not_30pct_above_52w_low|relative_strength_below_floor
2013-04-11,2013-04-10,TQQQ,QQQ,orange,orange,46,0,0.059115435,0.0550520477,0.0176342226,-0.061077092,0.0312102895,True,0,5.7493,not_30pct_above_52w_low|relative_strength_below_floor
2013-04-12,2013-04-11,TQQQ,QQQ,orange,orange,47,0,0.0600062381,0.0506510002,0.0226539111,-0.0633529924,0.0298627353,True,0,5.2709,not_30pct_above_52w_low|relative_strength_below_floor
2013-04-15,2013-04-12,TQQQ,QQQ,orange,orange,48,0,0.0632149694,0.043648134,0.031342916,-0.0582055158,0.0281969243,True,0,6.8688,not_30pct_above_52w_low|relative_strength_below_floor
2013-04-16,2013-04-15,TQQQ,QQQ,orange,orange,49,0,0.0579369515,0.0216866357,0.0273768892,-0.0525499317,0.0073629881,True,0,6.0159,not_30pct_above_52w_low|relative_strength_below_floor
2013-04-17,2013-04-16,TQQQ,QQQ,orange,orange,50,0,0.0696819159,0.0398855676,0.046302502,-0.0519091845,0.020144065,True,0,5.9558,not_30pct_above_52w_low|relative_strength_below_floor
2013-04-18,2013-04-17,TQQQ,QQQ,orange,orange,51,0,0.0587950658,0.0245782603,0.0290492389,-0.0514293708,-0.0003500918,True,0,9.1363,signal_trend_template_failed|not_30pct_above_52w_low|close_below_50ma|relative_strength_below_floor
2013-04-19,2013-04-18,TQQQ,QQQ,orange,orange,52,0,0.0399920169,0.0063596565,0.0153034886,-0.0627793161,-0.0141078333,True,0,7.0253,signal_trend_template_failed|not_30pct_above_52w_low|close_below_50ma|relative_strength_below_floor
2013-04-22,2013-04-19,TQQQ,QQQ,orange,orange,53,0,0.0487382545,0.0152864574,0.0217013227,-0.0566170361,-0.0008992946,True,0,5.2788,signal_trend_template_failed|not_30pct_above_52w_low|close_below_50ma|relative_strength_below_floor
2013-04-23,2013-04-22,TQQQ,QQQ,orange,orange,54,0,0.0524373729,0.0280187963,0.0178102612,-0.0511102614,0.0088848538,True,0,4.7891,not_30pct_above_52w_low|relative_strength_below_floor
2013-04-24,2013-04-23,TQQQ,QQQ,orange,orange,55,0,0.0610866422,0.0361824506,0.028179316,-0.0482602479,0.0180816601,True,0,8.3544,not_30pct_above_52w_low|relative_strength_below_floor
2013-04-25,2013-04-24,TQQQ,QQQ,orange,orange,56,0,0.0612563358,0.029452466,0.0398006056,-0.0497712388,0.0171746352,True,0,6.8445,not_30pct_above_52w_low|relative_strength_below_floor
2013-04-26,2013-04-25,TQQQ,QQQ,orange,orange,57,0,0.0759079817,0.0493778226,0.0709669528,-0.0386682076,0.0219322224,True,0,5.9729,not_30pct_above_52w_low|relative_strength_below_floor
2013-04-29,2013-04-26,TQQQ,QQQ,orange,orange,58,0,0.0468961185,0.0407611869,0.0620930756,-0.0425289358,0.0181867295,True,0,2.8267,not_30pct_above_52w_low|relative_strength_below_floor
2013-04-30,2013-04-29,TQQQ,QQQ,orange,orange,59,0,0.0669062878,0.0479892922,0.0821900519,-0.0442548236,0.0268269067,True,0,4.3297,not_30pct_above_52w_low|relative_strength_below_floor
2013-05-01,2013-04-30,TQQQ,QQQ,orange,orange,60,0,0.0715139361,0.0554442482,0.0938990795,-0.0366087007,0.0333406641,True,0,3.9987,not_30pct_above_52w_low|relative_strength_below_floor
2013-05-02,2013-05-01,TQQQ,QQQ,orange,orange,61,0,0.0716801636,0.0527144254,0.0887953069,-0.0323305042,0.0278263098,True,0,4.1004,not_30pct_above_52w_low|relative_strength_below_floor
2013-05-03,2013-05-02,TQQQ,QQQ,orange,orange,62,0,0.0714100249,0.0684156482,0.0993555441,-0.0300859106,0.0395328608,True,0,3.2197,not_30pct_above_52w_low|relative_strength_below_floor
2013-05-06,2013-05-03,TQQQ,QQQ,orange,orange,63,0,0.0897222885,0.0683848668,0.1191611445,-0.0279966968,0.0500059594,True,0,4.5787,not_30pct_above_52w_low|relative_strength_below_floor
2013-05-07,2013-05-06,TQQQ,QQQ,orange,orange,64,0,0.084671894,0.0915697355,0.1078142125,-0.0243702465,0.0524228615,True,0,3.3575,not_30pct_above_52w_low|relative_strength_below_floor
2013-05-08,2013-05-07,TQQQ,QQQ,orange,orange,65,0,0.0806116048,0.0751177257,0.1190951392,-0.0329391373,0.0499479904,True,0,3.6003,not_30pct_above_52w_low|relative_strength_below_floor
2013-05-09,2013-05-08,TQQQ,QQQ,orange,orange,66,0,0.0756269499,0.0838529696,0.117137074,-0.0329546137,0.0531002913,True,0,2.9914,not_30pct_above_52w_low|relative_strength_below_floor
2013-05-10,2013-05-09,TQQQ,QQQ,orange,orange,67,0,0.0831330624,0.0813968398,0.1135628058,-0.0310283353,0.0499709083,True,0,3.8758,not_30pct_above_52w_low|relative_strength_below_floor
2013-05-13,2013-05-10,TQQQ,QQQ,orange,orange,68,0,0.0951380911,0.0769095444,0.1473723867,-0.0308083714,0.0544721498,True,0,4.5141,signal_trend_template_failed|not_30pct_above_52w_low|relative_strength_below_floor
2013-05-14,2013-05-13,TQQQ,QQQ,orange,orange,69,0,0.1034484771,0.0779182959,0.1671554336,-0.0292850265,0.0539707428,True,0,4.7551,signal_trend_template_failed|not_30pct_above_52w_low|relative_strength_below_floor
2013-05-15,2013-05-14,TQQQ,QQQ,orange,orange,70,0,0.1060593965,0.0879984431,0.1682257628,-0.0341076136,0.057619253,True,0,4.8479,signal_trend_template_failed|not_30pct_above_52w_low|relative_strength_below_floor
2013-05-16,2013-05-15,TQQQ,QQQ,orange,orange,71,0,0.105120206,0.0863688396,0.1707941038,-0.0392894897,0.0582098237,True,0,4.7906,signal_trend_template_failed|not_30pct_above_52w_low|relative_strength_below_floor
2013-05-17,2013-05-16,TQQQ,QQQ,orange,orange,72,0,0.1098118299,0.0855088146,0.1776938532,-0.0331474037,0.0554723401,True,0,5.6465,signal_trend_template_failed|not_30pct_above_52w_low|relative_strength_below_floor
2013-05-20,2013-05-17,TQQQ,QQQ,orange,orange,73,0,0.1197565102,0.0992169181,0.2031930835,-0.0336278271,0.0638949416,True,0,5.6038,signal_trend_template_failed|not_30pct_above_52w_low|relative_strength_below_floor
2013-05-21,2013-05-20,TQQQ,QQQ,orange,orange,74,0,0.1167895022,0.0897091891,0.2054795809,-0.0347202021,0.0606260057,True,0,5.6293,signal_trend_template_failed|not_30pct_above_52w_low|relative_strength_below_floor
2013-05-22,2013-05-21,TQQQ,QQQ,orange,orange,75,0,0.1231471858,0.1079310545,0.2015489422,-0.0331107889,0.0601143471,True,0,6.0068,signal_trend_template_failed|not_30pct_above_52w_low|relative_strength_below_floor
2013-05-23,2013-05-22,TQQQ,QQQ,orange,orange,76,0,0.1180226119,0.1101311612,0.1633952325,-0.0322785598,0.0493211959,True,0,11.5439,signal_trend_template_failed|not_30pct_above_52w_low|relative_strength_below_floor
2013-05-24,2013-05-23,TQQQ,QQQ,orange,orange,77,0,0.1119402201,0.0965148378,0.1603453835,-0.0319740675,0.0454143401,True,0,5.2498,signal_trend_template_failed|not_30pct_above_52w_low|relative_strength_below_floor
2013-05-28,2013-05-24,TQQQ,QQQ,orange,orange,78,0,0.0894703593,0.1096354598,0.1573557495,-0.0353844253,0.0434467257,True,0,2.439,signal_trend_template_failed|not_30pct_above_52w_low|relative_strength_below_floor
2013-05-29,2013-05-28,TQQQ,QQQ,orange,orange,79,0,0.1150793952,0.1126956528,0.1475115125,-0.0336045776,0.0486652104,True,0,5.946,signal_trend_template_failed|not_30pct_above_52w_low|relative_strength_below_floor
2013-05-30,2013-05-29,TQQQ,QQQ,orange,orange,80,0,0.1045011676,0.0962252746,0.1371702478,-0.0323650121,0.0421657122,True,0,5.7774,signal_trend_template_failed|not_30pct_above_52w_low|relative_strength_below_floor
2013-05-31,2013-05-30,TQQQ,QQQ,orange,orange,81,0,0.0923260763,0.104338178,0.1470724378,-0.0300908615,0.0460027871,True,0,3.1675,signal_trend_template_failed|not_30pct_above_52w_low|relative_strength_below_floor
2013-06-03,2013-05-31,TQQQ,QQQ,orange,orange,82,0,0.099970521,0.0896333062,0.126807881,-0.0230611557,0.0350516975,True,0,4.4066,signal_trend_template_failed|not_30pct_above_52w_low|relative_strength_below_floor
2013-06-04,2013-06-03,TQQQ,QQQ,orange,orange,83,0,0.1032799535,0.0867284445,0.1221274353,-0.0262051947,0.0352939456,True,0,8.001,signal_trend_template_failed|not_30pct_above_52w_low|relative_strength_below_floor
2013-06-05,2013-06-04,TQQQ,QQQ,orange,orange,84,0,0.0928770438,0.0653604814,0.118183778,-0.028813954,0.0286532508,True,0,4.9047,not_30pct_above_52w_low|relative_strength_below_floor
2013-06-06,2013-06-05,TQQQ,QQQ,orange,orange,85,0,0.0865707495,0.0541050381,0.1058163291,-0.0258000646,0.0142056656,True,0,6.487,not_30pct_above_52w_low|relative_strength_below_floor
2013-06-07,2013-06-06,TQQQ,QQQ,orange,orange,86,0,0.0852877548,0.0564496232,0.1118654756,-0.032098206,0.0180749362,True,0,6.5795,not_30pct_above_52w_low|relative_strength_below_floor
2013-06-10,2013-06-07,TQQQ,QQQ,orange,orange,87,0,0.0978450339,0.069650006,0.1397463363,-0.0262759934,0.0306656133,True,0,8.3675,not_30pct_above_52w_low|relative_strength_below_floor
2013-06-11,2013-06-10,TQQQ,QQQ,orange,orange,88,0,0.0939730634,0.0669846348,0.1328808387,-0.0267414043,0.0297997258,True,0,4.8602,not_30pct_above_52w_low|relative_strength_below_floor
2013-06-12,2013-06-11,TQQQ,QQQ,orange,orange,89,0,0.093509228,0.060219084,0.1283538271,-0.022508918,0.018363937,True,0,7.7456,not_30pct_above_52w_low|relative_strength_below_floor
2013-06-13,2013-06-12,TQQQ,QQQ,orange,orange,90,0,0.0857328498,0.0493409018,0.1120600935,-0.0250421951,0.0058037389,True,0,7.5238,not_30pct_above_52w_low|relative_strength_below_floor
2013-06-14,2013-06-13,TQQQ,QQQ,orange,orange,91,0,0.0876456294,0.0590819887,0.1116354434,-0.0292470165,0.0173037287,True,0,5.2903,not_30pct_above_52w_low|relative_strength_below_floor
2013-06-17,2013-06-14,TQQQ,QQQ,orange,orange,92,0,0.0796645599,0.0550288939,0.106650355,-0.0268831592,0.0095058344,True,0,4.2598,not_30pct_above_52w_low|relative_strength_below_floor
2013-06-18,2013-06-17,TQQQ,QQQ,orange,orange,93,0,0.0982732546,0.067583671,0.1262642768,-0.0256803551,0.0178269278,True,0,5.5932,not_30pct_above_52w_low|relative_strength_below_floor
2013-06-19,2013-06-18,TQQQ,QQQ,orange,orange,94,0,0.095100647,0.0784108854,0.1464067201,-0.0233545967,0.0246623621,True,0,3.6548,not_30pct_above_52w_low|relative_strength_below_floor
2013-06-20,2013-06-19,TQQQ,QQQ,orange,orange,95,0,0.0947847362,0.0589433128,0.1187575061,-0.0213255878,0.0120934437,True,0,6.1337,not_30pct_above_52w_low|relative_strength_below_floor
2013-06-21,2013-06-20,TQQQ,QQQ,orange,orange,96,0,0.0814905035,0.0456348509,0.0757454505,-0.0187312753,-0.0122490697,True,0,7.8008,signal_trend_template_failed|not_30pct_above_52w_low|close_below_50ma|relative_strength_below_floor
2013-06-24,2013-06-21,TQQQ,QQQ,orange,orange,97,0,0.0717233305,0.0300744579,0.0747169368,-0.0288491738,-0.0176750157,True,0,7.5547,signal_trend_template_failed|not_30pct_above_52w_low|close_below_50ma|relative_strength_below_floor
2013-06-25,2013-06-24,TQQQ,QQQ,orange,orange,98,0,0.0668934396,0.0235671671,0.064035237,-0.0243982752,-0.0274412843,True,0,6.8316,signal_trend_template_failed|not_30pct_above_52w_low|close_below_50ma|relative_strength_below_floor
2013-06-26,2013-06-25,TQQQ,QQQ,orange,orange,99,0,0.0630328784,0.0255012842,0.0832098221,-0.0257551197,-0.0208457535,True,0,4.1781,signal_trend_template_failed|not_30pct_above_52w_low|close_below_50ma|relative_strength_below_floor
2013-06-27,2013-06-26,TQQQ,QQQ,orange,orange,100,0,0.0656397391,0.0333460823,0.0951090038,-0.0271732575,-0.0125091685,True,0,3.8852,signal_trend_template_failed|not_30pct_above_52w_low|close_below_50ma|relative_strength_below_floor
2013-06-28,2013-06-27,TQQQ,QQQ,orange,orange,101,0,0.0694452622,0.0351623292,0.1094629491,-0.0261530687,-0.0092333222,True,0,3.7259,signal_trend_template_failed|not_30pct_above_52w_low|close_below_50ma|relative_strength_below_floor
2013-07-01,2013-06-28,TQQQ,QQQ,orange,orange,102,0,0.0904599411,0.043729198,0.1127474297,-0.0174898744,-0.0090306664,True,0,5.1292,signal_trend_template_failed|not_30pct_above_52w_low|close_below_50ma|relative_strength_below_floor
2013-07-02,2013-07-01,TQQQ,QQQ,orange,orange,103,0,0.081534132,0.04195883,0.1305006405,-0.0181322888,-0.0039748798,True,0,3.4873,signal_trend_template_failed|not_30pct_above_52w_low|close_below_50ma|relative_strength_below_floor
2013-07-03,2013-07-02,TQQQ,QQQ,orange,orange,104,0,0.0877401976,0.0519942836,0.1075310143,-0.0187266271,-0.004434239,True,0,4.1768,signal_trend_template_failed|not_30pct_above_52w_low|close_below_50ma|relative_strength_below_floor
2013-07-05,2013-07-03,TQQQ,QQQ,orange,orange,105,0,0.062222911,0.055938663,0.0777550549,-0.0137888854,-0.0011854402,True,0,1.8301,signal_trend_template_failed|not_30pct_above_52w_low|close_below_50ma|relative_strength_below_floor
2013-07-08,2013-07-05,TQQQ,QQQ,orange,orange,106,0,0.0926171304,0.0729384073,0.0916698806,-0.0149353687,0.005498935,True,0,3.9813,not_30pct_above_52w_low|relative_strength_below_floor
2013-07-09,2013-07-08,TQQQ,QQQ,orange,orange,107,0,0.0814226891,0.0683058238,0.0963308314,-0.0165303266,0.0056106083,True,0,3.0813,not_30pct_above_52w_low|relative_strength_below_floor
2013-07-10,2013-07-09,TQQQ,QQQ,orange,orange,108,0,0.0779588701,0.0675771757,0.1026393585,-0.0214185137,0.0106544295,True,0,2.9968,not_30pct_above_52w_low|relative_strength_below_floor
2013-07-11,2013-07-10,TQQQ,QQQ,orange,orange,109,0,0.0824000449,0.0531643489,0.1111432029,-0.0186367602,0.0154733132,True,0,3.6454,not_30pct_above_52w_low|relative_strength_below_floor
2013-07-12,2013-07-11,TQQQ,QQQ,orange,orange,110,0,0.1127231175,0.0745422374,0.1289688765,-0.0085806771,0.0343636776,True,0,5.8751,not_30pct_above_52w_low|relative_strength_below_floor
2013-07-15,2013-07-12,TQQQ,QQQ,orange,orange,111,0,0.1028072535,0.0800436538,0.1271855439,-0.0028057731,0.0374478006,True,0,3.2397,not_30pct_above_52w_low|relative_strength_below_floor
2013-07-16,2013-07-15,TQQQ,QQQ,orange,orange,112,0,0.1125023497,0.1042702282,0.1282181344,-0.0079249425,0.0385261847,True,0,3.5821,not_30pct_above_52w_low|relative_strength_below_floor
2013-07-17,2013-07-16,TQQQ,QQQ,orange,orange,113,0,0.1079976007,0.0883617834,0.1317717109,-0.0043433841,0.0361587668,True,0,3.3187,not_30pct_above_52w_low|relative_strength_below_floor
2013-07-18,2013-07-17,TQQQ,QQQ,orange,orange,114,0,0.1186707357,0.1128912519,0.1402441827,0.0005960071,0.0378036377,True,0,3.1025,not_30pct_above_52w_low
2013-07-19,2013-07-18,TQQQ,QQQ,orange,orange,115,0,0.1281238413,0.125628454,0.1327870643,-0.0048503763,0.0342743336,True,0,3.9375,not_30pct_above_52w_low|relative_strength_below_floor
2013-07-22,2013-07-19,TQQQ,QQQ,orange,orange,116,0,0.1104858123,0.0989275055,0.115726214,-0.0215870349,0.0229781913,True,0,4.0995,not_30pct_above_52w_low|relative_strength_below_floor
2013-07-23,2013-07-22,TQQQ,QQQ,orange,orange,117,0,0.1019757216,0.0909529604,0.1215201492,-0.0207545267,0.0253121203,True,0,3.2643,not_30pct_above_52w_low|relative_strength_below_floor
2013-07-24,2013-07-23,TQQQ,QQQ,orange,orange,118,0,0.0890002282,0.0726413379,0.1114521301,-0.0255298132,0.0173727725,True,0,3.213,not_30pct_above_52w_low|relative_strength_below_floor
2013-07-25,2013-07-24,TQQQ,QQQ,orange,orange,119,0,0.1015427163,0.0765723887,0.1082801004,-0.0184680132,0.0202156052,True,0,3.9683,not_30pct_above_52w_low|relative_strength_below_floor
2013-07-26,2013-07-25,TQQQ,QQQ,orange,orange,120,0,0.0995504074,0.0776211946,0.1308317829,-0.0112109325,0.0261796587,True,0,3.0988,not_30pct_above_52w_low|relative_strength_below_floor
2013-07-29,2013-07-26,TQQQ,QQQ,orange,orange,121,0,0.1043123653,0.086797042,0.1310961793,-0.004078176,0.0311094963,True,0,3.016,not_30pct_above_52w_low|relative_strength_below_floor
2013-07-30,2013-07-29,TQQQ,QQQ,orange,orange,122,0,0.1005605649,0.0748898379,0.1264730405,-0.00522489,0.0286670663,True,0,2.7969,not_30pct_above_52w_low|relative_strength_below_floor
2013-07-31,2013-07-30,TQQQ,QQQ,orange,orange,123,0,0.1252282466,0.0728125616,0.1322938475,0.0001663504,0.0336945528,True,0,4.7459,not_30pct_above_52w_low
2013-08-01,2013-07-31,TQQQ,QQQ,orange,orange,124,0,0.1232277856,0.0798362644,0.1367592126,-0.0021771848,0.035094448,True,0,4.3502,not_30pct_above_52w_low|relative_strength_below_floor
2013-08-02,2013-08-01,TQQQ,QQQ,orange,orange,125,0,0.1124731779,0.0771906154,0.1508873096,-0.0054324746,0.0448986266,True,0,3.1571,not_30pct_above_52w_low|relative_strength_below_floor
2013-08-05,2013-08-02,TQQQ,QQQ,orange,orange,126,0,0.1200575044,0.0706252843,0.1438398518,-0.0016228109,0.0497420842,True,0,4.0166,not_30pct_above_52w_low|relative_strength_below_floor
2013-08-06,2013-08-05,TQQQ,QQQ,orange,orange,127,0,0.1194438491,0.0671781448,0.1648993653,0.0017333051,0.0493362375,True,0,3.293,not_30pct_above_52w_low
2013-08-07,2013-08-06,TQQQ,QQQ,orange,orange,128,0,0.1188166202,0.06139036,0.1411195899,0.0031495816,0.0421084707,True,0,3.82,not_30pct_above_52w_low
2013-08-08,2013-08-07,TQQQ,QQQ,orange,orange,129,0,0.127665181,0.0543493899,0.1427597173,0.006074725,0.0394209992,True,0,4.8816,not_30pct_above_52w_low
2013-08-09,2013-08-08,TQQQ,QQQ,orange,orange,130,0,0.1280885561,0.0610529897,0.1474193499,0.0052956151,0.043599171,True,0,5.3575,not_30pct_above_52w_low
2013-08-12,2013-08-09,TQQQ,QQQ,orange,orange,131,0,0.1094228129,0.0504036038,0.1311896664,0.000935185,0.0385974931,True,0,3.9987,not_30pct_above_52w_low
2013-08-13,2013-08-12,TQQQ,QQQ,orange,orange,132,0,0.0994980257,0.0515798443,0.1335171538,0.0044125841,0.0400098223,True,0,2.8103,not_30pct_above_52w_low
2013-08-14,2013-08-13,TQQQ,QQQ,orange,orange,133,0,0.1240856337,0.0520123892,0.1445878416,0.0116149276,0.0447235766,True,0,6.413,not_30pct_above_52w_low
2013-08-15,2013-08-14,TQQQ,QQQ,orange,orange,134,0,0.1085884915,0.0459208998,0.1362558742,0.0122908306,0.0396553931,True,0,3.874,not_30pct_above_52w_low
2013-08-16,2013-08-15,TQQQ,QQQ,orange,orange,135,0,0.1087577134,0.0293366274,0.1173539823,0.0070300072,0.0210401938,True,0,5.1815,not_30pct_above_52w_low
2013-08-19,2013-08-16,TQQQ,QQQ,orange,orange,136,0,0.0830106597,0.0190957707,0.1202073124,0.0105881225,0.0197223823,True,0,2.7266,not_30pct_above_52w_low
2013-08-20,2013-08-19,TQQQ,QQQ,orange,orange,137,0,0.0894578842,0.0188478059,0.1102478164,0.016036901,0.0173631782,True,0,3.4875,not_30pct_above_52w_low
2013-08-21,2013-08-20,TQQQ,QQQ,orange,orange,138,0,0.0960939701,0.0222085868,0.1325366375,0.0172407639,0.0211321191,True,0,3.4818,not_30pct_above_52w_low
2013-08-22,2013-08-21,TQQQ,QQQ,orange,orange,139,0,0.1169622839,0.027690545,0.140871298,0.0218321915,0.0168117652,True,0,6.2021,not_30pct_above_52w_low
2013-08-23,2013-08-22,TQQQ,QQQ,orange,orange,140,0,0.100224539,0.0401759309,0.1405683422,0.022123382,0.0255338305,True,0,2.8467,not_30pct_above_52w_low
2013-08-26,2013-08-23,TQQQ,QQQ,orange,orange,141,0,0.1139113986,0.0477113141,0.1625776258,0.0266477706,0.0312513841,True,0,3.1209,not_30pct_above_52w_low
2013-08-27,2013-08-26,TQQQ,QQQ,orange,orange,142,0,0.1109948428,0.0414489592,0.1588157295,0.0311188363,0.0304984716,True,0,3.0585,not_30pct_above_52w_low
2013-08-28,2013-08-27,TQQQ,QQQ,orange,orange,143,0,0.1169103288,0.0249893777,0.1236192621,0.0277358455,0.0087601737,True,0,7.656,not_30pct_above_52w_low
2013-08-29,2013-08-28,TQQQ,QQQ,orange,orange,144,0,0.106651547,0.0235168394,0.1303087216,0.0267608202,0.0120872528,True,0,3.954,not_30pct_above_52w_low
2013-08-30,2013-08-29,TQQQ,QQQ,orange,orange,145,0,0.1223424149,0.040277729,0.1335212613,0.0284498375,0.0182619998,True,0,5.1206,not_30pct_above_52w_low
2013-09-03,2013-08-30,TQQQ,QQQ,orange,orange,146,0,0.1142371513,0.0317358518,0.1212166974,0.0274452345,0.0104295914,True,0,4.7352,not_30pct_above_52w_low
2013-09-04,2013-09-03,TQQQ,QQQ,orange,orange,147,0,0.1041402888,0.0430148625,0.111186816,0.027501545,0.0147003504,True,0,3.3811,not_30pct_above_52w_low
2013-09-05,2013-09-04,TQQQ,QQQ,orange,orange,148,0,0.1198543421,0.0680455509,0.1258321961,0.032732929,0.0236186549,True,0,3.3846,not_30pct_above_52w_low
2013-09-06,2013-09-05,TQQQ,QQQ,orange,orange,149,0,0.1031840552,0.0646836515,0.1247846424,0.0346144496,0.0235506627,True,0,1.9825,not_30pct_above_52w_low
2013-09-09,2013-09-06,TQQQ,QQQ,orange,orange,150,0,0.1265437688,0.051551997,0.1247926,0.0346530825,0.0230979776,True,0,5.0152,not_30pct_above_52w_low
2013-09-10,2013-09-09,TQQQ,QQQ,orange,orange,151,0,0.1246567132,0.0634197295,0.1346525117,0.0366219533,0.0332371221,True,0,4.0081,not_30pct_above_52w_low
2013-09-11,2013-09-10,TQQQ,QQQ,orange,orange,152,0,0.1422951222,0.0793426657,0.1443396924,0.0359677084,0.0363716431,True,0,6.5567,not_30pct_above_52w_low
2013-09-12,2013-09-11,TQQQ,QQQ,orange,orange,153,0,0.1425868223,0.0898668798,0.1436418945,0.0336205356,0.0326458688,True,0,4.5565,not_30pct_above_52w_low
2013-09-13,2013-09-12,TQQQ,QQQ,orange,orange,154,0,0.1214953699,0.0755468499,0.1390922967,0.0371962861,0.0302756154,True,0,2.8606,not_30pct_above_52w_low
2013-09-16,2013-09-13,TQQQ,QQQ,orange,orange,155,0,0.1329530352,0.0833828711,0.1430002322,0.037415244,0.0292962307,True,0,3.4676,not_30pct_above_52w_low
2013-09-17,2013-09-16,TQQQ,QQQ,orange,orange,156,0,0.1399066479,0.0701053559,0.1424270042,0.0258801965,0.0251031502,True,0,5.6289,not_30pct_above_52w_low
2013-09-18,2013-09-17,TQQQ,QQQ,orange,orange,157,0,0.1231055487,0.0684692478,0.1522488675,0.0277844868,0.0303979818,True,0,2.9035,not_30pct_above_52w_low
2013-09-19,2013-09-18,TQQQ,QQQ,green,green,1,0,0.1503078453,0.0934704393,0.1579232094,0.0262049298,0.041054159,True,1,5.7338,
2013-09-20,2013-09-19,TQQQ,QQQ,green,green,2,0,0.1426888351,0.122787037,0.1740252561,0.030324553,0.0419097445,True,2,3.2307,
2013-09-23,2013-09-20,TQQQ,QQQ,green,green,3,0,0.1603304817,0.1249072062,0.1587381806,0.0389269811,0.0371769485,True,3,4.8399,
2013-09-24,2013-09-23,TQQQ,QQQ,green,green,4,0,0.1673000192,0.1338986258,0.1606214041,0.0422019505,0.0340563586,True,4,6.0023,
2013-09-25,2013-09-24,TQQQ,QQQ,green,green,5,0,0.1509962789,0.1256653259,0.1543712373,0.0459078422,0.0330844547,True,5,3.6498,
2013-09-26,2013-09-25,TQQQ,QQQ,orange,orange,1,0,0.1564390642,0.1118372655,0.1489126825,0.0447609434,0.028625052,True,0,4.7906,not_30pct_above_52w_low
2013-09-27,2013-09-26,TQQQ,QQQ,green,green,1,0,0.1527774101,0.115747536,0.1549798182,0.0499963691,0.035571798,True,1,4.0146,
2013-09-30,2013-09-27,TQQQ,QQQ,green,green,2,0,0.1456983253,0.1127741001,0.1614348191,0.0521346992,0.0332023771,True,2,3.2855,
2013-10-01,2013-09-30,TQQQ,QQQ,green,green,3,0,0.1574137741,0.1032890514,0.1495817691,0.0534092836,0.0295055844,True,3,5.4991,
2013-10-02,2013-10-01,TQQQ,QQQ,green,green,4,0,0.1583513677,0.1140126876,0.1719349791,0.0563978975,0.0385657748,True,4,4.0374,
2013-10-03,2013-10-02,TQQQ,QQQ,green,green,5,0,0.1571376666,0.109109296,0.1711513871,0.0575642122,0.0366578987,True,5,3.9579,
2013-10-04,2013-10-03,TQQQ,QQQ,green,green,6,0,0.1581228005,0.0878527754,0.1671990242,0.0560904879,0.0233702387,True,6,7.1515,
2013-10-07,2013-10-04,TQQQ,QQQ,green,green,7,0,0.1548365112,0.096192477,0.1710688071,0.0608503606,0.0309626558,True,7,4.1818,
2013-10-08,2013-10-07,TQQQ,QQQ,green,green,8,0,0.1482821075,0.0805367577,0.15355638,0.0609220103,0.0214392052,True,8,4.3983,
2013-10-09,2013-10-08,TQQQ,QQQ,orange,orange,1,0,0.1303540314,0.0536232459,0.1096384398,0.0469779541,0.0011458671,True,0,9.8066,not_30pct_above_52w_low
2013-10-10,2013-10-09,TQQQ,QQQ,orange,orange,2,0,0.1174946117,0.0298935913,0.1066641639,0.039504871,-0.0023734112,True,0,9.024,signal_trend_template_failed|not_30pct_above_52w_low|close_below_50ma
2013-10-11,2013-10-10,TQQQ,QQQ,green,early_thaw,1,0,0.1320052933,0.0470917395,0.1309047883,0.040636716,0.0179416491,True,1,6.358,
2013-10-14,2013-10-11,TQQQ,QQQ,green,early_thaw,2,0,0.1407787969,0.0529735402,0.1627673315,0.0424943403,0.0251952684,True,2,5.8467,
2013-10-15,2013-10-14,TQQQ,QQQ,green,early_thaw,3,0,0.1428573461,0.0618228269,0.1556473855,0.0443135645,0.0316271958,True,3,6.4635,
2013-10-16,2013-10-15,TQQQ,QQQ,green,early_thaw,4,0,0.1466135275,0.0550378349,0.1741423768,0.0506431321,0.0269043781,True,4,7.3525,
2013-10-17,2013-10-16,TQQQ,QQQ,green,early_thaw,5,0,0.1602088651,0.0696738807,0.2040553566,0.0550069414,0.0374469247,True,5,6.0661,
2013-10-18,2013-10-17,TQQQ,QQQ,green,green,6,0,0.1662804157,0.0870453977,0.1945840873,0.0588137188,0.0421333634,True,6,7.931,
2013-10-21,2013-10-18,TQQQ,QQQ,green,green,7,0,0.1739876453,0.1014126312,0.2015893707,0.0667330752,0.0574998218,True,7,6.7593,
2013-10-22,2013-10-21,TQQQ,QQQ,green,green,8,0,0.181677462,0.1120009205,0.1927781551,0.0739071767,0.0581635555,True,8,4.9998,
2013-10-23,2013-10-22,TQQQ,QQQ,green,green,9,0,0.1759662091,0.1100351091,0.195033149,0.0646963947,0.0580716768,True,9,7.96,
2013-10-24,2013-10-23,TQQQ,QQQ,green,green,10,0,0.1677845818,0.0963855885,0.1814883477,0.0611464019,0.0502850416,True,10,8.007,
2013-10-25,2013-10-24,TQQQ,QQQ,green,green,11,0,0.1691180882,0.0953576564,0.1904314609,0.0602132346,0.0533519096,True,11,5.4594,
2013-10-28,2013-10-25,TQQQ,QQQ,green,green,12,0,0.1708847338,0.1052635675,0.1880365769,0.0606493379,0.0588393782,True,12,7.206,
2013-10-29,2013-10-28,TQQQ,QQQ,green,green,13,0,0.1580518869,0.0996824265,0.1797531209,0.054370708,0.057024434,True,13,4.2795,
2013-10-30,2013-10-29,TQQQ,QQQ,green,green,14,0,0.1597178124,0.099503652,0.1872839162,0.049922551,0.0566707645,True,14,4.3442,
2013-10-31,2013-10-30,TQQQ,QQQ,green,green,15,0,0.159357541,0.0873944866,0.1713311362,0.0527575831,0.0536356965,True,15,10.2288,
2013-11-01,2013-10-31,TQQQ,QQQ,green,early_thaw,16,0,0.1525203036,0.0788437089,0.1550373526,0.0506312582,0.0491992261,True,16,7.2531,
2013-11-04,2013-11-01,TQQQ,QQQ,green,early_thaw,17,0,0.1510565307,0.078403177,0.1508483017,0.0471589681,0.0476261183,True,17,8.3413,
2013-11-05,2013-11-04,TQQQ,QQQ,green,green,18,0,0.150462063,0.0864554665,0.1531533587,0.0470985065,0.0474246626,True,18,4.7085,
2013-11-06,2013-11-05,TQQQ,QQQ,green,green,19,0,0.1581811266,0.0896266318,0.1488471744,0.0517813454,0.0468316512,True,19,6.8173,
2013-11-07,2013-11-06,TQQQ,QQQ,green,green,20,0,0.1566494017,0.083973297,0.1501531075,0.0459761133,0.0444501475,True,20,8.4427,
2013-11-08,2013-11-07,TQQQ,QQQ,green,early_thaw,21,0,0.1403721914,0.0679109277,0.121737487,0.0378800227,0.0232133703,True,21,11.3326,
2013-11-11,2013-11-08,TQQQ,QQQ,green,early_thaw,22,0,0.1490438588,0.0797950131,0.1354906718,0.0348676426,0.0352632332,True,22,5.9716,
2013-11-12,2013-11-11,TQQQ,QQQ,green,early_thaw,23,0,0.1258900385,0.0720806728,0.12784215,0.0337500367,0.0317779314,True,23,3.1957,
2013-11-13,2013-11-12,TQQQ,QQQ,green,early_thaw,24,0,0.146044875,0.0778262942,0.1273210475,0.0385584709,0.0316316466,True,24,5.5017,
2013-11-14,2013-11-13,TQQQ,QQQ,green,green,25,0,0.1631634797,0.1096655925,0.1422194386,0.0442135606,0.0422909842,True,25,6.6257,
2013-11-15,2013-11-14,TQQQ,QQQ,green,green,26,0,0.1612169028,0.1135611805,0.1348254895,0.0403109212,0.0436622222,True,26,6.2731,
2013-11-18,2013-11-15,TQQQ,QQQ,green,green,27,0,0.1588200896,0.1176130187,0.138677572,0.0357809365,0.0437675562,True,27,4.7422,
2013-11-19,2013-11-18,TQQQ,QQQ,green,green,28,0,0.1478422855,0.1018715571,0.1263425672,0.0273167018,0.0321509485,True,28,7.4356,
2013-11-20,2013-11-19,TQQQ,QQQ,green,green,29,0,0.1497166713,0.1024793861,0.1330076411,0.0264509321,0.0279153646,True,29,5.2303,
2013-11-21,2013-11-20,TQQQ,QQQ,green,green,30,0,0.1446959587,0.0891327148,0.1328896355,0.0263841249,0.0241968856,True,30,6.3971,
2013-11-22,2013-11-21,TQQQ,QQQ,green,green,31,0,0.1445744568,0.0928772187,0.145019827,0.0277455421,0.033125083,True,31,4.5356,
2013-11-25,2013-11-22,TQQQ,QQQ,green,green,32,0,0.1462822147,0.0981910024,0.1437098764,0.0259055822,0.0371091823,True,32,4.6297,
2013-11-26,2013-11-25,TQQQ,QQQ,green,green,33,0,0.1633535133,0.1238064287,0.1518896521,0.0321383709,0.0378941756,True,33,4.9585,
2013-11-27,2013-11-26,TQQQ,QQQ,green,green,34,0,0.1668005078,0.1253364614,0.1518008182,0.0377003817,0.0416499921,True,34,5.8099,
2013-11-29,2013-11-27,TQQQ,QQQ,green,green,35,0,0.1708840339,0.1252747302,0.1705982409,0.0387889894,0.0473271386,True,35,7.6577,
2013-12-02,2013-11-29,TQQQ,QQQ,green,green,36,0,0.181621601,0.139358899,0.1755174242,0.0500134301,0.0519223822,True,36,5.1715,
2013-12-03,2013-12-02,TQQQ,QQQ,green,green,37,0,0.178735348,0.1296002558,0.1781898554,0.0482596657,0.04718689,True,37,9.3078,
2013-12-04,2013-12-03,TQQQ,QQQ,green,green,38,0,0.1786744592,0.1167575951,0.1927479809,0.0505582079,0.0446453668,True,38,7.5249,
2013-12-05,2013-12-04,TQQQ,QQQ,green,green,39,0,0.177186397,0.1159120821,0.1880933503,0.0526863664,0.0439229388,True,39,7.5136,
2013-12-06,2013-12-05,TQQQ,QQQ,green,green,40,0,0.175929642,0.1131724302,0.170558692,0.0559390441,0.040846331,True,40,7.0702,
2013-12-09,2013-12-06,TQQQ,QQQ,green,green,41,0,0.1725307992,0.1082896699,0.1785771009,0.0500216496,0.0466615647,True,41,8.1351,
2013-12-10,2013-12-09,TQQQ,QQQ,green,green,42,0,0.1778530488,0.1073938484,0.1952574283,0.0532373489,0.0490621896,True,42,6.5016,
2013-12-11,2013-12-10,TQQQ,QQQ,green,green,43,0,0.183131386,0.108751234,0.2083912479,0.0610507684,0.0464492169,True,43,5.3601,
2013-12-12,2013-12-11,TQQQ,QQQ,green,green,44,0,0.1705046791,0.0951899843,0.1779281377,0.0576091498,0.031612069,True,44,8.2366,
2013-12-13,2013-12-12,TQQQ,QQQ,green,green,45,0,0.1706298826,0.0916619438,0.1826878509,0.059442783,0.0276258753,True,45,5.9071,
2013-12-16,2013-12-13,TQQQ,QQQ,green,green,46,0,0.1654022043,0.0931884641,0.1698268304,0.0625105187,0.0247754606,True,46,4.4473,
2013-12-17,2013-12-16,TQQQ,QQQ,green,green,47,0,0.1595833759,0.0919507638,0.1667158112,0.0597004306,0.0289808589,True,47,4.1761,
2013-12-18,2013-12-17,TQQQ,QQQ,green,early_thaw,48,0,0.1569939331,0.0768584178,0.1775128471,0.0597038335,0.0253448853,True,48,4.0387,
2013-12-19,2013-12-18,TQQQ,QQQ,green,green,49,0,0.1773514671,0.0867754465,0.2202173835,0.0533423551,0.0350430206,True,49,9.254,
2013-12-20,2013-12-19,TQQQ,QQQ,green,green,50,0,0.180109469,0.0874791793,0.2233131655,0.0536470664,0.0299512531,True,50,6.65,
2013-12-23,2013-12-20,TQQQ,QQQ,green,green,51,0,0.1908322541,0.1007834253,0.2481768132,0.0572126451,0.0384068874,True,51,6.6497,
2013-12-24,2013-12-23,TQQQ,QQQ,green,green,52,0,0.1967641903,0.1123638551,0.2521494215,0.0620495211,0.047211337,True,52,6.7896,
2013-12-26,2013-12-24,TQQQ,QQQ,green,green,53,0,0.164654369,0.1166977579,0.2415861815,0.0585015567,0.0457079124,True,53,2.2969,
2013-12-27,2013-12-26,TQQQ,QQQ,green,green,54,0,0.1733035246,0.1117681547,0.2404525792,0.0558182533,0.0470441878,True,54,3.406,
2013-12-30,2013-12-27,TQQQ,QQQ,green,green,55,0,0.180415259,0.1103834809,0.2356059787,0.0487648816,0.0425789241,True,55,4.4791,
2013-12-31,2013-12-30,TQQQ,QQQ,green,green,56,0,0.1683996678,0.1114042346,0.2262001236,0.0448537438,0.0393447083,True,56,3.1986,
2014-01-02,2013-12-31,TQQQ,QQQ,green,green,57,0,0.1742781538,0.1074221659,0.2336823433,0.0455526535,0.0446157173,True,57,3.9433,
2014-01-03,2014-01-02,TQQQ,QQQ,green,green,58,0,0.1829849523,0.099149434,0.2190768549,0.0470954921,0.035142925,True,58,5.9394,
2014-01-06,2014-01-03,TQQQ,QQQ,green,green,59,0,0.1820730395,0.1041059436,0.2011047151,0.0431967544,0.0265859128,True,59,5.7261,
2014-01-07,2014-01-06,TQQQ,QQQ,green,green,60,0,0.1732554422,0.0906074212,0.1955156504,0.0416842167,0.0216736651,True,60,7.3133,
2014-01-08,2014-01-07,TQQQ,QQQ,green,green,61,0,0.1802523335,0.1099412834,0.1993323556,0.0440927295,0.0299062462,True,61,5.5003,
2014-01-09,2014-01-08,TQQQ,QQQ,green,green,62,0,0.1880783201,0.134257615,0.1950801901,0.0489169185,0.0310132405,True,62,5.5985,
2014-01-10,2014-01-09,TQQQ,QQQ,green,green,63,0,0.1808156292,0.1340146323,0.1679144022,0.0442552349,0.0265310856,True,63,6.2714,
2014-01-13,2014-01-10,TQQQ,QQQ,green,green,64,0,0.1724617559,0.1140733385,0.16653699,0.0431652784,0.028740957,True,64,7.197,
2014-01-14,2014-01-13,TQQQ,QQQ,green,green,65,0,0.1590731675,0.0890220417,0.1467113946,0.0408964484,0.0127539396,True,65,9.9251,
2014-01-15,2014-01-14,TQQQ,QQQ,green,green,66,0,0.169796919,0.1019977738,0.1701263914,0.0473732246,0.0308211804,True,66,8.3699,
2014-01-16,2014-01-15,TQQQ,QQQ,green,green,67,0,0.1751301992,0.1153843247,0.176772663,0.0477809939,0.037867896,True,67,7.4768,
2014-01-17,2014-01-16,TQQQ,QQQ,green,green,68,0,0.1679591723,0.1030201786,0.1798718749,0.0524521957,0.0365940185,True,68,4.3832,
2014-01-21,2014-01-17,TQQQ,QQQ,green,green,69,0,0.1694403074,0.0905389348,0.1854653301,0.0543039341,0.0294922735,True,69,5.157,
2014-01-22,2014-01-21,TQQQ,QQQ,green,green,70,0,0.1654812458,0.0813301544,0.1909906906,0.0536919693,0.0359302266,True,70,5.4948,
2014-01-23,2014-01-22,TQQQ,QQQ,green,green,71,0,0.1681487226,0.0817689465,0.2029280643,0.0563806648,0.0367782466,True,71,4.9415,
2014-01-24,2014-01-23,TQQQ,QQQ,green,green,72,0,0.1676873714,0.0765438713,0.1950014937,0.0626310079,0.0317801961,True,72,8.0331,
2014-01-27,2014-01-24,TQQQ,QQQ,green,green,73,0,0.1549594448,0.061812701,0.1641561431,0.0623829102,0.0104077376,True,73,8.2946,
2014-01-28,2014-01-27,TQQQ,QQQ,orange,orange,1,0,0.1434422164,0.0469310432,0.1467639339,0.0543401811,-0.0002204142,True,0,10.1048,signal_trend_template_failed|close_below_50ma
2014-01-29,2014-01-28,TQQQ,QQQ,orange,orange,2,0,0.1365506534,0.0388738867,0.1482294582,0.0449814229,-0.0014008757,True,0,6.2233,signal_trend_template_failed|close_below_50ma
2014-01-30,2014-01-29,TQQQ,QQQ,orange,orange,3,0,0.1257282939,0.0274932313,0.1299162498,0.0420913128,-0.0124230531,True,0,7.5132,signal_trend_template_failed|close_below_50ma
2014-01-31,2014-01-30,TQQQ,QQQ,green,early_thaw,1,0,0.1411116355,0.0447242243,0.1486780999,0.0535758258,0.0051775292,True,1,6.7469,
2014-02-03,2014-01-31,TQQQ,QQQ,green,early_thaw,2,0,0.1365388278,0.0429505499,0.1340986778,0.0556653842,0.0017149018,True,2,4.8639,
2014-02-04,2014-02-03,TQQQ,QQQ,orange,orange,1,0,0.1187843406,0.0213520826,0.101879269,0.0515931543,-0.0216512794,True,0,9.8816,signal_trend_template_failed|not_30pct_above_52w_low|close_below_50ma
2014-02-05,2014-02-04,TQQQ,QQQ,orange,orange,2,0,0.1225180748,0.0286162834,0.1092630679,0.0525702339,-0.0150203246,True,0,4.9666,signal_trend_template_failed|close_below_50ma
2014-02-06,2014-02-05,TQQQ,QQQ,orange,orange,3,0,0.1220294565,0.0244667319,0.1130374811,0.0526186132,-0.017894303,True,0,5.8891,signal_trend_template_failed|not_30pct_above_52w_low|close_below_50ma
2014-02-07,2014-02-06,TQQQ,QQQ,orange,orange,4,0,0.1223884507,0.0364067572,0.1292964039,0.0503272079,-0.005841883,True,0,4.1686,signal_trend_template_failed|close_below_50ma
2014-02-10,2014-02-07,TQQQ,QQQ,green,early_thaw,1,0,0.1462364669,0.0551482275,0.1437525031,0.0595460977,0.0111005619,True,1,6.6138,
2014-02-11,2014-02-10,TQQQ,QQQ,green,green,2,0,0.1613776549,0.0815193292,0.1549663102,0.0679856251,0.0160825154,True,2,5.0329,
2014-02-12,2014-02-11,TQQQ,QQQ,green,early_thaw,3,0,0.1630708926,0.0792593024,0.1653788126,0.0676409157,0.0267400919,True,3,7.3439,
2014-02-13,2014-02-12,TQQQ,QQQ,green,green,4,0,0.1630038697,0.0830315226,0.1610971635,0.0689744634,0.0278712712,True,4,6.8103,
2014-02-14,2014-02-13,TQQQ,QQQ,green,green,5,0,0.1691628411,0.0893477239,0.1741276204,0.0693148207,0.0344401082,True,5,6.8601,
2014-02-18,2014-02-14,TQQQ,QQQ,green,early_thaw,6,0,0.1676159965,0.0784687066,0.1967396163,0.0642319543,0.0354007696,True,6,6.1289,
2014-02-19,2014-02-18,TQQQ,QQQ,green,green,7,0,0.1680783695,0.0803901971,0.2030805832,0.0674724421,0.0392680201,True,7,4.5462,
2014-02-20,2014-02-19,TQQQ,QQQ,green,early_thaw,8,0,0.1676407376,0.0709236193,0.196878179,0.0672160145,0.0310554745,True,8,8.7615,
2014-02-21,2014-02-20,TQQQ,QQQ,green,green,9,0,0.175303648,0.0865535625,0.1972424658,0.0700013689,0.0348575072,True,9,6.6824,
2014-02-24,2014-02-21,TQQQ,QQQ,green,green,10,0,0.1786004109,0.0882461678,0.199768967,0.0693344758,0.0325637863,True,10,5.4388,
2014-02-25,2014-02-24,TQQQ,QQQ,green,green,11,0,0.1799499069,0.0967015274,0.1944535118,0.0695971542,0.0370291096,True,11,6.5524,
2014-02-26,2014-02-25,TQQQ,QQQ,green,green,12,0,0.170132502,0.0844728555,0.1851956781,0.0656413272,0.034600169,True,12,6.1061,
2014-02-27,2014-02-26,TQQQ,QQQ,green,early_thaw,13,0,0.1664916706,0.0777071419,0.1835282864,0.0626937004,0.032373758,True,13,5.4277,
2014-02-28,2014-02-27,TQQQ,QQQ,green,green,14,0,0.1776695691,0.0821223254,0.2160960259,0.0646764076,0.0375916104,True,14,5.8705,
2014-03-03,2014-02-28,TQQQ,QQQ,green,early_thaw,15,0,0.1742024165,0.0753065767,0.2100816979,0.0587955835,0.0351044528,True,15,9.0781,
2014-03-04,2014-03-03,TQQQ,QQQ,green,early_thaw,16,0,0.161239352,0.0599419373,0.1927258775,0.0538371068,0.0262186707,True,16,10.2975,
2014-03-05,2014-03-04,TQQQ,QQQ,green,early_thaw,17,0,0.1691890322,0.0670317137,0.2157320786,0.0509965688,0.0380065429,True,17,7.3635,
2014-03-06,2014-03-05,TQQQ,QQQ,green,early_thaw,18,0,0.1695446804,0.0730988185,0.2121726999,0.0522135225,0.0394893291,True,18,5.2491,
2014-03-07,2014-03-06,TQQQ,QQQ,green,early_thaw,19,0,0.1630151199,0.0730343149,0.198319221,0.0456173087,0.0374300366,True,19,6.2972,
2014-03-10,2014-03-07,TQQQ,QQQ,green,early_thaw,20,0,0.1585806666,0.0667282086,0.1903748963,0.0383280481,0.0314800487,True,20,8.8635,
2014-03-11,2014-03-10,TQQQ,QQQ,green,early_thaw,21,0,0.1637377446,0.0690459429,0.1900324703,0.0382430998,0.0315635383,True,21,5.0657,
2014-03-12,2014-03-11,TQQQ,QQQ,green,early_thaw,22,0,0.1577642138,0.0567709361,0.1712083119,0.0420348254,0.026459287,True,22,7.9281,
2014-03-13,2014-03-12,TQQQ,QQQ,green,early_thaw,23,0,0.1606554404,0.0564540336,0.169910698,0.0455394534,0.0295306644,True,23,7.3369,
2014-03-14,2014-03-13,TQQQ,QQQ,green,early_thaw,24,0,0.1498924715,0.04224563,0.1555911284,0.0423053038,0.0144594053,True,24,12.0761,
2014-03-17,2014-03-14,TQQQ,QQQ,green,early_thaw,25,0,0.1473547798,0.0486138774,0.1484314159,0.0379516225,0.0072828799,True,25,6.737,
2014-03-18,2014-03-17,TQQQ,QQQ,green,early_thaw,26,0,0.1532540458,0.060577131,0.1577916924,0.0384755653,0.0155570539,True,26,7.5369,
2014-03-19,2014-03-18,TQQQ,QQQ,green,early_thaw,27,0,0.1648429813,0.0747743562,0.1749309277,0.0465250438,0.0268283667,True,27,7.545,
2014-03-20,2014-03-19,TQQQ,QQQ,green,early_thaw,28,0,0.1563129862,0.0630682707,0.1608182101,0.0454524799,0.0203271074,True,28,8.96,
2014-03-21,2014-03-20,TQQQ,QQQ,green,early_thaw,29,0,0.1544186846,0.0681484848,0.1502446872,0.0409714199,0.022341991,True,29,5.8001,
2014-03-24,2014-03-21,TQQQ,QQQ,green,early_thaw,30,0,0.1381529217,0.0431666065,0.1336878545,0.0320646084,0.0095247582,True,30,12.6434,
2014-03-25,2014-03-24,TQQQ,QQQ,green,early_thaw,31,0,0.1314899573,0.0369128825,0.1276211706,0.0271045389,0.0002779404,True,31,16.5416,
2014-03-26,2014-03-25,TQQQ,QQQ,green,early_thaw,32,0,0.1290159636,0.0298339115,0.1336241005,0.0236074339,0.0031636333,True,32,10.8214,
2014-03-27,2014-03-26,TQQQ,QQQ,orange,orange,1,0,0.1114610544,0.0059867045,0.1190232489,0.0139910259,-0.0101856763,True,0,12.1484,signal_trend_template_failed|close_below_50ma
2014-03-28,2014-03-27,TQQQ,QQQ,orange,orange,2,0,0.1054868602,-0.0001126285,0.1165719859,0.0099587083,-0.0156902895,True,0,11.9724,signal_trend_template_failed|close_below_50ma|three_month_momentum_not_positive
2014-03-31,2014-03-28,TQQQ,QQQ,orange,orange,3,0,0.0989187095,-0.0014671158,0.110137062,0.0048127053,-0.0135955405,True,0,9.9293,signal_trend_template_failed|close_below_50ma|three_month_momentum_not_positive
2014-04-01,2014-03-31,TQQQ,QQQ,orange,orange,4,0,0.1040206877,0.0081727156,0.1194583293,0.0028832566,-0.0065375202,True,0,9.8838,signal_trend_template_failed|close_below_50ma
2014-04-02,2014-04-01,TQQQ,QQQ,green,early_thaw,1,0,0.1205390518,0.0274079752,0.1418655742,0.0146869173,0.0104794779,True,1,11.42,
2014-04-03,2014-04-02,TQQQ,QQQ,green,early_thaw,2,0,0.1165945715,0.0233818755,0.1333157732,0.0116749105,0.0127505577,True,2,10.552,
2014-04-04,2014-04-03,TQQQ,QQQ,green,early_thaw,3,0,0.1112903539,0.0232845842,0.1247426715,0.0032799016,0.0045928771,True,3,10.0756,
2014-04-07,2014-04-04,TQQQ,QQQ,orange,orange,1,0,0.0939113474,0.0033110697,0.1077617153,-0.0066960792,-0.0217848851,True,0,21.5604,signal_trend_template_failed|close_below_50ma|relative_strength_below_floor
2014-04-08,2014-04-07,TQQQ,QQQ,orange,orange,2,0,0.0894311069,-0.0025305826,0.087847549,-0.0021077262,-0.030932876,True,0,17.6247,signal_trend_template_failed|not_30pct_above_52w_low|close_below_50ma|relative_strength_below_floor|three_month_momentum_not_positive
2014-04-09,2014-04-08,TQQQ,QQQ,orange,orange,3,0,0.095703218,-0.002563969,0.1070954283,0.0013859513,-0.0222037306,True,0,14.0943,signal_trend_template_failed|close_below_50ma|three_month_momentum_not_positive
2014-04-10,2014-04-09,TQQQ,QQQ,orange,orange,4,0,0.1170118713,0.0123259355,0.1482384012,0.0111567789,-0.0060101715,True,0,13.5207,signal_trend_template_failed|close_below_50ma
2014-04-11,2014-04-10,TQQQ,QQQ,orange,orange,5,0,0.0914329859,-0.0157585896,0.1161441611,0.0017471674,-0.0369516232,True,0,17.8189,signal_trend_template_failed|not_30pct_above_52w_low|close_below_50ma|three_month_momentum_not_positive
2014-04-14,2014-04-11,TQQQ,QQQ,orange,orange,6,0,0.0745977519,-0.0303291254,0.0802844685,-0.0020167869,-0.0477600596,True,0,11.3057,signal_trend_template_failed|not_30pct_above_52w_low|close_below_50ma|relative_strength_below_floor|three_month_momentum_not_positive
2014-04-15,2014-04-14,TQQQ,QQQ,orange,orange,7,0,0.0824687114,-0.0080626565,0.0802416311,-0.0029044492,-0.0400817252,True,0,15.3458,signal_trend_template_failed|not_30pct_above_52w_low|close_below_50ma|relative_strength_below_floor|three_month_momentum_not_positive
2014-04-16,2014-04-15,TQQQ,QQQ,orange,orange,8,0,0.073983114,-0.0234074206,0.0762028484,-0.011736545,-0.0371945474,True,0,30.9704,signal_trend_template_failed|not_30pct_above_52w_low|close_below_50ma|relative_strength_below_floor|three_month_momentum_not_positive
2014-04-17,2014-04-16,TQQQ,QQQ,orange,orange,9,0,0.0805652689,-0.0184954735,0.0947547635,-0.0126033562,-0.0248033566,True,0,14.3913,signal_trend_template_failed|close_below_50ma|relative_strength_below_floor|three_month_momentum_not_positive
2014-04-21,2014-04-17,TQQQ,QQQ,orange,orange,10,0,0.077363151,-0.0183781277,0.0827487329,-0.013920349,-0.0250296437,True,0,10.1155,signal_trend_template_failed|close_below_50ma|relative_strength_below_floor|three_month_momentum_not_positive
2014-04-22,2014-04-21,TQQQ,QQQ,orange,orange,11,0,0.0836786168,-0.0054635811,0.0845806869,-0.0086407687,-0.0181508062,True,0,8.4484,signal_trend_template_failed|not_30pct_above_52w_low|close_below_50ma|relative_strength_below_floor|three_month_momentum_not_positive
2014-04-23,2014-04-22,TQQQ,QQQ,orange,orange,12,0,0.081371439,-0.0051455972,0.075766065,-0.0113259327,-0.0105255123,True,0,9.0199,signal_trend_template_failed|not_30pct_above_52w_low|close_below_50ma|relative_strength_below_floor|three_month_momentum_not_positive
2014-04-24,2014-04-23,TQQQ,QQQ,orange,orange,13,0,0.0703159156,-0.0164525397,0.0639710999,-0.0201802902,-0.0191241635,True,0,7.6678,signal_trend_template_failed|not_30pct_above_52w_low|close_below_50ma|relative_strength_below_floor|three_month_momentum_not_positive
2014-04-25,2014-04-24,TQQQ,QQQ,orange,orange,14,0,0.0814611204,-0.0036766181,0.0725858307,-0.0134147237,-0.0095971292,True,0,15.0698,signal_trend_template_failed|not_30pct_above_52w_low|close_below_50ma|relative_strength_below_floor|three_month_momentum_not_positive
2014-04-28,2014-04-25,TQQQ,QQQ,orange,orange,15,0,0.0749600328,6.59137e-05,0.061882689,-0.0227382788,-0.0249395595,True,0,13.9975,signal_trend_template_failed|not_30pct_above_52w_low|close_below_50ma|relative_strength_below_floor
2014-04-29,2014-04-28,TQQQ,QQQ,orange,orange,16,0,0.079592159,0.0131254178,0.0606724505,-0.0210527568,-0.0211995753,True,0,27.8671,signal_trend_template_failed|not_30pct_above_52w_low|close_below_50ma|relative_strength_below_floor
2014-04-30,2014-04-29,TQQQ,QQQ,orange,orange,17,0,0.0869444574,0.0218051103,0.0615266464,-0.0147414196,-0.0129250207,False,0,14.3946,signal_trend_template_failed|not_30pct_above_52w_low|close_below_50ma|relative_strength_below_floor
2014-05-01,2014-04-30,TQQQ,QQQ,orange,orange,18,0,0.0922284695,0.0355989288,0.0640708897,-0.0150960836,-0.0098091662,False,0,10.9723,signal_trend_template_failed|not_30pct_above_52w_low|close_below_50ma|relative_strength_below_floor
2014-05-02,2014-05-01,TQQQ,QQQ,orange,orange,19,0,0.0864969012,0.0198277922,0.0654387991,-0.0153124054,-0.006546224,False,0,8.6455,signal_trend_template_failed|not_30pct_above_52w_low|close_below_50ma|relative_strength_below_floor
2014-05-05,2014-05-02,TQQQ,QQQ,orange,orange,20,0,0.0856093558,0.020680324,0.0645191052,-0.019044077,-0.0079134264,False,0,9.0908,signal_trend_template_failed|not_30pct_above_52w_low|close_below_50ma|relative_strength_below_floor
2014-05-06,2014-05-05,TQQQ,QQQ,orange,orange,21,0,0.1026321024,0.0501484346,0.0725712908,-0.0151178608,-0.0023803573,False,0,7.0281,signal_trend_template_failed|not_30pct_above_52w_low|close_below_50ma|relative_strength_below_floor
2014-05-07,2014-05-06,TQQQ,QQQ,orange,orange,22,0,0.0885992908,0.0289684312,0.0584136834,-0.0196067405,-0.014635747,False,0,9.432,signal_trend_template_failed|not_30pct_above_52w_low|close_below_50ma|relative_strength_below_floor
2014-05-08,2014-05-07,TQQQ,QQQ,orange,orange,23,0,0.0841242848,0.0286698815,0.0538380717,-0.02880854,-0.0167656644,False,0,15.1449,signal_trend_template_failed|not_30pct_above_52w_low|close_below_50ma|relative_strength_below_floor
2014-05-09,2014-05-08,TQQQ,QQQ,orange,orange,24,0,0.0777711769,0.0147782612,0.0517230469,-0.0293421693,-0.0169660781,False,0,12.6328,signal_trend_template_failed|not_30pct_above_52w_low|close_below_50ma|relative_strength_below_floor
2014-05-12,2014-05-09,TQQQ,QQQ,orange,orange,25,0,0.0752048756,0.0006828243,0.0558687084,-0.0283808521,-0.0125578769,False,0,9.1226,signal_trend_template_failed|not_30pct_above_52w_low|close_below_50ma|relative_strength_below_floor
2014-05-13,2014-05-12,TQQQ,QQQ,orange,orange,26,0,0.0897185614,0.0113766143,0.0938233574,-0.0216794897,0.0041454508,False,0,7.807,not_30pct_above_52w_low|relative_strength_below_floor
2014-05-14,2014-05-13,TQQQ,QQQ,orange,orange,27,0,0.0815921567,0.0006670168,0.0799791865,-0.0226693603,0.0050967457,False,0,7.2134,not_30pct_above_52w_low|relative_strength_below_floor
2014-05-15,2014-05-14,TQQQ,QQQ,orange,orange,28,0,0.0775056217,-0.0064483347,0.0760477729,-0.0241721558,0.0004922271,False,0,5.9539,not_30pct_above_52w_low|relative_strength_below_floor|three_month_momentum_not_positive
2014-05-16,2014-05-15,TQQQ,QQQ,orange,orange,29,0,0.0723081971,-0.0215133208,0.0659122369,-0.024057068,-0.0065279599,False,0,11.8801,signal_trend_template_failed|not_30pct_above_52w_low|close_below_50ma|relative_strength_below_floor|three_month_momentum_not_positive
2014-05-19,2014-05-16,TQQQ,QQQ,orange,orange,30,0,0.0742228547,-0.0170862768,0.0600416917,-0.020459613,0.0006692898,False,0,8.5836,not_30pct_above_52w_low|relative_strength_below_floor|three_month_momentum_not_positive
2014-05-20,2014-05-19,TQQQ,QQQ,orange,orange,31,0,0.0749602631,-0.0150757464,0.0641025085,-0.0195858916,0.0080896144,False,0,7.3944,not_30pct_above_52w_low|relative_strength_below_floor|three_month_momentum_not_positive
2014-05-21,2014-05-20,TQQQ,QQQ,orange,orange,32,0,0.0773526553,-0.0118562565,0.0582264743,-0.0151139674,0.0049885953,False,0,9.8498,not_30pct_above_52w_low|relative_strength_below_floor|three_month_momentum_not_positive
2014-05-22,2014-05-21,TQQQ,QQQ,yellow,yellow,1,0,0.0837420561,-0.0070766065,0.0788644506,-0.0116001497,0.0148536689,False,1,7.7126,relative_strength_below_floor|three_month_momentum_not_positive
2014-05-23,2014-05-22,TQQQ,QQQ,yellow,yellow,2,0,0.086266152,-0.00138666,0.0867371403,-0.0098335449,0.0195706741,False,2,7.9888,relative_strength_below_floor|three_month_momentum_not_positive
2014-05-27,2014-05-23,TQQQ,QQQ,yellow,yellow,3,0,0.0901543965,0.0005469436,0.0973013613,-0.006523486,0.0268089881,False,3,6.1437,relative_strength_below_floor
2014-05-28,2014-05-27,TQQQ,QQQ,yellow,yellow,4,0,0.0976264946,0.0141368403,0.0998038751,-0.0003829337,0.03900296,False,4,7.9324,relative_strength_below_floor
2014-05-29,2014-05-28,TQQQ,QQQ,yellow,yellow,5,0,0.0920237085,0.0119127458,0.0905455931,-0.0031331276,0.0354576949,False,5,7.8606,relative_strength_below_floor
2014-05-30,2014-05-29,TQQQ,QQQ,yellow,yellow,6,0,0.0922628004,0.0118175688,0.0949103804,-0.0029462396,0.0418454766,False,6,5.9119,relative_strength_below_floor
2014-06-02,2014-05-30,TQQQ,QQQ,yellow,yellow,7,0,0.0918324869,0.0130481177,0.0893373034,-0.0031244876,0.0416085231,False,7,7.6688,relative_strength_below_floor
2014-06-03,2014-06-02,TQQQ,QQQ,yellow,yellow,8,0,0.0910172229,0.0196120299,0.0807295503,-0.0072448597,0.0403126697,True,8,6.8347,relative_strength_below_floor
2014-06-04,2014-06-03,TQQQ,QQQ,yellow,yellow,9,0,0.0846112807,0.0063703515,0.0738290808,-0.0080717455,0.0393393297,True,9,6.409,relative_strength_below_floor
2014-06-05,2014-06-04,TQQQ,QQQ,yellow,yellow,10,0,0.0880931066,0.00734979,0.0809858695,-0.005117442,0.0424308265,True,10,7.175,relative_strength_below_floor
2014-06-06,2014-06-05,TQQQ,QQQ,yellow,yellow,11,0,0.0932440266,0.0167183661,0.0909736955,-0.003210943,0.0502966571,True,11,12.3056,relative_strength_below_floor
2014-06-09,2014-06-06,TQQQ,QQQ,green,green,1,0,0.0975619074,0.02763977,0.096212331,3.21362e-05,0.0550195576,True,12,5.6249,
2014-06-10,2014-06-09,TQQQ,QQQ,yellow,yellow,1,0,0.0952833275,0.025958517,0.0967967902,-0.0046009237,0.0528191827,True,13,8.8007,relative_strength_below_floor
2014-06-11,2014-06-10,TQQQ,QQQ,yellow,yellow,2,0,0.0976359212,0.0321710063,0.0907683205,-0.0027421253,0.0532343702,True,14,5.1891,relative_strength_below_floor
2014-06-12,2014-06-11,TQQQ,QQQ,yellow,yellow,3,0,0.0959737942,0.0280743373,0.0861132805,-0.0020936449,0.0517628173,True,15,6.9023,relative_strength_below_floor
2014-06-13,2014-06-12,TQQQ,QQQ,yellow,yellow,4,0,0.0951902301,0.0333839416,0.0770398972,-0.0042577792,0.0415818829,True,16,8.3849,relative_strength_below_floor
2014-06-16,2014-06-13,TQQQ,QQQ,yellow,yellow,5,0,0.1039781713,0.0435450139,0.0942757833,-0.0016430839,0.0439571112,True,17,5.026,relative_strength_below_floor
2014-06-17,2014-06-16,TQQQ,QQQ,yellow,yellow,6,0,0.1004247606,0.035341598,0.0980596217,-0.0025975778,0.0439947451,True,18,6.3009,relative_strength_below_floor
2014-06-18,2014-06-17,TQQQ,QQQ,yellow,yellow,7,0,0.0953028889,0.0235434604,0.1000782637,-0.0078682793,0.0431263672,True,19,6.7085,relative_strength_below_floor
2014-06-19,2014-06-18,TQQQ,QQQ,yellow,yellow,8,0,0.0991829006,0.0349020187,0.1001714993,-0.0102336493,0.0472402254,True,20,8.1992,relative_strength_below_floor
2014-06-20,2014-06-19,TQQQ,QQQ,yellow,yellow,9,0,0.096384303,0.0313707377,0.1016570907,-0.0114591091,0.0450177035,True,21,7.5376,relative_strength_below_floor
2014-06-23,2014-06-20,TQQQ,QQQ,yellow,yellow,10,0,0.0912181661,0.0451600689,0.0902760824,-0.0065000956,0.0450244313,True,22,4.0407,relative_strength_below_floor
2014-06-24,2014-06-23,TQQQ,QQQ,yellow,yellow,11,0,0.1081040958,0.0546288733,0.093558265,-0.0023705609,0.0433885882,True,23,4.9613,relative_strength_below_floor
2014-06-25,2014-06-24,TQQQ,QQQ,green,early_thaw,1,0,0.1048781568,0.0501539652,0.0814841656,0.0022541633,0.0403142551,True,24,11.4227,
2014-06-26,2014-06-25,TQQQ,QQQ,green,early_thaw,2,0,0.1140512559,0.0706269422,0.0770364694,0.0056201216,0.0448837492,True,25,6.1356,
2014-06-27,2014-06-26,TQQQ,QQQ,green,early_thaw,3,0,0.1220133805,0.0772422318,0.0771209037,0.0113837834,0.0434528158,True,26,6.3749,
2014-06-30,2014-06-27,TQQQ,QQQ,green,early_thaw,4,0,0.1260765082,0.0798607017,0.078276421,0.0171804728,0.0462113482,True,27,5.4294,
2014-07-01,2014-06-30,TQQQ,QQQ,green,early_thaw,5,0,0.1133308212,0.0740541742,0.0828321135,0.0208533683,0.0461431464,True,28,4.0325,
2014-07-02,2014-07-01,TQQQ,QQQ,green,green,6,0,0.1221479128,0.0670902671,0.0963370507,0.0198610383,0.0556570851,True,29,5.0562,
2014-07-03,2014-07-02,TQQQ,QQQ,green,green,7,0,0.1197271019,0.0661395349,0.0910678768,0.0196276178,0.0556039063,True,30,6.2856,
2014-07-07,2014-07-03,TQQQ,QQQ,green,green,8,0,0.1307772579,0.0814512056,0.1066323472,0.0235387007,0.0601053743,True,31,5.062,
2014-07-08,2014-07-07,TQQQ,QQQ,green,green,9,0,0.1433746672,0.107634574,0.1113020293,0.035282745,0.0550105046,True,32,6.8216,
2014-07-09,2014-07-08,TQQQ,QQQ,green,green,10,0,0.1372655941,0.1047729028,0.1019771837,0.0285120527,0.040384408,True,33,11.36,
2014-07-10,2014-07-09,TQQQ,QQQ,green,green,11,0,0.1328961978,0.1027934763,0.099965948,0.02574123,0.0460961374,True,34,10.4848,
2014-07-11,2014-07-10,TQQQ,QQQ,orange,orange,1,0,0.1224672748,0.0807834985,0.0941051662,0.0217931458,0.0410177339,True,0,9.3456,not_30pct_above_52w_low
2014-07-14,2014-07-11,TQQQ,QQQ,green,green,1,0,0.1442939859,0.1225141578,0.1048249179,0.0357495864,0.0458591802,True,1,9.3879,
2014-07-15,2014-07-14,TQQQ,QQQ,green,green,2,0,0.1543658379,0.1425225915,0.1078708806,0.0388678307,0.0501742865,True,2,8.4172,
2014-07-16,2014-07-15,TQQQ,QQQ,green,green,3,0,0.151497163,0.1297233078,0.1206147369,0.0371598294,0.0446683861,True,3,11.5561,
2014-07-17,2014-07-16,TQQQ,QQQ,green,green,4,0,0.1470338364,0.130484224,0.1040225043,0.0360691312,0.0469524425,True,4,8.3881,
2014-07-18,2014-07-17,TQQQ,QQQ,orange,orange,1,0,0.1301513279,0.1008855047,0.080524106,0.0311271482,0.0312750851,True,0,12.1566,not_30pct_above_52w_low
2014-07-21,2014-07-18,TQQQ,QQQ,green,green,1,0,0.1425391136,0.1180776726,0.0975294984,0.0386413762,0.0453921742,True,1,9.2548,
2014-07-22,2014-07-21,TQQQ,QQQ,green,green,2,0,0.1399566178,0.1084527353,0.1023966139,0.0365949907,0.0418774578,True,2,7.481,
2014-07-23,2014-07-22,TQQQ,QQQ,green,green,3,0,0.1393795737,0.1067018775,0.1010072354,0.0353318176,0.0462169805,True,3,8.639,
2014-07-24,2014-07-23,TQQQ,QQQ,green,green,4,0,0.1494462134,0.1236895197,0.1052019733,0.0436479295,0.050829022,True,4,8.3915,
2014-07-25,2014-07-24,TQQQ,QQQ,green,green,5,0,0.1435183238,0.1117826704,0.1076950701,0.03695795,0.0475872994,True,5,7.1379,
2014-07-28,2014-07-25,TQQQ,QQQ,green,green,6,0,0.1534665935,0.1254198196,0.1254940002,0.0407952679,0.0414332287,True,6,7.4853,
2014-07-29,2014-07-28,TQQQ,QQQ,green,green,7,0,0.1559933127,0.1221238893,0.1368522342,0.0434277622,0.0395485999,True,7,7.4225,
2014-07-30,2014-07-29,TQQQ,QQQ,green,green,8,0,0.1569528037,0.1112846356,0.1355163197,0.0479585801,0.0356920826,True,8,6.3644,
2014-07-31,2014-07-30,TQQQ,QQQ,green,green,9,0,0.1607324578,0.1127205701,0.1523322305,0.052666756,0.0377864145,True,9,8.7451,
2014-08-01,2014-07-31,TQQQ,QQQ,orange,orange,1,0,0.1409143683,0.0869975474,0.1085503089,0.0472516833,0.0152357801,True,0,10.6014,not_30pct_above_52w_low
2014-08-04,2014-08-01,TQQQ,QQQ,orange,orange,2,0,0.1390138557,0.0849741879,0.1074118057,0.0448165566,0.0101866002,True,0,12.999,not_30pct_above_52w_low
2014-08-05,2014-08-04,TQQQ,QQQ,orange,orange,3,0,0.1440982087,0.0867101677,0.1412069815,0.0421237016,0.0157500142,True,0,11.0989,not_30pct_above_52w_low
2014-08-06,2014-08-05,TQQQ,QQQ,orange,orange,4,0,0.1437933007,0.0925491098,0.1241985435,0.0467904536,0.0069088281,True,0,12.5949,not_30pct_above_52w_low
2014-08-07,2014-08-06,TQQQ,QQQ,orange,orange,5,0,0.1464057455,0.0948940458,0.1262845284,0.0512021975,0.005358229,True,0,8.953,not_30pct_above_52w_low
2014-08-08,2014-08-07,TQQQ,QQQ,orange,orange,6,0,0.1447852365,0.0924282282,0.1085724179,0.054920897,0.0013695331,True,0,11.4165,not_30pct_above_52w_low
2014-08-11,2014-08-08,TQQQ,QQQ,orange,orange,7,0,0.1418826268,0.0962563536,0.0970049041,0.0478345813,0.007773194,True,0,9.4479,not_30pct_above_52w_low
2014-08-12,2014-08-11,TQQQ,QQQ,orange,orange,8,0,0.137873147,0.0848520802,0.0971940239,0.0459497897,0.0127746945,True,0,5.7463,not_30pct_above_52w_low
2014-08-13,2014-08-12,TQQQ,QQQ,orange,orange,9,0,0.1333767054,0.0836609808,0.0843838009,0.0462832968,0.0113964112,True,0,7.0114,not_30pct_above_52w_low
2014-08-14,2014-08-13,TQQQ,QQQ,green,green,1,0,0.14228172,0.1008667032,0.0937679462,0.0505770368,0.0209130362,True,1,6.4708,
2014-08-15,2014-08-14,TQQQ,QQQ,green,green,2,0,0.1463306837,0.1153373384,0.0913427284,0.0495722551,0.0249790468,True,2,8.3338,
2014-08-18,2014-08-15,TQQQ,QQQ,green,green,3,0,0.1470126968,0.1134617277,0.0944368124,0.0533452887,0.0287830747,True,3,12.779,
2014-08-19,2014-08-18,TQQQ,QQQ,green,green,4,0,0.1454545661,0.1142860666,0.0974873725,0.0487737117,0.0354846994,True,4,6.659,
2014-08-20,2014-08-19,TQQQ,QQQ,green,green,5,0,0.1505137084,0.1246046324,0.1112710315,0.0467200165,0.0399270559,True,5,6.7122,
2014-08-21,2014-08-20,TQQQ,QQQ,green,green,6,0,0.1452315652,0.1139714596,0.1060883219,0.0434409842,0.0386053664,True,6,6.0312,
2014-08-22,2014-08-21,TQQQ,QQQ,green,green,7,0,0.1444930043,0.1113501375,0.1098090726,0.0407035311,0.0393411955,True,7,5.8294,
2014-08-25,2014-08-22,TQQQ,QQQ,green,green,8,0,0.1419175139,0.1049863423,0.1055907075,0.0419651419,0.0393342851,True,8,6.6205,
2014-08-26,2014-08-25,TQQQ,QQQ,green,green,9,0,0.1381241912,0.095242905,0.110726179,0.0364125247,0.0414053566,True,9,5.9242,
2014-08-27,2014-08-26,TQQQ,QQQ,green,green,10,0,0.1266722179,0.0997282942,0.1128290778,0.0392653903,0.0408505335,True,10,3.648,
2014-08-28,2014-08-27,TQQQ,QQQ,green,green,11,0,0.1177159644,0.0929617226,0.105877873,0.0383120016,0.0394683785,True,11,3.211,
2014-08-29,2014-08-28,TQQQ,QQQ,green,green,12,0,0.1357055566,0.0916344411,0.1058782158,0.039000626,0.0368705793,True,12,5.6474,
2014-09-02,2014-08-29,TQQQ,QQQ,green,green,13,0,0.1395803898,0.0967781787,0.1182882252,0.0418886872,0.0391866495,True,13,4.6062,
2014-09-03,2014-09-02,TQQQ,QQQ,green,green,14,0,0.1446116706,0.1004486319,0.1074588765,0.0458441824,0.040624451,True,14,5.7133,
2014-09-04,2014-09-03,TQQQ,QQQ,green,green,15,0,0.1367142394,0.0898964652,0.0979069754,0.0385152076,0.0330518885,True,15,7.2164,
2014-09-05,2014-09-04,TQQQ,QQQ,green,early_thaw,16,0,0.1326523389,0.07982544,0.0978783571,0.0390263421,0.030685068,True,16,7.1454,
2014-09-08,2014-09-05,TQQQ,QQQ,green,early_thaw,17,0,0.1358778859,0.0790608326,0.1088858259,0.0406978226,0.0344540334,True,17,7.357,
2014-09-09,2014-09-08,TQQQ,QQQ,green,green,18,0,0.1376946343,0.0819295742,0.1100148614,0.0471330395,0.0349773102,True,18,6.2964,
2014-09-10,2014-09-09,TQQQ,QQQ,green,early_thaw,19,0,0.1324350424,0.0711084185,0.1055670542,0.044015213,0.0252272121,True,19,11.2162,
2014-09-11,2014-09-10,TQQQ,QQQ,green,green,20,0,0.1356844026,0.0801904296,0.1105160601,0.0452048775,0.0323837068,True,20,6.423,
2014-09-12,2014-09-11,TQQQ,QQQ,green,green,21,0,0.1400863621,0.0891769761,0.1255379967,0.0441993623,0.0304852882,True,21,10.5745,
2014-09-15,2014-09-12,TQQQ,QQQ,green,green,22,0,0.1382865113,0.0804514414,0.1274997145,0.0465218554,0.024304079,True,22,9.9214,
2014-09-16,2014-09-15,TQQQ,QQQ,green,early_thaw,23,0,0.1261283678,0.0690992079,0.1068828824,0.0369522935,0.0138308347,True,23,10.8704,
2014-09-17,2014-09-16,TQQQ,QQQ,green,early_thaw,24,0,0.1295669203,0.0778480576,0.1032243306,0.0385522078,0.0218454405,True,24,11.0259,
2014-09-18,2014-09-17,TQQQ,QQQ,green,early_thaw,25,0,0.1305264797,0.0734368908,0.1109020053,0.0399097299,0.0222797426,True,25,9.9152,
2014-09-19,2014-09-18,TQQQ,QQQ,green,green,26,0,0.1353125082,0.0822243112,0.1161744862,0.043990136,0.0288589453,True,26,7.0924,
2014-09-22,2014-09-19,TQQQ,QQQ,green,green,27,0,0.1398964181,0.0802828227,0.1290684694,0.0471659333,0.0270497075,True,27,9.8094,
2014-09-23,2014-09-22,TQQQ,QQQ,green,early_thaw,28,0,0.1376919784,0.0700039282,0.1284570372,0.0480326886,0.01666,True,28,9.3665,
2014-09-24,2014-09-23,TQQQ,QQQ,green,early_thaw,29,0,0.1366757083,0.0681230064,0.1216936105,0.0491488741,0.0132297957,True,29,8.6518,
2014-09-25,2014-09-24,TQQQ,QQQ,green,early_thaw,30,0,0.1440023425,0.0727571459,0.1485227028,0.0529292554,0.023145842,True,30,10.3309,
2014-09-26,2014-09-25,TQQQ,QQQ,orange,orange,1,0,0.1295398235,0.0496307481,0.1307065697,0.0467591148,0.0011992204,True,0,17.66,not_30pct_above_52w_low
2014-09-29,2014-09-26,TQQQ,QQQ,green,early_thaw,1,0,0.1359747312,0.0561604305,0.1405061436,0.0505663767,0.0109445596,True,1,12.6969,
2014-09-30,2014-09-29,TQQQ,QQQ,green,early_thaw,2,0,0.1321885956,0.052972816,0.1309498483,0.0499314703,0.0090442979,True,2,9.7765,
2014-10-01,2014-09-30,TQQQ,QQQ,green,early_thaw,3,0,0.1269893942,0.0430272002,0.1130041737,0.0486200672,0.0098525268,True,3,13.2017,
2014-10-02,2014-10-01,TQQQ,QQQ,orange,orange,1,0,0.1102025892,0.0246191537,0.092386988,0.0432029561,-0.00646676,True,0,17.4142,signal_trend_template_failed|not_30pct_above_52w_low|close_below_50ma
2014-10-03,2014-10-02,TQQQ,QQQ,orange,orange,2,0,0.1087146282,0.01819503,0.1011282427,0.0437874146,-0.0065095575,True,0,17.7721,signal_trend_template_failed|not_30pct_above_52w_low|close_below_50ma
2014-10-06,2014-10-03,TQQQ,QQQ,green,early_thaw,1,0,0.1245039739,0.0313751875,0.1423868164,0.0479221605,0.0030389845,True,1,12.9072,
2014-10-07,2014-10-06,TQQQ,QQQ,green,early_thaw,2,0,0.1315362128,0.0417252979,0.1508698813,0.0499374028,0.0005972592,True,2,12.2876,
2014-10-08,2014-10-07,TQQQ,QQQ,orange,orange,1,0,0.1134275058,0.0193738642,0.1241588474,0.0460844935,-0.0136067998,True,0,13.074,signal_trend_template_failed|not_30pct_above_52w_low|close_below_50ma
2014-10-09,2014-10-08,TQQQ,QQQ,green,early_thaw,1,0,0.1238051472,0.0425121657,0.1267299458,0.0458443844,0.0051691789,True,1,18.0104,
2014-10-10,2014-10-09,TQQQ,QQQ,orange,orange,1,0,0.1191883438,0.0191085663,0.143963794,0.0492510649,-0.0110867457,True,0,17.9077,signal_trend_template_failed|not_30pct_above_52w_low|close_below_50ma
2014-10-13,2014-10-10,TQQQ,QQQ,orange,orange,2,0,0.0989221242,-0.0122633112,0.1285114814,0.0343940929,-0.0357245128,True,0,22.02,signal_trend_template_failed|not_30pct_above_52w_low|close_below_50ma|three_month_momentum_not_positive
2014-10-14,2014-10-13,TQQQ,QQQ,orange,orange,3,0,0.0888951696,-0.024383281,0.102176947,0.0363299492,-0.0505482158,True,0,19.3521,signal_trend_template_failed|not_30pct_above_52w_low|close_below_50ma|three_month_momentum_not_positive
2014-10-15,2014-10-14,TQQQ,QQQ,orange,orange,4,0,0.0872350076,-0.0281449306,0.098666824,0.0371520723,-0.0500337601,True,0,26.3041,signal_trend_template_failed|not_30pct_above_52w_low|close_below_50ma|three_month_momentum_not_positive
2014-10-16,2014-10-15,TQQQ,QQQ,orange,orange,5,0,0.085849953,-0.0214567547,0.0772640744,0.0374600601,-0.05577943,False,0,33.6764,signal_trend_template_failed|not_30pct_above_52w_low|close_below_50ma|three_month_momentum_not_positive
2014-10-17,2014-10-16,TQQQ,QQQ,orange,orange,6,0,0.0697519499,-0.0427760486,0.0702507278,0.0276937832,-0.0612277365,False,0,22.9604,signal_trend_template_failed|not_30pct_above_52w_low|close_below_50ma|three_month_momentum_not_positive
2014-10-20,2014-10-17,TQQQ,QQQ,orange,orange,7,0,0.078059858,-0.0289456841,0.0763678125,0.0271102372,-0.0486586326,False,0,18.7732,signal_trend_template_failed|not_30pct_above_52w_low|close_below_50ma|three_month_momentum_not_positive
2014-10-21,2014-10-20,TQQQ,QQQ,orange,orange,8,0,0.0897313513,-0.0206548798,0.0838430833,0.0307626947,-0.0343834268,False,0,11.4421,signal_trend_template_failed|not_30pct_above_52w_low|close_below_50ma|three_month_momentum_not_positive
2014-10-22,2014-10-21,TQQQ,QQQ,orange,orange,9,0,0.1100900653,-0.0013324535,0.1221922557,0.0380889332,-0.0093443685,False,0,16.9084,signal_trend_template_failed|not_30pct_above_52w_low|close_below_50ma|three_month_momentum_not_positive
2014-10-23,2014-10-22,TQQQ,QQQ,orange,orange,10,0,0.1048843931,-0.005362178,0.1058210938,0.0382579588,-0.0146949374,False,0,14.7765,signal_trend_template_failed|not_30pct_above_52w_low|close_below_50ma|three_month_momentum_not_positive
2014-10-24,2014-10-23,TQQQ,QQQ,orange,orange,11,0,0.1215077717,0.0135692775,0.1406909534,0.0448572707,-0.0002011317,False,0,13.9692,signal_trend_template_failed|not_30pct_above_52w_low|close_below_50ma
2014-10-27,2014-10-24,TQQQ,QQQ,orange,orange,12,0,0.1226214437,0.0215422724,0.1462969879,0.0443307066,0.007580636,False,0,14.3475,not_30pct_above_52w_low
2014-10-28,2014-10-27,TQQQ,QQQ,orange,orange,13,0,0.1204889659,0.0240658447,0.1380286391,0.0431280778,0.0079821649,False,0,11.6727,not_30pct_above_52w_low
2014-10-29,2014-10-28,TQQQ,QQQ,orange,orange,14,0,0.1266268753,0.0354536916,0.152170622,0.0454437883,0.0227276168,True,0,14.0857,not_30pct_above_52w_low
2014-10-30,2014-10-29,TQQQ,QQQ,orange,orange,15,0,0.1296866531,0.0529094462,0.1445099856,0.0421429766,0.0186710555,True,0,15.6349,not_30pct_above_52w_low
2014-10-31,2014-10-30,TQQQ,QQQ,orange,orange,16,0,0.1301017414,0.0590252548,0.1490150659,0.0376845655,0.020490505,True,0,14.2051,not_30pct_above_52w_low
2014-11-03,2014-10-31,TQQQ,QQQ,orange,orange,17,0,0.1354832968,0.0663163235,0.1587767907,0.0403867172,0.0339936351,True,0,16.1041,not_30pct_above_52w_low
2014-11-04,2014-11-03,TQQQ,QQQ,orange,orange,18,0,0.1436298627,0.0777240192,0.1774664178,0.0429731436,0.0364425371,True,0,13.0035,not_30pct_above_52w_low
2014-11-05,2014-11-04,TQQQ,QQQ,orange,orange,19,0,0.1449397068,0.0749164845,0.1769196585,0.0465491696,0.0325155864,True,0,12.6542,not_30pct_above_52w_low
2014-11-06,2014-11-05,TQQQ,QQQ,orange,orange,20,0,0.1430853184,0.0784457366,0.1781245652,0.0389416531,0.0321744233,True,0,12.6616,not_30pct_above_52w_low
2014-11-07,2014-11-06,TQQQ,QQQ,orange,orange,21,0,0.1419689392,0.0740983277,0.1774871161,0.0396133252,0.0349259494,True,0,8.953,not_30pct_above_52w_low
2014-11-10,2014-11-07,TQQQ,QQQ,orange,orange,22,0,0.1322768066,0.0668519339,0.1573765398,0.0334549998,0.0334993342,True,0,10.1741,not_30pct_above_52w_low
2014-11-11,2014-11-10,TQQQ,QQQ,orange,orange,23,0,0.134809322,0.0710811826,0.1606888849,0.0337085248,0.0366517761,True,0,9.5882,not_30pct_above_52w_low
2014-11-12,2014-11-11,TQQQ,QQQ,orange,orange,24,0,0.1346285233,0.0631889658,0.1704293316,0.0345726846,0.0393881632,True,0,9.8897,not_30pct_above_52w_low
2014-11-13,2014-11-12,TQQQ,QQQ,orange,orange,25,0,0.135663636,0.0595659778,0.1817734975,0.0369937013,0.0405369435,True,0,9.0574,not_30pct_above_52w_low
2014-11-14,2014-11-13,TQQQ,QQQ,orange,orange,26,0,0.1354046176,0.0589818067,0.179135712,0.0375272127,0.044211098,True,0,17.3709,not_30pct_above_52w_low
2014-11-17,2014-11-14,TQQQ,QQQ,orange,orange,27,0,0.1349379313,0.0541577808,0.1746333272,0.0399188314,0.046700706,True,0,11.0499,not_30pct_above_52w_low
2014-11-18,2014-11-17,TQQQ,QQQ,orange,orange,28,0,0.1282859298,0.045135152,0.1753638334,0.0350705389,0.0429082153,True,0,13.4766,not_30pct_above_52w_low
2014-11-19,2014-11-18,TQQQ,QQQ,orange,orange,29,0,0.1311109807,0.0529551817,0.1729620206,0.0375284446,0.0497189318,True,0,10.9,not_30pct_above_52w_low
2014-11-20,2014-11-19,TQQQ,QQQ,orange,orange,30,0,0.1257342187,0.0460616466,0.1625407547,0.0346451864,0.0442458959,True,0,14.3214,not_30pct_above_52w_low
2014-11-21,2014-11-20,TQQQ,QQQ,orange,orange,31,0,0.1275685997,0.0491329212,0.1592775491,0.0360919604,0.0480692653,True,0,9.7085,not_30pct_above_52w_low
2014-11-24,2014-11-21,TQQQ,QQQ,orange,orange,32,0,0.1225706377,0.0474562271,0.1472190009,0.0306877608,0.0491103737,True,0,15.0225,not_30pct_above_52w_low
2014-11-25,2014-11-24,TQQQ,QQQ,orange,orange,33,0,0.1307656355,0.0545633702,0.1597331762,0.0367937473,0.0559275195,True,0,12.676,not_30pct_above_52w_low
2014-11-26,2014-11-25,TQQQ,QQQ,orange,orange,34,0,0.1299368337,0.0559627625,0.1541268799,0.0376050035,0.0563274692,True,0,15.2696,not_30pct_above_52w_low
2014-11-28,2014-11-26,TQQQ,QQQ,orange,orange,35,0,0.1389959881,0.0639880826,0.1614860359,0.0436556445,0.061846848,True,0,10.8618,not_30pct_above_52w_low
2014-12-01,2014-11-28,TQQQ,QQQ,orange,orange,36,0,0.1451320009,0.0649647818,0.1680301337,0.0523458973,0.0654977074,True,0,7.5736,not_30pct_above_52w_low
2014-12-02,2014-12-01,TQQQ,QQQ,orange,orange,37,0,0.1332816973,0.0498584532,0.1553152985,0.0452225017,0.0524146813,True,0,15.6981,not_30pct_above_52w_low
2014-12-03,2014-12-02,TQQQ,QQQ,orange,orange,38,0,0.1347475807,0.0603172398,0.1556360117,0.0437688044,0.0553226699,True,0,13.1955,not_30pct_above_52w_low
2014-12-04,2014-12-03,TQQQ,QQQ,orange,orange,39,0,0.1341928491,0.0631936699,0.1480635725,0.0406657286,0.0558219095,True,0,13.5252,not_30pct_above_52w_low
2014-12-05,2014-12-04,TQQQ,QQQ,orange,orange,40,0,0.1305753379,0.0573699969,0.1409665492,0.0412261692,0.0541532671,True,0,15.7428,not_30pct_above_52w_low
2014-12-08,2014-12-05,TQQQ,QQQ,orange,orange,41,0,0.1318638318,0.0554624028,0.141935988,0.0398141811,0.0526442951,True,0,11.6211,not_30pct_above_52w_low
2014-12-09,2014-12-08,TQQQ,QQQ,orange,orange,42,0,0.1320993064,0.0567147961,0.1318561141,0.0407577017,0.0439325652,True,0,16.9387,not_30pct_above_52w_low
2014-12-10,2014-12-09,TQQQ,QQQ,orange,orange,43,0,0.131077479,0.0513612662,0.1356703778,0.0418131934,0.045908015,True,0,17.2451,not_30pct_above_52w_low
2014-12-11,2014-12-10,TQQQ,QQQ,orange,orange,44,0,0.1271323035,0.0356606933,0.1280177822,0.0447616191,0.0285393565,True,0,12.9338,not_30pct_above_52w_low
2014-12-12,2014-12-11,TQQQ,QQQ,orange,orange,45,0,0.1324829648,0.0459080929,0.1300529065,0.0451425902,0.0320635844,True,0,13.283,not_30pct_above_52w_low
2014-12-15,2014-12-12,TQQQ,QQQ,orange,orange,46,0,0.1325496457,0.0446025023,0.1167837078,0.0554674396,0.0197211798,True,0,14.5202,not_30pct_above_52w_low
2014-12-16,2014-12-15,TQQQ,QQQ,orange,orange,47,0,0.1204771443,0.0248717541,0.1046560294,0.0513888256,0.0085040711,True,0,21.6094,not_30pct_above_52w_low
2014-12-17,2014-12-16,TQQQ,QQQ,orange,orange,48,0,0.1011354691,0.0069109703,0.0808553813,0.0401126833,-0.0080722339,True,0,18.5269,signal_trend_template_failed|not_30pct_above_52w_low|close_below_50ma
2014-12-18,2014-12-17,TQQQ,QQQ,orange,orange,49,0,0.1098626544,0.0175730948,0.1012423417,0.0389614262,0.0089381962,True,0,16.7586,not_30pct_above_52w_low
2014-12-19,2014-12-18,TQQQ,QQQ,orange,orange,50,0,0.1263307519,0.0427086639,0.1264202587,0.0409064954,0.0320329308,True,0,18.3828,not_30pct_above_52w_low
2014-12-22,2014-12-19,TQQQ,QQQ,orange,orange,51,0,0.1388985118,0.0571295425,0.1311327631,0.0457811591,0.0349658123,True,0,15.4113,not_30pct_above_52w_low
2014-12-23,2014-12-22,TQQQ,QQQ,orange,orange,52,0,0.141734059,0.062660959,0.1350526183,0.0402831702,0.0353900002,True,0,11.0961,not_30pct_above_52w_low
2014-12-24,2014-12-23,TQQQ,QQQ,orange,orange,53,0,0.1297295781,0.0476594841,0.1238841981,0.0313470705,0.0293635778,True,0,11.5335,not_30pct_above_52w_low
2014-12-26,2014-12-24,TQQQ,QQQ,orange,orange,54,0,0.1298567946,0.0710929687,0.124252114,0.0327821056,0.0278816796,True,0,4.3852,not_30pct_above_52w_low
2014-12-29,2014-12-26,TQQQ,QQQ,orange,orange,55,0,0.1429472637,0.0673350779,0.1272770753,0.0377237696,0.0325261041,True,0,8.7572,not_30pct_above_52w_low
2014-12-30,2014-12-29,TQQQ,QQQ,orange,orange,56,0,0.1447341646,0.0685381811,0.1251416576,0.0358789523,0.0295825413,True,0,6.3415,not_30pct_above_52w_low
2014-12-31,2014-12-30,TQQQ,QQQ,orange,orange,57,0,0.1345328599,0.0599123108,0.10551737,0.0304466341,0.0203862771,True,0,12.3418,not_30pct_above_52w_low
2015-01-02,2014-12-31,TQQQ,QQQ,orange,orange,58,0,0.1338292648,0.0660911393,0.092337401,0.0316131898,0.0081038414,True,0,11.3021,not_30pct_above_52w_low
2015-01-05,2015-01-02,TQQQ,QQQ,orange,orange,59,0,0.1270659723,0.0628902874,0.082229608,0.0275923577,0.003816764,True,0,11.7009,not_30pct_above_52w_low
2015-01-06,2015-01-05,TQQQ,QQQ,orange,orange,60,0,0.1148058864,0.0370578953,0.0695957812,0.0315211136,-0.0119517947,True,0,11.6123,signal_trend_template_failed|not_30pct_above_52w_low|close_below_50ma
2015-01-07,2015-01-06,TQQQ,QQQ,orange,orange,61,0,0.1058462795,0.0253454898,0.0681283358,0.0283341469,-0.0256961052,True,0,14.8064,signal_trend_template_failed|not_30pct_above_52w_low|close_below_50ma
2015-01-08,2015-01-07,TQQQ,QQQ,orange,orange,62,0,0.1171256247,0.0535126076,0.0739232178,0.0266353288,-0.0137324457,True,0,12.5335,signal_trend_template_failed|not_30pct_above_52w_low|close_below_50ma
2015-01-09,2015-01-08,TQQQ,QQQ,orange,orange,63,0,0.1268442666,0.0531730471,0.0979457142,0.028946587,0.004171497,True,0,13.9682,not_30pct_above_52w_low
2015-01-12,2015-01-09,TQQQ,QQQ,orange,orange,64,0,0.1239389761,0.0634147106,0.083735041,0.0248281045,-0.0029836874,True,0,17.1304,signal_trend_template_failed|not_30pct_above_52w_low|close_below_50ma
2015-01-13,2015-01-12,TQQQ,QQQ,orange,orange,65,0,0.1288147265,0.0792924613,0.066056762,0.0308184379,-0.0137837159,True,0,15.1243,signal_trend_template_failed|not_30pct_above_52w_low|close_below_50ma
2015-01-14,2015-01-13,TQQQ,QQQ,orange,orange,66,0,0.1358177624,0.0961517577,0.0694239814,0.0336269769,-0.0144335173,True,0,18.2618,signal_trend_template_failed|not_30pct_above_52w_low|close_below_50ma
2015-01-15,2015-01-14,TQQQ,QQQ,orange,orange,67,0,0.1293743319,0.0899876214,0.0593099955,0.0337931264,-0.0198580391,True,0,19.4611,signal_trend_template_failed|not_30pct_above_52w_low|close_below_50ma
2015-01-16,2015-01-15,TQQQ,QQQ,orange,orange,68,0,0.1230217112,0.0828327785,0.0595987012,0.0299032552,-0.032261525,True,0,16.9473,signal_trend_template_failed|not_30pct_above_52w_low|close_below_50ma
2015-01-20,2015-01-16,TQQQ,QQQ,orange,orange,69,0,0.1301785184,0.1024695497,0.0553102586,0.0292661282,-0.020867909,True,0,12.6966,signal_trend_template_failed|not_30pct_above_52w_low|close_below_50ma
2015-01-21,2015-01-20,TQQQ,QQQ,orange,orange,70,0,0.1337358938,0.0967592066,0.065012761,0.0347806005,-0.0132190543,True,0,12.9862,signal_trend_template_failed|not_30pct_above_52w_low|close_below_50ma
2015-01-22,2015-01-21,TQQQ,QQQ,orange,orange,71,0,0.128271441,0.0861384407,0.0637043818,0.0306386342,-0.0083283754,True,0,12.4088,signal_trend_template_failed|not_30pct_above_52w_low|close_below_50ma
2015-01-23,2015-01-22,TQQQ,QQQ,orange,orange,72,0,0.1321168897,0.0779150123,0.0764787406,0.0313041329,0.0094712441,True,0,15.9564,not_30pct_above_52w_low
2015-01-26,2015-01-23,TQQQ,QQQ,orange,orange,73,0,0.1396744283,0.0859032297,0.0800804232,0.0410101902,0.0111773867,True,0,14.0582,not_30pct_above_52w_low
2015-01-27,2015-01-26,TQQQ,QQQ,orange,orange,74,0,0.1323843888,0.0685757875,0.0830755889,0.0351353619,0.0095749898,True,0,9.9327,not_30pct_above_52w_low
2015-01-28,2015-01-27,TQQQ,QQQ,orange,orange,75,0,0.1048461416,0.0324273702,0.0546682019,0.0198873244,-0.0164776839,True,0,20.3621,signal_trend_template_failed|not_30pct_above_52w_low|close_below_50ma
2015-01-29,2015-01-28,TQQQ,QQQ,orange,orange,76,0,0.1000282609,0.0264066572,0.0511080005,0.02430069,-0.0212162033,True,0,16.8793,signal_trend_template_failed|not_30pct_above_52w_low|close_below_50ma
2015-01-30,2015-01-29,TQQQ,QQQ,orange,orange,77,0,0.0999414242,0.0208588904,0.0570521066,0.0219142143,-0.0116275247,True,0,16.2306,signal_trend_template_failed|not_30pct_above_52w_low|close_below_50ma
2015-02-02,2015-01-30,TQQQ,QQQ,orange,orange,78,0,0.1031489967,0.0166984525,0.0704914045,0.0283663906,-0.0190190079,True,0,19.6003,signal_trend_template_failed|not_30pct_above_52w_low|close_below_50ma
2015-02-03,2015-02-02,TQQQ,QQQ,orange,orange,79,0,0.1105790257,0.0233949956,0.0838011461,0.0271592992,-0.0102276054,True,0,18.3286,signal_trend_template_failed|not_30pct_above_52w_low|close_below_50ma
2015-02-04,2015-02-03,TQQQ,QQQ,orange,orange,80,0,0.1078743876,0.0191677153,0.0867551712,0.0204469075,-0.000741929,True,0,17.2653,signal_trend_template_failed|not_30pct_above_52w_low|close_below_50ma
2015-02-05,2015-02-04,TQQQ,QQQ,orange,orange,81,0,0.1069247209,0.0152735836,0.0941847271,0.0208527873,-0.0015348461,True,0,11.7707,signal_trend_template_failed|not_30pct_above_52w_low|close_below_50ma
2015-02-06,2015-02-05,TQQQ,QQQ,orange,orange,82,0,0.1137687823,0.027492321,0.1044684335,0.0192494121,0.0070497034,False,0,9.7264,not_30pct_above_52w_low
2015-02-09,2015-02-06,TQQQ,QQQ,orange,orange,83,0,0.1086396326,0.021153004,0.1012581035,0.0176966731,0.0011608284,False,0,11.7582,not_30pct_above_52w_low
2015-02-10,2015-02-09,TQQQ,QQQ,orange,orange,84,0,0.1038223789,0.0146818856,0.0898681165,0.0202806363,-0.0017229217,False,0,9.0177,signal_trend_template_failed|not_30pct_above_52w_low|close_below_50ma
2015-02-11,2015-02-10,TQQQ,QQQ,orange,orange,85,0,0.1127069728,0.0313883864,0.1003386947,0.0248368436,0.0139584999,False,0,11.7638,not_30pct_above_52w_low
2015-02-12,2015-02-11,TQQQ,QQQ,orange,orange,86,0,0.1121049342,0.0314867828,0.1048060832,0.0260742653,0.0178138616,False,0,12.1551,not_30pct_above_52w_low
2015-02-13,2015-02-12,TQQQ,QQQ,orange,orange,87,0,0.1162762529,0.040232163,0.1059633575,0.0266355975,0.0293491735,False,0,15.806,not_30pct_above_52w_low
2015-02-17,2015-02-13,TQQQ,QQQ,orange,orange,88,0,0.1196653473,0.0473194102,0.109704015,0.0295687137,0.0377685418,False,0,12.7963,not_30pct_above_52w_low
2015-02-18,2015-02-17,TQQQ,QQQ,orange,orange,89,0,0.1163047017,0.0438163826,0.1053825586,0.025917276,0.0383398917,True,0,8.78,not_30pct_above_52w_low
2015-02-19,2015-02-18,TQQQ,QQQ,orange,orange,90,0,0.1146797454,0.042039193,0.0984737233,0.0265023194,0.0393557076,True,0,7.5121,not_30pct_above_52w_low
2015-02-20,2015-02-19,TQQQ,QQQ,green,early_thaw,1,0,0.1203929832,0.0503476388,0.0977552391,0.0343634434,0.0439492357,True,1,8.1782,
2015-02-23,2015-02-20,TQQQ,QQQ,green,green,2,0,0.1213658386,0.0495171816,0.1050945546,0.03479353,0.0500801737,True,2,10.0097,
2015-02-24,2015-02-23,TQQQ,QQQ,green,green,3,0,0.1227973593,0.0553665247,0.1039784446,0.0373231287,0.0503419687,True,3,8.743,
2015-02-25,2015-02-24,TQQQ,QQQ,green,early_thaw,4,0,0.1187503006,0.051458064,0.1031192701,0.0323832594,0.0499629644,True,4,11.604,
2015-02-26,2015-02-25,TQQQ,QQQ,green,early_thaw,5,0,0.116271075,0.0468244013,0.0965027378,0.0331767952,0.0463585201,True,5,12.3855,
2015-02-27,2015-02-26,TQQQ,QQQ,green,green,6,0,0.1174434551,0.0439975749,0.100961601,0.0368045426,0.0503330616,True,6,12.997,
2015-03-02,2015-02-27,TQQQ,QQQ,green,early_thaw,7,0,0.1132793899,0.037809123,0.0958877885,0.0335199585,0.0442587775,True,7,9.7884,
2015-03-03,2015-03-02,TQQQ,QQQ,green,green,8,0,0.1190882484,0.0404428196,0.1070187606,0.0354085486,0.0517194402,True,8,10.0811,
2015-03-04,2015-03-03,TQQQ,QQQ,green,early_thaw,9,0,0.1118606937,0.030805548,0.0977716055,0.030832431,0.045318922,True,9,14.3269,
2015-03-05,2015-03-04,TQQQ,QQQ,green,early_thaw,10,0,0.1134858855,0.0385850241,0.0903672669,0.032263955,0.0403694289,True,10,12.8713,
2015-03-06,2015-03-05,TQQQ,QQQ,green,early_thaw,11,0,0.1159664579,0.0362519687,0.0987558272,0.0364892339,0.0413293619,True,11,10.2354,
2015-03-09,2015-03-06,TQQQ,QQQ,green,early_thaw,12,0,0.1091172178,0.0226731369,0.0872996055,0.0400715787,0.0289812504,True,12,16.0241,
2015-03-10,2015-03-09,TQQQ,QQQ,green,early_thaw,13,0,0.1096030718,0.0261114059,0.084979414,0.0387417042,0.0312573415,True,13,12.2392,
2015-03-11,2015-03-10,TQQQ,QQQ,orange,orange,1,0,0.0966614816,0.0069646372,0.0628133155,0.0351141549,0.0118356003,True,0,19.5941,not_30pct_above_52w_low
2015-03-12,2015-03-11,TQQQ,QQQ,orange,orange,2,0,0.0966250447,0.0083305467,0.0655178081,0.0322581539,0.0059836357,True,0,22.3771,not_30pct_above_52w_low
2015-03-13,2015-03-12,TQQQ,QQQ,orange,orange,3,0,0.0940006162,0.0117588322,0.0637240469,0.0217350969,0.0124362803,True,0,12.5082,not_30pct_above_52w_low
2015-03-16,2015-03-13,TQQQ,QQQ,orange,orange,4,0,0.0968914889,0.023448983,0.0599458832,0.0234897941,0.0078376817,True,0,19.9862,not_30pct_above_52w_low
2015-03-17,2015-03-16,TQQQ,QQQ,orange,orange,5,0,0.1037794015,0.031768375,0.0791348934,0.0230042428,0.0201758517,True,0,12.0414,not_30pct_above_52w_low
2015-03-18,2015-03-17,TQQQ,QQQ,orange,orange,6,0,0.1118784704,0.0447861719,0.0913862496,0.0274256962,0.0210341264,True,0,10.2552,not_30pct_above_52w_low
2015-03-19,2015-03-18,TQQQ,QQQ,green,early_thaw,1,0,0.1191582909,0.0660573735,0.0925720903,0.0262765719,0.0297885673,True,1,18.1852,
2015-03-20,2015-03-19,TQQQ,QQQ,green,green,2,0,0.1277064484,0.0850442841,0.0925429929,0.0360492539,0.0297411539,True,2,12.128,
2015-03-23,2015-03-20,TQQQ,QQQ,green,early_thaw,3,0,0.1221469865,0.0725431239,0.0913910259,0.0333971243,0.0349438151,True,3,11.6492,
2015-03-24,2015-03-23,TQQQ,QQQ,green,early_thaw,4,0,0.1113058273,0.0453112079,0.089955053,0.0329855705,0.0319066223,True,4,10.9369,
2015-03-25,2015-03-24,TQQQ,QQQ,green,early_thaw,5,0,0.11118372,0.036984506,0.0962269564,0.0354040899,0.0271059529,True,5,10.1435,
2015-03-26,2015-03-25,TQQQ,QQQ,orange,orange,1,0,0.0964667309,0.0107339868,0.0740675477,0.0274920339,0.0028097717,True,0,17.85,not_30pct_above_52w_low
2015-03-27,2015-03-26,TQQQ,QQQ,orange,orange,2,0,0.0919453943,0.0108600048,0.0590370712,0.0271178235,-0.0013376184,True,0,19.7845,signal_trend_template_failed|not_30pct_above_52w_low|close_below_50ma
2015-03-30,2015-03-27,TQQQ,QQQ,orange,orange,3,0,0.1006687692,0.0140235754,0.0861135218,0.0301739586,0.0017406667,True,0,10.0145,not_30pct_above_52w_low
2015-03-31,2015-03-30,TQQQ,QQQ,orange,orange,4,0,0.1000947889,0.0184259476,0.0870017382,0.0256756848,0.0118237156,True,0,15.9199,not_30pct_above_52w_low
2015-04-01,2015-03-31,TQQQ,QQQ,orange,orange,5,0,0.0927709525,0.0078354221,0.0769106288,0.0238408686,0.0001607969,True,0,12.7024,not_30pct_above_52w_low
2015-04-02,2015-04-01,TQQQ,QQQ,orange,orange,6,0,0.0908168215,0.0093132617,0.0697835515,0.0217744187,-0.0057385921,True,0,17.64,signal_trend_template_failed|not_30pct_above_52w_low|close_below_50ma
2015-04-06,2015-04-02,TQQQ,QQQ,orange,orange,7,0,0.0973063342,0.0204529666,0.0878958658,0.0197723839,-0.0056806443,True,0,11.1093,signal_trend_template_failed|not_30pct_above_52w_low|close_below_50ma
2015-04-07,2015-04-06,TQQQ,QQQ,orange,orange,8,0,0.1074731205,0.0318993726,0.0967958207,0.0233064121,0.0020388781,True,0,15.5297,not_30pct_above_52w_low
2015-04-08,2015-04-07,TQQQ,QQQ,orange,orange,9,0,0.1065533739,0.0454826165,0.0842260019,0.0215694654,6.438e-07,True,0,11.7452,not_30pct_above_52w_low
2015-04-09,2015-04-08,TQQQ,QQQ,orange,orange,10,0,0.1196768413,0.0681048506,0.0951764912,0.0289673569,0.00741845,True,0,17.7336,not_30pct_above_52w_low
2015-04-10,2015-04-09,TQQQ,QQQ,green,early_thaw,1,0,0.1215727766,0.0611361637,0.1179203269,0.0299506338,0.0125805108,True,1,11.8466,
2015-04-13,2015-04-10,TQQQ,QQQ,green,early_thaw,2,0,0.110387427,0.0454774341,0.101068655,0.0259933193,0.0153791861,True,2,12.254,
2015-04-14,2015-04-13,TQQQ,QQQ,green,early_thaw,3,0,0.115618284,0.0497678416,0.1163385655,0.0265350956,0.0117242649,True,3,12.3576,
2015-04-15,2015-04-14,TQQQ,QQQ,green,early_thaw,4,0,0.1248344264,0.0577688976,0.141641997,0.0274597621,0.0076105683,True,4,17.9704,
2015-04-16,2015-04-15,TQQQ,QQQ,green,early_thaw,5,0,0.132987453,0.0646970203,0.1670695103,0.0281176015,0.0127497772,True,5,10.3207,
2015-04-17,2015-04-16,TQQQ,QQQ,orange,orange,1,0,0.1340481365,0.0691134146,0.1653203878,0.0266089301,0.0103984566,True,0,9.8028,not_30pct_above_52w_low
2015-04-20,2015-04-17,TQQQ,QQQ,orange,orange,2,0,0.1280288517,0.0662700791,0.1545921924,0.0229844329,-0.005993903,True,0,19.1672,signal_trend_template_failed|not_30pct_above_52w_low|close_below_50ma
2015-04-21,2015-04-20,TQQQ,QQQ,orange,orange,3,0,0.1420440627,0.0697032325,0.179315241,0.0324061778,0.0081440521,True,0,15.2732,not_30pct_above_52w_low
2015-04-22,2015-04-21,TQQQ,QQQ,orange,orange,4,0,0.1401527861,0.0658193643,0.1689472004,0.0348860756,0.0114744635,True,0,13.858,not_30pct_above_52w_low
2015-04-23,2015-04-22,TQQQ,QQQ,orange,orange,5,0,0.1366713813,0.0661825608,0.1580218641,0.0336447343,0.0158399577,True,0,13.4777,not_30pct_above_52w_low
2015-04-24,2015-04-23,TQQQ,QQQ,orange,orange,6,0,0.1261820236,0.0507621216,0.1326322652,0.0302755766,0.0187395201,True,0,14.6561,not_30pct_above_52w_low
2015-04-27,2015-04-24,TQQQ,QQQ,green,early_thaw,1,0,0.1380833958,0.0626723657,0.153959354,0.0383420364,0.0314083658,True,1,16.5567,
2015-04-28,2015-04-27,TQQQ,QQQ,green,early_thaw,2,0,0.1345928261,0.0612023284,0.1339751138,0.040036165,0.0279322939,True,2,18.6161,
2015-04-29,2015-04-28,TQQQ,QQQ,green,green,3,0,0.1409857022,0.0872738342,0.1225312654,0.0422583793,0.0252358601,True,3,19.7105,
2015-04-30,2015-04-29,TQQQ,QQQ,orange,orange,1,0,0.1351686794,0.0860231911,0.1147014333,0.0342808936,0.0183163576,True,0,21.8335,not_30pct_above_52w_low
2015-05-01,2015-04-30,TQQQ,QQQ,orange,orange,2,0,0.115517467,0.0587651081,0.0808497735,0.0258590279,0.0021654781,True,0,33.0608,not_30pct_above_52w_low
2015-05-04,2015-05-01,TQQQ,QQQ,orange,orange,3,0,0.1257112247,0.0811160217,0.0991689862,0.0260036612,0.015083528,True,0,21.2092,not_30pct_above_52w_low
2015-05-05,2015-05-04,TQQQ,QQQ,orange,orange,4,0,0.1228143693,0.0735558156,0.0986716493,0.0278208442,0.0165566726,True,0,14.7829,not_30pct_above_52w_low
2015-05-06,2015-05-05,TQQQ,QQQ,orange,orange,5,0,0.1036249933,0.0460092447,0.0660588521,0.0226392005,0.0001437244,True,0,29.9519,not_30pct_above_52w_low
2015-05-07,2015-05-06,TQQQ,QQQ,orange,orange,6,0,0.0951708317,0.0397145429,0.05559471,0.0174374989,-0.0064403738,True,0,22.2848,signal_trend_template_failed|not_30pct_above_52w_low|close_below_50ma
2015-05-08,2015-05-07,TQQQ,QQQ,orange,orange,7,0,0.0972968925,0.0369784,0.065487343,0.0201408397,-0.0003455318,True,0,17.9109,signal_trend_template_failed|not_30pct_above_52w_low|close_below_50ma
2015-05-11,2015-05-08,TQQQ,QQQ,orange,orange,8,0,0.1082946759,0.0563364753,0.0786811651,0.0240072297,0.0121215199,True,0,19.6419,not_30pct_above_52w_low
2015-05-12,2015-05-11,TQQQ,QQQ,orange,orange,9,0,0.1063684318,0.0556322541,0.0711309262,0.0246637473,0.0081878578,True,0,15.1408,not_30pct_above_52w_low
2015-05-13,2015-05-12,TQQQ,QQQ,orange,orange,10,0,0.0964053333,0.0347494887,0.0672286055,0.0202386232,0.0038776921,True,0,20.4608,not_30pct_above_52w_low
2015-05-14,2015-05-13,TQQQ,QQQ,orange,orange,11,0,0.0951254379,0.0331017518,0.0656308022,0.0207688961,0.0060428327,False,0,14.317,not_30pct_above_52w_low
2015-05-15,2015-05-14,TQQQ,QQQ,orange,orange,12,0,0.0996329404,0.0361512912,0.0778378988,0.0235042271,0.0204989586,False,0,19.9534,not_30pct_above_52w_low
2015-05-18,2015-05-15,TQQQ,QQQ,orange,orange,13,0,0.0945826118,0.0273319071,0.0759446471,0.0190224905,0.0202729562,False,0,16.53,not_30pct_above_52w_low
2015-05-19,2015-05-18,TQQQ,QQQ,orange,orange,14,0,0.0963941597,0.030867659,0.0760365507,0.0198469168,0.0241896658,True,0,12.6307,not_30pct_above_52w_low
2015-05-20,2015-05-19,TQQQ,QQQ,orange,orange,15,0,0.0931202762,0.0283018934,0.0715308752,0.0172234917,0.0226033122,True,0,11.2268,not_30pct_above_52w_low
2015-05-21,2015-05-20,TQQQ,QQQ,orange,orange,16,0,0.0917034642,0.0238926683,0.0754432465,0.0161526012,0.0223924488,True,0,12.6926,not_30pct_above_52w_low
2015-05-22,2015-05-21,TQQQ,QQQ,orange,orange,17,0,0.0926893568,0.0223622657,0.0729867637,0.0188358711,0.026599744,True,0,10.6858,not_30pct_above_52w_low
2015-05-26,2015-05-22,TQQQ,QQQ,orange,orange,18,0,0.0936426744,0.0203100832,0.0768011066,0.0205253353,0.0246439335,True,0,9.2233,not_30pct_above_52w_low
2015-05-27,2015-05-26,TQQQ,QQQ,orange,orange,19,0,0.0846428217,0.0078374555,0.0596988197,0.0195395969,0.0120941831,True,0,15.6681,not_30pct_above_52w_low
2015-05-28,2015-05-27,TQQQ,QQQ,orange,orange,20,0,0.0970448687,0.0266328368,0.0747043047,0.0275422407,0.0275481902,True,0,15.7011,not_30pct_above_52w_low
2015-05-29,2015-05-28,TQQQ,QQQ,orange,orange,21,0,0.0916564149,0.019146403,0.0639863732,0.0220153272,0.0244583116,True,0,10.5198,not_30pct_above_52w_low
2015-06-01,2015-05-29,TQQQ,QQQ,orange,orange,22,0,0.0878134488,0.01755646,0.0560293773,0.0209375196,0.0179029912,True,0,12.1011,not_30pct_above_52w_low
2015-06-02,2015-06-01,TQQQ,QQQ,orange,orange,23,0,0.0850428648,0.0118299456,0.0527512015,0.0201249817,0.0208363564,True,0,15.7867,not_30pct_above_52w_low
2015-06-03,2015-06-02,TQQQ,QQQ,orange,orange,24,0,0.0832073859,0.0133474068,0.044564129,0.0158999562,0.017311156,True,0,14.9929,not_30pct_above_52w_low
2015-06-04,2015-06-03,TQQQ,QQQ,orange,orange,25,0,0.0917122617,0.0203222013,0.059691358,0.0195875707,0.0199690262,True,0,13.4683,not_30pct_above_52w_low
2015-06-05,2015-06-04,TQQQ,QQQ,orange,orange,26,0,0.084718001,0.0107876385,0.0474306804,0.0203591672,0.0119035745,True,0,20.8992,not_30pct_above_52w_low
2015-06-08,2015-06-05,TQQQ,QQQ,orange,orange,27,0,0.0863340929,0.0199365599,0.0430617212,0.0188370337,0.0087866244,True,0,15.479,not_30pct_above_52w_low
2015-06-09,2015-06-08,TQQQ,QQQ,orange,orange,28,0,0.0766329311,0.0066734799,0.0329591397,0.0144563045,-0.0020272155,True,0,15.6369,signal_trend_template_failed|not_30pct_above_52w_low|close_below_50ma
2015-06-10,2015-06-09,TQQQ,QQQ,orange,orange,29,0,0.0821831755,0.0240105246,0.0311423864,0.0145217226,-0.0041452477,True,0,16.4837,signal_trend_template_failed|not_30pct_above_52w_low|close_below_50ma
2015-06-11,2015-06-10,TQQQ,QQQ,orange,orange,30,0,0.0974490652,0.0440663631,0.0527640067,0.0188668394,0.0089868069,True,0,17.3348,not_30pct_above_52w_low
2015-06-12,2015-06-11,TQQQ,QQQ,orange,orange,31,0,0.0955851863,0.0387728014,0.0509875565,0.0183420921,0.0097073585,True,0,13.1858,not_30pct_above_52w_low
2015-06-15,2015-06-12,TQQQ,QQQ,orange,orange,32,0,0.0934596436,0.0347454095,0.0590091369,0.0160093887,0.0007377551,True,0,13.2694,not_30pct_above_52w_low
2015-06-16,2015-06-15,TQQQ,QQQ,orange,orange,33,0,0.0877839896,0.0164841161,0.0487761647,0.0166837958,-0.0047973626,True,0,21.7442,signal_trend_template_failed|not_30pct_above_52w_low|close_below_50ma
2015-06-17,2015-06-16,TQQQ,QQQ,orange,orange,34,0,0.0903916578,0.0204007692,0.0661006135,0.012157287,0.0001104264,True,0,11.1287,not_30pct_above_52w_low
2015-06-18,2015-06-17,TQQQ,QQQ,orange,orange,35,0,0.0923281034,0.0132591951,0.0801924362,0.0154898136,0.0022599443,True,0,18.6604,not_30pct_above_52w_low
2015-06-19,2015-06-18,TQQQ,QQQ,orange,orange,36,0,0.1051537713,0.0265042622,0.1138025824,0.0188131977,0.0161104389,True,0,18.7841,not_30pct_above_52w_low
2015-06-22,2015-06-19,TQQQ,QQQ,orange,orange,37,0,0.098885429,0.0148595576,0.0884806402,0.0203003322,0.0105611,True,0,9.6257,not_30pct_above_52w_low
2015-06-23,2015-06-22,TQQQ,QQQ,orange,orange,38,0,0.0994991501,0.0243220554,0.0707353251,0.0228136586,0.0174116111,True,0,15.3429,not_30pct_above_52w_low
2015-06-24,2015-06-23,TQQQ,QQQ,orange,orange,39,0,0.0985346414,0.0288595356,0.0669113973,0.0220059144,0.0175737367,True,0,13.4178,not_30pct_above_52w_low
2015-06-25,2015-06-24,TQQQ,QQQ,orange,orange,40,0,0.1063513157,0.0475391571,0.0587834286,0.0294014738,0.0117258288,True,0,9.7619,not_30pct_above_52w_low
2015-06-26,2015-06-25,TQQQ,QQQ,orange,orange,41,0,0.1105978816,0.0490296247,0.0604220915,0.0323908816,0.0092607091,True,0,9.7325,not_30pct_above_52w_low
2015-06-29,2015-06-26,TQQQ,QQQ,orange,orange,42,0,0.0989574928,0.0379203963,0.0524757512,0.023759236,0.0022267241,True,0,14.7871,not_30pct_above_52w_low
2015-06-30,2015-06-29,TQQQ,QQQ,orange,orange,43,0,0.0770491425,0.0019245041,0.0203859126,0.0188543611,-0.0216028605,True,0,28.5188,signal_trend_template_failed|not_30pct_above_52w_low|close_below_50ma
2015-07-01,2015-06-30,TQQQ,QQQ,orange,orange,44,0,0.0895981759,0.0162526455,0.0242154139,0.0250755439,-0.0180670214,True,0,18.6286,signal_trend_template_failed|not_30pct_above_52w_low|close_below_50ma
2015-07-02,2015-07-01,TQQQ,QQQ,orange,orange,45,0,0.1018044269,0.0296834814,0.0392731931,0.0265167137,-0.0102914821,True,0,15.2286,signal_trend_template_failed|not_30pct_above_52w_low|close_below_50ma
2015-07-06,2015-07-02,TQQQ,QQQ,orange,orange,46,0,0.1051482124,0.0292833591,0.0503352573,0.029753613,-0.0099345689,True,0,11.3896,signal_trend_template_failed|not_30pct_above_52w_low|close_below_50ma
2015-07-07,2015-07-06,TQQQ,QQQ,orange,orange,47,0,0.1023914737,0.01856683,0.0510584728,0.030209432,-0.012026381,True,0,14.1066,signal_trend_template_failed|not_30pct_above_52w_low|close_below_50ma
2015-07-08,2015-07-07,TQQQ,QQQ,orange,orange,48,0,0.1078236525,0.0228576683,0.0693799114,0.0262879658,-0.0091282914,True,0,26.9275,signal_trend_template_failed|not_30pct_above_52w_low|close_below_50ma
2015-07-09,2015-07-08,TQQQ,QQQ,orange,orange,49,0,0.0920268708,-0.0028693004,0.0650401369,0.0238115271,-0.0256812011,True,0,18.8911,signal_trend_template_failed|not_30pct_above_52w_low|close_below_50ma|three_month_momentum_not_positive
2015-07-10,2015-07-09,TQQQ,QQQ,orange,orange,50,0,0.0825101661,-0.0096552971,0.0508905788,0.0189285742,-0.025559445,False,0,12.7619,signal_trend_template_failed|not_30pct_above_52w_low|close_below_50ma|three_month_momentum_not_positive
2015-07-13,2015-07-10,TQQQ,QQQ,orange,orange,51,0,0.0843566095,0.0013694989,0.0469092144,0.020422651,-0.0104081944,False,0,13.1416,signal_trend_template_failed|not_30pct_above_52w_low|close_below_50ma
2015-07-14,2015-07-13,TQQQ,QQQ,orange,orange,52,0,0.1011786317,0.0215106944,0.0723490768,0.0256589248,0.0065672356,False,0,11.7513,not_30pct_above_52w_low
2015-07-15,2015-07-14,TQQQ,QQQ,orange,orange,53,0,0.1079022863,0.0311996986,0.0907709684,0.0306731095,0.0129117628,False,0,11.6831,not_30pct_above_52w_low
2015-07-16,2015-07-15,TQQQ,QQQ,orange,orange,54,0,0.1049803344,0.0259073982,0.09228055,0.0302693248,0.0137528172,False,0,13.6844,not_30pct_above_52w_low
2015-07-17,2015-07-16,TQQQ,QQQ,orange,orange,55,0,0.1175733749,0.0418558555,0.1138620711,0.0370537948,0.0271864806,False,0,16.6703,not_30pct_above_52w_low
2015-07-20,2015-07-17,TQQQ,QQQ,orange,orange,56,0,0.1395911325,0.0739672474,0.1451391418,0.0551507825,0.0409661469,True,0,17.888,not_30pct_above_52w_low
2015-07-21,2015-07-20,TQQQ,QQQ,orange,orange,57,0,0.1343698719,0.0617298345,0.135735836,0.0558093282,0.0432253528,True,0,12.1014,not_30pct_above_52w_low
2015-07-22,2015-07-21,TQQQ,QQQ,orange,orange,58,0,0.1301742913,0.0565613549,0.1261035517,0.055297628,0.0415421006,True,0,11.0007,not_30pct_above_52w_low
2015-07-23,2015-07-22,TQQQ,QQQ,orange,orange,59,0,0.1139637715,0.0389233881,0.1076819983,0.0436297275,0.0288817417,True,0,13.1935,not_30pct_above_52w_low
2015-07-24,2015-07-23,TQQQ,QQQ,orange,orange,60,0,0.1055304086,0.0311578934,0.0835016558,0.042776303,0.0241709851,True,0,11.6398,not_30pct_above_52w_low
2015-07-27,2015-07-24,TQQQ,QQQ,orange,orange,61,0,0.0922992776,0.0073776645,0.0705124059,0.0348627769,0.0135106924,True,0,12.4415,not_30pct_above_52w_low
2015-07-28,2015-07-27,TQQQ,QQQ,orange,orange,62,0,0.0882317504,0.0015725742,0.0628711478,0.0336714599,0.0049620302,True,0,13.7329,not_30pct_above_52w_low
2015-07-29,2015-07-28,TQQQ,QQQ,orange,orange,63,0,0.1007867973,0.0122281029,0.1005691305,0.0374512258,0.0132939326,True,0,18.1815,not_30pct_above_52w_low
2015-07-30,2015-07-29,TQQQ,QQQ,orange,orange,64,0,0.1052781022,0.0224650935,0.1104208036,0.0335803669,0.0168003259,True,0,14.3842,not_30pct_above_52w_low
2015-07-31,2015-07-30,TQQQ,QQQ,orange,orange,65,0,0.1137715853,0.0437401685,0.1050756723,0.0411260831,0.0211859744,True,0,16.4183,not_30pct_above_52w_low
2015-08-03,2015-07-31,TQQQ,QQQ,orange,orange,66,0,0.1086825148,0.028954237,0.1124189113,0.038183559,0.0195941398,True,0,13.0229,not_30pct_above_52w_low
2015-08-04,2015-08-03,TQQQ,QQQ,orange,orange,67,0,0.1043785823,0.0240473643,0.0993720035,0.0393076949,0.0161709556,True,0,17.4823,not_30pct_above_52w_low
2015-08-05,2015-08-04,TQQQ,QQQ,orange,orange,68,0,0.1075452018,0.0390528638,0.0868589013,0.0426469203,0.0140421809,True,0,16.619,not_30pct_above_52w_low
2015-08-06,2015-08-05,TQQQ,QQQ,orange,orange,69,0,0.116178376,0.0543355611,0.096208016,0.0475063621,0.0212572966,True,0,15.331,not_30pct_above_52w_low
2015-08-07,2015-08-06,TQQQ,QQQ,orange,orange,70,0,0.0998159028,0.0312438658,0.069377614,0.0386813559,0.0049274118,True,0,20.0805,not_30pct_above_52w_low
2015-08-10,2015-08-07,TQQQ,QQQ,orange,orange,71,0,0.0953800661,0.0172389686,0.0745466267,0.0401361479,0.0036803673,True,0,18.2755,not_30pct_above_52w_low
2015-08-11,2015-08-10,TQQQ,QQQ,orange,orange,72,0,0.1046037529,0.0328499532,0.0903097243,0.039315393,0.0148176622,True,0,15.7822,not_30pct_above_52w_low
2015-08-12,2015-08-11,TQQQ,QQQ,orange,orange,73,0,0.0924738095,0.0242467124,0.059838762,0.033470105,0.001815353,True,0,19.6601,not_30pct_above_52w_low
2015-08-13,2015-08-12,TQQQ,QQQ,orange,orange,74,0,0.0930649657,0.0256870295,0.059639067,0.0346145932,0.0051432333,True,0,25.6772,not_30pct_above_52w_low
2015-08-14,2015-08-13,TQQQ,QQQ,orange,orange,75,0,0.0816623988,0.0092513367,0.0457370757,0.0301102671,0.0034709377,True,0,16.0264,not_30pct_above_52w_low
2015-08-17,2015-08-14,TQQQ,QQQ,orange,orange,76,0,0.0792774939,0.0108062957,0.0384335595,0.0266866349,0.0047974244,True,0,16.7226,not_30pct_above_52w_low
2015-08-18,2015-08-17,TQQQ,QQQ,orange,orange,77,0,0.0819259264,0.0147763123,0.0461000815,0.0283040253,0.0127240113,True,0,14.7125,not_30pct_above_52w_low
2015-08-19,2015-08-18,TQQQ,QQQ,orange,orange,78,0,0.0771399779,0.0106873247,0.0392916896,0.0244921511,0.0070092914,True,0,12.5886,not_30pct_above_52w_low
2015-08-20,2015-08-19,TQQQ,QQQ,orange,orange,79,0,0.0737467359,0.0033931818,0.0273669223,0.0242221414,-5.18054e-05,True,0,26.6896,signal_trend_template_failed|not_30pct_above_52w_low|close_below_50ma
2015-08-21,2015-08-20,TQQQ,QQQ,orange,orange,80,0,0.0472866112,-0.0294238536,-0.0077195718,0.0158728358,-0.0273635272,True,0,31.1997,signal_trend_template_failed|not_30pct_above_52w_low|close_below_50ma|three_month_momentum_not_positive|six_month_momentum_not_positive
2015-08-24,2015-08-21,TQQQ,QQQ,red,red,1,0,0.0118495928,-0.0709194621,-0.052049759,0.0013634653,-0.068689302,True,0,34.6273,close_below_200ma|signal_trend_template_failed|not_30pct_above_52w_low
2015-08-25,2015-08-24,TQQQ,QQQ,red,red,2,0,-0.0085834112,-0.0962778074,-0.089194925,0.005524614,-0.1028845359,False,0,31.5224,close_below_200ma|signal_trend_template_failed|not_30pct_above_52w_low
2015-08-26,2015-08-25,TQQQ,QQQ,red,red,3,0,-0.0137571165,-0.1139542833,-0.0903563723,0.0105678727,-0.104645016,False,0,22.9437,close_below_200ma|signal_trend_template_failed|not_30pct_above_52w_low
2015-08-27,2015-08-26,TQQQ,QQQ,red,red,4,0,0.0223495346,-0.0672302079,-0.0493710216,0.020680102,-0.0586046243,False,0,25.8339,close_below_200ma|signal_trend_template_failed|not_30pct_above_52w_low
2015-08-28,2015-08-27,TQQQ,QQQ,red,red,5,0,0.0418559277,-0.0378647862,-0.0209730978,0.0212273727,-0.0341900758,False,0,47.4881,close_below_200ma|signal_trend_template_failed|not_30pct_above_52w_low
2015-08-31,2015-08-28,TQQQ,QQQ,red,red,6,0,0.0404421696,-0.0412704623,-0.0299287441,0.0195616927,-0.0335222071,False,0,20.9047,close_below_200ma|signal_trend_template_failed|not_30pct_above_52w_low
2015-09-01,2015-08-31,TQQQ,QQQ,red,red,7,0,0.0321935316,-0.0501507309,-0.0374727063,0.0164376245,-0.0445333916,False,0,19.4493,close_below_200ma|signal_trend_template_failed|not_30pct_above_52w_low
2015-09-02,2015-09-01,TQQQ,QQQ,red,red,8,0,0.0112863316,-0.0825869293,-0.0639430762,0.0133671587,-0.0727553951,False,0,26.8315,close_below_200ma|signal_trend_template_failed|not_30pct_above_52w_low
2015-09-03,2015-09-02,TQQQ,QQQ,red,red,9,0,0.0366722473,-0.0494800642,-0.0392261988,0.0225070469,-0.0453964389,False,0,16.6653,close_below_200ma|signal_trend_template_failed|not_30pct_above_52w_low
2015-09-04,2015-09-03,TQQQ,QQQ,red,red,10,0,0.0373309515,-0.0518959615,-0.0329940285,0.0183990578,-0.0488886797,False,0,20.2947,close_below_200ma|signal_trend_template_failed|not_30pct_above_52w_low
2015-09-08,2015-09-04,TQQQ,QQQ,red,red,11,0,0.0312844187,-0.0535634672,-0.047247442,0.0236732291,-0.0588458191,False,0,24.5737,close_below_200ma|signal_trend_template_failed|not_30pct_above_52w_low
2015-09-09,2015-09-08,TQQQ,QQQ,red,red,12,0,0.0530463637,-0.0252608542,-0.001856856,0.0286829961,-0.0315592334,False,0,21.4837,close_below_200ma|signal_trend_template_failed|not_30pct_above_52w_low
2015-09-10,2015-09-09,TQQQ,QQQ,red,red,13,0,0.0419030045,-0.0492384934,-0.0073418917,0.0304392307,-0.0419384745,False,0,25.8827,close_below_200ma|signal_trend_template_failed|not_30pct_above_52w_low
2015-09-11,2015-09-10,TQQQ,QQQ,red,red,14,0,0.0500053997,-0.040296583,-0.003086193,0.0387463224,-0.031143117,False,0,23.47,close_below_200ma|signal_trend_template_failed|not_30pct_above_52w_low
2015-09-14,2015-09-11,TQQQ,QQQ,red,red,15,0,0.0587314038,-0.027008361,0.0067986319,0.0407897379,-0.0253679205,False,0,18.3067,close_below_200ma|signal_trend_template_failed|not_30pct_above_52w_low
2015-09-15,2015-09-14,TQQQ,QQQ,red,red,16,0,0.0557675397,-0.0251169977,-0.0090469131,0.0415216779,-0.02783765,False,0,16.8947,close_below_200ma|signal_trend_template_failed|not_30pct_above_52w_low
2015-09-16,2015-09-15,TQQQ,QQQ,red,red,17,0,0.05983779,-0.0189807138,0.0010328343,0.0390798187,-0.0161642817,False,0,15.1082,close_below_200ma|signal_trend_template_failed|not_30pct_above_52w_low
2015-09-17,2015-09-16,TQQQ,QQQ,orange,orange,1,0,0.0599280401,-0.0161659976,-0.0031211506,0.0366419243,-0.0104600952,False,0,14.1291,signal_trend_template_failed|not_30pct_above_52w_low|close_below_50ma|three_month_momentum_not_positive|six_month_momentum_not_positive
2015-09-18,2015-09-17,TQQQ,QQQ,orange,orange,2,0,0.0555215187,-0.0299355559,-0.0042247135,0.0355798482,-0.010280354,False,0,24.4547,signal_trend_template_failed|not_30pct_above_52w_low|close_below_50ma|three_month_momentum_not_positive|six_month_momentum_not_positive
2015-09-21,2015-09-18,TQQQ,QQQ,red,red,1,0,0.0483889179,-0.0389815688,-0.0247012601,0.0381866269,-0.0242809242,False,0,26.3171,close_below_200ma|signal_trend_template_failed|not_30pct_above_52w_low
2015-09-22,2015-09-21,TQQQ,QQQ,red,red,2,0,0.0480589287,-0.0430247858,-0.0197491816,0.0357865598,-0.0209143891,False,0,19.5214,close_below_200ma|signal_trend_template_failed|not_30pct_above_52w_low
2015-09-23,2015-09-22,TQQQ,QQQ,red,red,3,0,0.0391796407,-0.0580984209,-0.0309155787,0.0323091404,-0.0346270908,False,0,26.437,close_below_200ma|signal_trend_template_failed|not_30pct_above_52w_low
2015-09-24,2015-09-23,TQQQ,QQQ,red,red,4,0,0.04986577,-0.052499601,-0.0074562306,0.0372256747,-0.0328424435,False,0,20.8778,50ma_below_150ma|signal_trend_template_failed|not_30pct_above_52w_low
2015-09-25,2015-09-24,TQQQ,QQQ,red,red,5,0,0.0466834373,-0.0540681268,-0.0076894421,0.0366894349,-0.035239756,False,0,27.0988,50ma_below_150ma|signal_trend_template_failed|not_30pct_above_52w_low
2015-09-28,2015-09-25,TQQQ,QQQ,red,red,6,0,0.0374731615,-0.0558214871,-0.0200178637,0.030703302,-0.0418606426,False,0,25.54,50ma_below_150ma|signal_trend_template_failed|not_30pct_above_52w_low
2015-09-29,2015-09-28,TQQQ,QQQ,red,red,7,0,0.0236674664,-0.0605186103,-0.0587105745,0.0280130922,-0.0668225005,False,0,29.6072,50ma_below_150ma|signal_trend_template_failed|not_30pct_above_52w_low
2015-09-30,2015-09-29,TQQQ,QQQ,red,red,8,0,0.0208501713,-0.0687215011,-0.0535857618,0.0230188464,-0.0692027145,False,0,29.6296,50ma_below_150ma|signal_trend_template_failed|not_30pct_above_52w_low
2015-10-01,2015-09-30,TQQQ,QQQ,red,red,9,0,0.0361889988,-0.0547852627,-0.0267279986,0.0275900304,-0.0456532006,False,0,28.8357,50ma_below_150ma|signal_trend_template_failed|not_30pct_above_52w_low
2015-10-02,2015-10-01,TQQQ,QQQ,red,red,10,0,0.0405519462,-0.0507764413,-0.0229799869,0.0297230178,-0.039514892,False,0,19.2027,50ma_below_150ma|signal_trend_template_failed|not_30pct_above_52w_low
2015-10-05,2015-10-02,TQQQ,QQQ,red,red,11,0,0.0545533507,-0.0319121122,-0.013937789,0.032839942,-0.0212390512,False,0,29.2409,50ma_below_150ma|signal_trend_template_failed|not_30pct_above_52w_low
2015-10-06,2015-10-05,TQQQ,QQQ,red,red,12,0,0.0618363401,-0.020499295,0.0018898072,0.0316650952,-0.0062206259,False,0,20.0503,50ma_below_150ma|signal_trend_template_failed|not_30pct_above_52w_low
2015-10-07,2015-10-06,TQQQ,QQQ,red,red,13,0,0.060513264,-0.0078664862,-0.0107132153,0.0281142316,-0.0100146236,False,0,21.8496,50ma_below_150ma|signal_trend_template_failed|not_30pct_above_52w_low
2015-10-08,2015-10-07,TQQQ,QQQ,red,red,14,0,0.0623596819,-0.0013490671,-0.0109913386,0.0266737675,-0.0030913977,False,0,24.4183,50ma_below_150ma|signal_trend_template_failed|not_30pct_above_52w_low
2015-10-09,2015-10-08,TQQQ,QQQ,red,red,15,0,0.0537310332,-0.0124659169,-0.01111349,0.019950451,0.0018614258,False,0,28.5022,50ma_below_150ma|signal_trend_template_failed|not_30pct_above_52w_low
2015-10-12,2015-10-09,TQQQ,QQQ,red,red,16,0,0.0497699978,-0.0251126816,-0.0041421785,0.0185224538,0.0074005466,False,0,17.3193,50ma_below_150ma|signal_trend_template_failed|not_30pct_above_52w_low
2015-10-13,2015-10-12,TQQQ,QQQ,red,red,17,0,0.0503785875,-0.0291152766,0.0011760341,0.021047216,0.0107936174,False,0,15.2041,50ma_below_150ma|signal_trend_template_failed|not_30pct_above_52w_low
2015-10-14,2015-10-13,TQQQ,QQQ,red,red,18,0,0.0493287028,-0.0364366165,-0.0114731962,0.0223314287,0.0052577811,False,0,20.8115,50ma_below_150ma|signal_trend_template_failed|not_30pct_above_52w_low
2015-10-15,2015-10-14,TQQQ,QQQ,red,red,19,0,0.0443022157,-0.0513872362,-0.0116822374,0.0212867928,0.0046350477,False,0,17.8392,50ma_below_150ma|signal_trend_template_failed|not_30pct_above_52w_low
2015-10-16,2015-10-15,TQQQ,QQQ,red,red,20,0,0.0486042464,-0.0498112135,0.0204716355,0.0172861249,0.0219721638,False,0,21.8991,50ma_below_150ma|signal_trend_template_failed|not_30pct_above_52w_low
2015-10-19,2015-10-16,TQQQ,QQQ,red,red,21,0,0.046096526,-0.0491046851,0.0095939253,0.012824918,0.0266453305,False,0,13.7058,50ma_below_150ma|signal_trend_template_failed|not_30pct_above_52w_low
2015-10-20,2015-10-19,TQQQ,QQQ,red,red,22,0,0.0480693454,-0.0430643651,0.011061211,0.0154417847,0.0327879705,False,0,17.21,50ma_below_150ma|signal_trend_template_failed|not_30pct_above_52w_low
2015-10-21,2015-10-20,TQQQ,QQQ,red,red,23,0,0.0469125512,-0.0370878688,0.0003919337,0.0168225913,0.0280783065,False,0,15.0246,50ma_below_150ma|signal_trend_template_failed|not_30pct_above_52w_low
2015-10-22,2015-10-21,TQQQ,QQQ,red,red,24,0,0.0434757006,-0.0393799048,-0.0094490063,0.0149216136,0.0222630626,False,0,17.9626,50ma_below_150ma|signal_trend_template_failed|not_30pct_above_52w_low
2015-10-23,2015-10-22,TQQQ,QQQ,red,red,25,0,0.0537624109,-0.0101087837,-0.0028056984,0.0151340751,0.0431924498,False,0,28.0028,50ma_below_150ma|signal_trend_template_failed|not_30pct_above_52w_low
2015-10-26,2015-10-23,TQQQ,QQQ,red,red,26,0,0.0802760659,0.0260878315,0.0277014308,0.0340674632,0.0718319548,False,0,23.828,50ma_below_150ma|signal_trend_template_failed
2015-10-27,2015-10-26,TQQQ,QQQ,red,red,27,0,0.0807292813,0.0179479441,0.0303955163,0.0402547009,0.0719658902,False,0,14.0412,50ma_below_150ma|signal_trend_template_failed
2015-10-28,2015-10-27,TQQQ,QQQ,red,red,28,0,0.0813441493,0.0161819875,0.0390106108,0.0452666498,0.0737586829,False,0,12.3141,50ma_below_150ma|signal_trend_template_failed
2015-10-29,2015-10-28,TQQQ,QQQ,red,red,29,0,0.0861292513,0.019784245,0.0643897796,0.0416002907,0.0819801489,False,0,25.2034,50ma_below_150ma|signal_trend_template_failed
2015-10-30,2015-10-29,TQQQ,QQQ,red,red,30,0,0.0801466192,0.0193566697,0.0488713643,0.0388936403,0.0794571926,True,0,11.9959,50ma_below_150ma|signal_trend_template_failed
2015-11-02,2015-10-30,TQQQ,QQQ,red,red,31,0,0.0768898956,0.0179725862,0.0424521439,0.037787775,0.0732964761,True,0,14.2314,50ma_below_150ma|signal_trend_template_failed
2015-11-03,2015-11-02,TQQQ,QQQ,red,red,32,0,0.0884528888,0.0314105653,0.0716901016,0.0395249998,0.0828632386,True,0,13.556,50ma_below_150ma|signal_trend_template_failed
2015-11-04,2015-11-03,TQQQ,QQQ,red,red,33,0,0.0892455798,0.0270805854,0.0828875853,0.0386486309,0.0832058215,True,0,15.2966,50ma_below_150ma|signal_trend_template_failed
2015-11-05,2015-11-04,TQQQ,QQQ,red,red,34,0,0.0954891661,0.0439100531,0.0765258387,0.0441091542,0.0798083569,True,0,18.0519,50ma_below_150ma|signal_trend_template_failed
2015-11-06,2015-11-05,TQQQ,QQQ,red,red,35,0,0.090138684,0.0424172338,0.0603874318,0.0417283701,0.0744907055,True,0,17.4537,50ma_below_150ma|signal_trend_template_failed
2015-11-09,2015-11-06,TQQQ,QQQ,red,red,36,0,0.0878469303,0.0313635931,0.0652438389,0.042965916,0.0733488411,True,0,16.7722,50ma_below_150ma|signal_trend_template_failed
2015-11-10,2015-11-09,TQQQ,QQQ,red,red,37,0,0.0879899859,0.0336510389,0.0587136784,0.0442579563,0.0603142812,True,0,18.0275,50ma_below_150ma|signal_trend_template_failed
2015-11-11,2015-11-10,TQQQ,QQQ,red,red,38,0,0.083240677,0.0274664848,0.0538590467,0.0378748252,0.0557882164,True,0,11.6784,50ma_below_150ma|signal_trend_template_failed
2015-11-12,2015-11-11,TQQQ,QQQ,red,red,39,0,0.0795937496,0.027870786,0.0373799648,0.0379877694,0.052064449,True,0,11.8748,50ma_below_150ma|signal_trend_template_failed
2015-11-13,2015-11-12,TQQQ,QQQ,red,red,40,0,0.0763237265,0.0163115309,0.0272940938,0.0434103398,0.0402123102,True,0,15.7726,50ma_below_150ma|signal_trend_template_failed
2015-11-16,2015-11-13,TQQQ,QQQ,red,red,41,0,0.0563747584,-0.0118708335,0.0027300716,0.031869483,0.0185195938,True,0,21.2778,50ma_below_150ma|signal_trend_template_failed|not_30pct_above_52w_low
2015-11-17,2015-11-16,TQQQ,QQQ,red,red,42,0,0.0676209964,0.0074968412,0.0182642871,0.0330722076,0.0313520257,True,0,20.8023,50ma_below_150ma|signal_trend_template_failed
2015-11-18,2015-11-17,TQQQ,QQQ,red,red,43,0,0.0710426292,0.0148118588,0.0182552999,0.0334113039,0.0307202917,True,0,24.9094,50ma_below_150ma|signal_trend_template_failed
2015-11-19,2015-11-18,TQQQ,QQQ,red,red,44,0,0.0934584734,0.0637509735,0.0324513206,0.0404356598,0.0485617104,True,0,23.3472,50ma_below_150ma|signal_trend_template_failed
2015-11-20,2015-11-19,TQQQ,QQQ,green,green,1,0,0.1162575352,0.1131508204,0.034206763,0.0495706369,0.0475646217,True,1,12.3844,
2015-11-23,2015-11-20,TQQQ,QQQ,green,green,2,0,0.139516861,0.1655345037,0.0533193973,0.0528004156,0.0528801883,True,2,12.392,
2015-11-24,2015-11-23,TQQQ,QQQ,green,green,3,0,0.1360906039,0.1665582222,0.0336239161,0.0449063187,0.0480799857,True,3,13.6034,
2015-11-25,2015-11-24,TQQQ,QQQ,green,green,4,0,0.1146345145,0.1096523895,0.0350502286,0.0364753353,0.0456607142,True,4,15.9177,
2015-11-27,2015-11-25,TQQQ,QQQ,green,green,5,0,0.1066407431,0.0831851814,0.0421706061,0.0380924494,0.0451745134,True,5,6.7401,
2015-11-30,2015-11-27,TQQQ,QQQ,green,green,6,0,0.0904581662,0.0849094611,0.0401347461,0.0377849677,0.0452156626,True,6,3.2877,
2015-12-01,2015-11-30,TQQQ,QQQ,green,green,7,0,0.1114738624,0.0957472036,0.0407946805,0.042495343,0.0409135363,True,7,11.2002,
2015-12-02,2015-12-01,TQQQ,QQQ,green,green,8,0,0.1297159851,0.1424064741,0.0480586314,0.0436676615,0.0495043085,True,8,14.4719,
2015-12-03,2015-12-02,TQQQ,QQQ,green,green,9,0,0.1151072147,0.1042196322,0.0495827739,0.0424591525,0.0410695809,True,9,14.8217,
2015-12-04,2015-12-03,TQQQ,QQQ,green,green,10,0,0.1067365979,0.0908573332,0.034246243,0.0407436086,0.0218743568,True,10,26.0264,
2015-12-07,2015-12-04,TQQQ,QQQ,green,green,11,0,0.1287261659,0.1297972097,0.0692813539,0.0458838926,0.0436115609,True,11,21.3355,
2015-12-08,2015-12-07,TQQQ,QQQ,green,green,12,0,0.1161000081,0.0938583077,0.0662265125,0.0457214098,0.0366997352,True,12,16.8377,
2015-12-09,2015-12-08,TQQQ,QQQ,green,green,13,0,0.1201744755,0.1063828907,0.051906264,0.0507214668,0.0340520515,True,13,19.7762,
2015-12-10,2015-12-09,TQQQ,QQQ,green,early_thaw,14,0,0.1072954229,0.077861495,0.0344273599,0.0417856145,0.0158959098,True,14,33.597,
2015-12-11,2015-12-10,TQQQ,QQQ,green,early_thaw,15,0,0.1112867173,0.0767820801,0.047699961,0.0439339574,0.0183518673,True,15,19.1606,
2015-12-14,2015-12-11,TQQQ,QQQ,orange,orange,1,0,0.0966006685,0.0551976748,0.0286942773,0.0387630896,-0.0066153446,True,0,32.3003,signal_trend_template_failed|close_below_50ma
2015-12-15,2015-12-14,TQQQ,QQQ,orange,orange,2,0,0.095999684,0.0508179813,0.030872706,0.0417394867,-0.0004494332,True,0,26.0217,signal_trend_template_failed|close_below_50ma
2015-12-16,2015-12-15,TQQQ,QQQ,green,early_thaw,1,0,0.0978170972,0.0512955316,0.0343002906,0.039203934,0.0044142725,True,1,21.8182,
2015-12-17,2015-12-16,TQQQ,QQQ,green,early_thaw,2,0,0.1036827816,0.066529158,0.0346020147,0.0376215938,0.017714885,True,2,23.3713,
2015-12-18,2015-12-17,TQQQ,QQQ,green,early_thaw,3,0,0.1015182119,0.0661605777,0.0245999658,0.0375788541,0.0016963201,True,3,21.6003,
2015-12-21,2015-12-18,TQQQ,QQQ,orange,orange,1,0,0.0829403458,0.0424433641,-0.0024075383,0.0353490277,-0.0182392956,True,0,22.0771,signal_trend_template_failed|close_below_50ma|six_month_momentum_not_positive
2015-12-22,2015-12-21,TQQQ,QQQ,orange,orange,2,0,0.0981066003,0.0700208353,0.0078543144,0.0395873517,-0.0081926763,True,0,14.2039,signal_trend_template_failed|close_below_50ma
2015-12-23,2015-12-22,TQQQ,QQQ,orange,orange,3,0,0.1007915029,0.0762271667,0.0197256699,0.0345028403,-0.0026201613,True,0,15.1493,signal_trend_template_failed|close_below_50ma
2015-12-24,2015-12-23,TQQQ,QQQ,green,green,1,0,0.104710013,0.0881882249,0.0293519259,0.0290086526,0.0035621999,True,1,12.7042,
2015-12-28,2015-12-24,TQQQ,QQQ,green,green,2,0,0.1117778604,0.0972973168,0.0360445488,0.0372692138,0.0021365005,True,2,5.5929,
2015-12-29,2015-12-28,TQQQ,QQQ,green,green,3,0,0.1301764978,0.128849504,0.0605331008,0.0421333206,0.000678413,True,3,11.8416,
2015-12-30,2015-12-29,TQQQ,QQQ,green,green,4,0,0.1451922092,0.1525997341,0.0733913502,0.0519332644,0.0152430779,True,4,17.5231,
2015-12-31,2015-12-30,TQQQ,QQQ,green,green,5,0,0.1259565814,0.1165088099,0.0553405814,0.0461244675,0.0052261413,True,5,10.5283,
2016-01-04,2015-12-31,TQQQ,QQQ,orange,orange,1,0,0.1141630202,0.0976485644,0.0419138765,0.0417934168,-0.007993095,True,0,19.9046,signal_trend_template_failed|close_below_50ma
2016-01-05,2016-01-04,TQQQ,QQQ,orange,orange,2,0,0.0915510016,0.0559984078,0.0222992681,0.0329450179,-0.0293195942,True,0,28.246,signal_trend_template_failed|not_30pct_above_52w_low|close_below_50ma
2016-01-06,2016-01-05,TQQQ,QQQ,orange,orange,3,0,0.0816562651,0.0392779199,0.0179734552,0.0308551964,-0.0309923128,True,0,13.9326,signal_trend_template_failed|not_30pct_above_52w_low|close_below_50ma
2016-01-07,2016-01-06,TQQQ,QQQ,red,red,1,0,0.0805568405,0.0341968447,0.0260613495,0.0336025806,-0.0395890337,True,0,24.9801,close_below_200ma|signal_trend_template_failed|not_30pct_above_52w_low
2016-01-08,2016-01-07,TQQQ,QQQ,red,red,2,0,0.0529671345,-0.004162445,-0.0055058967,0.0268455366,-0.0684005015,True,0,31.5569,close_below_200ma|signal_trend_template_failed|not_30pct_above_52w_low
2016-01-11,2016-01-08,TQQQ,QQQ,red,red,3,0,0.0435632209,-0.016240727,-0.0285041883,0.0304959751,-0.0746057221,True,0,30.0396,close_below_200ma|signal_trend_template_failed|not_30pct_above_52w_low
2016-01-12,2016-01-11,TQQQ,QQQ,red,red,4,0,0.0373691758,-0.0176600823,-0.0423292719,0.0264935729,-0.0702127342,False,0,30.7006,close_below_200ma|signal_trend_template_failed|not_30pct_above_52w_low
2016-01-13,2016-01-12,TQQQ,QQQ,red,red,5,0,0.0440662658,-0.0086866379,-0.0375490006,0.0283966365,-0.0580942137,False,0,29.975,close_below_200ma|signal_trend_template_failed|not_30pct_above_52w_low
2016-01-14,2016-01-13,TQQQ,QQQ,red,red,6,0,0.0194219486,-0.036651899,-0.0717530444,0.019035303,-0.0887769075,False,0,34.9435,close_below_200ma|signal_trend_template_failed|not_30pct_above_52w_low
2016-01-15,2016-01-14,TQQQ,QQQ,red,red,7,0,0.0328828696,-0.0145580522,-0.0651971903,0.0211123018,-0.0676727449,False,0,32.7058,close_below_200ma|signal_trend_template_failed|not_30pct_above_52w_low
2016-01-19,2016-01-15,TQQQ,QQQ,red,red,8,0,0.001345612,-0.0605742795,-0.1073682147,0.008291556,-0.094366993,False,0,46.1507,close_below_200ma|signal_trend_template_failed|not_30pct_above_52w_low
2016-01-20,2016-01-19,TQQQ,QQQ,red,red,9,0,-0.0010917496,-0.0624431769,-0.1084816095,0.0079693944,-0.0901669716,False,0,21.275,close_below_200ma|signal_trend_template_failed|not_30pct_above_52w_low
2016-01-21,2016-01-20,TQQQ,QQQ,red,red,10,0,-0.003019326,-0.070648418,-0.1106703538,0.0137401963,-0.0907295116,False,0,45.1122,close_below_200ma|signal_trend_template_failed|not_30pct_above_52w_low
2016-01-22,2016-01-21,TQQQ,QQQ,red,red,11,0,0.0040394301,-0.0649100979,-0.0995905896,0.0149869777,-0.0875885846,False,0,27.5983,close_below_200ma|signal_trend_template_failed|not_30pct_above_52w_low
2016-01-25,2016-01-22,TQQQ,QQQ,red,red,12,0,0.0294393441,-0.031929301,-0.070051833,0.0231993993,-0.0595618912,False,0,25.4343,close_below_200ma|signal_trend_template_failed|not_30pct_above_52w_low
2016-01-26,2016-01-25,TQQQ,QQQ,red,red,13,0,0.0130807274,-0.0653336356,-0.0747819757,0.0208229618,-0.0717172542,False,0,23.4596,close_below_200ma|signal_trend_template_failed|not_30pct_above_52w_low
2016-01-27,2016-01-26,TQQQ,QQQ,red,red,14,0,0.006071849,-0.0825939872,-0.0586608538,0.0097060756,-0.0617198938,False,0,21.1645,close_below_200ma|signal_trend_template_failed|not_30pct_above_52w_low
2016-01-28,2016-01-27,TQQQ,QQQ,red,red,15,0,-0.0163333613,-0.1060063151,-0.0899609665,-0.0040317011,-0.0832429158,False,0,28.8818,200ma_not_rising|signal_trend_template_failed|signal_200ma_not_rising|not_30pct_above_52w_low
2016-01-29,2016-01-28,TQQQ,QQQ,red,red,16,0,-0.0055493823,-0.0952285445,-0.0805875441,0.0033642767,-0.069026171,False,0,26.4399,200ma_not_rising|signal_trend_template_failed|signal_200ma_not_rising|not_30pct_above_52w_low
2016-02-01,2016-01-29,TQQQ,QQQ,red,red,17,0,0.0028677094,-0.0839499686,-0.0658266104,0.0001046086,-0.0483779433,False,0,22.9993,200ma_not_rising|signal_trend_template_failed|signal_200ma_not_rising|not_30pct_above_52w_low
2016-02-02,2016-02-01,TQQQ,QQQ,red,red,18,0,0.004208834,-0.0800341975,-0.0622267234,0.0024348599,-0.0446418775,False,0,20.484,200ma_not_rising|signal_trend_template_failed|signal_200ma_not_rising|not_30pct_above_52w_low
2016-02-03,2016-02-02,TQQQ,QQQ,red,red,19,0,-0.0090496262,-0.0958974499,-0.0796483889,-0.0008159861,-0.0634130082,False,0,21.5901,200ma_not_rising|signal_trend_template_failed|signal_200ma_not_rising|not_30pct_above_52w_low
2016-02-04,2016-02-03,TQQQ,QQQ,red,red,20,0,-0.0192724228,-0.1102827851,-0.0823362644,-0.0105923567,-0.0659007275,False,0,39.0535,200ma_not_rising|signal_trend_template_failed|signal_200ma_not_rising|not_30pct_above_52w_low
2016-02-05,2016-02-04,TQQQ,QQQ,red,red,21,0,-0.022733057,-0.1134642027,-0.0894562944,-0.013396253,-0.0638453364,False,0,23.4938,200ma_not_rising|signal_trend_template_failed|signal_200ma_not_rising|not_30pct_above_52w_low
2016-02-08,2016-02-05,TQQQ,QQQ,red,red,22,0,-0.0464960472,-0.1443255282,-0.1067528167,-0.0268786974,-0.0937372953,False,0,31.8917,200ma_not_rising|signal_trend_template_failed|signal_200ma_not_rising|not_30pct_above_52w_low
2016-02-09,2016-02-08,TQQQ,QQQ,red,red,23,0,-0.0558668475,-0.1551293129,-0.1192922354,-0.0280033122,-0.104766941,False,0,36.4683,stage4_breakdown|signal_trend_template_failed|signal_200ma_not_rising|not_30pct_above_52w_low
2016-02-10,2016-02-09,TQQQ,QQQ,red,red,24,0,-0.0609957188,-0.1583395511,-0.1319420552,-0.0311131443,-0.1046457364,False,0,32.1624,stage4_breakdown|signal_trend_template_failed|signal_200ma_not_rising|not_30pct_above_52w_low
2016-02-11,2016-02-10,TQQQ,QQQ,red,red,25,0,-0.0497735313,-0.1460306528,-0.1172936971,-0.0256013613,-0.0983109945,False,0,26.5976,stage4_breakdown|signal_trend_template_failed|signal_200ma_not_rising|not_30pct_above_52w_low
2016-02-12,2016-02-11,TQQQ,QQQ,red,red,26,0,-0.0487466217,-0.1450840108,-0.1216024738,-0.0148584138,-0.0967320384,False,0,33.7097,stage4_breakdown|signal_trend_template_failed|signal_200ma_not_rising|not_30pct_above_52w_low
2016-02-16,2016-02-12,TQQQ,QQQ,red,red,27,0,-0.0406218036,-0.1309939213,-0.1067740388,-0.0207763383,-0.0800898424,False,0,23.3115,stage4_breakdown|signal_trend_template_failed|signal_200ma_not_rising|not_30pct_above_52w_low
2016-02-17,2016-02-16,TQQQ,QQQ,red,red,28,0,-0.0221305468,-0.1026767299,-0.0880400136,-0.017737767,-0.0568935905,False,0,23.5182,stage4_breakdown|signal_trend_template_failed|signal_200ma_not_rising|not_30pct_above_52w_low
2016-02-18,2016-02-17,TQQQ,QQQ,red,red,29,0,-0.000513513,-0.0639745373,-0.0750859398,-0.0095066402,-0.0337762608,False,0,30.6803,stage4_breakdown|signal_trend_template_failed|signal_200ma_not_rising|not_30pct_above_52w_low
2016-02-19,2016-02-18,TQQQ,QQQ,red,red,30,0,-0.0129754107,-0.0877809022,-0.0809421404,-0.0146967386,-0.0423754172,False,0,20.9283,stage4_breakdown|signal_trend_template_failed|signal_200ma_not_rising|not_30pct_above_52w_low
2016-02-22,2016-02-19,TQQQ,QQQ,red,red,31,0,-0.0096543888,-0.0856541898,-0.0721110288,-0.0126196748,-0.0372397609,False,0,19.5905,stage4_breakdown|signal_trend_template_failed|signal_200ma_not_rising|not_30pct_above_52w_low
2016-02-23,2016-02-22,TQQQ,QQQ,red,red,32,0,0.002038937,-0.0883093301,-0.0301881624,-0.0106250659,-0.019565638,False,0,21.3172,stage4_breakdown|signal_trend_template_failed|signal_200ma_not_rising|not_30pct_above_52w_low
2016-02-24,2016-02-23,TQQQ,QQQ,red,red,33,0,0.0005453017,-0.1039464956,-0.0025573065,-0.0104679722,-0.0336917062,False,0,21.8506,stage4_breakdown|signal_trend_template_failed|signal_200ma_not_rising|not_30pct_above_52w_low
2016-02-25,2016-02-24,TQQQ,QQQ,red,red,34,0,0.015566932,-0.1014745472,0.0472624177,-0.0073708135,-0.0225107742,False,0,29.4511,stage4_breakdown|signal_trend_template_failed|signal_200ma_not_rising|not_30pct_above_52w_low
2016-02-26,2016-02-25,TQQQ,QQQ,red,red,35,0,0.0228291934,-0.0900015057,0.0615662257,-0.0110834136,-0.0115845153,False,0,22.4111,stage4_breakdown|signal_trend_template_failed|signal_200ma_not_rising|not_30pct_above_52w_low
2016-02-29,2016-02-26,TQQQ,QQQ,red,red,36,0,0.0091061145,-0.0903473844,0.0093981985,-0.0129421796,-0.0113422251,False,0,21.4105,stage4_breakdown|signal_trend_template_failed|signal_200ma_not_rising|not_30pct_above_52w_low
2016-03-01,2016-02-29,TQQQ,QQQ,red,red,37,0,-0.002958194,-0.0993162017,-0.0243926566,-0.0141936038,-0.0184552039,False,0,19.2836,stage4_breakdown|signal_trend_template_failed|signal_200ma_not_rising|not_30pct_above_52w_low
2016-03-02,2016-03-01,TQQQ,QQQ,red,red,38,0,0.0192168042,-0.0717076877,0.0071131123,-0.0064167459,0.0145740712,False,0,28.5864,stage4_breakdown|signal_trend_template_failed|signal_200ma_not_rising|not_30pct_above_52w_low
2016-03-03,2016-03-02,TQQQ,QQQ,red,red,39,0,0.0222412261,-0.0689947019,0.0201464519,-0.0097365206,0.0161559921,False,0,17.8409,stage4_breakdown|signal_trend_template_failed|signal_200ma_not_rising|not_30pct_above_52w_low
2016-03-04,2016-03-03,TQQQ,QQQ,red,red,40,0,0.0221983532,-0.0799532864,0.051067322,-0.0150459573,0.0150540548,False,0,18.8956,stage4_breakdown|signal_trend_template_failed|signal_200ma_not_rising|not_30pct_above_52w_low
2016-03-07,2016-03-04,TQQQ,QQQ,red,red,41,0,0.0150433988,-0.0738948552,0.0226234824,-0.0229372607,0.0164895636,False,0,21.7913,stage4_breakdown|signal_trend_template_failed|signal_200ma_not_rising|not_30pct_above_52w_low
2016-03-08,2016-03-07,TQQQ,QQQ,red,red,42,0,0.0146299419,-0.0637212588,0.0213465308,-0.0276661122,0.0115523707,False,0,17.0053,stage4_breakdown|signal_trend_template_failed|signal_200ma_not_rising|not_30pct_above_52w_low
2016-03-09,2016-03-08,TQQQ,QQQ,red,red,43,0,0.0060313382,-0.0926861498,0.0250806564,-0.0271148424,0.0048105378,False,0,18.6075,stage4_breakdown|signal_trend_template_failed|signal_200ma_not_rising|not_30pct_above_52w_low
2016-03-10,2016-03-09,TQQQ,QQQ,red,red,44,0,0.0033767186,-0.0827068665,0.0033887147,-0.0278876534,0.0127928612,False,0,18.5869,stage4_breakdown|signal_trend_template_failed|signal_200ma_not_rising|not_30pct_above_52w_low
2016-03-11,2016-03-10,TQQQ,QQQ,red,red,45,0,0.0024136601,-0.0841869838,0.0132398522,-0.0341819423,0.0127874617,False,0,30.5248,stage4_breakdown|signal_trend_template_failed|signal_200ma_not_rising|not_30pct_above_52w_low
2016-03-14,2016-03-11,TQQQ,QQQ,red,red,46,0,0.0152747489,-0.0538117316,0.0198599016,-0.0321679051,0.0320555169,False,0,15.8603,stage4_breakdown|signal_trend_template_failed|signal_200ma_not_rising|not_30pct_above_52w_low
2016-03-15,2016-03-14,TQQQ,QQQ,red,red,47,0,0.0141320718,-0.056474603,0.0159712396,-0.0305566339,0.0351244592,False,0,14.7779,stage4_breakdown|signal_trend_template_failed|signal_200ma_not_rising|not_30pct_above_52w_low
2016-03-16,2016-03-15,TQQQ,QQQ,red,red,48,0,0.0243907075,-0.0346092487,0.018678076,-0.0269099185,0.0357875743,False,0,18.1469,stage4_breakdown|signal_trend_template_failed|signal_200ma_not_rising|not_30pct_above_52w_low
2016-03-17,2016-03-16,TQQQ,QQQ,red,red,49,0,0.028301062,-0.0333373204,0.0157865256,-0.0242247872,0.0454058117,False,0,17.0043,50ma_below_150ma|signal_trend_template_failed|signal_200ma_not_rising|not_30pct_above_52w_low
2016-03-18,2016-03-17,TQQQ,QQQ,red,red,50,0,0.0228141821,-0.0397258886,0.0095318824,-0.028189526,0.0451863176,False,0,12.2518,50ma_below_150ma|signal_trend_template_failed|signal_200ma_not_rising|not_30pct_above_52w_low
2016-03-21,2016-03-18,TQQQ,QQQ,red,red,51,0,0.0164484191,-0.0523127119,0.0107361254,-0.0312082298,0.0469406596,False,0,14.2583,50ma_below_150ma|signal_trend_template_failed|signal_200ma_not_rising|not_30pct_above_52w_low
2016-03-22,2016-03-21,TQQQ,QQQ,red,red,52,0,0.0268077253,-0.0345451054,0.0293299481,-0.030520507,0.0503740972,False,0,13.3004,50ma_below_150ma|signal_trend_template_failed|signal_200ma_not_rising|not_30pct_above_52w_low
2016-03-23,2016-03-22,TQQQ,QQQ,red,red,53,0,0.0364320144,-0.0126494737,0.0292570043,-0.0260556707,0.052683636,False,0,12.5513,50ma_below_150ma|signal_trend_template_failed|signal_200ma_not_rising|not_30pct_above_52w_low
2016-03-24,2016-03-23,TQQQ,QQQ,red,red,54,0,0.0306854623,-0.0315346986,0.0362780508,-0.0274569201,0.0433666542,False,0,14.8763,50ma_below_150ma|signal_trend_template_failed|signal_200ma_not_rising|not_30pct_above_52w_low
2016-03-28,2016-03-24,TQQQ,QQQ,red,red,55,0,0.0315406525,-0.0375898403,0.0357719593,-0.0259199591,0.0432461122,False,0,12.2304,50ma_below_150ma|signal_trend_template_failed|signal_200ma_not_rising|not_30pct_above_52w_low
2016-03-29,2016-03-28,TQQQ,QQQ,red,red,56,0,0.0297199041,-0.0460196847,0.0381101459,-0.0248585986,0.0406713288,True,0,12.4129,stage4_breakdown|signal_trend_template_failed|signal_200ma_not_rising|not_30pct_above_52w_low
2016-03-30,2016-03-29,TQQQ,QQQ,red,red,57,0,0.0410329057,-0.030528068,0.0637989497,-0.0170375449,0.0563423654,True,0,18.0738,50ma_below_150ma|signal_trend_template_failed|signal_200ma_not_rising|not_30pct_above_52w_low
2016-03-31,2016-03-30,TQQQ,QQQ,red,red,58,0,0.0479883857,-0.0252872828,0.1003039674,-0.0177964483,0.0596728675,True,0,21.4147,50ma_below_150ma|signal_trend_template_failed|signal_200ma_not_rising
2016-04-01,2016-03-31,TQQQ,QQQ,red,red,59,0,0.0425422904,-0.0417855212,0.1044377534,-0.0175283331,0.0563947222,True,0,12.0224,50ma_below_150ma|signal_trend_template_failed|signal_200ma_not_rising|not_30pct_above_52w_low
2016-04-04,2016-04-01,TQQQ,QQQ,red,red,60,0,0.0473264353,-0.0228006059,0.0910517326,-0.0146838962,0.0655738474,True,0,17.0871,50ma_below_150ma|signal_trend_template_failed|signal_200ma_not_rising
2016-04-05,2016-04-04,TQQQ,QQQ,red,red,61,0,0.0463604062,-0.0142484792,0.0820087417,-0.0159973931,0.0595977889,True,0,14.1437,50ma_below_150ma|signal_trend_template_failed|signal_200ma_not_rising
2016-04-06,2016-04-05,TQQQ,QQQ,red,red,62,0,0.0428476624,-0.00271204,0.0531344978,-0.0155738714,0.0482869821,True,0,14.7918,50ma_below_150ma|signal_trend_template_failed|signal_200ma_not_rising|not_30pct_above_52w_low
2016-04-07,2016-04-06,TQQQ,QQQ,red,red,63,0,0.0517796764,0.0154448309,0.0553293916,-0.007921158,0.0637298645,True,0,19.2207,50ma_below_150ma|signal_trend_template_failed|signal_200ma_not_rising
2016-04-08,2016-04-07,TQQQ,QQQ,red,red,64,0,0.047035806,0.0105632003,0.0451212731,-0.0121661109,0.0471923101,True,0,25.475,50ma_below_150ma|signal_trend_template_failed|signal_200ma_not_rising|not_30pct_above_52w_low
2016-04-11,2016-04-08,TQQQ,QQQ,red,red,65,0,0.0594848536,0.0424648625,0.0381256599,-0.0095183784,0.0446754616,True,0,16.7512,50ma_below_150ma|signal_trend_template_failed|signal_200ma_not_rising|not_30pct_above_52w_low
2016-04-12,2016-04-11,TQQQ,QQQ,red,red,66,0,0.059671145,0.047227625,0.030219887,-0.0112612291,0.0394668971,True,0,13.6625,50ma_below_150ma|signal_trend_template_failed|signal_200ma_not_rising|not_30pct_above_52w_low
2016-04-13,2016-04-12,TQQQ,QQQ,red,red,67,0,0.0625847521,0.0527636466,0.034171754,-0.0147693931,0.0470369317,True,0,18.6093,50ma_below_150ma|signal_trend_template_failed|signal_200ma_not_rising
2016-04-14,2016-04-13,TQQQ,QQQ,red,red,68,0,0.0667259747,0.0539983199,0.0448426182,-0.0138745185,0.0590433498,True,0,17.1902,50ma_below_150ma|signal_trend_template_failed
2016-04-15,2016-04-14,TQQQ,QQQ,red,red,69,0,0.0824941412,0.0917468147,0.0517322206,-0.0080141209,0.0573069525,True,0,11.7984,50ma_below_150ma|signal_trend_template_failed
2016-04-18,2016-04-15,TQQQ,QQQ,red,red,70,0,0.0716650406,0.0662841716,0.050761151,-0.0123228024,0.0527755339,True,0,8.7455,50ma_below_150ma|signal_trend_template_failed
2016-04-19,2016-04-18,TQQQ,QQQ,red,red,71,0,0.0835288579,0.1063067002,0.0392929689,-0.0102446313,0.0564030869,True,0,10.8367,50ma_below_150ma|signal_trend_template_failed
2016-04-20,2016-04-19,TQQQ,QQQ,red,red,72,0,0.0751366894,0.0971496667,0.0286401559,-0.0205406119,0.0474141032,True,0,16.6453,50ma_below_150ma|signal_trend_template_failed
2016-04-21,2016-04-20,TQQQ,QQQ,red,red,73,0,0.0738213062,0.1014215092,0.023607822,-0.0279749197,0.0454328719,True,0,11.3396,50ma_below_150ma|signal_trend_template_failed
2016-04-22,2016-04-21,TQQQ,QQQ,red,red,74,0,0.0786994796,0.1004285066,0.0289995845,-0.0182631361,0.0426476044,True,0,14.0481,50ma_below_150ma|signal_trend_template_failed
2016-04-25,2016-04-22,TQQQ,QQQ,red,red,75,0,0.0525078997,0.0533220704,0.0196902329,-0.03911751,0.0244829979,True,0,20.2299,50ma_below_150ma|signal_trend_template_failed|not_30pct_above_52w_low
2016-04-26,2016-04-25,TQQQ,QQQ,red,red,76,0,0.0570707655,0.0691893432,-0.0006646838,-0.0371647979,0.0220396219,True,0,9.7344,50ma_below_150ma|signal_trend_template_failed|not_30pct_above_52w_low
2016-04-27,2016-04-26,TQQQ,QQQ,red,red,77,0,0.0427140719,0.054500344,-0.0325950439,-0.045908531,0.0150286501,True,0,10.8254,50ma_below_150ma|signal_trend_template_failed|not_30pct_above_52w_low
2016-04-28,2016-04-27,TQQQ,QQQ,red,red,78,0,0.044839847,0.0727693014,-0.0409510193,-0.0495722777,0.0054468614,True,0,17.6878,50ma_below_150ma|signal_trend_template_failed|not_30pct_above_52w_low
2016-04-29,2016-04-28,TQQQ,QQQ,red,red,79,0,0.0305530634,0.0450514357,-0.0544672914,-0.0571872086,-0.0074607382,True,0,14.9878,50ma_below_150ma|signal_trend_template_failed|not_30pct_above_52w_low
2016-05-02,2016-04-29,TQQQ,QQQ,red,red,80,0,0.0185540621,0.0182812784,-0.067203403,-0.0536760494,-0.0135543195,True,0,17.546,50ma_below_150ma|signal_trend_template_failed|not_30pct_above_52w_low
2016-05-03,2016-05-02,TQQQ,QQQ,red,red,81,0,0.0245631185,0.0251560842,-0.0568914604,-0.0538545509,-0.0052245308,True,0,11.1132,50ma_below_150ma|signal_trend_template_failed|not_30pct_above_52w_low
2016-05-04,2016-05-03,TQQQ,QQQ,red,red,82,0,0.027270143,0.0381171447,-0.0614356422,-0.0521408624,-0.0149585105,True,0,13.3789,50ma_below_150ma|signal_trend_template_failed|not_30pct_above_52w_low
2016-05-05,2016-05-04,TQQQ,QQQ,red,red,83,0,0.0230097643,0.0364115241,-0.0778868252,-0.0470887703,-0.0219811483,True,0,13.9393,50ma_below_150ma|signal_trend_template_failed|not_30pct_above_52w_low
2016-05-06,2016-05-05,TQQQ,QQQ,red,red,84,0,0.0232478711,0.0362175794,-0.0813560221,-0.0459792722,-0.0227649714,True,0,12.9286,50ma_below_150ma|signal_trend_template_failed|not_30pct_above_52w_low
2016-05-09,2016-05-06,TQQQ,QQQ,red,red,85,0,0.0438907673,0.0792209019,-0.0765382248,-0.0374777205,-0.017979306,True,0,14.2882,50ma_below_150ma|signal_trend_template_failed|signal_200ma_not_rising|not_30pct_above_52w_low
2016-05-10,2016-05-09,TQQQ,QQQ,red,red,86,0,0.0577779545,0.0990901661,-0.0714109362,-0.032891089,-0.0156934103,True,0,10.8936,50ma_below_150ma|signal_trend_template_failed|signal_200ma_not_rising|not_30pct_above_52w_low
2016-05-11,2016-05-10,TQQQ,QQQ,red,red,87,0,0.0769543226,0.117611829,-0.0593503263,-0.027801248,-0.0031649325,True,0,11.1532,200ma_not_rising|signal_trend_template_failed|signal_200ma_not_rising|not_30pct_above_52w_low
2016-05-12,2016-05-11,TQQQ,QQQ,red,red,88,0,0.0758187451,0.1032731185,-0.0578385752,-0.0305592839,-0.0123360233,True,0,11.8343,200ma_not_rising|signal_trend_template_failed|signal_200ma_not_rising|not_30pct_above_52w_low
2016-05-13,2016-05-12,TQQQ,QQQ,red,red,89,0,0.0700130493,0.0999907772,-0.0596002966,-0.0425184396,-0.0167684937,True,0,16.9645,200ma_not_rising|signal_trend_template_failed|signal_200ma_not_rising|not_30pct_above_52w_low
2016-05-16,2016-05-13,TQQQ,QQQ,red,red,90,0,0.0565436412,0.0795039117,-0.0619045387,-0.0367266914,-0.0204229557,True,0,14.149,200ma_not_rising|signal_trend_template_failed|signal_200ma_not_rising|not_30pct_above_52w_low
2016-05-17,2016-05-16,TQQQ,QQQ,red,red,91,0,0.0547947786,0.0689104504,-0.0408417791,-0.0386027223,-0.008435853,True,0,11.0508,200ma_not_rising|signal_trend_template_failed|signal_200ma_not_rising|not_30pct_above_52w_low
2016-05-18,2016-05-17,TQQQ,QQQ,red,red,92,0,0.0403501526,0.0321260621,-0.0339037252,-0.0422111482,-0.0210144509,True,0,16.9628,200ma_not_rising|signal_trend_template_failed|signal_200ma_not_rising|not_30pct_above_52w_low
2016-05-19,2016-05-18,TQQQ,QQQ,red,red,93,0,0.0489107786,0.0478042148,-0.0441729844,-0.033797392,-0.0178559812,True,0,21.8051,200ma_not_rising|signal_trend_template_failed|signal_200ma_not_rising|not_30pct_above_52w_low
2016-05-20,2016-05-19,TQQQ,QQQ,red,red,94,0,0.0473129222,0.0392835686,-0.0497354234,-0.0375164354,-0.023103408,True,0,22.9154,200ma_not_rising|signal_trend_template_failed|signal_200ma_not_rising|not_30pct_above_52w_low
2016-05-23,2016-05-20,TQQQ,QQQ,red,red,95,0,0.0418567749,0.0339451903,-0.0573618169,-0.0361633674,-0.0127309062,True,0,11.6822,200ma_not_rising|signal_trend_template_failed|signal_200ma_not_rising|not_30pct_above_52w_low
2016-05-24,2016-05-23,TQQQ,QQQ,red,red,96,0,0.0484902807,0.0498663473,-0.0592635804,-0.0334834598,-0.0140575339,True,0,8.0616,200ma_not_rising|signal_trend_template_failed|signal_200ma_not_rising|not_30pct_above_52w_low
2016-05-25,2016-05-24,TQQQ,QQQ,red,red,97,0,0.0596923789,0.0607680477,-0.0468729097,-0.0309473012,0.0053004411,True,0,14.7628,200ma_not_rising|signal_200ma_not_rising|not_30pct_above_52w_low
2016-05-26,2016-05-25,TQQQ,QQQ,red,red,98,0,0.0571996128,0.0579761211,-0.0372433228,-0.0294454163,0.0119810588,True,0,14.16,200ma_not_rising|signal_200ma_not_rising
2016-05-27,2016-05-26,TQQQ,QQQ,red,red,99,0,0.0620363678,0.0624093906,-0.033576519,-0.0271833267,0.0145136103,True,0,9.6582,200ma_not_rising|signal_200ma_not_rising
2016-05-31,2016-05-27,TQQQ,QQQ,red,red,100,0,0.0666828232,0.0776262653,-0.0293994823,-0.0272158236,0.0192390226,True,0,11.0251,200ma_not_rising|signal_200ma_not_rising
2016-06-01,2016-05-31,TQQQ,QQQ,red,red,101,0,0.0548390268,0.0461032912,-0.0289103569,-0.0277108889,0.0206211373,True,0,11.6921,200ma_not_rising|signal_200ma_not_rising
2016-06-02,2016-06-01,TQQQ,QQQ,red,red,102,0,0.0555916806,0.0458031434,-0.0263517327,-0.0282831572,0.0202309249,True,0,10.4112,200ma_not_rising|signal_200ma_not_rising
2016-06-03,2016-06-02,TQQQ,QQQ,red,red,103,0,0.0545599699,0.0499671829,-0.033981144,-0.0260516494,0.0218922985,True,0,10.8993,200ma_not_rising|signal_200ma_not_rising
2016-06-06,2016-06-03,TQQQ,QQQ,red,red,104,0,0.0520017051,0.0446340049,-0.0325590736,-0.02686271,0.016555108,True,0,15.9751,200ma_not_rising|signal_200ma_not_rising
2016-06-07,2016-06-06,TQQQ,QQQ,red,red,105,0,0.0606150992,0.054919907,-0.0123009173,-0.0247199724,0.0196470497,True,0,8.9277,200ma_not_rising|signal_200ma_not_rising
2016-06-08,2016-06-07,TQQQ,QQQ,red,red,106,0,0.0572235911,0.0610351674,-0.0373080971,-0.0318072321,0.0164862932,True,0,7.9483,200ma_not_rising|signal_200ma_not_rising
2016-06-09,2016-06-08,TQQQ,QQQ,red,red,107,0,0.0554430582,0.0560713128,-0.0312730363,-0.0343335484,0.0179500097,True,0,8.5172,200ma_not_rising|signal_200ma_not_rising
2016-06-10,2016-06-09,TQQQ,QQQ,red,red,108,0,0.0570387616,0.0559604576,-0.0329376683,-0.0351259184,0.0161342084,True,0,10.2802,200ma_not_rising|signal_200ma_not_rising
2016-06-13,2016-06-10,TQQQ,QQQ,orange,orange,1,0,0.0470430796,0.0260420246,-0.0291710735,-0.0357905847,0.0046555348,True,0,16.1135,not_30pct_above_52w_low|relative_strength_below_floor|six_month_momentum_not_positive
2016-06-14,2016-06-13,TQQQ,QQQ,orange,orange,2,0,0.0399822874,0.015753699,-0.0416105878,-0.0382200163,-0.0033086438,True,0,11.5547,signal_trend_template_failed|not_30pct_above_52w_low|close_below_50ma|relative_strength_below_floor|six_month_momentum_not_positive
2016-06-15,2016-06-14,TQQQ,QQQ,orange,orange,3,0,0.0474571679,0.0161348242,-0.0190328387,-0.0343719306,-0.0029572427,True,0,13.763,signal_trend_template_failed|not_30pct_above_52w_low|close_below_50ma|relative_strength_below_floor|six_month_momentum_not_positive
2016-06-16,2016-06-15,TQQQ,QQQ,orange,orange,4,0,0.0440043907,0.0042715844,-0.0292081392,-0.0373983346,-0.0056052701,True,0,10.2373,signal_trend_template_failed|not_30pct_above_52w_low|close_below_50ma|relative_strength_below_floor|six_month_momentum_not_positive
2016-06-17,2016-06-16,TQQQ,QQQ,orange,orange,5,0,0.0480076049,0.0078171791,-0.0322192539,-0.0312604857,-0.0021666424,True,0,15.9315,signal_trend_template_failed|not_30pct_above_52w_low|close_below_50ma|relative_strength_below_floor|six_month_momentum_not_positive
2016-06-20,2016-06-17,TQQQ,QQQ,red,red,1,0,0.030246976,-0.0055545655,-0.057576703,-0.0385748465,-0.0134425649,False,0,15.635,close_below_200ma|signal_trend_template_failed|not_30pct_above_52w_low
2016-06-21,2016-06-20,TQQQ,QQQ,orange,orange,1,0,0.0346422605,-0.0031964707,-0.0376311537,-0.0410870465,-0.0069498445,False,0,13.2692,signal_trend_template_failed|not_30pct_above_52w_low|close_below_50ma|relative_strength_below_floor|three_month_momentum_not_positive|six_month_momentum_not_positive
2016-06-22,2016-06-21,TQQQ,QQQ,orange,orange,2,0,0.0365174939,-0.0030860229,-0.0156964599,-0.0430398516,-0.0036492675,False,0,8.317,signal_trend_template_failed|not_30pct_above_52w_low|close_below_50ma|relative_strength_below_floor|three_month_momentum_not_positive|six_month_momentum_not_positive
2016-06-23,2016-06-22,TQQQ,QQQ,orange,orange,3,0,0.033461398,0.0027569795,-0.0288646596,-0.0428294972,-0.0056942647,False,0,9.8774,signal_trend_template_failed|not_30pct_above_52w_low|close_below_50ma|relative_strength_below_floor|six_month_momentum_not_positive
2016-06-24,2016-06-23,TQQQ,QQQ,orange,orange,4,0,0.0418614036,0.0167789954,-0.0214415647,-0.041350695,0.0088369745,False,0,12.8113,signal_trend_template_failed|not_30pct_above_52w_low|relative_strength_below_floor|six_month_momentum_not_positive
2016-06-27,2016-06-24,TQQQ,QQQ,red,red,1,0,0.0119691651,-0.0237347346,-0.0686621544,-0.0420926607,-0.0315769428,False,0,28.465,close_below_200ma|signal_trend_template_failed|not_30pct_above_52w_low
2016-06-28,2016-06-27,TQQQ,QQQ,red,red,2,0,-0.0085043861,-0.0582352555,-0.0869855137,-0.0456405916,-0.0493641223,False,0,19.4334,close_below_200ma|signal_trend_template_failed|not_30pct_above_52w_low
2016-06-29,2016-06-28,TQQQ,QQQ,red,red,3,0,0.0042217952,-0.0422619591,-0.0664805518,-0.0442881459,-0.0273608248,False,0,17.4573,close_below_200ma|signal_trend_template_failed|not_30pct_above_52w_low
2016-06-30,2016-06-29,TQQQ,QQQ,red,red,4,0,0.0124153907,-0.0238724144,-0.0646604144,-0.0463859651,-0.0094076526,False,0,19.1924,close_below_200ma|signal_trend_template_failed|not_30pct_above_52w_low
2016-07-01,2016-06-30,TQQQ,QQQ,orange,orange,1,0,0.0175825127,-0.0229576237,-0.0452347819,-0.0503778579,0.0025776667,False,0,15.8207,signal_trend_template_failed|not_30pct_above_52w_low|relative_strength_below_floor|three_month_momentum_not_positive|six_month_momentum_not_positive
2016-07-05,2016-07-01,TQQQ,QQQ,orange,orange,2,0,0.0252643393,-0.0143000801,-0.0283448049,-0.047593549,0.0080401522,False,0,12.7115,signal_trend_template_failed|not_30pct_above_52w_low|relative_strength_below_floor|three_month_momentum_not_positive|six_month_momentum_not_positive
2016-07-06,2016-07-05,TQQQ,QQQ,orange,orange,3,0,0.02830226,-0.0107818134,-0.0134646128,-0.044770388,0.0021218343,False,0,12.4402,signal_trend_template_failed|not_30pct_above_52w_low|relative_strength_below_floor|three_month_momentum_not_positive|six_month_momentum_not_positive
2016-07-07,2016-07-06,TQQQ,QQQ,orange,orange,4,0,0.0270764009,-0.0188082454,-0.0036539047,-0.0441914735,0.0104052664,False,0,16.87,signal_trend_template_failed|not_30pct_above_52w_low|relative_strength_below_floor|three_month_momentum_not_positive|six_month_momentum_not_positive
2016-07-08,2016-07-07,TQQQ,QQQ,orange,orange,5,0,0.035776315,-0.0015647914,0.0089818797,-0.0418001096,0.0133041077,False,0,12.3917,signal_trend_template_failed|not_30pct_above_52w_low|relative_strength_below_floor|three_month_momentum_not_positive
2016-07-11,2016-07-08,TQQQ,QQQ,orange,orange,6,0,0.0539050384,0.0146219605,0.0577077426,-0.0373087503,0.0283997113,False,0,15.4101,signal_trend_template_failed|relative_strength_below_floor
2016-07-12,2016-07-11,TQQQ,QQQ,orange,orange,7,0,0.0619110595,0.0241750535,0.0725444089,-0.0356689178,0.033322917,False,0,14.9005,signal_trend_template_failed|relative_strength_below_floor
2016-07-13,2016-07-12,TQQQ,QQQ,orange,orange,8,0,0.0572574445,0.020792117,0.0746528315,-0.0388624177,0.0373703804,False,0,12.2856,signal_trend_template_failed|relative_strength_below_floor
2016-07-14,2016-07-13,TQQQ,QQQ,orange,orange,9,0,0.0423144114,0.0054662698,0.059759759,-0.0466388142,0.0339378432,True,0,13.3188,signal_trend_template_failed|relative_strength_below_floor
2016-07-15,2016-07-14,TQQQ,QQQ,orange,orange,10,0,0.0553016121,0.0122457091,0.1051160286,-0.0435093062,0.0397405264,True,0,11.8147,signal_trend_template_failed|relative_strength_below_floor
2016-07-18,2016-07-15,TQQQ,QQQ,orange,orange,11,0,0.0497929238,0.0131756892,0.0803332005,-0.045148423,0.0367157196,True,0,9.1305,signal_trend_template_failed|relative_strength_below_floor
2016-07-19,2016-07-18,TQQQ,QQQ,orange,orange,12,0,0.0610243894,0.0144720124,0.1223171845,-0.0365801726,0.0420703181,True,0,9.1429,signal_trend_template_failed|relative_strength_below_floor
2016-07-20,2016-07-19,TQQQ,QQQ,orange,orange,13,0,0.0617031615,0.0169937638,0.1157943689,-0.0346146113,0.0369625261,True,0,8.4878,signal_trend_template_failed|relative_strength_below_floor
2016-07-21,2016-07-20,TQQQ,QQQ,orange,orange,14,0,0.0711948014,0.0280382211,0.1323034089,-0.0303569085,0.0475579816,True,0,10.124,signal_trend_template_failed|relative_strength_below_floor
2016-07-22,2016-07-21,TQQQ,QQQ,orange,orange,15,0,0.0684379564,0.0255892988,0.1285877005,-0.0296653576,0.0439740374,True,0,12.513,signal_trend_template_failed|relative_strength_below_floor
2016-07-25,2016-07-22,TQQQ,QQQ,orange,orange,16,0,0.0710957022,0.0456295016,0.1013846315,-0.0248221137,0.046846614,True,0,9.7406,signal_trend_template_failed|relative_strength_below_floor
2016-07-26,2016-07-25,TQQQ,QQQ,orange,orange,17,0,0.0752557789,0.0457218008,0.1180746053,-0.0236677836,0.0453884664,True,0,8.5631,signal_trend_template_failed|relative_strength_below_floor
2016-07-27,2016-07-26,TQQQ,QQQ,orange,orange,18,0,0.0783737864,0.0520336338,0.1093698288,-0.0175767046,0.0449366498,True,0,15.3656,signal_trend_template_failed|relative_strength_below_floor
2016-07-28,2016-07-27,TQQQ,QQQ,orange,orange,19,0,0.0979861948,0.0679042286,0.1456148732,0.0007872325,0.0506390141,True,0,15.0004,signal_trend_template_failed
2016-07-29,2016-07-28,TQQQ,QQQ,orange,orange,20,0,0.1036317598,0.0847407032,0.1336098293,0.0022995553,0.0524193405,True,0,10.1179,signal_trend_template_failed
2016-08-01,2016-07-29,TQQQ,QQQ,orange,orange,21,0,0.1037590838,0.0928573949,0.1128362252,0.0052579703,0.0528475432,True,0,11.9978,signal_trend_template_failed
2016-08-02,2016-08-01,TQQQ,QQQ,orange,orange,22,0,0.1046248528,0.088348212,0.1157267913,0.0093175848,0.0563342903,True,0,12.5045,signal_trend_template_failed
2016-08-03,2016-08-02,TQQQ,QQQ,orange,orange,23,0,0.1101610364,0.0901935632,0.1317486291,0.0086331921,0.0466351515,True,0,18.6977,signal_trend_template_failed
2016-08-04,2016-08-03,TQQQ,QQQ,orange,orange,24,0,0.1212295806,0.1008778296,0.1409624693,0.0150796358,0.0483210782,True,0,9.9975,signal_trend_template_failed
2016-08-05,2016-08-04,TQQQ,QQQ,orange,orange,25,0,0.1222347313,0.1043425194,0.1443391322,0.0179460831,0.0498891738,True,0,9.9328,signal_trend_template_failed
2016-08-08,2016-08-05,TQQQ,QQQ,orange,orange,26,0,0.1371010672,0.1090266988,0.196884794,0.0241286027,0.0584598191,True,0,15.0182,signal_trend_template_failed
2016-08-09,2016-08-08,TQQQ,QQQ,orange,orange,27,0,0.1360828522,0.1046532173,0.2141134881,0.0225663457,0.0558688736,True,0,9.2023,signal_trend_template_failed
2016-08-10,2016-08-09,TQQQ,QQQ,orange,orange,28,0,0.133840241,0.0922520572,0.2207138194,0.0243997425,0.0569577409,True,0,9.7412,signal_trend_template_failed
2016-08-11,2016-08-10,TQQQ,QQQ,orange,orange,29,0,0.1330817794,0.0993853152,0.2129222652,0.0219236197,0.0529942182,True,0,10.6229,signal_trend_template_failed
2016-08-12,2016-08-11,TQQQ,QQQ,orange,orange,30,0,0.137936865,0.1089992962,0.2198889977,0.0204031312,0.056161651,True,0,8.4209,signal_trend_template_failed
2016-08-15,2016-08-12,TQQQ,QQQ,orange,orange,31,0,0.1367735983,0.1138594504,0.2024156338,0.0218025306,0.0555670951,True,0,8.3905,signal_trend_template_failed
2016-08-16,2016-08-15,TQQQ,QQQ,orange,orange,32,0,0.128310307,0.1047882062,0.1809196591,0.01946809,0.0585576794,True,0,7.1246,signal_trend_template_failed
2016-08-17,2016-08-16,TQQQ,QQQ,orange,orange,33,0,0.1240230147,0.1126444212,0.1483893051,0.0186941065,0.0514099952,True,0,7.6667,signal_trend_template_failed
2016-08-18,2016-08-17,TQQQ,QQQ,orange,orange,34,0,0.1272067832,0.1106399716,0.1637332434,0.0190060138,0.0519030258,True,0,11.0545,signal_trend_template_failed
2016-08-19,2016-08-18,TQQQ,QQQ,orange,orange,35,0,0.1266119931,0.116725764,0.1605947371,0.0166390498,0.0508122999,True,0,6.9905,signal_trend_template_failed
2016-08-22,2016-08-19,TQQQ,QQQ,orange,orange,36,0,0.1183792633,0.1042762331,0.1417610999,0.0137146269,0.0491593544,True,0,9.0551,signal_trend_template_failed
2016-08-23,2016-08-22,TQQQ,QQQ,orange,orange,37,0,0.1271041817,0.1065790739,0.1617601302,0.0165356637,0.0483327478,True,0,9.0177,signal_trend_template_failed
2016-08-24,2016-08-23,TQQQ,QQQ,orange,orange,38,0,0.1128650585,0.0867884392,0.1528304508,0.0098936469,0.0483697465,True,0,7.76,signal_trend_template_failed|not_30pct_above_52w_low
2016-08-25,2016-08-24,TQQQ,QQQ,orange,orange,39,0,0.104273597,0.0720532197,0.134206707,0.0084379525,0.0399125153,True,0,8.6482,signal_trend_template_failed|not_30pct_above_52w_low
2016-08-26,2016-08-25,TQQQ,QQQ,orange,orange,40,0,0.1012575548,0.0671829457,0.133785183,0.0041978123,0.0365271177,True,0,7.0655,signal_trend_template_failed|not_30pct_above_52w_low
2016-08-29,2016-08-26,TQQQ,QQQ,orange,orange,41,0,0.1065697864,0.0632073466,0.1457401621,0.0091789246,0.036375105,True,0,13.0361,signal_trend_template_failed|not_30pct_above_52w_low
2016-08-30,2016-08-29,TQQQ,QQQ,orange,orange,42,0,0.0956574891,0.0626382468,0.1116293674,0.0001294275,0.03587383,True,0,6.0704,signal_trend_template_failed|not_30pct_above_52w_low
2016-08-31,2016-08-30,TQQQ,QQQ,orange,orange,43,0,0.0977318508,0.0590887081,0.1075983001,0.0014279639,0.0307911212,True,0,7.937,signal_trend_template_failed|not_30pct_above_52w_low
2016-09-01,2016-08-31,TQQQ,QQQ,orange,orange,44,0,0.0972605074,0.0557980307,0.108553284,0.0052754713,0.0281042615,True,0,8.6223,signal_trend_template_failed|not_30pct_above_52w_low
2016-09-02,2016-09-01,TQQQ,QQQ,orange,orange,45,0,0.1017773458,0.0635196526,0.110988794,0.0108635489,0.0290269909,True,0,10.3945,signal_trend_template_failed|not_30pct_above_52w_low
2016-09-06,2016-09-02,TQQQ,QQQ,orange,orange,46,0,0.1025146454,0.0631172973,0.1215036004,0.0126485271,0.0308588071,True,0,11.1018,signal_trend_template_failed|not_30pct_above_52w_low
2016-09-07,2016-09-06,TQQQ,QQQ,orange,orange,47,0,0.113314432,0.0724621463,0.1379200529,0.017255643,0.0348139496,True,0,8.2229,not_30pct_above_52w_low
2016-09-08,2016-09-07,TQQQ,QQQ,orange,orange,48,0,0.1152375639,0.0712520013,0.1313185073,0.0184286064,0.0325818496,True,0,7.2504,not_30pct_above_52w_low
2016-09-09,2016-09-08,TQQQ,QQQ,orange,orange,49,0,0.1100976954,0.066723174,0.1264174909,0.0148856632,0.0242488608,True,0,8.5974,not_30pct_above_52w_low
2016-09-12,2016-09-09,TQQQ,QQQ,orange,orange,50,0,0.0937380128,0.0518114019,0.0792027003,0.0143810506,-0.0029142692,True,0,18.2483,signal_trend_template_failed|not_30pct_above_52w_low|close_below_50ma
2016-09-13,2016-09-12,TQQQ,QQQ,orange,orange,51,0,0.1082731586,0.0796989431,0.0967081953,0.01897797,0.0134177365,True,0,15.5759,not_30pct_above_52w_low
2016-09-14,2016-09-13,TQQQ,QQQ,orange,orange,52,0,0.1045451766,0.0700462997,0.0873113086,0.0228361803,0.0030975539,True,0,14.5865,not_30pct_above_52w_low
2016-09-15,2016-09-14,TQQQ,QQQ,orange,orange,53,0,0.1084562483,0.0782447343,0.0828505477,0.0277219553,0.0064080878,True,0,13.1492,not_30pct_above_52w_low
2016-09-16,2016-09-15,TQQQ,QQQ,orange,orange,54,0,0.1172901621,0.0917559851,0.1002904371,0.0350566416,0.0203904511,True,0,16.2674,not_30pct_above_52w_low
2016-09-19,2016-09-16,TQQQ,QQQ,orange,orange,55,0,0.1259407474,0.1041778378,0.0980446097,0.0442454987,0.0183200917,True,0,10.0461,not_30pct_above_52w_low
2016-09-20,2016-09-19,TQQQ,QQQ,orange,orange,56,0,0.1201127475,0.0925024806,0.0890103284,0.0388582063,0.0127041589,True,0,11.1485,not_30pct_above_52w_low
2016-09-21,2016-09-20,TQQQ,QQQ,orange,orange,57,0,0.1234229518,0.0910988104,0.0877316545,0.0409424292,0.0134962498,True,0,9.2673,not_30pct_above_52w_low
2016-09-22,2016-09-21,TQQQ,QQQ,orange,orange,58,0,0.1329754257,0.1044948663,0.107539936,0.0417054675,0.0222293775,True,0,17.4421,not_30pct_above_52w_low
2016-09-23,2016-09-22,TQQQ,QQQ,orange,orange,59,0,0.1340901493,0.0976220234,0.1160390183,0.0417986732,0.0289114289,True,0,10.0584,not_30pct_above_52w_low
2016-09-26,2016-09-23,TQQQ,QQQ,orange,orange,60,0,0.1539052576,0.1374673376,0.1104698522,0.0471766989,0.0211753319,True,0,9.2405,not_30pct_above_52w_low
2016-09-27,2016-09-26,TQQQ,QQQ,orange,orange,61,0,0.1537280451,0.1507925202,0.0837758237,0.0453406092,0.0116157449,True,0,10.0985,not_30pct_above_52w_low
2016-09-28,2016-09-27,TQQQ,QQQ,orange,orange,62,0,0.1501856352,0.1372473604,0.089185059,0.0462461429,0.0205178778,True,0,10.5139,not_30pct_above_52w_low
2016-09-29,2016-09-28,TQQQ,QQQ,orange,orange,63,0,0.1410724966,0.1193438004,0.0926223614,0.0407586298,0.0210358581,True,0,9.6527,not_30pct_above_52w_low
2016-09-30,2016-09-29,TQQQ,QQQ,orange,orange,64,0,0.1366006836,0.0985239345,0.0733044353,0.0440746703,0.0128219881,True,0,14.3325,not_30pct_above_52w_low
2016-10-03,2016-09-30,TQQQ,QQQ,orange,orange,65,0,0.1360689309,0.1011974529,0.0854502412,0.0417125941,0.0193651232,True,0,10.1888,not_30pct_above_52w_low
2016-10-04,2016-10-03,TQQQ,QQQ,orange,orange,66,0,0.1460696458,0.106377118,0.0944483663,0.0446384211,0.0170002534,True,0,10.3909,not_30pct_above_52w_low
2016-10-05,2016-10-04,TQQQ,QQQ,orange,orange,67,0,0.1381363618,0.0957206752,0.0751120918,0.044946093,0.0145867921,True,0,14.1793,not_30pct_above_52w_low
2016-10-06,2016-10-05,TQQQ,QQQ,orange,orange,68,0,0.1417194192,0.0963688961,0.0946533075,0.0408239149,0.0172650761,True,0,8.792,not_30pct_above_52w_low
2016-10-07,2016-10-06,TQQQ,QQQ,orange,orange,69,0,0.1357227761,0.0791248353,0.0949037561,0.0409448785,0.0159793586,True,0,9.5017,not_30pct_above_52w_low
2016-10-10,2016-10-07,TQQQ,QQQ,orange,orange,70,0,0.1279582785,0.0706468211,0.0965297653,0.0393985386,0.0130995782,True,0,11.4703,not_30pct_above_52w_low
2016-10-11,2016-10-10,TQQQ,QQQ,orange,orange,71,0,0.1314782318,0.0720127391,0.0943021534,0.0419616344,0.0187679727,True,0,7.7213,not_30pct_above_52w_low
2016-10-12,2016-10-11,TQQQ,QQQ,orange,orange,72,0,0.1189715367,0.0592916751,0.0650820491,0.0409512144,0.0039029944,True,0,16.0234,not_30pct_above_52w_low
2016-10-13,2016-10-12,TQQQ,QQQ,orange,orange,73,0,0.1201838083,0.0512070587,0.0640798346,0.0411943619,0.0025781336,True,0,10.1207,not_30pct_above_52w_low
2016-10-14,2016-10-13,TQQQ,QQQ,orange,orange,74,0,0.1160705947,0.0491336066,0.0629566649,0.0392993368,-0.0013403062,True,0,12.7291,signal_trend_template_failed|not_30pct_above_52w_low|close_below_50ma
2016-10-17,2016-10-14,TQQQ,QQQ,orange,orange,75,0,0.1099873049,0.0434824304,0.0585837211,0.0391130657,-0.0004454265,True,0,9.9948,signal_trend_template_failed|not_30pct_above_52w_low|close_below_50ma
2016-10-18,2016-10-17,TQQQ,QQQ,orange,orange,76,0,0.1117181364,0.044436704,0.0621856146,0.0433954303,-0.0032323243,True,0,6.7777,signal_trend_template_failed|not_30pct_above_52w_low|close_below_50ma
2016-10-19,2016-10-18,TQQQ,QQQ,orange,orange,77,0,0.116645565,0.0415662976,0.0707699637,0.0434127818,0.005383791,True,0,9.5778,not_30pct_above_52w_low
2016-10-20,2016-10-19,TQQQ,QQQ,orange,orange,78,0,0.1172682554,0.0438703678,0.0705822786,0.0406711928,0.0050887859,True,0,5.8577,not_30pct_above_52w_low
2016-10-21,2016-10-20,TQQQ,QQQ,orange,orange,79,0,0.1206398181,0.0383187857,0.0856967543,0.0466834802,0.003658296,True,0,8.6712,not_30pct_above_52w_low
2016-10-24,2016-10-21,TQQQ,QQQ,orange,orange,80,0,0.130778779,0.0421082935,0.0897553613,0.0523293634,0.0071830361,True,0,7.3472,not_30pct_above_52w_low
2016-10-25,2016-10-24,TQQQ,QQQ,orange,orange,81,0,0.1454559284,0.0534280922,0.1082417837,0.0633766753,0.018825256,True,0,8.916,not_30pct_above_52w_low
2016-10-26,2016-10-25,TQQQ,QQQ,orange,orange,82,0,0.1433838561,0.0428405565,0.11365384,0.0633135071,0.0152789219,True,0,7.6777,not_30pct_above_52w_low
2016-10-27,2016-10-26,TQQQ,QQQ,orange,orange,83,0,0.1378194158,0.0321500092,0.1196151267,0.0567402396,0.0081004031,True,0,12.0196,not_30pct_above_52w_low
2016-10-28,2016-10-27,TQQQ,QQQ,orange,orange,84,0,0.1339136413,0.0252124375,0.1204109936,0.051545646,0.0033525292,True,0,12.8131,not_30pct_above_52w_low
2016-10-31,2016-10-28,TQQQ,QQQ,orange,orange,85,0,0.1207111561,0.0134097808,0.102942723,0.0450967108,-0.0029657505,True,0,17.4694,signal_trend_template_failed|not_30pct_above_52w_low|close_below_50ma
2016-11-01,2016-10-31,TQQQ,QQQ,orange,orange,86,0,0.1206584101,0.0202079778,0.1122241706,0.0436439736,-0.0039062008,True,0,6.9142,signal_trend_template_failed|not_30pct_above_52w_low|close_below_50ma
2016-11-02,2016-11-01,TQQQ,QQQ,orange,orange,87,0,0.110992183,0.0091980486,0.1110037574,0.0416547035,-0.0112393715,True,0,12.1298,signal_trend_template_failed|not_30pct_above_52w_low|close_below_50ma
2016-11-03,2016-11-02,TQQQ,QQQ,orange,orange,88,0,0.1053720295,-0.0017411008,0.1024197478,0.0401132447,-0.0188103364,True,0,9.4771,signal_trend_template_failed|not_30pct_above_52w_low|close_below_50ma|three_month_momentum_not_positive
2016-11-04,2016-11-03,TQQQ,QQQ,orange,orange,89,0,0.0903691145,-0.0209303475,0.0858143846,0.0322372168,-0.0280295067,True,0,9.7953,signal_trend_template_failed|not_30pct_above_52w_low|close_below_50ma|three_month_momentum_not_positive
2016-11-07,2016-11-04,TQQQ,QQQ,orange,orange,90,0,0.083835717,-0.0232771769,0.0789400089,0.0288335276,-0.0309979055,False,0,9.4512,signal_trend_template_failed|not_30pct_above_52w_low|close_below_50ma|three_month_momentum_not_positive
2016-11-08,2016-11-07,TQQQ,QQQ,orange,orange,91,0,0.1004022648,-0.0023821941,0.0896501008,0.0307002886,-0.0079537443,False,0,12.0416,signal_trend_template_failed|not_30pct_above_52w_low|close_below_50ma|three_month_momentum_not_positive
2016-11-09,2016-11-08,TQQQ,QQQ,orange,orange,92,0,0.1071340217,0.0067175338,0.1067704732,0.0319422851,-0.0015523162,False,0,13.448,signal_trend_template_failed|not_30pct_above_52w_low|close_below_50ma
2016-11-10,2016-11-09,TQQQ,QQQ,orange,orange,93,0,0.1067470631,0.0070420918,0.116808971,0.02808436,0.0028154626,False,0,22.6016,not_30pct_above_52w_low
2016-11-11,2016-11-10,TQQQ,QQQ,orange,orange,94,0,0.0880663899,-0.009897723,0.1028347781,0.0056606313,-0.0133124493,False,0,29.1225,signal_trend_template_failed|not_30pct_above_52w_low|close_below_50ma|three_month_momentum_not_positive
2016-11-14,2016-11-11,TQQQ,QQQ,orange,orange,95,0,0.0860071042,-0.0136777325,0.0896772087,0.0071600829,-0.012777107,False,0,13.3261,signal_trend_template_failed|not_30pct_above_52w_low|close_below_50ma|three_month_momentum_not_positive
2016-11-15,2016-11-14,TQQQ,QQQ,orange,orange,96,0,0.0742825259,-0.0182213654,0.0923705207,-0.0047825319,-0.0223854471,False,0,20.1314,signal_trend_template_failed|not_30pct_above_52w_low|close_below_50ma|relative_strength_below_floor|three_month_momentum_not_positive
2016-11-16,2016-11-15,TQQQ,QQQ,orange,orange,97,0,0.0849796249,-0.0063860682,0.103547349,0.0013457465,-0.0085994771,False,0,12.5243,signal_trend_template_failed|not_30pct_above_52w_low|close_below_50ma|three_month_momentum_not_positive
2016-11-17,2016-11-16,TQQQ,QQQ,orange,orange,98,0,0.0946493721,-0.0007423226,0.1158967932,0.0124471982,-0.002591451,False,0,10.4093,signal_trend_template_failed|not_30pct_above_52w_low|close_below_50ma|three_month_momentum_not_positive
2016-11-18,2016-11-17,TQQQ,QQQ,orange,orange,99,0,0.0970619635,0.0067802992,0.1117635564,0.0131596144,0.004519101,False,0,9.3182,not_30pct_above_52w_low
2016-11-21,2016-11-18,TQQQ,QQQ,orange,orange,100,0,0.0957764278,0.0022491694,0.1090679577,0.0126913948,0.00019828,True,0,7.6912,not_30pct_above_52w_low
2016-11-22,2016-11-21,TQQQ,QQQ,orange,orange,101,0,0.0981446772,0.0108626497,0.0985938413,0.0129150765,0.0101684739,True,0,10.5064,not_30pct_above_52w_low
2016-11-23,2016-11-22,TQQQ,QQQ,orange,orange,102,0,0.1001374079,0.0205300687,0.0940625459,0.0142351566,0.0125636339,True,0,9.7204,not_30pct_above_52w_low
2016-11-25,2016-11-23,TQQQ,QQQ,orange,orange,103,0,0.0963051351,0.0180664565,0.08646316,0.0094963334,0.0079833291,True,0,9.2458,not_30pct_above_52w_low
2016-11-28,2016-11-25,TQQQ,QQQ,orange,orange,104,0,0.0911827132,0.0198462719,0.0843080486,0.0066129214,0.0109673788,True,0,4.8405,not_30pct_above_52w_low
2016-11-29,2016-11-28,TQQQ,QQQ,orange,orange,105,0,0.09114208,0.0161361762,0.0797851648,0.0090666058,0.0084569621,True,0,8.9867,not_30pct_above_52w_low
2016-11-30,2016-11-29,TQQQ,QQQ,orange,orange,106,0,0.0954061437,0.0229752186,0.0834215026,0.0118457306,0.0115734568,True,0,9.4686,not_30pct_above_52w_low
2016-12-01,2016-11-30,TQQQ,QQQ,orange,orange,107,0,0.0825918139,0.0116315264,0.0680785734,0.0001928601,-0.0007586678,True,0,18.5857,signal_trend_template_failed|not_30pct_above_52w_low|close_below_50ma
2016-12-02,2016-12-01,TQQQ,QQQ,orange,orange,108,0,0.0654637132,-0.0084006105,0.0545854383,-0.0132488391,-0.0175739681,True,0,21.6387,signal_trend_template_failed|not_30pct_above_52w_low|close_below_50ma|relative_strength_below_floor|three_month_momentum_not_positive
2016-12-05,2016-12-02,TQQQ,QQQ,orange,orange,109,0,0.0658354143,-0.009649263,0.0528589989,-0.0100857812,-0.0150493168,True,0,12.0041,signal_trend_template_failed|not_30pct_above_52w_low|close_below_50ma|relative_strength_below_floor|three_month_momentum_not_positive
2016-12-06,2016-12-05,TQQQ,QQQ,orange,orange,110,0,0.069574713,-0.0081278584,0.0637453258,-0.0091242825,-0.0070951855,True,0,10.7263,signal_trend_template_failed|not_30pct_above_52w_low|close_below_50ma|relative_strength_below_floor|three_month_momentum_not_positive
2016-12-07,2016-12-06,TQQQ,QQQ,orange,orange,111,0,0.069739949,-0.0063365263,0.0644639848,-0.0105883851,-0.0046329397,True,0,8.3188,signal_trend_template_failed|not_30pct_above_52w_low|close_below_50ma|relative_strength_below_floor|three_month_momentum_not_positive
2016-12-08,2016-12-07,TQQQ,QQQ,orange,orange,112,0,0.082001992,0.012168843,0.0797039608,-0.0089337862,0.0079951654,False,0,18.5454,not_30pct_above_52w_low|relative_strength_below_floor
2016-12-09,2016-12-08,TQQQ,QQQ,orange,orange,113,0,0.0948101294,0.0401391106,0.0940301761,-0.0087920673,0.0098060262,False,0,14.1654,not_30pct_above_52w_low|relative_strength_below_floor
2016-12-12,2016-12-09,TQQQ,QQQ,orange,orange,114,0,0.0955557015,0.0298235162,0.111899362,-0.0079101542,0.0174385537,False,0,13.1699,not_30pct_above_52w_low|relative_strength_below_floor
2016-12-13,2016-12-12,TQQQ,QQQ,orange,orange,115,0,0.0905573443,0.0344177322,0.1068748667,-0.016674298,0.01279952,False,0,12.0354,not_30pct_above_52w_low|relative_strength_below_floor
2016-12-14,2016-12-13,TQQQ,QQQ,orange,orange,116,0,0.0976925683,0.0424879268,0.1240571177,-0.0127220797,0.0252367108,False,0,22.2376,not_30pct_above_52w_low|relative_strength_below_floor
2016-12-15,2016-12-14,TQQQ,QQQ,orange,orange,117,0,0.0917982382,0.0244064596,0.1184018835,-0.0088660732,0.0227887295,False,0,18.5761,not_30pct_above_52w_low|relative_strength_below_floor
2016-12-16,2016-12-15,TQQQ,QQQ,orange,orange,118,0,0.0931919865,0.0265153941,0.1334555484,-0.0114924131,0.0241247537,True,0,13.9698,not_30pct_above_52w_low|relative_strength_below_floor
2016-12-19,2016-12-16,TQQQ,QQQ,orange,orange,119,0,0.09188121,0.0271764872,0.1221928603,-0.0109023968,0.0201158719,True,0,14.8799,not_30pct_above_52w_low|relative_strength_below_floor
2016-12-20,2016-12-19,TQQQ,QQQ,orange,orange,120,0,0.0947443498,0.0294456317,0.1232269042,-0.0100535057,0.023951444,True,0,10.9692,not_30pct_above_52w_low|relative_strength_below_floor
2016-12-21,2016-12-20,TQQQ,QQQ,orange,orange,121,0,0.0915860029,0.0233303769,0.1302631478,-0.0101115627,0.0275790972,True,0,8.3401,not_30pct_above_52w_low|relative_strength_below_floor
2016-12-22,2016-12-21,TQQQ,QQQ,orange,orange,122,0,0.0878088805,0.0144949758,0.1135320281,-0.0086745014,0.0262367303,True,0,6.392,not_30pct_above_52w_low|relative_strength_below_floor
2016-12-23,2016-12-22,TQQQ,QQQ,orange,orange,123,0,0.0994038613,0.0181291912,0.1580887005,-0.0064521954,0.0228095115,True,0,8.5978,not_30pct_above_52w_low|relative_strength_below_floor
2016-12-27,2016-12-23,TQQQ,QQQ,orange,orange,124,0,0.1009724278,0.0274027149,0.1823273596,-0.0061285792,0.0228730424,True,0,4.2452,not_30pct_above_52w_low|relative_strength_below_floor
2016-12-28,2016-12-27,TQQQ,QQQ,orange,orange,125,0,0.1015077839,0.0225931942,0.1629414109,-0.0063377754,0.0274451352,True,0,10.1023,not_30pct_above_52w_low|relative_strength_below_floor
2016-12-29,2016-12-28,TQQQ,QQQ,orange,orange,126,0,0.0905959708,0.0129274797,0.1338140947,-0.0050173421,0.0188615981,True,0,11.9162,not_30pct_above_52w_low|relative_strength_below_floor
2016-12-30,2016-12-29,TQQQ,QQQ,orange,orange,127,0,0.0890347648,0.018873349,0.1192567601,-0.0068141076,0.0170370124,True,0,11.1298,not_30pct_above_52w_low|relative_strength_below_floor
2017-01-03,2016-12-30,TQQQ,QQQ,orange,orange,128,0,0.0769591738,0.0009297378,0.1022212778,-0.0143192759,0.0064197557,True,0,13.2819,not_30pct_above_52w_low|relative_strength_below_floor
2017-01-04,2017-01-03,TQQQ,QQQ,orange,orange,129,0,0.0836294352,0.0113329358,0.1189156189,-0.0135356158,0.0150486451,True,0,12.6046,not_30pct_above_52w_low|relative_strength_below_floor
2017-01-05,2017-01-04,TQQQ,QQQ,orange,orange,130,0,0.0859958112,0.0183784062,0.1158582748,-0.0148343226,0.0201543285,True,0,8.7321,not_30pct_above_52w_low|relative_strength_below_floor
2017-01-06,2017-01-05,TQQQ,QQQ,orange,orange,131,0,0.0894775685,0.0205188647,0.1188651412,-0.0086025352,0.0256379649,True,0,8.2001,not_30pct_above_52w_low|relative_strength_below_floor
2017-01-09,2017-01-06,TQQQ,QQQ,orange,orange,132,0,0.0929204369,0.0299888975,0.1114865994,-0.0040097005,0.0340901865,True,0,13.1243,not_30pct_above_52w_low|relative_strength_below_floor
2017-01-10,2017-01-09,TQQQ,QQQ,green,early_thaw,1,0,0.0999983119,0.0356354795,0.108799834,0.0050184807,0.0367263468,True,1,9.1574,
2017-01-11,2017-01-10,TQQQ,QQQ,green,early_thaw,2,0,0.0987389441,0.031391896,0.1056652515,0.00714104,0.0381160763,True,2,9.2325,
2017-01-12,2017-01-11,TQQQ,QQQ,green,early_thaw,3,0,0.1080660974,0.0491283693,0.1113329477,0.0099405196,0.0398232286,True,3,13.1979,
2017-01-13,2017-01-12,TQQQ,QQQ,green,early_thaw,4,0,0.108708135,0.0483986827,0.1020840956,0.0139224603,0.0371463797,True,4,11.235,
2017-01-17,2017-01-13,TQQQ,QQQ,green,early_thaw,5,0,0.115445448,0.0557627731,0.1076362059,0.016219638,0.0393970142,True,5,8.2726,
2017-01-18,2017-01-17,TQQQ,QQQ,green,early_thaw,6,0,0.1123218097,0.0513326404,0.0970471388,0.0150813018,0.034885523,True,6,7.7639,
2017-01-19,2017-01-18,TQQQ,QQQ,green,early_thaw,7,0,0.1140703978,0.0563588828,0.1032999898,0.0149487609,0.0353650134,True,7,6.9438,
2017-01-20,2017-01-19,TQQQ,QQQ,green,early_thaw,8,0,0.1095634872,0.0465269431,0.0900271935,0.0148064573,0.0331794446,True,8,8.3855,
2017-01-23,2017-01-20,TQQQ,QQQ,green,early_thaw,9,0,0.1126095999,0.0489139916,0.0949302343,0.014540678,0.0341894297,True,9,8.0323,
2017-01-24,2017-01-23,TQQQ,QQQ,green,early_thaw,10,0,0.113993881,0.0510132611,0.091286813,0.0179334104,0.0338856154,True,10,7.8243,
2017-01-25,2017-01-24,TQQQ,QQQ,green,early_thaw,11,0,0.1150696859,0.0541447529,0.0985329896,0.0153377987,0.0396440092,True,11,7.4728,
2017-01-26,2017-01-25,TQQQ,QQQ,green,early_thaw,12,0,0.1152240232,0.0521111189,0.1083234087,0.0122524327,0.0483500329,True,12,8.3541,
2017-01-27,2017-01-26,TQQQ,QQQ,green,early_thaw,13,0,0.1131012467,0.0565590426,0.10182262,0.0113128307,0.0476674561,True,13,7.5979,
2017-01-30,2017-01-27,TQQQ,QQQ,green,early_thaw,14,0,0.119676649,0.0658220432,0.1000882316,0.0169112259,0.047658138,True,14,4.9912,
2017-01-31,2017-01-30,TQQQ,QQQ,green,early_thaw,15,0,0.1171673839,0.0623652622,0.0891500799,0.0169660221,0.0379506208,True,15,11.0093,
2017-02-01,2017-01-31,TQQQ,QQQ,green,early_thaw,16,0,0.1167120241,0.0669375556,0.0812449544,0.013552984,0.0344945524,True,16,8.6976,
2017-02-02,2017-02-01,TQQQ,QQQ,green,early_thaw,17,0,0.1237512273,0.0753135433,0.0970434555,0.0209144176,0.0402513112,True,17,10.7801,
2017-02-03,2017-02-02,TQQQ,QQQ,green,green,18,0,0.127342346,0.0825131626,0.0924701712,0.0201175054,0.0379022585,True,18,8.5854,
2017-02-06,2017-02-03,TQQQ,QQQ,green,green,19,0,0.1295028047,0.0943883411,0.0924829007,0.0154807248,0.0395939838,True,19,7.2085,
2017-02-07,2017-02-06,TQQQ,QQQ,green,green,20,0,0.1350785099,0.1065507929,0.0833903003,0.0216249141,0.0395827722,True,20,6.2617,
2017-02-08,2017-02-07,TQQQ,QQQ,green,green,21,0,0.1388890058,0.1145048746,0.0885623474,0.0259844586,0.0419678765,True,21,7.0735,
2017-02-09,2017-02-08,TQQQ,QQQ,green,green,22,0,0.1303657837,0.090452143,0.0878544743,0.0248327249,0.0423160174,True,22,5.6387,
2017-02-10,2017-02-09,TQQQ,QQQ,green,green,23,0,0.1258017079,0.0873152358,0.0946193126,0.019558643,0.0445951711,True,23,7.9409,
2017-02-13,2017-02-10,TQQQ,QQQ,green,green,24,0,0.125026906,0.0859046596,0.0935516999,0.022048202,0.0465366635,True,24,7.451,
2017-02-14,2017-02-13,TQQQ,QQQ,green,green,25,0,0.1377678151,0.1099682018,0.098982044,0.0315777327,0.0505625455,True,25,6.8084,
2017-02-15,2017-02-14,TQQQ,QQQ,green,green,26,0,0.1372269781,0.1132131881,0.0979869559,0.0287709496,0.0517772402,True,26,10.0176,
2017-02-16,2017-02-15,TQQQ,QQQ,green,green,27,0,0.1484887174,0.1312250801,0.1106126147,0.0351119473,0.05558956,True,27,11.9628,
2017-02-17,2017-02-16,TQQQ,QQQ,green,green,28,0,0.1419148267,0.1154038134,0.1082807686,0.032641477,0.0530287766,True,28,10.3905,
2017-02-21,2017-02-17,TQQQ,QQQ,green,green,29,0,0.1421553215,0.1136247803,0.1127981115,0.032314389,0.0553088069,True,29,8.4903,
2017-02-22,2017-02-21,TQQQ,QQQ,green,green,30,0,0.1428492862,0.1110374915,0.1185706581,0.0301517817,0.0583712053,True,30,11.1527,
2017-02-23,2017-02-22,TQQQ,QQQ,green,green,31,0,0.1448833299,0.1156317187,0.1181409635,0.0324467935,0.0566712793,True,31,7.1969,
2017-02-24,2017-02-23,TQQQ,QQQ,orange,orange,1,0,0.1368179569,0.1000038872,0.1119528442,0.0268336469,0.0508550929,True,0,10.3634,not_30pct_above_52w_low
2017-02-27,2017-02-24,TQQQ,QQQ,orange,orange,2,0,0.1387280848,0.0987820247,0.1213400951,0.0278041854,0.0508964361,True,0,8.4336,not_30pct_above_52w_low
2017-02-28,2017-02-27,TQQQ,QQQ,orange,orange,3,0,0.1428874689,0.1045910221,0.1245470678,0.030395838,0.0504390934,True,0,8.7433,not_30pct_above_52w_low
2017-03-01,2017-02-28,TQQQ,QQQ,orange,orange,4,0,0.1412560556,0.0976813194,0.1194662013,0.0295826853,0.0455057089,True,0,6.9321,not_30pct_above_52w_low
2017-03-02,2017-03-01,TQQQ,QQQ,orange,orange,5,0,0.1494044126,0.1121967334,0.1301433358,0.0266520173,0.0549903236,True,0,10.8025,not_30pct_above_52w_low
2017-03-03,2017-03-02,TQQQ,QQQ,orange,orange,6,0,0.146094143,0.1027975619,0.128134577,0.0271859435,0.0478125051,True,0,7.214,not_30pct_above_52w_low
2017-03-06,2017-03-03,TQQQ,QQQ,orange,orange,7,0,0.1553349316,0.1183616196,0.1313698724,0.0338171796,0.0479002918,True,0,5.8537,not_30pct_above_52w_low
2017-03-07,2017-03-06,TQQQ,QQQ,orange,orange,8,0,0.1626073789,0.1355032546,0.125964334,0.0415099753,0.0438808453,True,0,6.5058,not_30pct_above_52w_low
2017-03-08,2017-03-07,TQQQ,QQQ,orange,orange,9,0,0.1632620816,0.1313392495,0.1204226595,0.0444445062,0.0404541575,True,0,5.915,not_30pct_above_52w_low
2017-03-09,2017-03-08,TQQQ,QQQ,orange,orange,10,0,0.1596874783,0.124585337,0.1154448666,0.0462214195,0.0405259926,True,0,6.486,not_30pct_above_52w_low
2017-03-10,2017-03-09,TQQQ,QQQ,orange,orange,11,0,0.1586368513,0.1227494006,0.1156350695,0.0457057655,0.0395611968,True,0,7.4351,not_30pct_above_52w_low
2017-03-13,2017-03-10,TQQQ,QQQ,orange,orange,12,0,0.1592784771,0.1133704421,0.1269188722,0.0480207887,0.0421804039,True,0,8.7559,not_30pct_above_52w_low
2017-03-14,2017-03-13,TQQQ,QQQ,green,green,1,0,0.1642795594,0.1132596123,0.157944863,0.0498396656,0.041986662,True,1,5.7993,
2017-03-15,2017-03-14,TQQQ,QQQ,orange,orange,1,0,0.1633021576,0.1019101742,0.1347730101,0.0507277432,0.0375506456,True,0,9.0075,not_30pct_above_52w_low
2017-03-16,2017-03-15,TQQQ,QQQ,green,green,1,0,0.1746417616,0.1137411808,0.1520736265,0.0492574899,0.041709277,True,1,11.0307,
2017-03-17,2017-03-16,TQQQ,QQQ,green,green,2,0,0.1628277922,0.0991232176,0.1458226845,0.0441839406,0.0389561715,True,2,6.716,
2017-03-20,2017-03-17,TQQQ,QQQ,green,green,3,0,0.1554949495,0.1010246623,0.1278967763,0.0401270795,0.0366724453,True,3,6.0873,
2017-03-21,2017-03-20,TQQQ,QQQ,green,green,4,0,0.1547951144,0.1002887869,0.1294633777,0.0428065538,0.0357920603,True,4,6.3432,
2017-03-22,2017-03-21,TQQQ,QQQ,orange,orange,1,0,0.1463637638,0.0876254924,0.1171833327,0.0413807363,0.0187732546,True,0,15.453,not_30pct_above_52w_low
2017-03-23,2017-03-22,TQQQ,QQQ,orange,orange,2,0,0.1510140254,0.0905305349,0.1226418954,0.0445775921,0.0242946789,True,0,12.0194,not_30pct_above_52w_low
2017-03-24,2017-03-23,TQQQ,QQQ,orange,orange,3,0,0.1437814183,0.0836262416,0.1089076502,0.0426123762,0.0204265724,True,0,9.8668,not_30pct_above_52w_low
2017-03-27,2017-03-24,TQQQ,QQQ,orange,orange,4,0,0.1434325637,0.0866818898,0.1024333176,0.0432326454,0.0212679212,True,0,8.6815,not_30pct_above_52w_low
2017-03-28,2017-03-27,TQQQ,QQQ,orange,orange,5,0,0.1458452756,0.0915094031,0.1112975857,0.046726713,0.0215751757,True,0,12.708,not_30pct_above_52w_low
2017-03-29,2017-03-28,TQQQ,QQQ,green,green,1,0,0.1503225611,0.0974524295,0.1275256056,0.0457244762,0.0264211904,True,1,14.4502,
2017-03-30,2017-03-29,TQQQ,QQQ,green,green,2,0,0.1489780319,0.0968804005,0.1216624324,0.047540171,0.0296178772,True,2,8.3963,
2017-03-31,2017-03-30,TQQQ,QQQ,green,green,3,0,0.1532881451,0.1073200902,0.1216349482,0.0475423248,0.0297776507,True,3,9.2716,
2017-04-03,2017-03-31,TQQQ,QQQ,green,green,4,0,0.1547307252,0.1081391197,0.1290534161,0.0490147905,0.0275356081,True,4,9.4626,
2017-04-04,2017-04-03,TQQQ,QQQ,green,green,5,0,0.1588816067,0.1189667878,0.1200071334,0.0540947352,0.0254331847,True,5,11.2515,
2017-04-05,2017-04-04,TQQQ,QQQ,green,green,6,0,0.1554866543,0.1108049652,0.1233936466,0.0529646714,0.0255641538,True,6,5.6799,
2017-04-06,2017-04-05,TQQQ,QQQ,green,green,7,0,0.1513058439,0.1002948928,0.1205165593,0.0511259798,0.0201137139,True,7,12.7043,
2017-04-07,2017-04-06,TQQQ,QQQ,green,green,8,0,0.1442686833,0.0946854202,0.1171471222,0.0436476457,0.0195717994,True,8,10.685,
2017-04-10,2017-04-07,TQQQ,QQQ,green,green,9,0,0.1404572487,0.084593387,0.1171191469,0.0413571498,0.0179826693,True,9,7.1973,
2017-04-11,2017-04-10,TQQQ,QQQ,green,green,10,0,0.1380052932,0.0814568832,0.1199951178,0.0372578004,0.0173512199,True,10,8.3844,
2017-04-12,2017-04-11,TQQQ,QQQ,green,early_thaw,11,0,0.1311511897,0.0744158285,0.1081437784,0.0315460677,0.0118842092,True,11,14.6057,
2017-04-13,2017-04-12,TQQQ,QQQ,orange,orange,1,0,0.1312121466,0.0672110836,0.1196414238,0.0322484726,0.0067801581,True,0,11.4996,not_30pct_above_52w_low
2017-04-17,2017-04-13,TQQQ,QQQ,orange,orange,2,0,0.1288789685,0.0646178856,0.1161439888,0.033240769,0.0019752014,True,0,10.2412,not_30pct_above_52w_low
2017-04-18,2017-04-17,TQQQ,QQQ,green,early_thaw,1,0,0.132650985,0.0697746263,0.1294282261,0.0318305631,0.0092781456,True,1,6.2071,
2017-04-19,2017-04-18,TQQQ,QQQ,orange,orange,1,0,0.1326583152,0.0713661888,0.1263622442,0.032752721,0.0068368549,True,0,8.6457,not_30pct_above_52w_low
2017-04-20,2017-04-19,TQQQ,QQQ,green,early_thaw,1,0,0.1335846316,0.0708995854,0.1312542896,0.0349159857,0.0075324191,True,1,9.8406,
2017-04-21,2017-04-20,TQQQ,QQQ,green,green,2,0,0.1376387842,0.0803853601,0.1306523883,0.0331912963,0.0149404739,True,2,14.4426,
2017-04-24,2017-04-21,TQQQ,QQQ,green,early_thaw,3,0,0.137946932,0.0777747766,0.130493043,0.0378952403,0.0137299548,True,3,9.4545,
2017-04-25,2017-04-24,TQQQ,QQQ,green,green,4,0,0.1448700875,0.0898987918,0.1454980834,0.0370377275,0.0247951416,True,4,10.8945,
2017-04-26,2017-04-25,TQQQ,QQQ,green,green,5,0,0.1445754404,0.0904420888,0.1494838063,0.0369912204,0.0309428854,True,5,11.8853,
2017-04-27,2017-04-26,TQQQ,QQQ,green,early_thaw,6,0,0.1358561813,0.0780571486,0.1342359128,0.0326503734,0.0283783727,True,6,16.1791,
2017-04-28,2017-04-27,TQQQ,QQQ,green,green,7,0,0.1412475175,0.0834048043,0.1446811428,0.036864217,0.0333714561,True,7,10.8315,
2017-05-01,2017-04-28,TQQQ,QQQ,green,green,8,0,0.1453419054,0.0832494911,0.1545511859,0.0410753652,0.0341012791,True,8,12.9375,
2017-05-02,2017-05-01,TQQQ,QQQ,green,green,9,0,0.157718492,0.1014691724,0.1701625862,0.0500782367,0.0420005523,True,9,12.5146,
2017-05-03,2017-05-02,TQQQ,QQQ,green,green,10,0,0.1623936978,0.1055301765,0.1795316642,0.0534981824,0.0424983216,True,10,11.7666,
2017-05-04,2017-05-03,TQQQ,QQQ,green,green,11,0,0.1553082272,0.0944345676,0.1768603128,0.0475764433,0.0380876538,True,11,14.191,
2017-05-05,2017-05-04,TQQQ,QQQ,green,green,12,0,0.1589335652,0.095795008,0.1862125197,0.0478892211,0.0373957348,True,12,14.0166,
2017-05-08,2017-05-05,TQQQ,QQQ,green,green,13,0,0.1630239685,0.0966429219,0.2001532281,0.0505860845,0.0399526374,True,13,10.6367,
2017-05-09,2017-05-08,TQQQ,QQQ,green,green,14,0,0.1678450821,0.0977242071,0.2146875917,0.0540914105,0.0409848087,True,14,12.0277,
2017-05-10,2017-05-09,TQQQ,QQQ,green,green,15,0,0.1711213809,0.0975355579,0.2232087294,0.0577589957,0.0433229825,True,15,15.028,
2017-05-11,2017-05-10,TQQQ,QQQ,green,green,16,0,0.1640215414,0.0963467348,0.1955136464,0.0550450947,0.0425655765,True,16,11.1708,
2017-05-12,2017-05-11,TQQQ,QQQ,green,green,17,0,0.1609393698,0.0915064884,0.1868116348,0.0566926976,0.0406206883,True,17,12.3816,
2017-05-15,2017-05-12,TQQQ,QQQ,green,green,18,0,0.163661874,0.0903461852,0.1840120031,0.063612984,0.041684521,True,18,11.6845,
2017-05-16,2017-05-15,TQQQ,QQQ,green,green,19,0,0.1696306774,0.0876598579,0.2072678566,0.0679592573,0.0436908068,True,19,13.9698,
2017-05-17,2017-05-16,TQQQ,QQQ,green,green,20,0,0.1724097708,0.0885427079,0.2117800983,0.0722562031,0.0466047394,True,20,15.7217,
2017-05-18,2017-05-17,TQQQ,QQQ,green,early_thaw,21,0,0.1541277115,0.0546293017,0.1930231163,0.0662968967,0.0191027117,True,21,26.4443,
2017-05-19,2017-05-18,TQQQ,QQQ,green,early_thaw,22,0,0.1581600802,0.0641817184,0.1869923469,0.0696124688,0.0269705463,True,22,23.2755,
2017-05-22,2017-05-19,TQQQ,QQQ,green,early_thaw,23,0,0.1557294695,0.0640676306,0.1849720814,0.062876896,0.0301888122,True,23,14.2544,
2017-05-23,2017-05-22,TQQQ,QQQ,green,early_thaw,24,0,0.1582040588,0.0677585172,0.1863197445,0.0658606478,0.0376362722,True,24,13.1201,
2017-05-24,2017-05-23,TQQQ,QQQ,green,early_thaw,25,0,0.1589021064,0.0684245283,0.1919682928,0.064804901,0.0374726649,True,25,13.8577,
2017-05-25,2017-05-24,TQQQ,QQQ,green,early_thaw,26,0,0.1608925927,0.0773839345,0.185126516,0.0678770758,0.0408841461,True,26,13.2495,
2017-05-26,2017-05-25,TQQQ,QQQ,green,green,27,0,0.1661885237,0.0844712687,0.1915975364,0.0714409737,0.0483183376,True,27,18.3226,
2017-05-30,2017-05-26,TQQQ,QQQ,green,green,28,0,0.1708122041,0.0850612607,0.1985489269,0.0763580515,0.0486979603,True,28,11.5354,
2017-05-31,2017-05-30,TQQQ,QQQ,green,green,29,0,0.1773996553,0.0893240609,0.1957306724,0.0793898071,0.0480869542,True,29,11.6301,
2017-06-01,2017-05-31,TQQQ,QQQ,green,early_thaw,30,0,0.1704826361,0.0771747456,0.1980302333,0.0785644669,0.0462450821,True,30,20.3942,
2017-06-02,2017-06-01,TQQQ,QQQ,green,green,31,0,0.1736788234,0.0868255107,0.1985485235,0.0723412605,0.0484503242,True,31,15.7801,
2017-06-05,2017-06-02,TQQQ,QQQ,green,green,32,0,0.186901675,0.0972251047,0.2270944453,0.0835871739,0.0584272345,True,32,18.3343,
2017-06-06,2017-06-05,TQQQ,QQQ,green,green,33,0,0.191160545,0.0994288788,0.24840507,0.087537233,0.0561685832,True,33,11.3287,
2017-06-07,2017-06-06,TQQQ,QQQ,green,green,34,0,0.1879244719,0.0969052337,0.2409719439,0.0843845783,0.0500795233,True,34,16.9128,
2017-06-08,2017-06-07,TQQQ,QQQ,green,green,35,0,0.1891589925,0.0992677025,0.2362203397,0.085264073,0.0522498578,True,35,17.9063,
2017-06-09,2017-06-08,TQQQ,QQQ,green,green,36,0,0.1891052169,0.099576727,0.2345491112,0.0858998514,0.0515099376,True,36,20.4144,
2017-06-12,2017-06-09,TQQQ,QQQ,green,early_thaw,37,0,0.1566384189,0.0675938052,0.1886273868,0.0579251206,0.0240569365,True,37,47.6994,
2017-06-13,2017-06-12,TQQQ,QQQ,green,early_thaw,38,0,0.1486568655,0.0600987901,0.1801651681,0.0512014394,0.0175639477,True,38,33.4384,
2017-06-14,2017-06-13,TQQQ,QQQ,green,early_thaw,39,0,0.1549139554,0.0713073757,0.180484497,0.0538480558,0.0246273305,True,39,26.0052,
2017-06-15,2017-06-14,TQQQ,QQQ,green,early_thaw,40,0,0.1521964021,0.0601112016,0.1806895014,0.0528399775,0.0190658993,True,40,28.1965,
2017-06-16,2017-06-15,TQQQ,QQQ,green,early_thaw,41,0,0.1427262093,0.0561274139,0.1608141614,0.0461244994,0.013566048,True,41,28.2457,
2017-06-19,2017-06-16,TQQQ,QQQ,green,early_thaw,42,0,0.1380497207,0.0519126117,0.1581817281,0.0390997858,0.0082057753,True,42,18.5557,
2017-06-20,2017-06-19,TQQQ,QQQ,green,early_thaw,43,0,0.1523283819,0.0685275167,0.1756888452,0.0481132883,0.0237517326,True,43,22.9957,
2017-06-21,2017-06-20,TQQQ,QQQ,green,early_thaw,44,0,0.1530996889,0.0764936946,0.1708219847,0.0486403925,0.0145884051,True,44,17.4092,
2017-06-22,2017-06-21,TQQQ,QQQ,green,early_thaw,45,0,0.159079418,0.0798332599,0.1775911426,0.056679378,0.0232825451,True,45,17.4251,
2017-06-23,2017-06-22,TQQQ,QQQ,green,green,46,0,0.1594052005,0.0822591627,0.1727644289,0.0567525292,0.021564845,True,46,14.2519,
2017-06-26,2017-06-23,TQQQ,QQQ,green,green,47,0,0.1612789672,0.0841672562,0.1781449229,0.0578313972,0.0238979852,True,47,14.4837,
2017-06-27,2017-06-26,TQQQ,QQQ,green,early_thaw,48,0,0.1563451696,0.0773694026,0.1759588335,0.0511263807,0.0175595659,True,48,21.9571,
2017-06-28,2017-06-27,TQQQ,QQQ,orange,orange,1,0,0.1386249133,0.0513984543,0.153859788,0.039831132,-0.0018960077,True,0,28.2897,signal_trend_template_failed|close_below_50ma
2017-06-29,2017-06-28,TQQQ,QQQ,green,early_thaw,1,0,0.1451823311,0.0616364385,0.1644882018,0.0429619928,0.0111631124,True,1,24.7255,
2017-06-30,2017-06-29,TQQQ,QQQ,orange,orange,1,0,0.1338736108,0.041480185,0.1532519324,0.0342515263,-0.0073105352,True,0,44.9595,signal_trend_template_failed|close_below_50ma
2017-07-03,2017-06-30,TQQQ,QQQ,orange,orange,2,0,0.13435589,0.0425666433,0.1553088824,0.0327353513,-0.0077247015,True,0,19.0805,signal_trend_template_failed|close_below_50ma
2017-07-05,2017-07-03,TQQQ,QQQ,orange,orange,3,0,0.1254540312,0.0322070213,0.155005375,0.0211428986,-0.0187428938,True,0,15.3739,signal_trend_template_failed|not_30pct_above_52w_low|close_below_50ma
2017-07-06,2017-07-05,TQQQ,QQQ,orange,orange,4,0,0.1325276863,0.040711175,0.1560271405,0.0281855213,-0.0096208494,True,0,22.0748,signal_trend_template_failed|close_below_50ma
2017-07-07,2017-07-06,TQQQ,QQQ,orange,orange,5,0,0.1263133339,0.0355483266,0.1394085351,0.0285467141,-0.0187660699,True,0,20.039,signal_trend_template_failed|not_30pct_above_52w_low|close_below_50ma
2017-07-10,2017-07-07,TQQQ,QQQ,orange,orange,6,0,0.1326796607,0.0461628736,0.145219245,0.0317572834,-0.0086374117,True,0,17.3973,signal_trend_template_failed|not_30pct_above_52w_low|close_below_50ma
2017-07-11,2017-07-10,TQQQ,QQQ,orange,orange,7,0,0.1374299607,0.0535559026,0.1426797647,0.0363417347,-0.0026315179,True,0,18.255,signal_trend_template_failed|not_30pct_above_52w_low|close_below_50ma
2017-07-12,2017-07-11,TQQQ,QQQ,orange,orange,8,0,0.139467048,0.0561192073,0.1421473862,0.038018278,-0.0003192526,True,0,21.6928,signal_trend_template_failed|not_30pct_above_52w_low|close_below_50ma
2017-07-13,2017-07-12,TQQQ,QQQ,orange,orange,9,0,0.1493282278,0.0732852558,0.1531546673,0.0432723987,0.0109799769,True,0,21.7896,not_30pct_above_52w_low
2017-07-14,2017-07-13,TQQQ,QQQ,orange,orange,10,0,0.1492130624,0.0800042148,0.1525924683,0.0419256081,0.0126320069,True,0,19.0528,not_30pct_above_52w_low
2017-07-17,2017-07-14,TQQQ,QQQ,orange,orange,11,0,0.1575381254,0.0928461234,0.1634635292,0.0441481684,0.0197969191,True,0,18.0423,not_30pct_above_52w_low
2017-07-18,2017-07-17,TQQQ,QQQ,orange,orange,12,0,0.1557104164,0.0844036051,0.1600674613,0.0457479481,0.0194918331,True,0,21.4709,not_30pct_above_52w_low
2017-07-19,2017-07-18,TQQQ,QQQ,orange,orange,13,0,0.164541837,0.0933117683,0.1713372623,0.0523845924,0.0254247386,True,0,18.3125,not_30pct_above_52w_low
2017-07-20,2017-07-19,TQQQ,QQQ,orange,orange,14,0,0.1683860392,0.0979712098,0.1758169133,0.0522015243,0.0304804016,True,0,23.0896,not_30pct_above_52w_low
2017-07-21,2017-07-20,TQQQ,QQQ,orange,orange,15,0,0.1664561465,0.0902988779,0.1779429458,0.0521526256,0.0309214146,True,0,24.1161,not_30pct_above_52w_low
2017-07-24,2017-07-21,TQQQ,QQQ,orange,orange,16,0,0.1670193796,0.0900917429,0.1748733847,0.0516861039,0.0295965699,True,0,19.2963,not_30pct_above_52w_low
2017-07-25,2017-07-24,TQQQ,QQQ,orange,orange,17,0,0.1682575918,0.0820247119,0.1792974262,0.0558738838,0.0332995338,True,0,19.9564,not_30pct_above_52w_low
2017-07-26,2017-07-25,TQQQ,QQQ,orange,orange,18,0,0.1622785559,0.071511515,0.1684212546,0.050596568,0.0297507344,True,0,21.0398,not_30pct_above_52w_low
2017-07-27,2017-07-26,TQQQ,QQQ,orange,orange,19,0,0.1646407952,0.0765129606,0.1605424927,0.0546528562,0.0321888111,True,0,13.6608,not_30pct_above_52w_low
2017-07-28,2017-07-27,TQQQ,QQQ,orange,orange,20,0,0.1504337421,0.0633688765,0.1520589495,0.0442984842,0.0250161049,True,0,41.8308,not_30pct_above_52w_low
2017-07-31,2017-07-28,TQQQ,QQQ,orange,orange,21,0,0.1466153841,0.0606067369,0.148901708,0.0408209948,0.0229752656,True,0,15.4514,not_30pct_above_52w_low
2017-08-01,2017-07-31,TQQQ,QQQ,orange,orange,22,0,0.1399762644,0.0467945866,0.153011967,0.0353079742,0.0177190924,True,0,19.3216,not_30pct_above_52w_low
2017-08-02,2017-08-01,TQQQ,QQQ,orange,orange,23,0,0.1459196328,0.0474498494,0.1579874169,0.0400702299,0.0191808749,True,0,13.4067,not_30pct_above_52w_low
2017-08-03,2017-08-02,TQQQ,QQQ,orange,orange,24,0,0.1474214473,0.0536696775,0.153172518,0.0407440022,0.0211776102,True,0,24.3714,not_30pct_above_52w_low
2017-08-04,2017-08-03,TQQQ,QQQ,orange,orange,25,0,0.147407786,0.0491873559,0.1496942671,0.0421402661,0.0165371863,True,0,15.8738,not_30pct_above_52w_low
2017-08-07,2017-08-04,TQQQ,QQQ,orange,orange,26,0,0.1441273479,0.0472683129,0.1484793826,0.0419394921,0.0177666966,True,0,15.683,not_30pct_above_52w_low
2017-08-08,2017-08-07,TQQQ,QQQ,orange,orange,27,0,0.1464003902,0.0516099453,0.1543776933,0.042872549,0.02363852,True,0,12.243,not_30pct_above_52w_low
2017-08-09,2017-08-08,TQQQ,QQQ,orange,orange,28,0,0.1407639198,0.0461472124,0.1481837644,0.0394270345,0.0213654595,True,0,23.1072,not_30pct_above_52w_low
2017-08-10,2017-08-09,TQQQ,QQQ,orange,orange,29,0,0.1398585442,0.044166105,0.1447680998,0.0388988695,0.0195638624,True,0,21.9521,not_30pct_above_52w_low
2017-08-11,2017-08-10,TQQQ,QQQ,orange,orange,30,0,0.1204641422,0.0225913989,0.1161651469,0.0294425487,-0.0023131604,True,0,33.8483,signal_trend_template_failed|not_30pct_above_52w_low|close_below_50ma
2017-08-14,2017-08-11,TQQQ,QQQ,orange,orange,31,0,0.1249432658,0.0280460045,0.1209260392,0.0339667038,0.0051648589,True,0,22.3077,not_30pct_above_52w_low
2017-08-15,2017-08-14,TQQQ,QQQ,orange,orange,32,0,0.1330558171,0.0379898666,0.1289799108,0.0396816946,0.017985659,True,0,21.0218,not_30pct_above_52w_low
2017-08-16,2017-08-15,TQQQ,QQQ,orange,orange,33,0,0.1301165768,0.0343961237,0.1259843576,0.0381447079,0.0185500678,True,0,15.9449,not_30pct_above_52w_low
2017-08-17,2017-08-16,TQQQ,QQQ,orange,orange,34,0,0.140876238,0.0632253158,0.1213085724,0.0415453001,0.0200571362,True,0,21.9594,not_30pct_above_52w_low
2017-08-18,2017-08-17,TQQQ,QQQ,orange,orange,35,0,0.1211142382,0.0324567397,0.0987215875,0.0324969882,-0.0005591688,True,0,32.9953,signal_trend_template_failed|not_30pct_above_52w_low|close_below_50ma
2017-08-21,2017-08-18,TQQQ,QQQ,orange,orange,36,0,0.1213425792,0.0273855297,0.0932076863,0.0360015847,-0.0009905465,True,0,26.9223,signal_trend_template_failed|not_30pct_above_52w_low|close_below_50ma
2017-08-22,2017-08-21,TQQQ,QQQ,orange,orange,37,0,0.1191524295,0.0175124905,0.0864576281,0.0357776785,-0.0024686836,True,0,17.8977,signal_trend_template_failed|not_30pct_above_52w_low|close_below_50ma
2017-08-23,2017-08-22,TQQQ,QQQ,orange,orange,38,0,0.1299498141,0.0319832018,0.1025961656,0.0411530462,0.0121143343,True,0,20.3769,not_30pct_above_52w_low
2017-08-24,2017-08-23,TQQQ,QQQ,orange,orange,39,0,0.1255545053,0.0235994475,0.1028096001,0.0407545756,0.0081227939,True,0,17.9714,not_30pct_above_52w_low
2017-08-25,2017-08-24,TQQQ,QQQ,orange,orange,40,0,0.1189786943,0.0119715807,0.097454104,0.0379898128,0.0047444893,True,0,20.5991,not_30pct_above_52w_low
2017-08-28,2017-08-25,TQQQ,QQQ,orange,orange,41,0,0.1126896027,0.0080497865,0.0937957722,0.0321919955,0.002169881,True,0,19.5004,not_30pct_above_52w_low
2017-08-29,2017-08-28,TQQQ,QQQ,orange,orange,42,0,0.1156943656,0.0103156932,0.1005611937,0.0348845305,0.0046718315,True,0,14.0687,not_30pct_above_52w_low
2017-08-30,2017-08-29,TQQQ,QQQ,orange,orange,43,0,0.1155633881,0.0146477314,0.0929529119,0.0381621672,0.0082655125,True,0,18.3013,not_30pct_above_52w_low
2017-08-31,2017-08-30,TQQQ,QQQ,orange,orange,44,0,0.1269256586,0.0225893906,0.1113762367,0.0484996555,0.0193527006,True,0,23.6346,not_30pct_above_52w_low
2017-09-01,2017-08-31,TQQQ,QQQ,orange,orange,45,0,0.1266378975,0.0218749929,0.1212268961,0.0477398934,0.0294829505,True,0,24.2896,not_30pct_above_52w_low
2017-09-05,2017-09-01,TQQQ,QQQ,orange,orange,46,0,0.1252027875,0.0206909123,0.1221770654,0.042974614,0.0273078264,True,0,16.2316,not_30pct_above_52w_low
2017-09-06,2017-09-05,TQQQ,QQQ,orange,orange,47,0,0.1207379511,0.0155693998,0.1139833899,0.0412521392,0.0175965324,True,0,28.7531,not_30pct_above_52w_low
2017-09-07,2017-09-06,TQQQ,QQQ,orange,orange,48,0,0.1208016954,0.0146799337,0.1154048795,0.0392360933,0.02003797,True,0,19.1999,not_30pct_above_52w_low
2017-09-08,2017-09-07,TQQQ,QQQ,orange,orange,49,0,0.1218405102,0.0159939654,0.1171633191,0.0412535807,0.0213592907,True,0,16.7022,not_30pct_above_52w_low
2017-09-11,2017-09-08,TQQQ,QQQ,orange,orange,50,0,0.1253506503,0.033025359,0.1028514738,0.0448505008,0.0119175726,True,0,18.2011,not_30pct_above_52w_low
2017-09-12,2017-09-11,TQQQ,QQQ,orange,orange,51,0,0.1353959472,0.0505449501,0.1136814306,0.0481186671,0.0223777455,True,0,19.379,not_30pct_above_52w_low
2017-09-13,2017-09-12,TQQQ,QQQ,orange,orange,52,0,0.1341937511,0.0445876937,0.1190745008,0.0453803253,0.0235996823,True,0,16.8248,not_30pct_above_52w_low
2017-09-14,2017-09-13,TQQQ,QQQ,green,early_thaw,1,0,0.136517793,0.0505826395,0.1137344243,0.048858073,0.023534118,True,1,11.875,
2017-09-15,2017-09-14,TQQQ,QQQ,orange,orange,1,0,0.131896623,0.0490659005,0.1079472566,0.0429516178,0.0163808255,True,0,16.6454,not_30pct_above_52w_low
2017-09-18,2017-09-15,TQQQ,QQQ,orange,orange,2,0,0.1387700728,0.0572560214,0.1121409428,0.0473112369,0.0184823733,True,0,18.0766,not_30pct_above_52w_low
2017-09-19,2017-09-18,TQQQ,QQQ,orange,orange,3,0,0.1291147892,0.0385067356,0.1096730233,0.0388376104,0.0159993182,True,0,20.8184,not_30pct_above_52w_low
2017-09-20,2017-09-19,TQQQ,QQQ,orange,orange,4,0,0.1400323386,0.048501439,0.1287051878,0.0429773729,0.0166877874,True,0,13.0096,not_30pct_above_52w_low
2017-09-21,2017-09-20,TQQQ,QQQ,orange,orange,5,0,0.1276658393,0.0350165292,0.1176452728,0.0319326885,0.0126175828,True,0,24.3122,not_30pct_above_52w_low
2017-09-22,2017-09-21,TQQQ,QQQ,orange,orange,6,0,0.1225430297,0.0289710646,0.1136133628,0.0284906304,0.0058470718,True,0,18.8634,not_30pct_above_52w_low
2017-09-25,2017-09-22,TQQQ,QQQ,orange,orange,7,0,0.1174357528,0.0240436679,0.1102346137,0.0234085358,0.0043659984,True,0,13.7797,not_30pct_above_52w_low
2017-09-26,2017-09-25,TQQQ,QQQ,orange,orange,8,0,0.1068962868,0.0180150246,0.0967782389,0.0147297686,-0.0063491514,True,0,29.0964,signal_trend_template_failed|not_30pct_above_52w_low|close_below_50ma
2017-09-27,2017-09-26,TQQQ,QQQ,orange,orange,9,0,0.1156733991,0.0395083776,0.0929375014,0.0209424369,-0.0039534807,True,0,20.5554,signal_trend_template_failed|not_30pct_above_52w_low|close_below_50ma
2017-09-28,2017-09-27,TQQQ,QQQ,orange,orange,10,0,0.115499553,0.0339685289,0.0976986665,0.0219829729,0.0047932172,True,0,24.7227,not_30pct_above_52w_low
2017-09-29,2017-09-28,TQQQ,QQQ,orange,orange,11,0,0.1220434237,0.0518642366,0.0954957597,0.0253502718,0.0043408696,True,0,14.3047,not_30pct_above_52w_low
2017-10-02,2017-09-29,TQQQ,QQQ,orange,orange,12,0,0.1282340369,0.0590549639,0.1041353788,0.0295212737,0.0113495679,True,0,19.9749,not_30pct_above_52w_low
2017-10-03,2017-10-02,TQQQ,QQQ,orange,orange,13,0,0.1331175513,0.0712875293,0.1057905095,0.031730989,0.0120022631,True,0,20.9292,not_30pct_above_52w_low
2017-10-04,2017-10-03,TQQQ,QQQ,orange,orange,14,0,0.1294184649,0.0631084654,0.1063888602,0.0273672279,0.0139548828,True,0,14.3301,not_30pct_above_52w_low
2017-10-05,2017-10-04,TQQQ,QQQ,green,early_thaw,1,0,0.134120491,0.0738104388,0.111982603,0.0275569201,0.0146536679,True,1,20.6456,
2017-10-06,2017-10-05,TQQQ,QQQ,green,early_thaw,2,0,0.1369441481,0.072755295,0.1222767621,0.0296671088,0.02417625,True,2,22.2152,
2017-10-09,2017-10-06,TQQQ,QQQ,green,early_thaw,3,0,0.135185889,0.0672377875,0.1243946705,0.0296452066,0.024993561,True,3,20.3258,
2017-10-10,2017-10-09,TQQQ,QQQ,green,early_thaw,4,0,0.1325432891,0.0630188575,0.1226746331,0.0275450042,0.0232502702,True,4,16.2392,
2017-10-11,2017-10-10,TQQQ,QQQ,green,early_thaw,5,0,0.1274439305,0.0513365097,0.1283839747,0.0241366361,0.0233484751,True,5,16.9603,
2017-10-12,2017-10-11,TQQQ,QQQ,green,early_thaw,6,0,0.1281477068,0.0521524689,0.136329101,0.0249379212,0.0257172492,True,6,14.2546,
2017-10-13,2017-10-12,TQQQ,QQQ,green,early_thaw,7,0,0.1238386089,0.04203145,0.1387800306,0.02158205,0.0232604212,True,7,15.6931,
2017-10-16,2017-10-13,TQQQ,QQQ,green,early_thaw,8,0,0.1245223715,0.0455349915,0.133781914,0.0234812827,0.0264589444,True,8,11.719,
2017-10-17,2017-10-16,TQQQ,QQQ,green,early_thaw,9,0,0.1256935879,0.0421673655,0.1394138452,0.0226168849,0.0292031641,True,9,13.828,
2017-10-18,2017-10-17,TQQQ,QQQ,green,early_thaw,10,0,0.1243114398,0.0374094057,0.1390456602,0.0223387218,0.0298335149,True,10,14.6328,
2017-10-19,2017-10-18,TQQQ,QQQ,green,early_thaw,11,0,0.1184634629,0.0347913576,0.128231856,0.0177896805,0.0278989282,True,11,14.0222,
2017-10-20,2017-10-19,TQQQ,QQQ,green,early_thaw,12,0,0.1148243114,0.0313969257,0.1243172723,0.012582985,0.0234643493,True,12,19.3235,
2017-10-23,2017-10-20,TQQQ,QQQ,green,early_thaw,13,0,0.1100616039,0.0294642057,0.1139057105,0.0079369646,0.0250946698,True,13,16.0562,
2017-10-24,2017-10-23,TQQQ,QQQ,green,early_thaw,14,0,0.1047524892,0.0253696232,0.0986953583,0.0064388749,0.0175732431,True,14,14.55,
2017-10-25,2017-10-24,TQQQ,QQQ,green,early_thaw,15,0,0.1036154133,0.0237723439,0.1021041969,0.0041421084,0.0186814377,True,15,14.0092,
2017-10-26,2017-10-25,TQQQ,QQQ,green,early_thaw,16,0,0.1027885894,0.026344672,0.0913829808,0.0063326454,0.0143076756,True,16,20.9659,
2017-10-27,2017-10-26,TQQQ,QQQ,green,early_thaw,17,0,0.0982121253,0.0239273892,0.0859842871,0.0005413639,0.0106580539,True,17,16.9468,
2017-10-30,2017-10-27,TQQQ,QQQ,green,early_thaw,18,0,0.1226171011,0.0582352322,0.1077549124,0.0228914953,0.038632149,True,18,37.3918,
2017-10-31,2017-10-30,TQQQ,QQQ,green,early_thaw,19,0,0.1240943705,0.0581764725,0.1083867868,0.0287594561,0.0394453379,True,19,24.5988,
2017-11-01,2017-10-31,TQQQ,QQQ,green,early_thaw,20,0,0.1265480252,0.059277564,0.1161286493,0.030808583,0.0417242734,True,20,15.498,
2017-11-02,2017-11-01,TQQQ,QQQ,green,early_thaw,21,0,0.12667585,0.0630649179,0.1153542704,0.0301006893,0.0400694177,True,21,21.3572,
2017-11-03,2017-11-02,TQQQ,QQQ,green,early_thaw,22,0,0.1233301885,0.0591184851,0.109181229,0.0275260594,0.0367494884,True,22,23.4785,
2017-11-06,2017-11-03,TQQQ,QQQ,green,early_thaw,23,0,0.1269825737,0.0625723979,0.1174117012,0.030661157,0.0451056987,True,23,22.7971,
2017-11-07,2017-11-06,TQQQ,QQQ,green,early_thaw,24,0,0.1284816117,0.0680243017,0.1173106459,0.0310579209,0.0469191346,True,24,20.2126,
2017-11-08,2017-11-07,TQQQ,QQQ,green,early_thaw,25,0,0.1301532203,0.0700587758,0.117319104,0.0332421147,0.0458546369,True,25,24.8285,
2017-11-09,2017-11-08,TQQQ,QQQ,green,green,26,0,0.1445829424,0.097909414,0.1227127235,0.0407546838,0.0483808835,True,26,18.5505,
2017-11-10,2017-11-09,TQQQ,QQQ,green,green,27,0,0.1353865975,0.0839294342,0.114329324,0.0339904896,0.0415622272,True,27,43.2569,
2017-11-13,2017-11-10,TQQQ,QQQ,green,early_thaw,28,0,0.1295253939,0.0700777881,0.1107299006,0.0333691223,0.0403941078,True,28,17.6046,
2017-11-14,2017-11-13,TQQQ,QQQ,green,early_thaw,29,0,0.129177704,0.0706573273,0.1074837892,0.0317519184,0.0405268359,True,29,19.9714,
2017-11-15,2017-11-14,TQQQ,QQQ,green,early_thaw,30,0,0.1313171321,0.0649127688,0.1322422149,0.0334605922,0.0354888682,True,30,23.9424,
2017-11-16,2017-11-15,TQQQ,QQQ,green,green,31,0,0.1354957491,0.0820351639,0.1171544976,0.034628665,0.0295440363,True,31,20.9124,
2017-11-17,2017-11-16,TQQQ,QQQ,green,green,32,0,0.1443803132,0.0966381417,0.1266701581,0.0396400405,0.0413813691,True,32,21.7452,
2017-11-20,2017-11-17,TQQQ,QQQ,green,green,33,0,0.1406263166,0.0938458297,0.1130017945,0.0383659635,0.0360017507,True,33,18.4433,
2017-11-21,2017-11-20,TQQQ,QQQ,green,early_thaw,34,0,0.1327688657,0.0765827467,0.11101531,0.033101944,0.0340421147,True,34,13.2797,
2017-11-22,2017-11-21,TQQQ,QQQ,green,green,35,0,0.1408965452,0.0921610708,0.1179354687,0.0365172031,0.043921073,True,35,19.358,
2017-11-24,2017-11-22,TQQQ,QQQ,green,green,36,0,0.1414134167,0.0967231498,0.1098526595,0.0380334183,0.0438527951,True,36,16.5161,
2017-11-27,2017-11-24,TQQQ,QQQ,green,green,37,0,0.1447347455,0.1030643727,0.1119438054,0.0411613229,0.046128426,True,37,11.0997,
2017-11-28,2017-11-27,TQQQ,QQQ,green,green,38,0,0.142126104,0.0991634564,0.1105020894,0.0386621612,0.0441989043,True,38,18.5385,
2017-11-29,2017-11-28,TQQQ,QQQ,green,green,39,0,0.1394845681,0.0976620868,0.1137403462,0.028765729,0.0453301483,True,39,19.6438,
2017-11-30,2017-11-29,TQQQ,QQQ,green,early_thaw,40,0,0.1150991167,0.0659989111,0.0900791768,0.0079394805,0.0260014324,True,40,55.2054,
2017-12-01,2017-11-30,TQQQ,QQQ,green,early_thaw,41,0,0.1119543795,0.0635399802,0.0868049098,0.0022298594,0.0332526683,True,41,32.2633,
2017-12-04,2017-12-01,TQQQ,QQQ,green,early_thaw,42,0,0.109686556,0.0604672221,0.0824092564,0.0008378084,0.0274853517,True,42,45.638,
2017-12-05,2017-12-04,TQQQ,QQQ,yellow,yellow,1,0,0.1031919246,0.0577388875,0.0742072472,-0.0097700252,0.0145145561,True,43,42.8074,relative_strength_below_floor
2017-12-06,2017-12-05,TQQQ,QQQ,yellow,yellow,2,0,0.1060091029,0.0552226469,0.0707132454,-0.0048863541,0.0138302863,True,44,29.9233,relative_strength_below_floor
2017-12-07,2017-12-06,TQQQ,QQQ,yellow,yellow,3,0,0.1074910838,0.0575105413,0.0744243283,-0.0027382512,0.0170144933,True,45,24.8787,relative_strength_below_floor
2017-12-08,2017-12-07,TQQQ,QQQ,green,early_thaw,1,0,0.1235569086,0.0703632975,0.1057124297,0.0096632514,0.0191682406,True,46,20.1923,
2017-12-11,2017-12-08,TQQQ,QQQ,green,early_thaw,2,0,0.1229814199,0.0628546403,0.116576575,0.0092299945,0.022275921,True,47,23.7489,
2017-12-12,2017-12-11,TQQQ,QQQ,green,early_thaw,3,0,0.1263547886,0.0685353197,0.1161788452,0.0132930703,0.0287847622,True,48,19.6676,
2017-12-13,2017-12-12,TQQQ,QQQ,green,early_thaw,4,0,0.1242916036,0.0656387067,0.1195415252,0.0106484988,0.0260305536,True,49,20.0893,
2017-12-14,2017-12-13,TQQQ,QQQ,green,early_thaw,5,0,0.1300061046,0.0740004639,0.1266972638,0.0158631161,0.0266406171,True,50,22.9314,
2017-12-15,2017-12-14,TQQQ,QQQ,green,early_thaw,6,0,0.130790983,0.0695689475,0.13080821,0.0203121728,0.0245879308,True,51,19.575,
2017-12-18,2017-12-15,TQQQ,QQQ,green,green,7,0,0.1354818735,0.0831325357,0.1248404339,0.0224276411,0.0348357297,True,52,31.6791,
2017-12-19,2017-12-18,TQQQ,QQQ,green,green,8,0,0.1430742034,0.0903408002,0.143223898,0.0246314943,0.0419642981,True,53,23.5928,
2017-12-20,2017-12-19,TQQQ,QQQ,green,green,9,0,0.1366142747,0.0872359128,0.1253071408,0.0203940153,0.0343615916,True,54,28.3001,
2017-12-21,2017-12-20,TQQQ,QQQ,green,green,10,0,0.1397670264,0.0927548659,0.1244131377,0.0219047151,0.0318605558,True,55,20.2816,
2017-12-22,2017-12-21,TQQQ,QQQ,green,green,11,0,0.138774722,0.0939542843,0.1202569578,0.0200456481,0.0306659924,True,56,18.952,
2017-12-26,2017-12-22,TQQQ,QQQ,green,green,12,0,0.1454069593,0.1043352656,0.1242298926,0.0254487848,0.0281553566,True,57,12.0662,
2017-12-27,2017-12-26,TQQQ,QQQ,green,green,13,0,0.1446034781,0.0955320918,0.1388147874,0.0231151211,0.0214690418,True,58,13.6516,
2017-12-28,2017-12-27,TQQQ,QQQ,green,green,14,0,0.1372370313,0.0858877126,0.1227737207,0.0188041479,0.0205339673,True,59,12.6265,
2017-12-29,2017-12-28,TQQQ,QQQ,green,green,15,0,0.1441520816,0.0875825994,0.1439892407,0.0216853057,0.0207076675,True,60,13.0901,
2018-01-02,2017-12-29,TQQQ,QQQ,green,green,16,0,0.13653341,0.0731235474,0.1364968198,0.0168302217,0.0134390755,True,61,18.8419,
2018-01-03,2018-01-02,TQQQ,QQQ,green,green,17,0,0.1548861677,0.0909565915,0.1687281914,0.0346934456,0.0297954226,True,62,26.5056,
2018-01-04,2018-01-03,TQQQ,QQQ,green,green,18,0,0.1587676353,0.0992164558,0.1685863195,0.0357595148,0.0382326409,True,63,25.3452,
2018-01-05,2018-01-04,TQQQ,QQQ,green,green,19,0,0.1605878755,0.1000839295,0.1812816071,0.0324369688,0.0383141871,True,64,20.9471,
2018-01-08,2018-01-05,TQQQ,QQQ,green,green,20,0,0.1595729123,0.1003566227,0.1804133934,0.0326099882,0.0468112086,True,65,25.3873,
2018-01-09,2018-01-08,TQQQ,QQQ,green,green,21,0,0.1597587153,0.1031419528,0.177314777,0.0310380956,0.0487920324,True,66,22.5138,
2018-01-10,2018-01-09,TQQQ,QQQ,green,green,22,0,0.1562937693,0.1044814281,0.1740845858,0.0267041206,0.0467079946,True,67,32.4841,
2018-01-11,2018-01-10,TQQQ,QQQ,green,green,23,0,0.1499459437,0.1010782636,0.1576037786,0.0247993116,0.0427496335,True,68,29.6781,
2018-01-12,2018-01-11,TQQQ,QQQ,green,green,24,0,0.1527333252,0.1053198973,0.1629650588,0.0236745972,0.0482658101,True,69,23.6357,
2018-01-16,2018-01-12,TQQQ,QQQ,green,green,25,0,0.1551037697,0.1154766345,0.162361735,0.0225672086,0.0542556917,True,70,28.8849,
2018-01-17,2018-01-16,TQQQ,QQQ,green,green,26,0,0.1508638603,0.1080158587,0.1584693513,0.020506286,0.0495969996,True,71,52.8103,
2018-01-18,2018-01-17,TQQQ,QQQ,green,green,27,0,0.1524676456,0.1161350571,0.163199532,0.0172433787,0.0589860149,True,72,27.2748,
2018-01-19,2018-01-18,TQQQ,QQQ,green,green,28,0,0.1510876805,0.1149139615,0.1566222302,0.0185319434,0.0574387256,True,73,31.19,
2018-01-22,2018-01-19,TQQQ,QQQ,green,green,29,0,0.1540232285,0.119762591,0.1587206518,0.0183974172,0.0590165832,True,74,28.3379,
2018-01-23,2018-01-22,TQQQ,QQQ,green,green,30,0,0.1646445553,0.1359420504,0.1716071385,0.0237869976,0.0683681102,True,75,35.73,
2018-01-24,2018-01-23,TQQQ,QQQ,green,green,31,0,0.1699484493,0.1422530291,0.1759086072,0.0306624675,0.0751062149,True,76,45.6232,
2018-01-25,2018-01-24,TQQQ,QQQ,green,green,32,0,0.1672845235,0.1422917573,0.1712712688,0.0262280206,0.0660955344,True,77,72.2512,
2018-01-26,2018-01-25,TQQQ,QQQ,green,green,33,0,0.1642011501,0.1399558726,0.1670552957,0.0231387715,0.0636970786,True,78,46.0077,
2018-01-29,2018-01-26,TQQQ,QQQ,green,green,34,0,0.1798107554,0.1618228735,0.192430716,0.0293914965,0.077631692,True,79,38.3767,
2018-01-30,2018-01-29,TQQQ,QQQ,green,green,35,0,0.1799717598,0.1598783828,0.1876312443,0.0334657851,0.0700902996,True,80,47.0869,
2018-01-31,2018-01-30,TQQQ,QQQ,green,green,36,0,0.1607958851,0.1177784092,0.1828724944,0.0240967875,0.0590937795,True,81,45.9383,
2018-02-01,2018-01-31,TQQQ,QQQ,green,green,37,0,0.1623025461,0.1198985911,0.1850503407,0.025514535,0.0614645431,True,82,38.9564,
2018-02-02,2018-02-01,TQQQ,QQQ,green,green,38,0,0.1500634198,0.1062191516,0.1717931282,0.0136966943,0.050554924,True,83,43.7894,
2018-02-05,2018-02-02,TQQQ,QQQ,green,green,39,0,0.1446870653,0.0845119325,0.1529065885,0.0190576267,0.0281732801,True,84,61.1044,
2018-02-06,2018-02-05,TQQQ,QQQ,orange,orange,1,0,0.1172262392,0.0437433717,0.1054478986,0.0210379659,-0.0127268502,True,0,65.5446,signal_trend_template_failed|not_30pct_above_52w_low|close_below_50ma
2018-02-07,2018-02-06,TQQQ,QQQ,green,early_thaw,1,0,0.1308921559,0.0611951433,0.1275966681,0.0244318166,0.0125562815,True,1,73.2782,
2018-02-08,2018-02-07,TQQQ,QQQ,orange,orange,1,0,0.1169030323,0.0439242249,0.1149364413,0.0139926795,-0.0010770293,True,0,51.7782,signal_trend_template_failed|not_30pct_above_52w_low|close_below_50ma
2018-02-09,2018-02-08,TQQQ,QQQ,orange,orange,2,0,0.0827250025,-0.0007092645,0.069299821,0.0083940175,-0.0429384366,True,0,55.7404,signal_trend_template_failed|not_30pct_above_52w_low|close_below_50ma|three_month_momentum_not_positive
2018-02-12,2018-02-09,TQQQ,QQQ,orange,orange,3,0,0.0993483779,0.0124688368,0.1115990673,0.0117288486,-0.0263904534,True,0,86.3965,signal_trend_template_failed|not_30pct_above_52w_low|close_below_50ma
2018-02-13,2018-02-12,TQQQ,QQQ,orange,orange,4,0,0.1117988209,0.0358655994,0.1228052131,0.0130636141,-0.0097723092,True,0,49.8551,signal_trend_template_failed|not_30pct_above_52w_low|close_below_50ma
2018-02-14,2018-02-13,TQQQ,QQQ,orange,orange,5,0,0.1128848127,0.0412804272,0.1142510563,0.0143487219,-0.0052644459,True,0,31.1482,signal_trend_template_failed|not_30pct_above_52w_low|close_below_50ma
2018-02-15,2018-02-14,TQQQ,QQQ,orange,orange,6,0,0.1262254107,0.0594671731,0.1343262919,0.0193642319,0.012287273,True,0,51.299,not_30pct_above_52w_low
2018-02-16,2018-02-15,TQQQ,QQQ,orange,orange,7,0,0.1415836712,0.0830767202,0.1533822289,0.0267510034,0.0293746819,True,0,61.1276,not_30pct_above_52w_low
2018-02-20,2018-02-16,TQQQ,QQQ,orange,orange,8,0,0.1442310671,0.0833276533,0.1721986149,0.0240582079,0.023192385,True,0,54.1515,not_30pct_above_52w_low
2018-02-21,2018-02-20,TQQQ,QQQ,orange,orange,9,0,0.1408758235,0.0717979769,0.1753745416,0.0286777304,0.0237010225,True,0,46.5454,not_30pct_above_52w_low
2018-02-22,2018-02-21,TQQQ,QQQ,orange,orange,10,0,0.1422442332,0.0728463809,0.1735285397,0.0320199952,0.0193860557,True,0,56.1214,not_30pct_above_52w_low
2018-02-23,2018-02-22,TQQQ,QQQ,orange,orange,11,0,0.1389662419,0.0735529626,0.1557685972,0.0301975607,0.0179499418,True,0,52.6926,not_30pct_above_52w_low
2018-02-26,2018-02-23,TQQQ,QQQ,green,green,1,0,0.1491043412,0.0837404237,0.1836191016,0.0328447857,0.0371522967,True,1,47.8443,
2018-02-27,2018-02-26,TQQQ,QQQ,green,green,2,0,0.1583787177,0.096770844,0.2028539747,0.0340691277,0.0489600319,True,2,46.6913,
2018-02-28,2018-02-27,TQQQ,QQQ,green,early_thaw,3,0,0.1561665043,0.0792389145,0.1904699962,0.0402655745,0.0343630699,True,3,58.247,
2018-03-01,2018-02-28,TQQQ,QQQ,green,early_thaw,4,0,0.1539628797,0.0727939561,0.1791759128,0.0442318945,0.0262551749,True,4,50.3925,
2018-03-02,2018-03-01,TQQQ,QQQ,orange,orange,1,0,0.1402108432,0.0525824919,0.1553798946,0.0435978758,0.0086129948,True,0,78.9713,not_30pct_above_52w_low
2018-03-05,2018-03-02,TQQQ,QQQ,orange,orange,2,0,0.154788973,0.0810942358,0.1524452781,0.0556614526,0.0169561871,True,0,62.294,not_30pct_above_52w_low
2018-03-06,2018-03-05,TQQQ,QQQ,green,green,1,0,0.1566614359,0.0839900895,0.1528667984,0.0546882397,0.0269542234,True,1,49.4592,
2018-03-07,2018-03-06,TQQQ,QQQ,green,green,2,0,0.1641489926,0.0932257448,0.1593300687,0.0600531151,0.029911127,True,2,47.7899,
2018-03-08,2018-03-07,TQQQ,QQQ,green,green,3,0,0.1722833601,0.1085272703,0.1725324017,0.067422447,0.0308601028,True,3,45.3354,
2018-03-09,2018-03-08,TQQQ,QQQ,green,green,4,0,0.1761830622,0.1139012531,0.1754138286,0.066723405,0.0349580242,True,4,39.615,
2018-03-12,2018-03-09,TQQQ,QQQ,green,green,5,0,0.1842803609,0.1304371796,0.1954492337,0.0643853794,0.0529299774,True,5,53.6351,
2018-03-13,2018-03-12,TQQQ,QQQ,green,green,6,0,0.1925729537,0.1326069436,0.212300903,0.0744625496,0.0562711513,True,6,49.0185,
2018-03-14,2018-03-13,TQQQ,QQQ,green,green,7,0,0.175167233,0.1122762582,0.1821879823,0.064797843,0.0400000314,True,7,64.903,
2018-03-15,2018-03-14,TQQQ,QQQ,green,green,8,0,0.1740528623,0.1035217547,0.179151971,0.0690474679,0.0378167018,True,8,47.4132,
2018-03-16,2018-03-15,TQQQ,QQQ,green,green,9,0,0.1785447552,0.1040438851,0.1765118979,0.0732287066,0.0352776127,True,9,39.1737,
2018-03-19,2018-03-16,TQQQ,QQQ,green,green,10,0,0.1732129124,0.0986448465,0.1799450748,0.0679865774,0.0308321614,True,10,27.4651,
2018-03-20,2018-03-19,TQQQ,QQQ,green,early_thaw,11,0,0.1583518607,0.0759630784,0.1508166973,0.0578798113,0.0079801803,True,11,63.8783,
2018-03-21,2018-03-20,TQQQ,QQQ,green,early_thaw,12,0,0.1571246838,0.0673844441,0.1561188195,0.0594492974,0.0105671923,True,12,30.5431,
2018-03-22,2018-03-21,TQQQ,QQQ,green,early_thaw,13,0,0.152279108,0.0539010947,0.1491113629,0.0581046298,0.0056052892,True,13,43.2601,
2018-03-23,2018-03-22,TQQQ,QQQ,orange,orange,1,0,0.1348149629,0.0340146629,0.1242178758,0.0574861435,-0.0192750421,True,0,62.3084,signal_trend_template_failed|not_30pct_above_52w_low|close_below_50ma
2018-03-26,2018-03-23,TQQQ,QQQ,orange,orange,2,0,0.1161405078,0.0078538389,0.1013371866,0.0523515138,-0.0447261029,True,0,60.5354,signal_trend_template_failed|not_30pct_above_52w_low|close_below_50ma
2018-03-27,2018-03-26,TQQQ,QQQ,orange,orange,3,0,0.1465389352,0.0451710168,0.1433693116,0.0644580825,-0.0093938984,True,0,56.7946,signal_trend_template_failed|not_30pct_above_52w_low|close_below_50ma
2018-03-28,2018-03-27,TQQQ,QQQ,orange,orange,4,0,0.1177136755,0.0125062278,0.1181463341,0.0484530256,-0.0408554361,True,0,76.5634,signal_trend_template_failed|not_30pct_above_52w_low|close_below_50ma
2018-03-29,2018-03-28,TQQQ,QQQ,orange,orange,5,0,0.1069056754,0.0062940213,0.1024273941,0.0398067718,-0.0511446893,True,0,65.4603,signal_trend_template_failed|not_30pct_above_52w_low|close_below_50ma
2018-04-02,2018-03-29,TQQQ,QQQ,orange,orange,6,0,0.1177623239,0.024592931,0.1125928742,0.0435276346,-0.0331376322,True,0,56.192,signal_trend_template_failed|not_30pct_above_52w_low|close_below_50ma
2018-04-03,2018-04-02,TQQQ,QQQ,orange,orange,7,0,0.0925629049,-0.0061744308,0.0808673959,0.0355216326,-0.0598932813,False,0,63.642,signal_trend_template_failed|not_30pct_above_52w_low|close_below_50ma|three_month_momentum_not_positive
2018-04-04,2018-04-03,TQQQ,QQQ,orange,orange,8,0,0.0994426277,0.0112679455,0.085215445,0.033637708,-0.0482999835,False,0,59.5614,signal_trend_template_failed|not_30pct_above_52w_low|close_below_50ma
2018-04-05,2018-04-04,TQQQ,QQQ,orange,orange,9,0,0.1050598303,0.0095222261,0.1013449268,0.0349565511,-0.0323421619,False,0,60.9506,signal_trend_template_failed|not_30pct_above_52w_low|close_below_50ma
2018-04-06,2018-04-05,TQQQ,QQQ,orange,orange,10,0,0.1024880478,0.0055025793,0.1052649815,0.0297183478,-0.0258166521,False,0,52.3749,signal_trend_template_failed|not_30pct_above_52w_low|close_below_50ma
2018-04-09,2018-04-06,TQQQ,QQQ,orange,orange,11,0,0.0813397069,-0.02137039,0.0765747069,0.0272503233,-0.0488662151,False,0,61.4014,signal_trend_template_failed|not_30pct_above_52w_low|close_below_50ma|three_month_momentum_not_positive
2018-04-10,2018-04-09,TQQQ,QQQ,orange,orange,12,0,0.0802449849,-0.0242966543,0.0736216382,0.0263274921,-0.0409813629,False,0,47.4236,signal_trend_template_failed|not_30pct_above_52w_low|close_below_50ma|three_month_momentum_not_positive
2018-04-11,2018-04-10,TQQQ,QQQ,orange,orange,13,0,0.0962395752,-0.0066348928,0.0958227242,0.0311444551,-0.018695857,False,0,56.013,signal_trend_template_failed|not_30pct_above_52w_low|close_below_50ma|three_month_momentum_not_positive
2018-04-12,2018-04-11,TQQQ,QQQ,orange,orange,14,0,0.0912217251,-0.0124258788,0.0907572757,0.0302745897,-0.023221574,False,0,40.5358,signal_trend_template_failed|not_30pct_above_52w_low|close_below_50ma|three_month_momentum_not_positive
2018-04-13,2018-04-12,TQQQ,QQQ,orange,orange,15,0,0.1032930323,0.0018074927,0.1030684545,0.0366248191,-0.010710537,False,0,41.7594,signal_trend_template_failed|not_30pct_above_52w_low|close_below_50ma
2018-04-16,2018-04-13,TQQQ,QQQ,orange,orange,16,0,0.0946463674,-0.0101556555,0.0940946492,0.0330670994,-0.0149017589,False,0,41.0591,signal_trend_template_failed|not_30pct_above_52w_low|close_below_50ma|three_month_momentum_not_positive
2018-04-17,2018-04-16,TQQQ,QQQ,orange,orange,17,0,0.0992876637,-0.0098864002,0.1044485861,0.0335753958,-0.0067758309,False,0,34.8416,signal_trend_template_failed|not_30pct_above_52w_low|close_below_50ma|three_month_momentum_not_positive
2018-04-18,2018-04-17,TQQQ,QQQ,orange,orange,18,0,0.1169431464,0.0143244518,0.1238875784,0.0441406945,0.0143861386,False,0,38.9032,not_30pct_above_52w_low
2018-04-19,2018-04-18,TQQQ,QQQ,orange,orange,19,0,0.1146910326,0.005549177,0.1223286881,0.0449169161,0.0153987326,False,0,37.2623,not_30pct_above_52w_low
2018-04-20,2018-04-19,TQQQ,QQQ,orange,orange,20,0,0.1066475811,-0.0038742463,0.1105945102,0.0396115672,0.0057133696,False,0,39.6043,not_30pct_above_52w_low|three_month_momentum_not_positive
2018-04-23,2018-04-20,TQQQ,QQQ,orange,orange,21,0,0.0919509221,-0.0227046429,0.0943387813,0.0323041881,-0.0104873636,False,0,41.1517,signal_trend_template_failed|not_30pct_above_52w_low|close_below_50ma|three_month_momentum_not_positive
2018-04-24,2018-04-23,TQQQ,QQQ,orange,orange,22,0,0.0872488277,-0.0354943685,0.0956225047,0.0302676904,-0.014031513,False,0,35.7601,signal_trend_template_failed|not_30pct_above_52w_low|close_below_50ma|three_month_momentum_not_positive
2018-04-25,2018-04-24,TQQQ,QQQ,orange,orange,23,0,0.0645528414,-0.0636712677,0.0695243307,0.0196874365,-0.0352287439,False,0,57.8266,signal_trend_template_failed|not_30pct_above_52w_low|close_below_50ma|three_month_momentum_not_positive
2018-04-26,2018-04-25,TQQQ,QQQ,orange,orange,24,0,0.0685813097,-0.0564253804,0.0778375104,0.0212290069,-0.0340762817,True,0,57.454,signal_trend_template_failed|not_30pct_above_52w_low|close_below_50ma|three_month_momentum_not_positive
2018-04-27,2018-04-26,TQQQ,QQQ,orange,orange,25,0,0.0875792358,-0.0362174606,0.0986695657,0.0327239081,-0.0140482333,True,0,41.0973,signal_trend_template_failed|not_30pct_above_52w_low|close_below_50ma|three_month_momentum_not_positive
2018-04-30,2018-04-27,TQQQ,QQQ,orange,orange,26,0,0.0832493173,-0.0501787471,0.1035240573,0.0305265237,-0.013400274,True,0,47.8262,signal_trend_template_failed|not_30pct_above_52w_low|close_below_50ma|three_month_momentum_not_positive
2018-05-01,2018-04-30,TQQQ,QQQ,orange,orange,27,0,0.0849160219,-0.0523157658,0.0991984569,0.0333869337,-0.0198640859,True,0,45.7469,signal_trend_template_failed|not_30pct_above_52w_low|close_below_50ma|three_month_momentum_not_positive
2018-05-02,2018-05-01,TQQQ,QQQ,orange,orange,28,0,0.088436099,-0.0335267415,0.0803029415,0.0342402644,-0.0084275757,True,0,34.2929,signal_trend_template_failed|not_30pct_above_52w_low|close_below_50ma|three_month_momentum_not_positive
2018-05-03,2018-05-02,TQQQ,QQQ,orange,orange,29,0,0.0788960113,-0.0431963148,0.0715230991,0.0304643915,-0.0138906265,True,0,41.3781,signal_trend_template_failed|not_30pct_above_52w_low|close_below_50ma|three_month_momentum_not_positive
2018-05-04,2018-05-03,TQQQ,QQQ,orange,orange,30,0,0.0823806714,-0.0351127934,0.0673767071,0.0351947571,-0.0136816592,True,0,56.4815,signal_trend_template_failed|not_30pct_above_52w_low|close_below_50ma|three_month_momentum_not_positive
2018-05-07,2018-05-04,TQQQ,QQQ,orange,orange,31,0,0.1044070515,0.0032044598,0.0879872074,0.0418045803,0.0049915477,True,0,56.5738,not_30pct_above_52w_low
2018-05-08,2018-05-07,TQQQ,QQQ,orange,orange,32,0,0.1300842244,0.0530591839,0.0991235432,0.0488005556,0.0135478035,False,0,43.3184,not_30pct_above_52w_low
2018-05-09,2018-05-08,TQQQ,QQQ,orange,orange,33,0,0.1152912156,0.0248255988,0.0875399482,0.0416383319,0.0130117518,False,0,39.3414,not_30pct_above_52w_low
2018-05-10,2018-05-09,TQQQ,QQQ,orange,orange,34,0,0.1279925564,0.0495745999,0.0956763507,0.0472689965,0.02406985,False,0,36.899,not_30pct_above_52w_low
2018-05-11,2018-05-10,TQQQ,QQQ,orange,orange,35,0,0.149218271,0.1071698114,0.1063845351,0.0505989506,0.0343454344,False,0,39.3742,not_30pct_above_52w_low
2018-05-14,2018-05-11,TQQQ,QQQ,orange,orange,36,0,0.1395021937,0.0873475896,0.1009055492,0.0439944361,0.0327092499,False,0,39.4843,not_30pct_above_52w_low
2018-05-15,2018-05-14,TQQQ,QQQ,orange,orange,37,0,0.1357996136,0.0702172884,0.1086012729,0.0442378124,0.0339686811,False,0,36.176,not_30pct_above_52w_low
2018-05-16,2018-05-15,TQQQ,QQQ,orange,orange,38,0,0.1254960095,0.0529299319,0.0963953293,0.03879905,0.0224785614,True,0,55.954,not_30pct_above_52w_low
2018-05-17,2018-05-16,TQQQ,QQQ,orange,orange,39,0,0.1216017598,0.0404113834,0.1022817072,0.0378524545,0.0291497636,True,0,29.2926,not_30pct_above_52w_low
2018-05-18,2018-05-17,TQQQ,QQQ,orange,orange,40,0,0.1105319643,0.0175198701,0.1020520836,0.031274051,0.0252318095,True,0,33.3226,not_30pct_above_52w_low
2018-05-21,2018-05-18,TQQQ,QQQ,orange,orange,41,0,0.1073620606,0.0168021268,0.1015298619,0.0290125912,0.0201972629,True,0,27.1495,not_30pct_above_52w_low
2018-05-22,2018-05-21,TQQQ,QQQ,orange,orange,42,0,0.1022259296,0.0204683426,0.0937359051,0.0203938013,0.0264839146,True,0,37.7807,not_30pct_above_52w_low
2018-05-23,2018-05-22,TQQQ,QQQ,orange,orange,43,0,0.103951146,0.0220409447,0.0964929286,0.0217939945,0.0258453104,True,0,31.1698,not_30pct_above_52w_low
2018-05-24,2018-05-23,TQQQ,QQQ,orange,orange,44,0,0.1135218759,0.0307956048,0.1066136753,0.0299779773,0.0347382611,False,0,40.557,not_30pct_above_52w_low
2018-05-25,2018-05-24,TQQQ,QQQ,orange,orange,45,0,0.1023944614,0.0098416968,0.0944062684,0.0280015788,0.0346673571,False,0,23.4189,not_30pct_above_52w_low
2018-05-29,2018-05-25,TQQQ,QQQ,orange,orange,46,0,0.0981484882,-0.0023746933,0.0941663497,0.0293865602,0.0358984348,False,0,20.8273,not_30pct_above_52w_low|three_month_momentum_not_positive
2018-05-30,2018-05-29,TQQQ,QQQ,orange,orange,47,0,0.1034723077,0.005669958,0.0853581538,0.0379626516,0.0315441371,False,0,30.7858,not_30pct_above_52w_low
2018-05-31,2018-05-30,TQQQ,QQQ,orange,orange,48,0,0.1053698383,0.0194131768,0.0936202949,0.0297095565,0.038540489,False,0,23.5713,not_30pct_above_52w_low
2018-06-01,2018-05-31,TQQQ,QQQ,orange,orange,49,0,0.1132143031,0.0356635619,0.0901213327,0.038978577,0.0375625905,False,0,26.9258,not_30pct_above_52w_low
2018-06-04,2018-06-01,TQQQ,QQQ,orange,orange,50,0,0.126808867,0.0423532318,0.1268820705,0.0490368187,0.0531039064,False,0,26.8277,not_30pct_above_52w_low
2018-06-05,2018-06-04,TQQQ,QQQ,orange,orange,51,0,0.1297041528,0.0402355976,0.1276050786,0.0553140807,0.0611262556,True,0,22.8371,not_30pct_above_52w_low
2018-06-06,2018-06-05,TQQQ,QQQ,orange,orange,52,0,0.1315090428,0.0390627234,0.1359301197,0.0573141572,0.0623017617,True,0,20.1373,not_30pct_above_52w_low
2018-06-07,2018-06-06,TQQQ,QQQ,green,green,1,0,0.1377219487,0.0427120402,0.1558747317,0.0580231081,0.067013061,True,1,21.1023,
2018-06-08,2018-06-07,TQQQ,QQQ,orange,orange,1,0,0.1267701641,0.0285703063,0.145725753,0.0471711146,0.0563689969,True,0,28.0609,not_30pct_above_52w_low
2018-06-11,2018-06-08,TQQQ,QQQ,orange,orange,2,0,0.1180354075,0.0090261803,0.1406407094,0.0423805056,0.0542346931,True,0,17.6295,not_30pct_above_52w_low
2018-06-12,2018-06-11,TQQQ,QQQ,orange,orange,3,0,0.1179419692,0.0063975386,0.1398528402,0.0413495507,0.0551898691,True,0,14.7107,not_30pct_above_52w_low
2018-06-13,2018-06-12,TQQQ,QQQ,green,green,1,0,0.1285070356,0.0256551211,0.1408118403,0.0499382044,0.058146148,True,1,17.5097,
2018-06-14,2018-06-13,TQQQ,QQQ,green,green,2,0,0.1292994449,0.0257761079,0.1319662506,0.0511735944,0.0557274527,True,2,26.4084,
2018-06-15,2018-06-14,TQQQ,QQQ,green,green,3,0,0.1391369252,0.037067277,0.1449677856,0.0600769632,0.064133188,True,3,34.0684,
2018-06-18,2018-06-15,TQQQ,QQQ,green,green,4,0,0.1354876192,0.036528238,0.1387764069,0.0575952076,0.0583469205,True,4,28.9703,
2018-06-19,2018-06-18,TQQQ,QQQ,green,green,5,0,0.1454559986,0.0585146287,0.1389226585,0.0627586478,0.0551808364,True,5,25.5708,
2018-06-20,2018-06-19,TQQQ,QQQ,green,early_thaw,6,0,0.1381603645,0.0520530173,0.122945025,0.06057939,0.0498556207,True,6,39.6886,
2018-06-21,2018-06-20,TQQQ,QQQ,green,green,7,0,0.1449015279,0.0641585891,0.121517902,0.0678821761,0.0552493668,True,7,29.9834,
2018-06-22,2018-06-21,TQQQ,QQQ,green,green,8,0,0.1494458997,0.0816100382,0.118400639,0.0658034519,0.0441205183,True,8,37.5081,
2018-06-25,2018-06-22,TQQQ,QQQ,green,green,9,0,0.158279291,0.1084171095,0.1171224389,0.0648346396,0.0401393235,True,9,22.5905,
2018-06-26,2018-06-25,TQQQ,QQQ,orange,orange,1,0,0.1230659575,0.0446276503,0.0918145433,0.0480838228,0.0154582833,True,0,58.2188,not_30pct_above_52w_low
2018-06-27,2018-06-26,TQQQ,QQQ,orange,orange,2,0,0.1417128472,0.0839722846,0.0975286889,0.0585832308,0.0184214662,True,0,32.355,not_30pct_above_52w_low
2018-06-28,2018-06-27,TQQQ,QQQ,orange,orange,3,0,0.138983319,0.0816740581,0.0884821377,0.0582151708,0.0040980838,True,0,43.4813,not_30pct_above_52w_low
2018-06-29,2018-06-28,TQQQ,QQQ,orange,orange,4,0,0.137657361,0.0713569852,0.0977047936,0.0590150213,0.0121238652,True,0,37.6072,not_30pct_above_52w_low
2018-07-02,2018-06-29,TQQQ,QQQ,orange,orange,5,0,0.1518979604,0.106149997,0.0993201504,0.0648780886,0.01399306,True,0,26.6579,not_30pct_above_52w_low
2018-07-03,2018-07-02,TQQQ,QQQ,orange,orange,6,0,0.1560852544,0.1011694387,0.1135773559,0.0716360225,0.019480581,True,0,28.9076,not_30pct_above_52w_low
2018-07-05,2018-07-03,TQQQ,QQQ,orange,orange,7,0,0.1327126575,0.071526169,0.0817294835,0.0553134822,0.0065813825,True,0,18.9081,not_30pct_above_52w_low
2018-07-06,2018-07-05,TQQQ,QQQ,orange,orange,8,0,0.1371901032,0.0786816683,0.0846171997,0.0596691957,0.0173009773,True,0,22.7972,not_30pct_above_52w_low
2018-07-09,2018-07-06,TQQQ,QQQ,orange,orange,9,0,0.1601867348,0.1235770724,0.0995657922,0.0707260504,0.0310277333,True,0,27.2318,not_30pct_above_52w_low
2018-07-10,2018-07-09,TQQQ,QQQ,orange,orange,10,0,0.1608009174,0.1257795675,0.0984268905,0.0692813052,0.0384082032,True,0,27.0067,not_30pct_above_52w_low
2018-07-11,2018-07-10,TQQQ,QQQ,orange,orange,11,0,0.1504862908,0.1022862117,0.0949726608,0.0627630198,0.0372765567,True,0,24.9791,not_30pct_above_52w_low
2018-07-12,2018-07-11,TQQQ,QQQ,orange,orange,12,0,0.1506114648,0.1030543535,0.0893479338,0.0663827317,0.0301046195,True,0,29.422,not_30pct_above_52w_low
2018-07-13,2018-07-12,TQQQ,QQQ,orange,orange,13,0,0.1616736124,0.1087121701,0.1107161592,0.074813255,0.0457759045,True,0,31.4626,not_30pct_above_52w_low
2018-07-16,2018-07-13,TQQQ,QQQ,orange,orange,14,0,0.1631682589,0.1154150231,0.1040872524,0.076204538,0.044442286,True,0,26.3275,not_30pct_above_52w_low
2018-07-17,2018-07-16,TQQQ,QQQ,orange,orange,15,0,0.1571878204,0.1043264388,0.0934086256,0.0739415764,0.0397978549,True,0,21.4051,not_30pct_above_52w_low
2018-07-18,2018-07-17,TQQQ,QQQ,orange,orange,16,0,0.1534355659,0.0876326774,0.1032124193,0.0713771896,0.0442143427,True,0,29.6624,not_30pct_above_52w_low
2018-07-19,2018-07-18,TQQQ,QQQ,orange,orange,17,0,0.1405871209,0.0833639463,0.0893757246,0.0605398379,0.0405518086,True,0,18.1449,not_30pct_above_52w_low
2018-07-20,2018-07-19,TQQQ,QQQ,orange,orange,18,0,0.1403165243,0.0879461011,0.0837311299,0.059120959,0.0337551731,True,0,29.5299,not_30pct_above_52w_low
2018-07-23,2018-07-20,TQQQ,QQQ,orange,orange,19,0,0.1469343762,0.1051946897,0.080101639,0.0641594504,0.0321572085,True,0,22.0169,not_30pct_above_52w_low
2018-07-24,2018-07-23,TQQQ,QQQ,orange,orange,20,0,0.1485361099,0.1115222637,0.0720694829,0.0664459845,0.0342155766,True,0,24.3868,not_30pct_above_52w_low
2018-07-25,2018-07-24,TQQQ,QQQ,orange,orange,21,0,0.1591746534,0.1402620021,0.067660075,0.0691324138,0.0371391513,True,0,37.2525,not_30pct_above_52w_low
2018-07-26,2018-07-25,TQQQ,QQQ,green,green,1,0,0.1704193543,0.1548142251,0.0896533931,0.0769656829,0.050012161,True,1,31.5302,
2018-07-27,2018-07-26,TQQQ,QQQ,orange,orange,1,0,0.1447427566,0.1138673153,0.0735258697,0.0556411316,0.0326157337,True,0,43.678,not_30pct_above_52w_low
2018-07-30,2018-07-27,TQQQ,QQQ,orange,orange,2,0,0.129498625,0.0981561561,0.043052056,0.0462882084,0.0176285664,True,0,44.1791,not_30pct_above_52w_low
2018-07-31,2018-07-30,TQQQ,QQQ,orange,orange,3,0,0.1201455009,0.0903738452,0.0333301025,0.0350661643,0.0024281472,True,0,36.0864,not_30pct_above_52w_low
2018-08-01,2018-07-31,TQQQ,QQQ,orange,orange,4,0,0.1224919363,0.0862985628,0.0498785117,0.0328299505,0.0090191987,True,0,34.9456,not_30pct_above_52w_low
2018-08-02,2018-08-01,TQQQ,QQQ,orange,orange,5,0,0.1278432696,0.0968921944,0.0495104939,0.0371539663,0.011799829,True,0,25.6489,not_30pct_above_52w_low
2018-08-03,2018-08-02,TQQQ,QQQ,orange,orange,6,0,0.1417881572,0.111954669,0.0729108345,0.0474777071,0.0241967923,True,0,35.499,not_30pct_above_52w_low
2018-08-06,2018-08-03,TQQQ,QQQ,orange,orange,7,0,0.1402594688,0.0945925583,0.0981001362,0.0430013032,0.0260653797,True,0,28.0089,not_30pct_above_52w_low
2018-08-07,2018-08-06,TQQQ,QQQ,green,green,1,0,0.1512279749,0.0919613089,0.1498998848,0.0428530329,0.0307010879,True,1,26.9157,
2018-08-08,2018-08-07,TQQQ,QQQ,green,green,2,0,0.14485945,0.0970623571,0.1242975871,0.0402084454,0.0329939735,True,2,28.7369,
2018-08-09,2018-08-08,TQQQ,QQQ,green,green,3,0,0.1468333596,0.0865474081,0.1404125612,0.044166509,0.0326701022,True,3,25.3964,
2018-08-10,2018-08-09,TQQQ,QQQ,green,early_thaw,4,0,0.1545658294,0.0747514355,0.1899323441,0.0473864578,0.0306316102,True,4,21.8122,
2018-08-13,2018-08-10,TQQQ,QQQ,orange,orange,1,0,0.1437312865,0.067546091,0.1607936688,0.045914184,0.0215050543,True,0,33.4516,not_30pct_above_52w_low
2018-08-14,2018-08-13,TQQQ,QQQ,orange,orange,2,0,0.1381903585,0.0645417706,0.1392910071,0.04619778,0.019456252,True,0,36.1004,not_30pct_above_52w_low
2018-08-15,2018-08-14,TQQQ,QQQ,green,green,1,0,0.1450160786,0.0832093446,0.1405435415,0.0474351385,0.0249728766,True,1,24.0924,
2018-08-16,2018-08-15,TQQQ,QQQ,orange,orange,1,0,0.1275376737,0.0629285471,0.1058829602,0.0384755424,0.0118880711,True,0,44.2911,not_30pct_above_52w_low
2018-08-17,2018-08-16,TQQQ,QQQ,orange,orange,2,0,0.1251041397,0.0705456124,0.0893014325,0.0347325787,0.0147224033,True,0,25.1317,not_30pct_above_52w_low
2018-08-20,2018-08-17,TQQQ,QQQ,orange,orange,3,0,0.1324102324,0.0763465967,0.0944315087,0.0382373804,0.0142839488,True,0,27.1028,not_30pct_above_52w_low
2018-08-21,2018-08-20,TQQQ,QQQ,orange,orange,4,0,0.126279365,0.0693864432,0.0912750113,0.03323755,0.0127381327,True,0,25.9703,not_30pct_above_52w_low
2018-08-22,2018-08-21,TQQQ,QQQ,orange,orange,5,0,0.1307113368,0.0747182543,0.0984060598,0.0338888402,0.0157908802,True,0,26.0864,not_30pct_above_52w_low
2018-08-23,2018-08-22,TQQQ,QQQ,orange,orange,6,0,0.1336718007,0.0698559833,0.1028028454,0.0386658927,0.019089752,True,0,24.9116,not_30pct_above_52w_low
2018-08-24,2018-08-23,TQQQ,QQQ,orange,orange,7,0,0.1269656413,0.0686345182,0.0791516951,0.0350243032,0.0170133623,True,0,27.8489,not_30pct_above_52w_low
2018-08-27,2018-08-24,TQQQ,QQQ,green,early_thaw,1,0,0.1287515375,0.077484012,0.0749253179,0.0353396322,0.0258565059,True,1,25.7348,
2018-08-28,2018-08-27,TQQQ,QQQ,green,green,2,0,0.1387923061,0.0932978118,0.0994967645,0.0343219092,0.0354120408,True,2,30.197,
2018-08-29,2018-08-28,TQQQ,QQQ,green,green,3,0,0.139053941,0.0871142689,0.1082186105,0.0376798981,0.0359847275,True,3,27.1561,
2018-08-30,2018-08-29,TQQQ,QQQ,green,green,4,0,0.1506110883,0.1003684176,0.1396114747,0.0413910763,0.0466758864,True,4,28.3258,
2018-08-31,2018-08-30,TQQQ,QQQ,green,green,5,0,0.1412176577,0.0814460933,0.1272488303,0.0398436318,0.0437547684,True,5,37.6468,
2018-09-04,2018-08-31,TQQQ,QQQ,green,early_thaw,6,0,0.1354147076,0.0731472977,0.1163260205,0.0384514141,0.043819891,True,6,27.1496,
2018-09-05,2018-09-04,TQQQ,QQQ,green,early_thaw,7,0,0.1289844214,0.0652472384,0.1068586966,0.0329432617,0.0381233314,True,7,34.0576,
2018-09-06,2018-09-05,TQQQ,QQQ,orange,orange,1,0,0.1125758747,0.0453926038,0.0900434547,0.021179139,0.0233364862,True,0,43.9243,not_30pct_above_52w_low
2018-09-07,2018-09-06,TQQQ,QQQ,orange,orange,2,0,0.1066294097,0.0445402863,0.0743831222,0.0180885711,0.0130868451,True,0,45.8107,not_30pct_above_52w_low
2018-09-10,2018-09-07,TQQQ,QQQ,orange,orange,3,0,0.1009042853,0.0404586385,0.0498500058,0.017352704,0.0079078336,True,0,30.2409,not_30pct_above_52w_low
2018-09-11,2018-09-10,TQQQ,QQQ,orange,orange,4,0,0.1008040242,0.041158074,0.0478189229,0.0164805403,0.0101187553,True,0,21.9653,not_30pct_above_52w_low
2018-09-12,2018-09-11,TQQQ,QQQ,orange,orange,5,0,0.1086018013,0.0436895572,0.0704655392,0.0219111418,0.0166048249,True,0,28.5569,not_30pct_above_52w_low
2018-09-13,2018-09-12,TQQQ,QQQ,orange,orange,6,0,0.1049899058,0.040671135,0.0674955865,0.0154796924,0.0125074811,True,0,35.4306,not_30pct_above_52w_low
2018-09-14,2018-09-13,TQQQ,QQQ,green,early_thaw,1,0,0.1098027322,0.0412444126,0.0798405076,0.0176862512,0.0217655076,True,1,30.8647,
2018-09-17,2018-09-14,TQQQ,QQQ,green,early_thaw,2,0,0.1098656739,0.0418346705,0.0798910553,0.016875011,0.0175280262,True,2,31.4547,
2018-09-18,2018-09-17,TQQQ,QQQ,orange,orange,1,0,0.1033631774,0.0274217854,0.0875409898,0.0089269907,0.0022370906,True,0,28.6099,not_30pct_above_52w_low
2018-09-19,2018-09-18,TQQQ,QQQ,orange,orange,2,0,0.1106452549,0.0388637515,0.0929397443,0.0115749435,0.009896716,True,0,29.2634,not_30pct_above_52w_low
2018-09-20,2018-09-19,TQQQ,QQQ,orange,orange,3,0,0.1036277298,0.0307476414,0.0968789558,0.0051619673,0.0085241099,True,0,23.6621,not_30pct_above_52w_low
2018-09-21,2018-09-20,TQQQ,QQQ,green,early_thaw,1,0,0.1191945385,0.051277452,0.137072245,0.0087575242,0.0187412097,True,1,25.9451,
2018-09-24,2018-09-21,TQQQ,QQQ,green,early_thaw,2,0,0.1226892189,0.0478555335,0.1614610016,0.0082793936,0.012696411,True,2,24.5534,
2018-09-25,2018-09-24,TQQQ,QQQ,green,early_thaw,3,0,0.1251134241,0.0749893028,0.1229635495,0.0154643979,0.014996653,True,3,21.7221,
2018-09-26,2018-09-25,TQQQ,QQQ,green,early_thaw,4,0,0.1340819367,0.0720716425,0.1620959476,0.0220163196,0.015784468,True,4,17.8437,
2018-09-27,2018-09-26,TQQQ,QQQ,orange,orange,1,0,0.14627997,0.0876191889,0.1764494617,0.0325141555,0.0160168006,True,0,29.2237,not_30pct_above_52w_low
2018-09-28,2018-09-27,TQQQ,QQQ,green,green,1,0,0.1454166874,0.0874721762,0.1650709122,0.0354695672,0.0239153072,True,1,24.7843,
2018-10-01,2018-09-28,TQQQ,QQQ,orange,orange,1,0,0.1512365714,0.0843245257,0.1994255708,0.0374278014,0.0228966431,True,0,26.1549,not_30pct_above_52w_low
2018-10-02,2018-10-01,TQQQ,QQQ,orange,orange,2,0,0.1447904422,0.0793110571,0.1885043509,0.0335198785,0.0241431858,True,0,29.0164,not_30pct_above_52w_low
2018-10-03,2018-10-02,TQQQ,QQQ,orange,orange,3,0,0.1446424858,0.0894862609,0.1674130393,0.0339984863,0.0211010604,True,0,27.3936,not_30pct_above_52w_low
2018-10-04,2018-10-03,TQQQ,QQQ,orange,orange,4,0,0.1371325251,0.0772878675,0.1620506741,0.0325189155,0.0215297422,True,0,28.2303,not_30pct_above_52w_low
2018-10-05,2018-10-04,TQQQ,QQQ,orange,orange,5,0,0.1200772532,0.0404201337,0.1689922079,0.01683369,0.0019297519,True,0,60.338,not_30pct_above_52w_low
2018-10-08,2018-10-05,TQQQ,QQQ,orange,orange,6,0,0.1029335625,0.0185350991,0.1466460033,0.0090929157,-0.0103670669,True,0,51.1551,signal_trend_template_failed|not_30pct_above_52w_low|close_below_50ma
2018-10-09,2018-10-08,TQQQ,QQQ,orange,orange,7,0,0.0885895489,0.011573644,0.1150436798,0.0012767656,-0.0165986552,True,0,45.1097,signal_trend_template_failed|not_30pct_above_52w_low|close_below_50ma
2018-10-10,2018-10-09,TQQQ,QQQ,orange,orange,8,0,0.093839039,0.0200275466,0.125145826,0.0038967031,-0.0139370241,True,0,39.72,signal_trend_template_failed|not_30pct_above_52w_low|close_below_50ma
2018-10-11,2018-10-10,TQQQ,QQQ,orange,orange,9,0,0.0477362988,-0.0413518161,0.0628649083,-0.0129933616,-0.0568472885,True,0,80.4999,signal_trend_template_failed|not_30pct_above_52w_low|close_below_50ma|relative_strength_below_floor|three_month_momentum_not_positive
2018-10-12,2018-10-11,TQQQ,QQQ,red,red,1,0,0.0437319138,-0.0540324983,0.0551463627,-0.0021797438,-0.0678078071,True,0,70.7421,close_below_200ma|signal_trend_template_failed|not_30pct_above_52w_low
2018-10-15,2018-10-12,TQQQ,QQQ,orange,orange,1,0,0.0647651681,-0.0253725532,0.0763068574,0.0115684529,-0.0413498887,True,0,58.1122,signal_trend_template_failed|not_30pct_above_52w_low|close_below_50ma|three_month_momentum_not_positive
2018-10-16,2018-10-15,TQQQ,QQQ,orange,orange,2,0,0.0461522018,-0.0429915107,0.0408737055,0.0002552271,-0.0521668309,False,0,53.0142,signal_trend_template_failed|not_30pct_above_52w_low|close_below_50ma|three_month_momentum_not_positive
2018-10-17,2018-10-16,TQQQ,QQQ,orange,orange,3,0,0.0707592067,-0.0132889497,0.0689671773,0.00867766,-0.0242060724,False,0,44.8672,signal_trend_template_failed|not_30pct_above_52w_low|close_below_50ma|three_month_momentum_not_positive
2018-10-18,2018-10-17,TQQQ,QQQ,orange,orange,4,0,0.0746924515,-0.0079369706,0.0793111049,0.0099368165,-0.0233706001,False,0,47.0601,signal_trend_template_failed|not_30pct_above_52w_low|close_below_50ma|three_month_momentum_not_positive
2018-10-19,2018-10-18,TQQQ,QQQ,orange,orange,5,0,0.0608670605,-0.0307185559,0.0712447049,0.0042906002,-0.0451153492,False,0,52.6244,signal_trend_template_failed|not_30pct_above_52w_low|close_below_50ma|three_month_momentum_not_positive
2018-10-22,2018-10-19,TQQQ,QQQ,orange,orange,6,0,0.0624993755,-0.0346889061,0.0729647723,0.0038435248,-0.0450963374,False,0,45.1995,signal_trend_template_failed|not_30pct_above_52w_low|close_below_50ma|three_month_momentum_not_positive
2018-10-23,2018-10-22,TQQQ,QQQ,orange,orange,7,0,0.0802784416,-0.0337051937,0.1018292505,0.0167216216,-0.0395177544,False,0,39.1058,signal_trend_template_failed|not_30pct_above_52w_low|close_below_50ma|three_month_momentum_not_positive
2018-10-24,2018-10-23,TQQQ,QQQ,orange,orange,8,0,0.0678747897,-0.050531479,0.0964597543,0.0143368009,-0.0423408403,False,0,59.4912,signal_trend_template_failed|not_30pct_above_52w_low|close_below_50ma|three_month_momentum_not_positive
2018-10-25,2018-10-24,TQQQ,QQQ,red,red,1,0,0.0332295571,-0.0800470554,0.0247055166,0.0021997083,-0.0845726624,False,0,59.5596,close_below_200ma|signal_trend_template_failed|not_30pct_above_52w_low
2018-10-26,2018-10-25,TQQQ,QQQ,red,red,2,0,0.0752683089,-0.0351997748,0.0595013067,0.0233051263,-0.0520794361,False,0,48.754,close_below_200ma|signal_trend_template_failed|not_30pct_above_52w_low
2018-10-29,2018-10-26,TQQQ,QQQ,red,red,3,0,0.0586593975,-0.0465427086,0.0396248931,0.0180695633,-0.0751459188,False,0,72.3739,close_below_200ma|signal_trend_template_failed|not_30pct_above_52w_low
2018-10-30,2018-10-29,TQQQ,QQQ,red,red,4,0,0.0297248173,-0.0732575684,0.0067189715,-0.001970548,-0.0925379584,False,0,61.0035,close_below_200ma|signal_trend_template_failed|not_30pct_above_52w_low
2018-10-31,2018-10-30,TQQQ,QQQ,red,red,5,0,0.0395759333,-0.0615480285,0.0293806423,-0.0037847092,-0.0762005309,False,0,53.7402,close_below_200ma|signal_trend_template_failed|not_30pct_above_52w_low
2018-11-01,2018-10-31,TQQQ,QQQ,red,red,6,0,0.0510142127,-0.052383126,0.0537070075,0.003173762,-0.0534093935,False,0,55.9052,close_below_200ma|signal_trend_template_failed|not_30pct_above_52w_low
2018-11-02,2018-11-01,TQQQ,QQQ,orange,orange,1,0,0.0523205256,-0.0428164582,0.0477259818,0.0031433702,-0.0399952674,False,0,40.8284,signal_trend_template_failed|not_30pct_above_52w_low|close_below_50ma|three_month_momentum_not_positive
2018-11-05,2018-11-02,TQQQ,QQQ,red,red,1,0,0.0344047934,-0.0632395701,0.0229061451,-0.0080682477,-0.053776903,False,0,53.9396,close_below_200ma|signal_trend_template_failed|not_30pct_above_52w_low
2018-11-06,2018-11-05,TQQQ,QQQ,red,red,2,0,0.0281621293,-0.0689547823,0.0214146611,-0.0174478649,-0.0547298431,False,0,31.4298,close_below_200ma|signal_trend_template_failed|not_30pct_above_52w_low
2018-11-07,2018-11-06,TQQQ,QQQ,red,red,3,0,0.030879129,-0.0630350928,0.0180567914,-0.0178861112,-0.046099031,False,0,34.8662,close_below_200ma|signal_trend_template_failed|not_30pct_above_52w_low
2018-11-08,2018-11-07,TQQQ,QQQ,orange,orange,1,0,0.0535438235,-0.0330604612,0.0392196574,-0.0088859563,-0.0152177156,False,0,47.326,signal_trend_template_failed|not_30pct_above_52w_low|close_below_50ma|relative_strength_below_floor|three_month_momentum_not_positive
2018-11-09,2018-11-08,TQQQ,QQQ,orange,orange,2,0,0.0474600084,-0.0318306636,0.0335653904,-0.0128391056,-0.0201865709,False,0,39.4591,signal_trend_template_failed|not_30pct_above_52w_low|close_below_50ma|relative_strength_below_floor|three_month_momentum_not_positive
2018-11-12,2018-11-09,TQQQ,QQQ,red,red,1,0,0.0306038476,-0.047090587,0.0144118738,-0.0218468712,-0.0351209189,False,0,43.5778,close_below_200ma|signal_trend_template_failed|not_30pct_above_52w_low
2018-11-13,2018-11-12,TQQQ,QQQ,red,red,2,0,0.00843584,-0.0816790252,-0.0052661388,-0.0314606199,-0.0622082879,False,0,44.8744,close_below_200ma|signal_trend_template_failed|not_30pct_above_52w_low
2018-11-14,2018-11-13,TQQQ,QQQ,red,red,3,0,0.0136517845,-0.0695221408,-0.010968521,-0.028197591,-0.0593990228,False,0,44.8814,close_below_200ma|signal_trend_template_failed|not_30pct_above_52w_low
2018-11-15,2018-11-14,TQQQ,QQQ,red,red,4,0,0.0116036904,-0.0796503043,-0.0147236714,-0.0252091136,-0.064680524,False,0,44.2159,close_below_200ma|signal_trend_template_failed|not_30pct_above_52w_low
2018-11-16,2018-11-15,TQQQ,QQQ,red,red,5,0,0.025870974,-0.063757987,0.0077209044,-0.0171324073,-0.0468724973,False,0,50.6676,close_below_200ma|signal_trend_template_failed|not_30pct_above_52w_low
2018-11-19,2018-11-16,TQQQ,QQQ,red,red,6,0,0.0196949639,-0.0662138456,-0.0014217457,-0.0209569546,-0.0487853853,False,0,39.6389,close_below_200ma|signal_trend_template_failed|not_30pct_above_52w_low
2018-11-20,2018-11-19,TQQQ,QQQ,red,red,7,0,-0.0093602662,-0.0998470442,-0.0325891868,-0.0369642342,-0.0776532454,False,0,49.7572,close_below_200ma|signal_trend_template_failed|not_30pct_above_52w_low
2018-11-21,2018-11-20,TQQQ,QQQ,red,red,8,0,-0.0252163965,-0.1193724273,-0.0578553223,-0.0397847801,-0.091714843,False,0,51.1551,close_below_200ma|signal_trend_template_failed|not_30pct_above_52w_low
2018-11-23,2018-11-21,TQQQ,QQQ,red,red,9,0,-0.0195036857,-0.1114015209,-0.0504129924,-0.0366893501,-0.0825181553,False,0,29.6598,close_below_200ma|signal_trend_template_failed|not_30pct_above_52w_low
2018-11-26,2018-11-23,TQQQ,QQQ,red,red,10,0,-0.0306939908,-0.1259510484,-0.058226229,-0.0394922346,-0.0865431542,False,0,14.3307,50ma_below_150ma|signal_trend_template_failed|not_30pct_above_52w_low
2018-11-27,2018-11-26,TQQQ,QQQ,red,red,11,0,-0.0185319541,-0.1147708728,-0.0321809322,-0.0380995022,-0.0631964439,False,0,32.2997,50ma_below_150ma|signal_trend_template_failed|not_30pct_above_52w_low
2018-11-28,2018-11-27,TQQQ,QQQ,red,red,12,0,-0.01549018,-0.1130810167,-0.0358177179,-0.0353996552,-0.0581294877,False,0,32.6887,50ma_below_150ma|signal_trend_template_failed|not_30pct_above_52w_low
2018-11-29,2018-11-28,TQQQ,QQQ,red,red,13,0,0.0026332938,-0.0949791126,-0.0041435982,-0.0331152972,-0.0262672185,False,0,58.0964,50ma_below_150ma|signal_trend_template_failed|not_30pct_above_52w_low
2018-11-30,2018-11-29,TQQQ,QQQ,red,red,14,0,-0.0033846562,-0.0963328295,-0.0227326689,-0.036858337,-0.0278455667,False,0,38.0808,50ma_below_150ma|signal_trend_template_failed|not_30pct_above_52w_low
2018-12-03,2018-11-30,TQQQ,QQQ,red,red,15,0,-0.0004757259,-0.0909467055,-0.0244519136,-0.0369468837,-0.019088657,False,0,35.1397,50ma_below_150ma|signal_trend_template_failed|not_30pct_above_52w_low
2018-12-04,2018-12-03,TQQQ,QQQ,red,red,16,0,0.0168961482,-0.0710785758,-0.0104690182,-0.0313686733,-0.0006670817,False,0,47.3017,50ma_below_150ma|signal_trend_template_failed|not_30pct_above_52w_low
2018-12-06,2018-12-04,TQQQ,QQQ,red,red,17,0,-0.0065155967,-0.0950221381,-0.0539428366,-0.0310398961,-0.0369683764,False,0,59.2266,50ma_below_150ma|signal_trend_template_failed|not_30pct_above_52w_low
2018-12-07,2018-12-06,TQQQ,QQQ,red,red,18,0,0.0079793324,-0.0804116457,-0.0394529171,-0.0174810292,-0.0282209859,False,0,56.1013,50ma_below_150ma|signal_trend_template_failed|not_30pct_above_52w_low
2018-12-10,2018-12-07,TQQQ,QQQ,red,red,19,0,-0.011886999,-0.1073356158,-0.0712196302,-0.0248273951,-0.0577935066,False,0,57.5328,50ma_below_150ma|signal_trend_template_failed|not_30pct_above_52w_low
2018-12-11,2018-12-10,TQQQ,QQQ,red,red,20,0,-0.0001520398,-0.1010151604,-0.0640146759,-0.0169976331,-0.0453892763,False,0,46.9571,50ma_below_150ma|signal_trend_template_failed|not_30pct_above_52w_low
2018-12-12,2018-12-11,TQQQ,QQQ,red,red,21,0,-0.0073506812,-0.104934384,-0.0658293636,-0.0190749039,-0.0397346864,False,0,46.3025,50ma_below_150ma|signal_trend_template_failed|not_30pct_above_52w_low
2018-12-13,2018-12-12,TQQQ,QQQ,red,red,22,0,0.0065432804,-0.0943859165,-0.0575535638,-0.0118920606,-0.0288753678,False,0,46.7213,50ma_below_150ma|signal_trend_template_failed|not_30pct_above_52w_low
2018-12-14,2018-12-13,TQQQ,QQQ,red,red,23,0,0.0024906354,-0.1036844669,-0.0667164593,-0.0136511636,-0.0262147455,False,0,45.4279,50ma_below_150ma|signal_trend_template_failed|not_30pct_above_52w_low
2018-12-17,2018-12-14,TQQQ,QQQ,red,red,24,0,-0.0160971821,-0.1229428242,-0.0862514262,-0.0181150856,-0.0471305794,False,0,39.8219,50ma_below_150ma|signal_trend_template_failed|not_30pct_above_52w_low
2018-12-18,2018-12-17,TQQQ,QQQ,red,red,25,0,-0.0210901644,-0.1302891615,-0.1064401375,-0.015497203,-0.0659643028,False,0,47.8443,50ma_below_150ma|signal_trend_template_failed|not_30pct_above_52w_low
2018-12-19,2018-12-18,TQQQ,QQQ,red,red,26,0,-0.0187605065,-0.1320003597,-0.0982666374,-0.0100377536,-0.0576612565,False,0,38.2887,50ma_below_150ma|signal_trend_template_failed|not_30pct_above_52w_low
2018-12-20,2018-12-19,TQQQ,QQQ,red,red,27,0,-0.041117898,-0.1526649889,-0.1266114359,-0.0201848979,-0.0781107907,False,0,69.2578,50ma_below_150ma|signal_trend_template_failed|not_30pct_above_52w_low
2018-12-21,2018-12-20,TQQQ,QQQ,red,red,28,0,-0.0518168831,-0.1740793285,-0.131728221,-0.0184692357,-0.0885007789,False,0,69.274,50ma_below_150ma|signal_trend_template_failed|signal_200ma_not_rising|not_30pct_above_52w_low
2018-12-24,2018-12-21,TQQQ,QQQ,red,red,29,0,-0.0671605842,-0.1952775573,-0.1567671355,-0.0237556293,-0.1141894397,False,0,71.9865,50ma_below_150ma|signal_trend_template_failed|signal_200ma_not_rising|not_30pct_above_52w_low
2018-12-26,2018-12-24,TQQQ,QQQ,red,red,30,0,-0.0790485731,-0.2174096259,-0.1587237193,-0.0224597513,-0.1334836237,False,0,31.7178,50ma_below_150ma|signal_trend_template_failed|signal_200ma_not_rising|not_30pct_above_52w_low
2018-12-27,2018-12-26,TQQQ,QQQ,red,red,31,0,-0.0448833928,-0.1696743427,-0.1098314088,-0.0163899004,-0.0769977718,False,0,80.7243,50ma_below_150ma|signal_trend_template_failed|signal_200ma_not_rising|not_30pct_above_52w_low
2018-12-28,2018-12-27,TQQQ,QQQ,red,red,32,0,-0.0406002795,-0.1670491559,-0.0940666786,-0.0199286701,-0.071326792,False,0,73.9931,50ma_below_150ma|signal_trend_template_failed|signal_200ma_not_rising|not_30pct_above_52w_low
2018-12-31,2018-12-28,TQQQ,QQQ,red,red,33,0,-0.0476604962,-0.1744727798,-0.1022621173,-0.0229859586,-0.0691295256,False,0,65.7137,50ma_below_150ma|signal_trend_template_failed|signal_200ma_not_rising|not_30pct_above_52w_low
2019-01-02,2018-12-31,TQQQ,QQQ,red,red,34,0,-0.0423468193,-0.16733215,-0.0971178285,-0.023227499,-0.058699393,False,0,47.8295,50ma_below_150ma|signal_trend_template_failed|signal_200ma_not_rising|not_30pct_above_52w_low
2019-01-03,2019-01-02,TQQQ,QQQ,red,red,35,0,-0.0420147786,-0.1656920805,-0.0995222374,-0.0210995707,-0.0528577826,False,0,60.7446,50ma_below_150ma|signal_trend_template_failed|signal_200ma_not_rising|not_30pct_above_52w_low
2019-01-04,2019-01-03,TQQQ,QQQ,red,red,36,0,-0.0643237848,-0.1911244638,-0.1187412165,-0.0275240191,-0.0812498569,False,0,66.7423,50ma_below_150ma|signal_trend_template_failed|signal_200ma_not_rising|not_30pct_above_52w_low
2019-01-07,2019-01-04,TQQQ,QQQ,red,red,37,0,-0.0399105153,-0.1574244315,-0.0923035626,-0.0221023797,-0.039918099,False,0,62.1722,50ma_below_150ma|signal_trend_template_failed|signal_200ma_not_rising|not_30pct_above_52w_low
2019-01-08,2019-01-07,TQQQ,QQQ,red,red,38,0,-0.0259335285,-0.1307034259,-0.0955663421,-0.0149810401,-0.0267309455,False,0,50.0859,50ma_below_150ma|signal_trend_template_failed|signal_200ma_not_rising|not_30pct_above_52w_low
2019-01-09,2019-01-08,TQQQ,QQQ,red,red,39,0,-0.0145506673,-0.1119821637,-0.095522665,-0.0109629666,-0.0172800008,False,0,51.173,50ma_below_150ma|signal_trend_template_failed|signal_200ma_not_rising|not_30pct_above_52w_low
2019-01-10,2019-01-09,TQQQ,QQQ,red,red,40,0,-0.0046977197,-0.0992455015,-0.0888204896,-0.0038059673,-0.008079679,False,0,44.084,50ma_below_150ma|signal_trend_template_failed|signal_200ma_not_rising|not_30pct_above_52w_low
2019-01-11,2019-01-10,TQQQ,QQQ,red,red,41,0,-0.0004708241,-0.0995855898,-0.0815524982,-0.0055787281,-0.0046403152,False,0,43.7665,50ma_below_150ma|signal_trend_template_failed|signal_200ma_not_rising|not_30pct_above_52w_low
2019-01-14,2019-01-11,TQQQ,QQQ,red,red,42,0,0.0082319545,-0.0616101076,-0.1004142339,-0.0053834122,-0.0080277632,False,0,29.8305,50ma_below_150ma|signal_trend_template_failed|signal_200ma_not_rising|not_30pct_above_52w_low
2019-01-15,2019-01-14,TQQQ,QQQ,red,red,43,0,0.000136798,-0.0582215674,-0.109108209,-0.0147439333,-0.016043241,False,0,26.788,50ma_below_150ma|signal_trend_template_failed|signal_200ma_not_rising|not_30pct_above_52w_low
2019-01-16,2019-01-15,TQQQ,QQQ,red,red,44,0,0.0041016341,-0.0658295716,-0.0895318605,-0.0133079488,0.0040331602,False,0,36.8379,50ma_below_150ma|signal_trend_template_failed|signal_200ma_not_rising|not_30pct_above_52w_low
2019-01-17,2019-01-16,TQQQ,QQQ,red,red,45,0,0.0076727221,-0.0545587258,-0.0952046745,-0.0133682183,0.0049930673,False,0,34.5429,50ma_below_150ma|signal_trend_template_failed|signal_200ma_not_rising|not_30pct_above_52w_low
2019-01-18,2019-01-17,TQQQ,QQQ,red,red,46,0,-0.0004094973,-0.0740425188,-0.0863475212,-0.0171864478,0.0135779534,False,0,36.9508,50ma_below_150ma|signal_trend_template_failed|signal_200ma_not_rising|not_30pct_above_52w_low
2019-01-22,2019-01-18,TQQQ,QQQ,red,red,47,0,0.0050401053,-0.0652444975,-0.0726636244,-0.0205817518,0.0240222916,False,0,44.6123,50ma_below_150ma|signal_trend_template_failed|signal_200ma_not_rising|not_30pct_above_52w_low
2019-01-23,2019-01-22,TQQQ,QQQ,red,red,48,0,0.0013757706,-0.0622282932,-0.0910352857,-0.0232303346,0.0044837468,False,0,45.8926,50ma_below_150ma|signal_trend_template_failed|signal_200ma_not_rising|not_30pct_above_52w_low
2019-01-24,2019-01-23,TQQQ,QQQ,red,red,49,0,-0.0018800965,-0.0601435073,-0.092746101,-0.025347769,0.0074020019,False,0,41.9824,50ma_below_150ma|signal_trend_template_failed|signal_200ma_not_rising|not_30pct_above_52w_low
2019-01-25,2019-01-24,TQQQ,QQQ,red,red,50,0,-0.0023168005,-0.0588988377,-0.0906188346,-0.0250182899,0.0152829353,False,0,32.9547,50ma_below_150ma|signal_trend_template_failed|signal_200ma_not_rising|not_30pct_above_52w_low
2019-01-28,2019-01-25,TQQQ,QQQ,red,red,51,0,0.0027379772,-0.0441362934,-0.0924375003,-0.0238596173,0.0281665682,False,0,37.1654,50ma_below_150ma|signal_trend_template_failed|signal_200ma_not_rising|not_30pct_above_52w_low
2019-01-29,2019-01-28,TQQQ,QQQ,red,red,52,0,0.0158686084,-0.0106651031,-0.0898584484,-0.0174446059,0.015813158,False,0,36.0123,50ma_below_150ma|signal_trend_template_failed|signal_200ma_not_rising|not_30pct_above_52w_low
2019-01-30,2019-01-29,TQQQ,QQQ,red,red,53,0,-0.0042263487,-0.0527750068,-0.0861171133,-0.0311959477,0.0067776639,False,0,30.5483,50ma_below_150ma|signal_trend_template_failed|signal_200ma_not_rising|not_30pct_above_52w_low
2019-01-31,2019-01-30,TQQQ,QQQ,red,red,54,0,0.0261176339,-0.0030360476,-0.0494374504,-0.0154518461,0.0322653546,False,0,47.1208,50ma_below_150ma|signal_trend_template_failed|not_30pct_above_52w_low
2019-02-01,2019-01-31,TQQQ,QQQ,red,red,55,0,0.0441946443,0.033150605,-0.0425354961,-0.0027508016,0.0476454173,False,0,44.9263,50ma_below_150ma|signal_trend_template_failed|not_30pct_above_52w_low
2019-02-04,2019-02-01,TQQQ,QQQ,red,red,56,0,0.0346645457,0.0121085178,-0.0501847661,-0.0090321765,0.0431662718,False,0,39.1011,50ma_below_150ma|signal_trend_template_failed|not_30pct_above_52w_low
2019-02-05,2019-02-04,TQQQ,QQQ,red,red,57,0,0.0282705117,0.0011482756,-0.0512950007,-0.0128865285,0.0550814657,False,0,31.776,50ma_below_150ma|signal_trend_template_failed|not_30pct_above_52w_low
2019-02-06,2019-02-05,TQQQ,QQQ,red,red,58,0,0.0300691507,-0.0031425205,-0.0458244271,-0.0085858401,0.0627863172,False,0,37.8872,50ma_below_150ma|signal_trend_template_failed|not_30pct_above_52w_low
2019-02-07,2019-02-06,TQQQ,QQQ,red,red,59,0,0.0348802703,0.0096106044,-0.0542367362,-0.0054008614,0.0582219447,True,0,42.3998,50ma_below_150ma|signal_trend_template_failed|not_30pct_above_52w_low
2019-02-08,2019-02-07,TQQQ,QQQ,red,red,60,0,0.0273846116,-0.0014718904,-0.0703251788,-0.0049321121,0.0427845022,True,0,58.6719,50ma_below_150ma|signal_trend_template_failed|not_30pct_above_52w_low
2019-02-11,2019-02-08,TQQQ,QQQ,red,red,61,0,0.025623081,-0.0070356204,-0.0696272222,-0.0056003227,0.0440360922,True,0,40.6805,50ma_below_150ma|signal_trend_template_failed|not_30pct_above_52w_low
2019-02-12,2019-02-11,TQQQ,QQQ,red,red,62,0,0.0109619261,-0.0381485527,-0.0699478051,-0.0131495533,0.0423447816,True,0,33.9882,50ma_below_150ma|signal_trend_template_failed|not_30pct_above_52w_low
2019-02-13,2019-02-12,TQQQ,QQQ,red,red,63,0,0.0237204446,-0.0176608166,-0.0489293247,-0.0093722675,0.0574068992,True,0,37.5164,50ma_below_150ma|signal_trend_template_failed|not_30pct_above_52w_low
2019-02-14,2019-02-13,TQQQ,QQQ,red,red,64,0,0.0299780585,-0.0001207256,-0.0472056275,-0.0098149796,0.0577125815,True,0,37.4119,50ma_below_150ma|signal_trend_template_failed|not_30pct_above_52w_low
2019-02-15,2019-02-14,TQQQ,QQQ,red,red,65,0,0.0438637079,0.032344173,-0.0519766927,-0.0016198835,0.0587055608,True,0,45.1284,50ma_below_150ma|signal_trend_template_failed|not_30pct_above_52w_low
2019-02-19,2019-02-15,TQQQ,QQQ,red,red,66,0,0.0453720151,0.0358137039,-0.0361982823,-0.0071470507,0.0631441994,True,0,42.4292,50ma_below_150ma|signal_trend_template_failed|not_30pct_above_52w_low
2019-02-20,2019-02-19,TQQQ,QQQ,red,red,67,0,0.0491626805,0.0458409276,-0.0374606205,-0.0061504532,0.0643213486,True,0,31.0245,50ma_below_150ma|signal_trend_template_failed|not_30pct_above_52w_low
2019-02-21,2019-02-20,TQQQ,QQQ,red,red,68,0,0.0385306435,0.0276803511,-0.0378424793,-0.0121703827,0.0633690467,True,0,51.2008,50ma_below_150ma|signal_trend_template_failed|not_30pct_above_52w_low
2019-02-22,2019-02-21,TQQQ,QQQ,red,red,69,0,0.0380421204,0.0275285144,-0.0405081,-0.0090311267,0.0580816348,True,0,38.0229,50ma_below_150ma|signal_trend_template_failed|not_30pct_above_52w_low
2019-02-25,2019-02-22,TQQQ,QQQ,red,red,70,0,0.0563368445,0.0698793546,-0.0369449366,-0.0001727051,0.0645613167,True,0,36.1712,50ma_below_150ma|signal_trend_template_failed|not_30pct_above_52w_low
2019-02-26,2019-02-25,TQQQ,QQQ,red,red,71,0,0.0643534289,0.0933431359,-0.0371718881,0.0013493528,0.0670774713,True,0,37.9348,50ma_below_150ma|signal_trend_template_failed|not_30pct_above_52w_low
2019-02-27,2019-02-26,TQQQ,QQQ,red,red,72,0,0.0640515809,0.0862188615,-0.0347875717,0.0024687588,0.0669870516,True,0,32.3051,50ma_below_150ma|signal_trend_template_failed|not_30pct_above_52w_low
2019-02-28,2019-02-27,TQQQ,QQQ,red,red,73,0,0.064723963,0.0934407865,-0.0442792269,0.0023478006,0.0651389522,True,0,35.4104,50ma_below_150ma|signal_trend_template_failed|not_30pct_above_52w_low
2019-03-01,2019-02-28,TQQQ,QQQ,red,red,74,0,0.0508351489,0.0662747737,-0.0561025127,-0.0028300677,0.0610478071,True,0,27.9659,50ma_below_150ma|signal_trend_template_failed|not_30pct_above_52w_low
2019-03-04,2019-03-01,TQQQ,QQQ,red,red,75,0,0.0525599794,0.0700495773,-0.0509527168,-0.0032524433,0.0661251272,True,0,43.4261,50ma_below_150ma|signal_trend_template_failed|not_30pct_above_52w_low
2019-03-05,2019-03-04,TQQQ,QQQ,red,red,76,0,0.0378660755,0.0368646139,-0.0616158669,-0.0065824629,0.0641682504,True,0,66.0357,50ma_below_150ma|signal_trend_template_failed|not_30pct_above_52w_low
2019-03-06,2019-03-05,TQQQ,QQQ,red,red,77,0,0.0389823328,0.0410311516,-0.0592543249,-0.0060639982,0.0623090778,True,0,31.1756,50ma_below_150ma|signal_trend_template_failed|not_30pct_above_52w_low
2019-03-07,2019-03-06,TQQQ,QQQ,red,red,78,0,0.0339014861,0.0276702552,-0.0657929689,-0.0062055582,0.0535006127,True,0,37.697,50ma_below_150ma|signal_trend_template_failed|not_30pct_above_52w_low
2019-03-08,2019-03-07,TQQQ,QQQ,red,red,79,0,0.0206366499,-0.0023765649,-0.0732862178,-0.0117923639,0.037513085,True,0,49.8077,stage4_breakdown|signal_trend_template_failed|not_30pct_above_52w_low
2019-03-11,2019-03-08,TQQQ,QQQ,red,red,80,0,0.0394522967,0.0358418339,-0.0625860719,-0.0053435653,0.0324818963,True,0,51.1725,stage4_breakdown|signal_trend_template_failed|not_30pct_above_52w_low
2019-03-12,2019-03-11,TQQQ,QQQ,red,red,81,0,0.0501866872,0.0499721984,-0.034457794,-0.0030035797,0.051131318,True,0,39.9267,50ma_below_150ma|signal_trend_template_failed|not_30pct_above_52w_low
2019-03-13,2019-03-12,TQQQ,QQQ,red,red,82,0,0.0712024003,0.0917871628,-0.0254004846,0.0053689796,0.0540351856,True,0,47.8849,50ma_below_150ma|signal_trend_template_failed|not_30pct_above_52w_low
2019-03-14,2019-03-13,TQQQ,QQQ,red,red,83,0,0.070393296,0.0885900284,-0.0213740679,0.0020038253,0.058900206,True,0,46.8325,50ma_below_150ma|signal_trend_template_failed|not_30pct_above_52w_low
2019-03-15,2019-03-14,TQQQ,QQQ,red,red,84,0,0.0695177765,0.0831587551,-0.0305018416,-0.0002210886,0.0542740749,True,0,30.6627,50ma_below_150ma|signal_trend_template_failed|not_30pct_above_52w_low
2019-03-18,2019-03-15,TQQQ,QQQ,red,red,85,0,0.0729705211,0.0836730427,-0.0186104306,0.002770225,0.0610866398,True,0,45.7137,50ma_below_150ma|signal_trend_template_failed|not_30pct_above_52w_low
2019-03-19,2019-03-18,TQQQ,QQQ,red,red,86,0,0.0739350265,0.085924668,-0.0266688523,0.000878996,0.0599616905,True,0,49.4985,50ma_below_150ma|signal_trend_template_failed|not_30pct_above_52w_low
2019-03-20,2019-03-19,TQQQ,QQQ,red,red,87,0,0.0876208411,0.1167691437,-0.0205296089,0.0079320387,0.0606149121,True,0,55.158,50ma_below_150ma|signal_trend_template_failed|not_30pct_above_52w_low
2019-03-21,2019-03-20,TQQQ,QQQ,red,red,88,0,0.1062524835,0.1471912942,-0.0022752975,0.0198721227,0.0620577395,True,0,62.2911,50ma_below_150ma|signal_trend_template_failed|not_30pct_above_52w_low
2019-03-22,2019-03-21,TQQQ,QQQ,red,red,89,0,0.1103606541,0.1578437004,0.0050079155,0.0186904254,0.0756931968,True,0,53.9659,50ma_below_150ma|signal_trend_template_failed|not_30pct_above_52w_low
2019-03-25,2019-03-22,TQQQ,QQQ,red,red,90,0,0.1109352948,0.160918577,-0.0163130447,0.0234393182,0.0498357546,True,0,88.8218,50ma_below_150ma|signal_trend_template_failed|not_30pct_above_52w_low
2019-03-26,2019-03-25,TQQQ,QQQ,red,red,91,0,0.1106870971,0.1757512677,-0.0289227235,0.0196501712,0.0457176509,True,0,69.3871,50ma_below_150ma|signal_trend_template_failed|not_30pct_above_52w_low
2019-03-27,2019-03-26,TQQQ,QQQ,orange,orange,1,0,0.127316791,0.2190082716,-0.019036686,0.0235318951,0.0482932517,True,0,58.8044,signal_trend_template_failed|not_30pct_above_52w_low|six_month_momentum_not_positive
2019-03-28,2019-03-27,TQQQ,QQQ,orange,orange,2,0,0.1313513243,0.2419779383,-0.0280400206,0.0198922858,0.0392580705,True,0,57.9603,signal_trend_template_failed|not_30pct_above_52w_low|six_month_momentum_not_positive
2019-03-29,2019-03-28,TQQQ,QQQ,orange,orange,3,0,0.1038401811,0.1716813976,-0.0271228735,0.010582628,0.0396822524,True,0,42.3708,signal_trend_template_failed|not_30pct_above_52w_low|six_month_momentum_not_positive
2019-04-01,2019-03-29,TQQQ,QQQ,orange,orange,4,0,0.108390217,0.1760013006,-0.020448724,0.0125659122,0.0454073869,True,0,42.8349,signal_trend_template_failed|not_30pct_above_52w_low|six_month_momentum_not_positive
2019-04-02,2019-04-01,TQQQ,QQQ,orange,orange,5,0,0.1120134789,0.1922030263,-0.0158039497,0.0104845681,0.0569553081,True,0,42.9027,signal_trend_template_failed|not_30pct_above_52w_low|six_month_momentum_not_positive
2019-04-03,2019-04-02,TQQQ,QQQ,orange,orange,6,0,0.1123776477,0.1867145476,-0.0118609491,0.0142221774,0.0587753179,True,0,37.8335,signal_trend_template_failed|not_30pct_above_52w_low|six_month_momentum_not_positive
2019-04-04,2019-04-03,TQQQ,QQQ,orange,orange,7,0,0.1157604401,0.1887554424,-0.0082119201,0.0177544439,0.0621347224,True,0,54.5913,signal_trend_template_failed|not_30pct_above_52w_low|six_month_momentum_not_positive
2019-04-05,2019-04-04,TQQQ,QQQ,orange,orange,8,0,0.130546439,0.2284363482,-0.0063478902,0.0205340941,0.0590549725,True,0,51.7149,signal_trend_template_failed|not_30pct_above_52w_low|six_month_momentum_not_positive
2019-04-08,2019-04-05,TQQQ,QQQ,orange,orange,9,0,0.1147494527,0.1841267052,-0.0022837682,0.0155756514,0.0618681095,True,0,38.2509,signal_trend_template_failed|not_30pct_above_52w_low|six_month_momentum_not_positive
2019-04-09,2019-04-08,TQQQ,QQQ,orange,orange,10,0,0.1177587216,0.1731731293,0.0198353821,0.0188183218,0.0620936086,True,0,38.11,signal_trend_template_failed|not_30pct_above_52w_low
2019-04-10,2019-04-09,TQQQ,QQQ,orange,orange,11,0,0.1162757108,0.1585740381,0.0288344105,0.022426838,0.0557399443,True,0,37.9321,signal_trend_template_failed|not_30pct_above_52w_low
2019-04-11,2019-04-10,TQQQ,QQQ,orange,orange,12,0,0.1181740888,0.1553759942,0.0407101243,0.0241929525,0.0584745569,True,0,36.7402,signal_trend_template_failed|not_30pct_above_52w_low
2019-04-12,2019-04-11,TQQQ,QQQ,orange,orange,13,0,0.1134999336,0.1493474321,0.0348889902,0.0209596204,0.0536001533,True,0,41.0647,signal_trend_template_failed|not_30pct_above_52w_low
2019-04-15,2019-04-12,TQQQ,QQQ,orange,orange,14,0,0.1270374663,0.1585549698,0.0871762734,0.0240174422,0.0559935297,True,0,35.4179,signal_trend_template_failed|not_30pct_above_52w_low
2019-04-16,2019-04-15,TQQQ,QQQ,orange,orange,15,0,0.1369475003,0.1690729859,0.1010077242,0.0262644998,0.0539225475,True,0,31.0322,signal_trend_template_failed|not_30pct_above_52w_low
2019-04-17,2019-04-16,TQQQ,QQQ,orange,orange,16,0,0.1255954326,0.1506306286,0.0748851072,0.0214786089,0.0554835674,True,0,35.4385,signal_trend_template_failed
2019-04-18,2019-04-17,TQQQ,QQQ,orange,orange,17,0,0.1372559246,0.1548545961,0.0918472009,0.0335733198,0.0571959954,True,0,43.4356,signal_trend_template_failed
2019-04-22,2019-04-18,TQQQ,QQQ,orange,orange,18,0,0.1261481142,0.1472894527,0.0623412518,0.0295276688,0.0565009533,True,0,34.9966,signal_trend_template_failed
2019-04-23,2019-04-22,TQQQ,QQQ,orange,orange,19,0,0.1245576678,0.1392556383,0.0649254767,0.0321385977,0.0571059653,True,0,29.0916,signal_trend_template_failed
2019-04-24,2019-04-23,TQQQ,QQQ,orange,orange,20,0,0.147821183,0.1773268365,0.1040637969,0.0420521871,0.0679003539,True,0,41.8348,signal_trend_template_failed
2019-04-25,2019-04-24,TQQQ,QQQ,orange,orange,21,0,0.1453098486,0.1720950687,0.1016011603,0.0416842215,0.0619571881,True,0,37.529,signal_trend_template_failed
2019-04-26,2019-04-25,TQQQ,QQQ,orange,orange,22,0,0.1428618866,0.1692810511,0.1004117562,0.0398195907,0.0638972312,True,0,47.7727,signal_trend_template_failed
2019-04-29,2019-04-26,TQQQ,QQQ,orange,orange,23,0,0.1368819523,0.1565058549,0.1054619731,0.0330317873,0.0624788897,True,0,44.2691,signal_trend_template_failed
2019-04-30,2019-04-29,TQQQ,QQQ,orange,orange,24,0,0.1576120931,0.1732430586,0.1607303005,0.0419177562,0.0621599651,True,0,33.7459,signal_trend_template_failed
2019-05-01,2019-04-30,TQQQ,QQQ,orange,orange,25,0,0.1451779256,0.1752483587,0.1132246186,0.0314847033,0.051835029,True,0,50.2061,signal_trend_template_failed
2019-05-02,2019-05-01,TQQQ,QQQ,orange,orange,26,0,0.1412060754,0.1424063093,0.1389379094,0.0333860233,0.0464800658,True,0,48.9756,signal_trend_template_failed
2019-05-03,2019-05-02,TQQQ,QQQ,orange,orange,27,0,0.1375557965,0.1206727978,0.157823779,0.0319769566,0.0400746285,True,0,54.282,signal_trend_template_failed
2019-05-06,2019-05-03,TQQQ,QQQ,orange,orange,28,0,0.1478305128,0.143372895,0.1572174461,0.0410754841,0.0543529034,True,0,43.8053,signal_trend_template_failed
2019-05-07,2019-05-06,TQQQ,QQQ,orange,orange,29,0,0.1325061778,0.1224306435,0.1237195033,0.0320834714,0.0458943089,True,0,63.8916,signal_trend_template_failed
2019-05-08,2019-05-07,TQQQ,QQQ,orange,orange,30,0,0.1115965456,0.0909138394,0.0874856203,0.0259209457,0.0240505244,True,0,88.3861,signal_trend_template_failed
2019-05-09,2019-05-08,TQQQ,QQQ,orange,orange,31,0,0.1162528537,0.0914151913,0.101904351,0.0295138692,0.0200765436,True,0,59.4694,signal_trend_template_failed|not_30pct_above_52w_low
2019-05-10,2019-05-09,TQQQ,QQQ,orange,orange,32,0,0.1200547023,0.1003165472,0.0986970018,0.0323678697,0.0133061714,True,0,80.0108,signal_trend_template_failed|not_30pct_above_52w_low
2019-05-13,2019-05-10,TQQQ,QQQ,orange,orange,33,0,0.1161995154,0.0995296642,0.0917937909,0.027246354,0.0132204222,True,0,82.9424,signal_trend_template_failed|not_30pct_above_52w_low
2019-05-14,2019-05-13,TQQQ,QQQ,orange,orange,34,0,0.0799376017,0.0623807694,0.0218524806,0.0129605394,-0.0224239346,True,0,76.6738,signal_trend_template_failed|not_30pct_above_52w_low|close_below_50ma
2019-05-15,2019-05-14,TQQQ,QQQ,orange,orange,35,0,0.0848665772,0.0583920438,0.039699976,0.0153880634,-0.0123903858,True,0,47.1917,signal_trend_template_failed|not_30pct_above_52w_low|close_below_50ma
2019-05-16,2019-05-15,TQQQ,QQQ,orange,orange,36,0,0.1014071003,0.0725872712,0.0724577825,0.0271245742,0.0005890238,True,0,61.764,signal_trend_template_failed|not_30pct_above_52w_low
2019-05-17,2019-05-16,TQQQ,QQQ,orange,orange,37,0,0.113773642,0.0820383914,0.1170360284,0.0300737762,0.0093558004,True,0,62.9223,signal_trend_template_failed|not_30pct_above_52w_low
2019-05-20,2019-05-17,TQQQ,QQQ,orange,orange,38,0,0.1048247294,0.0664950933,0.1046902327,0.0281590113,-0.0022583379,True,0,63.9362,signal_trend_template_failed|not_30pct_above_52w_low|close_below_50ma
2019-05-21,2019-05-20,TQQQ,QQQ,orange,orange,39,0,0.087472402,0.0464211298,0.0943900451,0.0160498718,-0.0200730945,True,0,61.349,signal_trend_template_failed|not_30pct_above_52w_low|close_below_50ma
2019-05-22,2019-05-21,TQQQ,QQQ,orange,orange,40,0,0.0914075416,0.0575379781,0.0868110006,0.0159766284,-0.0106345304,True,0,39.2409,signal_trend_template_failed|not_30pct_above_52w_low|close_below_50ma
2019-05-23,2019-05-22,TQQQ,QQQ,orange,orange,41,0,0.0902162055,0.0566919248,0.0857810837,0.016288995,-0.0156471308,True,0,43.6097,signal_trend_template_failed|not_30pct_above_52w_low|close_below_50ma
2019-05-24,2019-05-23,TQQQ,QQQ,orange,orange,42,0,0.0850367914,0.0328788318,0.1050557379,0.0180588125,-0.0308745844,True,0,66.9423,signal_trend_template_failed|not_30pct_above_52w_low|close_below_50ma
2019-05-28,2019-05-24,TQQQ,QQQ,orange,orange,43,0,0.0886480917,0.0286089397,0.1246225237,0.0160524351,-0.0315500712,True,0,44.167,signal_trend_template_failed|not_30pct_above_52w_low|close_below_50ma
2019-05-29,2019-05-28,TQQQ,QQQ,orange,orange,44,0,0.0865418755,0.0236788462,0.1119392708,0.020531463,-0.0351361703,True,0,37.2224,signal_trend_template_failed|not_30pct_above_52w_low|close_below_50ma
2019-05-30,2019-05-29,TQQQ,QQQ,orange,orange,45,0,0.0826435485,0.0159012486,0.1108278603,0.0195642294,-0.0428212667,True,0,55.2314,signal_trend_template_failed|not_30pct_above_52w_low|close_below_50ma
2019-05-31,2019-05-30,TQQQ,QQQ,orange,orange,46,0,0.0804323043,0.0225285001,0.0902963451,0.0186120224,-0.0385587549,True,0,42.8543,signal_trend_template_failed|not_30pct_above_52w_low|close_below_50ma
2019-06-03,2019-05-31,TQQQ,QQQ,orange,orange,47,0,0.0632463722,-0.000707651,0.0692923556,0.0145421068,-0.0532984247,True,0,42.0388,signal_trend_template_failed|not_30pct_above_52w_low|close_below_50ma|three_month_momentum_not_positive
2019-06-04,2019-06-03,TQQQ,QQQ,red,red,1,0,0.0327976488,-0.0228782397,0.0131429768,-0.0092798393,-0.0728862698,True,0,67.6793,close_below_200ma|signal_trend_template_failed|not_30pct_above_52w_low
2019-06-05,2019-06-04,TQQQ,QQQ,orange,orange,1,0,0.052724594,0.0038860399,0.0450766402,-0.0047566413,-0.0464024994,False,0,49.5815,signal_trend_template_failed|not_30pct_above_52w_low|close_below_50ma|relative_strength_below_floor
2019-06-06,2019-06-05,TQQQ,QQQ,orange,orange,2,0,0.0583337506,0.0171163136,0.0452601816,-0.0060355062,-0.039104334,False,0,47.1016,signal_trend_template_failed|not_30pct_above_52w_low|close_below_50ma|relative_strength_below_floor
2019-06-07,2019-06-06,TQQQ,QQQ,orange,orange,3,0,0.0679854179,0.0379356089,0.0354688875,-0.0021466942,-0.0313178292,False,0,31.7336,signal_trend_template_failed|not_30pct_above_52w_low|close_below_50ma|relative_strength_below_floor
2019-06-10,2019-06-07,TQQQ,QQQ,orange,orange,4,0,0.0939296654,0.0595868141,0.0975643487,0.0087536519,-0.0129487421,False,0,50.6805,signal_trend_template_failed|not_30pct_above_52w_low|close_below_50ma
2019-06-11,2019-06-10,TQQQ,QQQ,orange,orange,5,0,0.093988215,0.0500962461,0.102571864,0.0104520232,-0.0019716669,False,0,63.5264,signal_trend_template_failed|not_30pct_above_52w_low|close_below_50ma
2019-06-12,2019-06-11,TQQQ,QQQ,orange,orange,6,0,0.1006804996,0.0457840417,0.1417735918,0.014232556,-0.0010165261,False,0,47.8225,signal_trend_template_failed|not_30pct_above_52w_low|close_below_50ma
2019-06-13,2019-06-12,TQQQ,QQQ,orange,orange,7,0,0.0895838752,0.0319859821,0.1234096496,0.0074697704,-0.0068227847,False,0,37.6845,signal_trend_template_failed|not_30pct_above_52w_low|close_below_50ma
2019-06-14,2019-06-13,TQQQ,QQQ,orange,orange,8,0,0.0934638421,0.0398606065,0.1263341201,0.0076739694,-0.0010152123,False,0,34.2627,signal_trend_template_failed|not_30pct_above_52w_low|close_below_50ma
2019-06-17,2019-06-14,TQQQ,QQQ,red,red,1,0,0.0821853086,0.0259175892,0.1117592355,0.0003841341,-0.0051398913,False,0,26.4692,200ma_not_rising|signal_trend_template_failed|signal_200ma_not_rising|not_30pct_above_52w_low
2019-06-18,2019-06-17,TQQQ,QQQ,red,red,2,0,0.0873894769,0.0296442319,0.1181160706,0.0059583213,0.0008484949,True,0,26.2198,200ma_not_rising|signal_trend_template_failed|signal_200ma_not_rising|not_30pct_above_52w_low
2019-06-19,2019-06-18,TQQQ,QQQ,red,red,3,0,0.1007722379,0.0411058555,0.1626748947,0.0097376723,0.0151989629,True,0,51.6947,200ma_not_rising|signal_trend_template_failed|signal_200ma_not_rising
2019-06-20,2019-06-19,TQQQ,QQQ,red,red,4,0,0.1070898565,0.0408881313,0.1940978025,0.0090907043,0.0187915672,True,0,50.514,200ma_not_rising|signal_trend_template_failed|signal_200ma_not_rising
2019-06-21,2019-06-20,TQQQ,QQQ,red,red,5,0,0.10358201,0.0343977147,0.1976708777,0.0043357744,0.0277763242,True,0,45.2228,200ma_not_rising|signal_trend_template_failed|signal_200ma_not_rising
2019-06-24,2019-06-21,TQQQ,QQQ,red,red,6,0,0.1193987412,0.0560595121,0.225999106,0.0097502926,0.0259063599,True,0,39.4691,200ma_not_rising|signal_trend_template_failed|signal_200ma_not_rising
2019-06-25,2019-06-24,TQQQ,QQQ,red,red,7,0,0.1243039355,0.0581079925,0.2440718136,0.0111433436,0.0255433857,True,0,25.993,200ma_not_rising|signal_trend_template_failed|signal_200ma_not_rising
2019-06-26,2019-06-25,TQQQ,QQQ,orange,orange,1,0,0.1228382453,0.0351233052,0.2618238712,0.0109226649,0.0079923583,True,0,49.9512,signal_trend_template_failed|not_30pct_above_52w_low
2019-06-27,2019-06-26,TQQQ,QQQ,orange,orange,2,0,0.1394167364,0.046659835,0.299928424,0.0189053672,0.0126428107,True,0,34.0962,signal_trend_template_failed
2019-06-28,2019-06-27,TQQQ,QQQ,orange,orange,3,0,0.1249251874,0.0482436768,0.2282076163,0.01643963,0.0164668534,True,0,27.5649,signal_trend_template_failed
2019-07-01,2019-06-28,TQQQ,QQQ,orange,orange,4,0,0.1199222113,0.0417058347,0.2250474165,0.0119561712,0.0177744861,True,0,36.3835,signal_trend_template_failed
2019-07-02,2019-07-01,TQQQ,QQQ,green,early_thaw,1,0,0.1328146893,0.0419600127,0.2422278805,0.0188340024,0.0312523644,True,1,55.3803,
2019-07-03,2019-07-02,TQQQ,QQQ,green,early_thaw,2,0,0.132951175,0.0421393384,0.2367219135,0.0166229286,0.0350566489,True,2,31.4473,
2019-07-05,2019-07-03,TQQQ,QQQ,green,early_thaw,3,0,0.1278657812,0.0439832784,0.2410408039,0.0098347345,0.0426700138,True,3,26.557,
2019-07-08,2019-07-05,TQQQ,QQQ,green,early_thaw,4,0,0.139452887,0.04225346,0.2803420342,0.0155867197,0.0403467043,True,4,45.9273,
2019-07-09,2019-07-08,TQQQ,QQQ,green,early_thaw,5,0,0.1152532258,0.029618725,0.2191990285,0.0083320941,0.0330892506,True,5,40.7055,
2019-07-10,2019-07-09,TQQQ,QQQ,green,early_thaw,6,0,0.1148911062,0.0321477755,0.2108880356,0.0099633922,0.038214033,True,6,34.6019,
2019-07-11,2019-07-10,TQQQ,QQQ,green,early_thaw,7,0,0.1260616654,0.0461063934,0.2119917084,0.0168984368,0.0483362094,True,7,61.9693,
2019-07-12,2019-07-11,TQQQ,QQQ,green,early_thaw,8,0,0.1198470178,0.0397659814,0.2013206545,0.0113090417,0.047198004,True,8,51.2729,
2019-07-15,2019-07-12,TQQQ,QQQ,green,green,9,0,0.1230472356,0.0482508338,0.204804404,0.0119417461,0.052663957,True,9,36.37,
2019-07-16,2019-07-15,TQQQ,QQQ,green,green,10,0,0.127033678,0.0470820254,0.2131020843,0.0175528378,0.0552951936,True,10,30.1813,
2019-07-17,2019-07-16,TQQQ,QQQ,green,early_thaw,11,0,0.1344090262,0.0415204959,0.217613476,0.0198209616,0.0495787623,True,11,45.4001,
2019-07-18,2019-07-17,TQQQ,QQQ,green,early_thaw,12,0,0.1175784684,0.0328416457,0.188419232,0.0135561584,0.0441129256,True,12,36.9452,
2019-07-19,2019-07-18,TQQQ,QQQ,green,early_thaw,13,0,0.1203468206,0.0304324753,0.1899996801,0.0106391831,0.0445599224,True,13,54.3763,
2019-07-22,2019-07-19,TQQQ,QQQ,green,early_thaw,14,0,0.1175310301,0.0215716402,0.1720383679,0.0123863831,0.0362698005,True,14,55.1004,
2019-07-23,2019-07-22,TQQQ,QQQ,green,early_thaw,15,0,0.1183620108,0.0267967915,0.1697840341,0.0179774413,0.0435915098,True,15,38.2621,
2019-07-24,2019-07-23,TQQQ,QQQ,green,early_thaw,16,0,0.1182590815,0.0205375524,0.2015062481,0.0151326358,0.0493750544,True,16,47.3904,
2019-07-25,2019-07-24,TQQQ,QQQ,green,green,17,0,0.122503505,0.0309498868,0.2083712783,0.0178538025,0.0548014045,True,17,45.5612,
2019-07-26,2019-07-25,TQQQ,QQQ,green,early_thaw,18,0,0.113687276,0.0170484771,0.1892155123,0.0103090598,0.0433179349,True,18,60.8028,
2019-07-29,2019-07-26,TQQQ,QQQ,green,green,19,0,0.1195361118,0.0266026001,0.1872719176,0.0167352215,0.0526265641,True,19,46.506,
2019-07-30,2019-07-29,TQQQ,QQQ,green,early_thaw,20,0,0.1186147924,0.0210988227,0.1979971059,0.0162203202,0.0478744697,True,20,46.8172,
2019-07-31,2019-07-30,TQQQ,QQQ,green,early_thaw,21,0,0.1174147334,0.0246306766,0.204195521,0.0189969077,0.0421013452,True,21,45.4678,
2019-08-01,2019-07-31,TQQQ,QQQ,green,early_thaw,22,0,0.1022690591,0.0137218809,0.1580822726,0.0109107292,0.0264140618,True,22,76.6833,
2019-08-02,2019-08-01,TQQQ,QQQ,green,early_thaw,23,0,0.101611057,0.0130795315,0.135330673,0.0153961584,0.0203556699,True,23,114.9034,
2019-08-05,2019-08-02,TQQQ,QQQ,yellow,yellow,1,0,0.0910216839,-0.0175067954,0.1233560997,0.0090094032,0.0046053707,True,24,90.7336,three_month_momentum_not_positive
2019-08-06,2019-08-05,TQQQ,QQQ,orange,orange,1,0,0.062198958,-0.0463853195,0.0703663395,0.0017555683,-0.0311910078,True,0,99.4818,signal_trend_template_failed|not_30pct_above_52w_low|close_below_50ma|three_month_momentum_not_positive
2019-08-07,2019-08-06,TQQQ,QQQ,orange,orange,2,0,0.0780519878,-0.0138255988,0.0758313023,0.0016816364,-0.0182071501,True,0,73.1157,signal_trend_template_failed|not_30pct_above_52w_low|close_below_50ma|three_month_momentum_not_positive
2019-08-08,2019-08-07,TQQQ,QQQ,orange,orange,3,0,0.0824037962,-0.0059893182,0.0848783585,0.0061605314,-0.0136591115,True,0,106.9668,signal_trend_template_failed|not_30pct_above_52w_low|close_below_50ma|three_month_momentum_not_positive
2019-08-09,2019-08-08,TQQQ,QQQ,green,early_thaw,1,0,0.1051833528,0.0211413373,0.1235787105,0.0124598964,0.0064480354,True,1,81.1337,
2019-08-12,2019-08-09,TQQQ,QQQ,orange,orange,1,0,0.1043660119,0.0102828001,0.1108359079,0.0150687647,-0.0040909711,True,0,79.5645,signal_trend_template_failed|close_below_50ma
2019-08-13,2019-08-12,TQQQ,QQQ,orange,orange,2,0,0.1136231489,0.0345929557,0.0991316602,0.0212008348,-0.0166519123,True,0,74.1038,signal_trend_template_failed|not_30pct_above_52w_low|close_below_50ma
2019-08-14,2019-08-13,TQQQ,QQQ,green,early_thaw,1,0,0.1225749503,0.0457876605,0.1068533394,0.0255674647,0.0029030757,True,1,88.5739,
2019-08-15,2019-08-14,TQQQ,QQQ,orange,orange,1,0,0.0947603229,0.0004048828,0.0730215433,0.0213298452,-0.0279207922,True,0,102.7733,signal_trend_template_failed|not_30pct_above_52w_low|close_below_50ma
2019-08-16,2019-08-15,TQQQ,QQQ,orange,orange,2,0,0.0840123702,-0.0106872885,0.0704743349,0.0142064488,-0.0297323121,True,0,70.122,signal_trend_template_failed|not_30pct_above_52w_low|close_below_50ma|three_month_momentum_not_positive
2019-08-19,2019-08-16,TQQQ,QQQ,orange,orange,3,0,0.0997745653,0.0155707577,0.0831012299,0.0197056633,-0.0150242284,True,0,57.721,signal_trend_template_failed|not_30pct_above_52w_low|close_below_50ma
2019-08-20,2019-08-19,TQQQ,QQQ,orange,orange,4,0,0.1148591567,0.0494393895,0.0981555517,0.0271117133,-0.0001856549,True,0,44.1187,signal_trend_template_failed|close_below_50ma
2019-08-21,2019-08-20,TQQQ,QQQ,orange,orange,5,0,0.1057387698,0.0305416175,0.0898368985,0.0269680705,-0.0083768198,True,0,45.09,signal_trend_template_failed|close_below_50ma
2019-08-22,2019-08-21,TQQQ,QQQ,orange,orange,6,0,0.1142330255,0.0443433328,0.1035491666,0.028486847,-0.0001705784,True,0,37.4598,signal_trend_template_failed|close_below_50ma
2019-08-23,2019-08-22,TQQQ,QQQ,orange,orange,7,0,0.1120499155,0.0571428776,0.0919005004,0.0255691738,-0.0040459788,True,0,55.7948,signal_trend_template_failed|close_below_50ma
2019-08-26,2019-08-23,TQQQ,QQQ,orange,orange,8,0,0.0918391391,0.0242062549,0.0535077099,0.0207296413,-0.0354664591,True,0,100.4096,signal_trend_template_failed|not_30pct_above_52w_low|close_below_50ma
2019-08-27,2019-08-26,TQQQ,QQQ,orange,orange,9,0,0.1026837116,0.0436004659,0.0683117208,0.0199032059,-0.0211663613,True,0,50.653,signal_trend_template_failed|not_30pct_above_52w_low|close_below_50ma
2019-08-28,2019-08-27,TQQQ,QQQ,orange,orange,10,0,0.1114242384,0.0500357776,0.0667326576,0.0251326176,-0.0233452528,True,0,53.0931,signal_trend_template_failed|not_30pct_above_52w_low|close_below_50ma
2019-08-29,2019-08-28,TQQQ,QQQ,orange,orange,11,0,0.1092657409,0.0493816744,0.0730226695,0.0189858662,-0.0197558542,True,0,44.3452,signal_trend_template_failed|not_30pct_above_52w_low|close_below_50ma
2019-08-30,2019-08-29,TQQQ,QQQ,orange,orange,12,0,0.1258975737,0.0826992794,0.0819331062,0.0223834576,-0.0048966882,True,0,51.3303,signal_trend_template_failed|close_below_50ma
2019-09-03,2019-08-30,TQQQ,QQQ,orange,orange,13,0,0.1334139694,0.1044232909,0.0791560301,0.0289354139,-0.0071785036,True,0,49.016,signal_trend_template_failed|close_below_50ma
2019-09-04,2019-09-03,TQQQ,QQQ,orange,orange,14,0,0.1120867185,0.0637496048,0.0678833782,0.0200162358,-0.016556293,True,0,45.0312,signal_trend_template_failed|not_30pct_above_52w_low|close_below_50ma
2019-09-05,2019-09-04,TQQQ,QQQ,orange,orange,15,0,0.1274393251,0.0711445865,0.0894786332,0.025524515,-0.0023773388,True,0,36.6059,signal_trend_template_failed|close_below_50ma
2019-09-06,2019-09-05,TQQQ,QQQ,green,green,1,0,0.1457319947,0.0821688015,0.1232215338,0.033273324,0.0151612134,True,1,48.7317,
2019-09-09,2019-09-06,TQQQ,QQQ,green,early_thaw,2,0,0.1341905765,0.0606141217,0.1238127382,0.0243489959,0.0135331322,True,2,44.1078,
2019-09-10,2019-09-09,TQQQ,QQQ,green,early_thaw,3,0,0.1259970837,0.0462068373,0.0986178725,0.018122422,0.0109157326,True,3,42.7886,
2019-09-11,2019-09-10,TQQQ,QQQ,green,early_thaw,4,0,0.123448406,0.0417749936,0.0894716634,0.0134606182,0.0075919018,True,4,51.6729,
2019-09-12,2019-09-11,TQQQ,QQQ,green,early_thaw,5,0,0.1380112721,0.0576696387,0.0915002408,0.0208538225,0.0167119047,True,5,43.2237,
2019-09-13,2019-09-12,TQQQ,QQQ,green,early_thaw,6,0,0.1436078647,0.0558130332,0.0978983811,0.0209302751,0.0205914197,True,6,54.9684,
2019-09-16,2019-09-13,TQQQ,QQQ,green,early_thaw,7,0,0.1274868635,0.0565358821,0.0839187452,0.0145225289,0.0168289232,True,7,41.8235,
2019-09-17,2019-09-16,TQQQ,QQQ,green,early_thaw,8,0,0.1201643818,0.0455198377,0.0765134702,0.0112968725,0.0122196416,True,8,37.2275,
2019-09-18,2019-09-17,TQQQ,QQQ,green,early_thaw,9,0,0.1169587486,0.0354908438,0.0780555807,0.0105125045,0.0167678802,True,9,35.2615,
2019-09-19,2019-09-18,TQQQ,QQQ,green,early_thaw,10,0,0.1115688743,0.0311881176,0.0733514727,0.0064082259,0.0161457459,True,10,55.1377,
2019-09-20,2019-09-19,TQQQ,QQQ,green,early_thaw,11,0,0.1050385306,0.023385358,0.0585874757,0.0062989834,0.0178044785,True,11,51.7602,
2019-09-23,2019-09-20,TQQQ,QQQ,green,early_thaw,12,0,0.1088784918,0.0140631138,0.0709109972,0.0032377644,0.0072100335,True,12,46.6363,
2019-09-24,2019-09-23,TQQQ,QQQ,green,early_thaw,13,0,0.1014704537,0.0144780173,0.0734272983,0.0012270325,0.0079358217,True,13,33.7915,
2019-09-25,2019-09-24,TQQQ,QQQ,orange,orange,1,0,0.0949931046,0.018488821,0.0542615147,-0.0009785804,-0.0048406153,True,0,73.9662,signal_trend_template_failed|close_below_50ma|relative_strength_below_floor
2019-09-26,2019-09-25,TQQQ,QQQ,green,green,1,0,0.1017378906,0.0251536808,0.0729871825,0.0021938606,0.0066159524,False,1,57.054,
2019-09-27,2019-09-26,TQQQ,QQQ,yellow,yellow,1,0,0.0954819837,0.0174900408,0.0665775015,-2.08445e-05,0.0031672691,False,2,50.5158,relative_strength_below_floor
2019-09-30,2019-09-27,TQQQ,QQQ,orange,orange,1,0,0.082106545,0.0035728508,0.0454276942,-0.0057714849,-0.0087554738,False,0,67.367,signal_trend_template_failed|close_below_50ma|relative_strength_below_floor
2019-10-01,2019-09-30,TQQQ,QQQ,yellow,yellow,1,0,0.0831623904,-0.0003659252,0.0415787333,-0.0023046344,0.0008707971,False,1,42.9682,relative_strength_below_floor|three_month_momentum_not_positive
2019-10-02,2019-10-01,TQQQ,QQQ,orange,orange,1,0,0.077611954,-0.0124328902,0.0291825344,0.0006438191,-0.0067795059,False,0,56.7354,signal_trend_template_failed|close_below_50ma|three_month_momentum_not_positive
2019-10-03,2019-10-02,TQQQ,QQQ,orange,orange,2,0,0.0573924329,-0.0366631367,0.0057075768,-0.0017684381,-0.0228881864,False,0,92.0037,signal_trend_template_failed|not_30pct_above_52w_low|close_below_50ma|relative_strength_below_floor|three_month_momentum_not_positive
2019-10-04,2019-10-03,TQQQ,QQQ,orange,orange,3,0,0.0676342655,-0.0241023269,0.0171327264,0.0029865633,-0.0112521735,False,0,84.4016,signal_trend_template_failed|close_below_50ma|three_month_momentum_not_positive
2019-10-07,2019-10-04,TQQQ,QQQ,yellow,yellow,1,0,0.0783119991,-0.0027370481,0.0268006091,0.0048029384,0.0037451774,False,1,61.791,three_month_momentum_not_positive
2019-10-08,2019-10-07,TQQQ,QQQ,yellow,yellow,2,0,0.0724638435,-0.0107016266,0.0211021154,0.0044229716,0.0014240052,False,2,58.8818,three_month_momentum_not_positive
2019-10-09,2019-10-08,TQQQ,QQQ,orange,orange,1,0,0.0621734707,-0.035137572,0.0093487546,0.0035377306,-0.0126531178,False,0,81.401,signal_trend_template_failed|close_below_50ma|three_month_momentum_not_positive
2019-10-10,2019-10-09,TQQQ,QQQ,orange,orange,2,0,0.0684921679,-0.025010218,0.0137612075,0.0049209884,-0.0023606064,False,0,54.2489,signal_trend_template_failed|close_below_50ma|three_month_momentum_not_positive
2019-10-11,2019-10-10,TQQQ,QQQ,yellow,yellow,1,0,0.0705737727,-0.0230945414,0.0240419615,0.0045913582,0.0055838786,False,1,64.1631,three_month_momentum_not_positive
2019-10-14,2019-10-11,TQQQ,QQQ,yellow,yellow,2,0,0.0743163907,-0.0136730716,0.0327651979,0.0056893802,0.0183886971,False,2,84.0423,three_month_momentum_not_positive
2019-10-15,2019-10-14,TQQQ,QQQ,yellow,yellow,3,0,0.0791371014,-0.00866986,0.032490659,0.0086122256,0.0178358607,False,3,34.5955,three_month_momentum_not_positive
2019-10-16,2019-10-15,TQQQ,QQQ,green,green,1,0,0.0903633402,0.0088981318,0.0420320067,0.0117774695,0.0293367773,False,4,55.2286,
2019-10-17,2019-10-16,TQQQ,QQQ,green,green,2,0,0.0823703234,0.0052452908,0.0358373932,0.0078638315,0.0256763873,False,5,45.6528,
2019-10-18,2019-10-17,TQQQ,QQQ,green,early_thaw,3,0,0.0837256194,0.0153413,0.0372438772,0.0071996519,0.0273302502,True,6,47.7889,
2019-10-21,2019-10-18,TQQQ,QQQ,yellow,yellow,1,0,0.0727710977,-0.0023551879,0.024378492,-0.0005845831,0.0170465131,True,7,58.8396,relative_strength_below_floor|three_month_momentum_not_positive
2019-10-22,2019-10-21,TQQQ,QQQ,yellow,yellow,2,0,0.0709939235,-5.17453e-05,0.0204847443,-0.00048624,0.0252748024,True,8,36.8264,relative_strength_below_floor|three_month_momentum_not_positive
2019-10-23,2019-10-22,TQQQ,QQQ,yellow,yellow,3,0,0.0610583336,-0.0149275059,0.0155603762,-0.0072562014,0.0162621862,True,9,47.7575,relative_strength_below_floor|three_month_momentum_not_positive
2019-10-24,2019-10-23,TQQQ,QQQ,yellow,yellow,4,0,0.0652186823,-0.0035818668,0.0134055449,-0.0070001267,0.0177681653,True,10,37.1899,relative_strength_below_floor|three_month_momentum_not_positive
2019-10-25,2019-10-24,TQQQ,QQQ,yellow,yellow,5,0,0.0723712935,-0.0041405957,0.0223518537,0.0016771688,0.0263979112,True,11,48.3557,three_month_momentum_not_positive
2019-10-28,2019-10-25,TQQQ,QQQ,green,early_thaw,1,0,0.0792241901,0.007268412,0.0285205896,0.0062378158,0.0331245443,True,12,52.1592,
2019-10-29,2019-10-28,TQQQ,QQQ,green,early_thaw,2,0,0.0914515896,0.0216140728,0.0467771186,0.0145980961,0.0419444989,True,13,46.4355,
2019-10-30,2019-10-29,TQQQ,QQQ,green,early_thaw,3,0,0.0874322764,0.0279192718,0.0420242575,0.0063117077,0.0330053752,True,14,43.5088,
2019-10-31,2019-10-30,TQQQ,QQQ,green,early_thaw,4,0,0.0935160975,0.0380607457,0.051638094,0.0075313175,0.0368750775,True,15,49.0495,
2019-11-01,2019-10-31,TQQQ,QQQ,green,early_thaw,5,0,0.097259686,0.0540560425,0.0356028991,0.0120001478,0.0363854902,True,16,50.8635,
2019-11-04,2019-11-01,TQQQ,QQQ,green,green,6,0,0.1189514107,0.1025900292,0.0514460385,0.0171923337,0.0445652548,True,17,48.7506,
2019-11-05,2019-11-04,TQQQ,QQQ,green,green,7,0,0.1228778951,0.0940933185,0.0789668232,0.0203407979,0.0489983084,True,18,43.0968,
2019-11-06,2019-11-05,TQQQ,QQQ,green,green,8,0,0.1220348687,0.088812802,0.0822915557,0.0203843507,0.0478433224,True,19,44.5767,
2019-11-07,2019-11-06,TQQQ,QQQ,green,early_thaw,9,0,0.1135326574,0.063225333,0.0857033384,0.0172261762,0.0437726638,True,20,49.4859,
2019-11-08,2019-11-07,TQQQ,QQQ,green,early_thaw,10,0,0.1186534035,0.0769166494,0.087990368,0.0194391574,0.0455569306,True,21,54.4903,
2019-11-11,2019-11-08,TQQQ,QQQ,green,green,11,0,0.1348709487,0.0937661108,0.1316027134,0.0237438378,0.0482329526,True,22,35.7887,
2019-11-12,2019-11-11,TQQQ,QQQ,green,early_thaw,12,0,0.1219165505,0.0688744635,0.1178157246,0.0197540745,0.0453163837,True,23,33.23,
2019-11-13,2019-11-12,TQQQ,QQQ,green,green,13,0,0.1318270229,0.1049813173,0.1054287053,0.0182896415,0.046562477,True,24,56.6599,
2019-11-14,2019-11-13,TQQQ,QQQ,green,green,14,0,0.1313583167,0.1065272548,0.0947014788,0.0201222517,0.0453416655,True,25,49.1313,
2019-11-15,2019-11-14,TQQQ,QQQ,green,green,15,0,0.1253813535,0.0881829013,0.1051267336,0.017905715,0.0434255876,True,26,46.8733,
2019-11-18,2019-11-15,TQQQ,QQQ,green,early_thaw,16,0,0.1283808594,0.0790170755,0.132363021,0.0187052474,0.0498191763,True,27,40.5625,
2019-11-19,2019-11-18,TQQQ,QQQ,green,green,17,0,0.1291322556,0.0883002995,0.1215387509,0.0178272453,0.0493154196,True,28,43.5228,
2019-11-20,2019-11-19,TQQQ,QQQ,green,green,18,0,0.1295910797,0.0803166665,0.128221508,0.0198008129,0.0494432142,True,29,50.672,
2019-11-21,2019-11-20,TQQQ,QQQ,green,early_thaw,19,0,0.1333251244,0.0773198403,0.1388809961,0.0209116031,0.0420607759,True,30,66.7727,
2019-11-22,2019-11-21,TQQQ,QQQ,green,green,20,0,0.1460048942,0.1100490729,0.1369192038,0.0245239327,0.0387921229,True,31,39.942,
2019-11-25,2019-11-22,TQQQ,QQQ,green,green,21,0,0.1357190503,0.0942378234,0.1419471023,0.0171356326,0.0384267835,True,32,36.9615,
2019-11-26,2019-11-25,TQQQ,QQQ,green,green,22,0,0.146682708,0.1095364099,0.165052927,0.0210356739,0.0493274228,True,33,36.601,
2019-11-27,2019-11-26,TQQQ,QQQ,green,green,23,0,0.1447204449,0.1076916263,0.1623912935,0.0217581992,0.0499938925,True,34,38.4811,
2019-11-29,2019-11-27,TQQQ,QQQ,green,green,24,0,0.1487480444,0.0986349998,0.1894913226,0.0245151911,0.0558252171,True,35,38.2576,
2019-12-02,2019-11-29,TQQQ,QQQ,green,green,25,0,0.153176889,0.0962478958,0.2107217086,0.030605888,0.0496474629,True,36,24.8989,
2019-12-03,2019-12-02,TQQQ,QQQ,green,green,26,0,0.1424234349,0.0956605448,0.1655084715,0.0282449195,0.0375638266,True,37,68.0065,
2019-12-04,2019-12-03,TQQQ,QQQ,green,early_thaw,27,0,0.1286489639,0.0716092198,0.1478484147,0.0246608016,0.0282904094,True,38,68.3342,
2019-12-05,2019-12-04,TQQQ,QQQ,green,early_thaw,28,0,0.1205465504,0.0576610979,0.1445678427,0.0185116401,0.0319743092,True,39,38.9543,
2019-12-06,2019-12-05,TQQQ,QQQ,green,early_thaw,29,0,0.1142535017,0.0608017435,0.1251013095,0.015451633,0.0326708026,True,40,39.7929,
2019-12-09,2019-12-06,TQQQ,QQQ,green,early_thaw,30,0,0.1231215765,0.0743937602,0.1240380979,0.0169557785,0.0420616156,True,41,42.8013,
2019-12-10,2019-12-09,TQQQ,QQQ,green,early_thaw,31,0,0.1215017003,0.0726054115,0.1174134957,0.0165121374,0.03554027,True,42,35.4468,
2019-12-11,2019-12-10,TQQQ,QQQ,green,early_thaw,32,0,0.1187103553,0.0617428183,0.122973143,0.0175294745,0.0330955388,True,43,50.853,
2019-12-12,2019-12-11,TQQQ,QQQ,green,early_thaw,33,0,0.1210363732,0.062947597,0.1222739265,0.0195421796,0.0367070827,True,44,41.7373,
2019-12-13,2019-12-12,TQQQ,QQQ,green,early_thaw,34,0,0.1286145719,0.0747191807,0.1354793776,0.0214184883,0.0420777195,True,45,86.3132,
2019-12-16,2019-12-13,TQQQ,QQQ,green,green,35,0,0.1305660336,0.0830959024,0.132398252,0.0229589133,0.0432852878,True,46,76.5474,
2019-12-17,2019-12-16,TQQQ,QQQ,green,green,36,0,0.1299364706,0.0887432078,0.1273836229,0.0235485451,0.0515920437,True,47,48.6102,
2019-12-18,2019-12-17,TQQQ,QQQ,green,green,37,0,0.1291717554,0.0898209301,0.1238103934,0.023211625,0.0499637028,True,48,41.4078,
2019-12-19,2019-12-18,TQQQ,QQQ,green,green,38,0,0.1259098841,0.0888436074,0.114306605,0.0221083714,0.0482289197,True,49,35.0529,
2019-12-20,2019-12-19,TQQQ,QQQ,green,green,39,0,0.1369330088,0.1073647701,0.122937767,0.0286065454,0.0522943796,True,50,41.7661,
2019-12-23,2019-12-20,TQQQ,QQQ,green,green,40,0,0.1384059496,0.1113386339,0.1274286138,0.0274491327,0.0541133957,True,51,50.4547,
2019-12-24,2019-12-23,TQQQ,QQQ,green,green,41,0,0.1517440333,0.1292714842,0.1501503825,0.0341887386,0.0546753321,True,52,36.9805,
2019-12-26,2019-12-24,TQQQ,QQQ,green,green,42,0,0.1457943912,0.1173160379,0.1454206489,0.0294002051,0.0529954745,True,53,20.398,
2019-12-27,2019-12-26,TQQQ,QQQ,green,green,43,0,0.1529564973,0.1313418569,0.1511290721,0.033870165,0.0601076139,True,54,33.7055,
2019-12-30,2019-12-27,TQQQ,QQQ,green,green,44,0,0.159619206,0.1445920908,0.1486815476,0.0390874389,0.0570147583,True,55,52.1677,
2019-12-31,2019-12-30,TQQQ,QQQ,green,green,45,0,0.1461901497,0.1263708287,0.1259586613,0.0337899961,0.0481081317,True,56,57.8709,
2020-01-02,2019-12-31,TQQQ,QQQ,green,green,46,0,0.1489129075,0.1377740749,0.1236282548,0.0306724333,0.0478755055,True,57,43.4961,
2020-01-03,2020-01-02,TQQQ,QQQ,green,green,47,0,0.1675182064,0.1770096784,0.1338568117,0.038832573,0.0629425408,True,58,70.9137,
2020-01-06,2020-01-03,TQQQ,QQQ,green,green,48,0,0.1556406603,0.1535677982,0.12576413,0.0338935433,0.0508554443,True,59,76.4108,
2020-01-07,2020-01-06,TQQQ,QQQ,green,green,49,0,0.1567573446,0.1441521655,0.141020566,0.0368188334,0.0551665909,True,60,68.7005,
2020-01-08,2020-01-07,TQQQ,QQQ,green,green,50,0,0.1567593395,0.1474566036,0.1351769515,0.0373682171,0.0527666286,True,61,57.6911,
2020-01-09,2020-01-08,TQQQ,QQQ,green,green,51,0,0.1636805544,0.1736640929,0.1324243863,0.0373780279,0.0584117553,True,62,87.2219,
2020-01-10,2020-01-09,TQQQ,QQQ,green,green,52,0,0.167299055,0.1721669843,0.1428508325,0.0404719504,0.065111802,True,63,81.7009,
2020-01-13,2020-01-10,TQQQ,QQQ,green,green,53,0,0.1600971696,0.1601840397,0.1333901213,0.0384410512,0.0600353932,True,64,76.6769,
2020-01-14,2020-01-13,TQQQ,QQQ,green,green,54,0,0.1631273318,0.1586473636,0.1428050953,0.0422330127,0.0697331468,True,65,67.2197,
2020-01-15,2020-01-14,TQQQ,QQQ,green,green,55,0,0.1609187745,0.1542054921,0.1441986921,0.0394269979,0.0631094443,True,66,83.0667,
2020-01-16,2020-01-15,TQQQ,QQQ,green,green,56,0,0.1580318366,0.1401786077,0.1503240672,0.0369488798,0.0613162406,True,67,75.8559,
2020-01-17,2020-01-16,TQQQ,QQQ,green,green,57,0,0.1665759002,0.1539676815,0.1600205775,0.0391080941,0.0691565369,True,68,70.9934,
2020-01-21,2020-01-17,TQQQ,QQQ,green,green,58,0,0.1728998538,0.156622706,0.1743668019,0.0427194638,0.0720133056,True,69,85.9178,
2020-01-22,2020-01-21,TQQQ,QQQ,green,green,59,0,0.1728119113,0.167322651,0.1645733867,0.0441000568,0.0690755592,True,70,82.5921,
2020-01-23,2020-01-22,TQQQ,QQQ,green,green,60,0,0.1715036282,0.1601183403,0.1600583096,0.0462907989,0.0694553814,True,71,81.5179,
2020-01-24,2020-01-23,TQQQ,QQQ,green,green,61,0,0.1806982442,0.1731919755,0.1556791453,0.0515635114,0.0704614019,True,72,86.7678,
2020-01-27,2020-01-24,TQQQ,QQQ,green,green,62,0,0.1783059889,0.1610803219,0.1569214868,0.0541417626,0.0592143504,True,73,140.8996,
2020-01-28,2020-01-27,TQQQ,QQQ,green,green,63,0,0.1555234021,0.1261418902,0.1214789919,0.042568679,0.0356611272,True,74,109.6866,
2020-01-29,2020-01-28,TQQQ,QQQ,green,green,64,0,0.1649050162,0.1343798613,0.1426250015,0.0476995323,0.0495457564,True,75,99.3185,
2020-01-30,2020-01-29,TQQQ,QQQ,green,green,65,0,0.1707980708,0.1251249345,0.1494434667,0.0514093301,0.0491818072,True,76,79.9662,
2020-01-31,2020-01-30,TQQQ,QQQ,green,green,66,0,0.1798806114,0.137944449,0.1697150293,0.0567876933,0.0509175819,True,77,117.4527,
2020-02-03,2020-01-31,TQQQ,QQQ,green,green,67,0,0.1656712233,0.1144980933,0.1569167218,0.0541597392,0.0326490345,True,78,122.9093,
2020-02-04,2020-02-03,TQQQ,QQQ,green,green,68,0,0.1810092719,0.1308204551,0.1919481337,0.0640934235,0.0463327887,True,79,101.3149,
2020-02-05,2020-02-04,TQQQ,QQQ,green,green,69,0,0.2087445342,0.146292096,0.2638902356,0.0776619386,0.0676942765,True,80,87.3974,
2020-02-06,2020-02-05,TQQQ,QQQ,green,green,70,0,0.2054718779,0.1430024406,0.2505513333,0.0696859841,0.0685106438,True,81,110.0695,
2020-02-07,2020-02-06,TQQQ,QQQ,green,green,71,0,0.2094280751,0.1522353287,0.2545685767,0.0729742707,0.0748356925,True,82,73.0535,
2020-02-10,2020-02-07,TQQQ,QQQ,green,green,72,0,0.2034759399,0.1498644018,0.2225649615,0.0743949593,0.0676783867,True,83,98.1919,
2020-02-11,2020-02-10,TQQQ,QQQ,strong_green,strong_green,1,1,0.2188903703,0.1598705741,0.2490839324,0.0826754551,0.0777900535,True,84,81.3915,
2020-02-12,2020-02-11,TQQQ,QQQ,strong_green,strong_green,2,2,0.2202369796,0.1554590459,0.2638019467,0.0806971638,0.075336404,True,85,128.0552,
2020-02-13,2020-02-12,TQQQ,QQQ,green,green,1,0,0.2230026944,0.1682818309,0.2487466152,0.0809198881,0.0828387616,True,86,82.7198,
2020-02-14,2020-02-13,TQQQ,QQQ,strong_green,strong_green,1,1,0.2312168942,0.1634280446,0.2855662533,0.0814938843,0.0783210932,True,87,105.2188,
2020-02-18,2020-02-14,TQQQ,QQQ,strong_green,strong_green,2,2,0.2340867465,0.1664700644,0.2907309182,0.0841565408,0.0780636722,True,88,77.748,
2020-02-19,2020-02-18,TQQQ,QQQ,strong_green,strong_green,3,3,0.2355911536,0.1678445761,0.2708284991,0.0889416582,0.0752422966,True,89,88.9528,
2020-02-20,2020-02-19,TQQQ,QQQ,green,green,1,0,0.2433632709,0.1704390956,0.2629237699,0.0986894443,0.0821200519,True,90,74.2714,
2020-02-21,2020-02-20,TQQQ,QQQ,strong_green,strong_green,1,1,0.2304875347,0.1586593869,0.2609693578,0.0897045441,0.0691230674,True,91,155.5209,
2020-02-24,2020-02-21,TQQQ,QQQ,green,green,1,0,0.2085796151,0.1347260453,0.2258634587,0.0765078647,0.0460477779,True,92,133.3905,
2020-02-25,2020-02-24,TQQQ,QQQ,green,green,2,0,0.1817570623,0.0975513927,0.182413891,0.0694008585,0.004073059,True,93,153.6753,
2020-02-26,2020-02-25,TQQQ,QQQ,orange,orange,1,0,0.1666498848,0.0700891474,0.1878514659,0.0715848491,-0.024188517,True,0,157.5427,signal_trend_template_failed|not_30pct_above_52w_low|close_below_50ma
2020-02-27,2020-02-26,TQQQ,QQQ,orange,orange,2,0,0.1672729448,0.0749111698,0.1762084588,0.0786061934,-0.0200842963,True,0,178.2635,signal_trend_template_failed|not_30pct_above_52w_low|close_below_50ma
2020-02-28,2020-02-27,TQQQ,QQQ,orange,orange,3,0,0.1194444445,0.0091364805,0.1196736676,0.0660914544,-0.0690598294,True,0,191.9705,signal_trend_template_failed|not_30pct_above_52w_low|close_below_50ma
2020-03-02,2020-02-28,TQQQ,QQQ,orange,orange,4,0,0.1219081276,0.0079965319,0.1165493177,0.0731678022,-0.0680807912,True,0,226.6503,signal_trend_template_failed|not_30pct_above_52w_low|close_below_50ma
2020-03-03,2020-03-02,TQQQ,QQQ,orange,orange,5,0,0.1562264587,0.0526557021,0.156484397,0.0819669051,-0.0206541873,True,0,189.4643,signal_trend_template_failed|not_30pct_above_52w_low|close_below_50ma
2020-03-04,2020-03-03,TQQQ,QQQ,orange,orange,6,0,0.1327125594,0.0235698972,0.1220863459,0.0777771289,-0.0520919963,True,0,258.7813,signal_trend_template_failed|not_30pct_above_52w_low|close_below_50ma
2020-03-05,2020-03-04,TQQQ,QQQ,orange,orange,7,0,0.1710113296,0.0773058638,0.1803615297,0.082116492,-0.0132412259,True,0,167.2036,signal_trend_template_failed|not_30pct_above_52w_low|close_below_50ma
2020-03-06,2020-03-05,TQQQ,QQQ,orange,orange,8,0,0.1436853222,0.052821375,0.1282130923,0.0809816782,-0.0432500843,True,0,186.8917,signal_trend_template_failed|not_30pct_above_52w_low|close_below_50ma
2020-03-09,2020-03-06,TQQQ,QQQ,orange,orange,9,0,0.1228273727,0.0298423358,0.0892241755,0.077150268,-0.0590702076,True,0,180.0929,signal_trend_template_failed|not_30pct_above_52w_low|close_below_50ma
2020-03-10,2020-03-09,TQQQ,QQQ,red,red,1,0,0.0704207355,-0.0435847138,0.014567003,0.0805642982,-0.1229754597,True,0,148.4104,close_below_200ma|signal_trend_template_failed|not_30pct_above_52w_low
2020-03-11,2020-03-10,TQQQ,QQQ,orange,orange,1,0,0.1073698637,-0.002182831,0.0720485401,0.0871287725,-0.0744091947,False,0,192.2811,signal_trend_template_failed|not_30pct_above_52w_low|close_below_50ma|three_month_momentum_not_positive
2020-03-12,2020-03-11,TQQQ,QQQ,red,red,1,0,0.0787329486,-0.04129352,0.0283137585,0.0896524822,-0.1132443226,False,0,158.2528,close_below_200ma|signal_trend_template_failed|not_30pct_above_52w_low
2020-03-13,2020-03-12,TQQQ,QQQ,red,red,2,0,0.0141707239,-0.1284726128,-0.0746620557,0.0857540645,-0.1919910124,False,0,164.8088,close_below_200ma|signal_trend_template_failed|not_30pct_above_52w_low|more_than_25pct_below_52w_high
2020-03-16,2020-03-13,TQQQ,QQQ,red,red,3,0,0.0659567501,-0.0596303426,-0.0004363324,0.0896463972,-0.1219261219,False,0,188.3211,close_below_200ma|signal_trend_template_failed|not_30pct_above_52w_low
2020-03-17,2020-03-16,TQQQ,QQQ,red,red,4,0,-0.0246896645,-0.178407482,-0.1170187622,0.070588684,-0.2237874906,False,0,146.0451,close_below_200ma|signal_trend_template_failed|not_30pct_above_52w_low|more_than_25pct_below_52w_high
2020-03-18,2020-03-17,TQQQ,QQQ,red,red,5,0,0.0284331095,-0.1189977095,-0.0457900292,0.0930710373,-0.1624577965,False,0,196.6068,close_below_200ma|signal_trend_template_failed|not_30pct_above_52w_low
2020-03-19,2020-03-18,TQQQ,QQQ,red,red,6,0,0.0068054495,-0.1542844217,-0.0792329084,0.1036044788,-0.1850123578,False,0,198.7713,close_below_200ma|signal_trend_template_failed|not_30pct_above_52w_low|more_than_25pct_below_52w_high
2020-03-20,2020-03-19,TQQQ,QQQ,red,red,7,0,0.0111227697,-0.1496963387,-0.0733212729,0.1070433573,-0.1772449693,False,0,192.7871,close_below_200ma|signal_trend_template_failed|not_30pct_above_52w_low|more_than_25pct_below_52w_high
2020-03-23,2020-03-20,TQQQ,QQQ,red,red,8,0,-0.0154720172,-0.1836310308,-0.1111018666,0.1050697902,-0.2060612229,False,0,165.4407,close_below_200ma|signal_trend_template_failed|not_30pct_above_52w_low|more_than_25pct_below_52w_high
2020-03-24,2020-03-23,TQQQ,QQQ,red,red,9,0,-0.007339242,-0.1881170352,-0.1009494073,0.1257105173,-0.2019119433,False,0,173.9762,close_below_200ma|signal_trend_template_failed|not_30pct_above_52w_low|more_than_25pct_below_52w_high
2020-03-25,2020-03-24,TQQQ,QQQ,red,red,10,0,0.0387662763,-0.1287591615,-0.0317563967,0.126022049,-0.1373389914,False,0,215.2867,close_below_200ma|signal_trend_template_failed|not_30pct_above_52w_low
2020-03-26,2020-03-25,TQQQ,QQQ,red,red,11,0,0.0288930392,-0.1374887515,-0.0259906422,0.1078959907,-0.1406446877,False,0,211.5748,close_below_200ma|signal_trend_template_failed|not_30pct_above_52w_low
2020-03-27,2020-03-26,TQQQ,QQQ,red,red,12,0,0.0579444196,-0.0925401666,0.0139194256,0.1057350009,-0.0930213034,False,0,191.3278,close_below_200ma|signal_trend_template_failed|not_30pct_above_52w_low
2020-03-30,2020-03-27,TQQQ,QQQ,red,red,13,0,0.0301730525,-0.1314147638,-0.017333166,0.0975293451,-0.1213576718,False,0,147.1315,close_below_200ma|signal_trend_template_failed|not_30pct_above_52w_low
2020-03-31,2020-03-30,TQQQ,QQQ,red,red,14,0,0.0589937346,-0.0990626377,0.0312057792,0.1066031168,-0.0868205912,False,0,121.5853,close_below_200ma|signal_trend_template_failed|not_30pct_above_52w_low
2020-04-01,2020-03-31,TQQQ,QQQ,red,red,15,0,0.0539021096,-0.1008633109,0.0127613377,0.1095985447,-0.0918112075,False,0,207.6678,close_below_200ma|signal_trend_template_failed|not_30pct_above_52w_low
2020-04-02,2020-04-01,TQQQ,QQQ,red,red,16,0,0.0265022972,-0.1406869695,-0.0222959117,0.1069873947,-0.1270272238,False,0,133.114,close_below_200ma|signal_trend_template_failed|not_30pct_above_52w_low
2020-04-03,2020-04-02,TQQQ,QQQ,red,red,17,0,0.0376194169,-0.1376461138,0.0149988702,0.1037060581,-0.1061099201,False,0,123.0768,close_below_200ma|signal_trend_template_failed|not_30pct_above_52w_low
2020-04-06,2020-04-03,TQQQ,QQQ,red,red,18,0,0.028342525,-0.142026551,-0.0102694576,0.1027102384,-0.1153326628,False,0,140.0886,close_below_200ma|signal_trend_template_failed|not_30pct_above_52w_low
2020-04-07,2020-04-06,TQQQ,QQQ,red,red,19,0,0.0732206523,-0.0865712379,0.0451014962,0.1117959735,-0.049722726,False,0,158.4555,close_below_200ma|signal_trend_template_failed|not_30pct_above_52w_low
2020-04-08,2020-04-07,TQQQ,QQQ,red,red,20,0,0.071175885,-0.0868162792,0.0478386907,0.1079929418,-0.0481546924,False,0,200.6529,close_below_200ma|signal_trend_template_failed|not_30pct_above_52w_low
2020-04-09,2020-04-08,TQQQ,QQQ,orange,orange,1,0,0.082474033,-0.0743841009,0.0863621445,0.0987350482,-0.0260176076,False,0,168.1052,signal_trend_template_failed|not_30pct_above_52w_low|close_below_50ma|three_month_momentum_not_positive
2020-04-13,2020-04-09,TQQQ,QQQ,orange,orange,2,0,0.0725620227,-0.0808345977,0.0774153377,0.0845388633,-0.0226658335,False,0,180.157,signal_trend_template_failed|not_30pct_above_52w_low|close_below_50ma|three_month_momentum_not_positive
2020-04-14,2020-04-13,TQQQ,QQQ,orange,orange,3,0,0.0873380633,-0.0685219376,0.0806859813,0.1039969158,-0.0102676066,False,0,143.8528,signal_trend_template_failed|not_30pct_above_52w_low|close_below_50ma|three_month_momentum_not_positive
2020-04-15,2020-04-14,TQQQ,QQQ,orange,orange,4,0,0.1086356621,-0.0390971475,0.1133475568,0.116271805,0.0334562593,False,0,186.5315,not_30pct_above_52w_low|three_month_momentum_not_positive
2020-04-16,2020-04-15,TQQQ,QQQ,orange,orange,5,0,0.10693439,-0.0463636743,0.1006922846,0.125246814,0.0228476024,False,0,158.8662,not_30pct_above_52w_low|three_month_momentum_not_positive
2020-04-17,2020-04-16,TQQQ,QQQ,orange,orange,6,0,0.1195330736,-0.0293663204,0.1066957574,0.1394263062,0.0429037654,False,0,218.2584,not_30pct_above_52w_low|three_month_momentum_not_positive
2020-04-20,2020-04-17,TQQQ,QQQ,yellow,yellow,1,0,0.1194139707,-0.0293829222,0.1200607389,0.1253998242,0.0541635963,False,1,184.2361,three_month_momentum_not_positive
2020-04-21,2020-04-20,TQQQ,QQQ,orange,orange,1,0,0.1116270999,-0.0456022448,0.1038781142,0.1276046091,0.0434107317,False,0,148.8275,not_30pct_above_52w_low|three_month_momentum_not_positive
2020-04-22,2020-04-21,TQQQ,QQQ,red,red,1,0,0.0922921953,-0.0804075248,0.073461126,0.120061277,0.0072629463,False,0,177.6883,50ma_below_150ma|signal_trend_template_failed|not_30pct_above_52w_low
2020-04-23,2020-04-22,TQQQ,QQQ,red,red,2,0,0.1147940916,-0.0556141528,0.0955993417,0.1303175192,0.0392486139,False,0,102.0792,50ma_below_150ma|signal_trend_template_failed|not_30pct_above_52w_low
2020-04-24,2020-04-23,TQQQ,QQQ,red,red,3,0,0.1110995505,-0.0606498583,0.1020380485,0.1283807986,0.0391814364,False,0,157.1408,50ma_below_150ma|signal_trend_template_failed|not_30pct_above_52w_low
2020-04-27,2020-04-24,TQQQ,QQQ,red,red,4,0,0.1222364511,-0.0377383751,0.1172630372,0.1313009677,0.0576509798,False,0,123.2895,50ma_below_150ma|signal_trend_template_failed|not_30pct_above_52w_low
2020-04-28,2020-04-27,TQQQ,QQQ,red,red,5,0,0.1259898946,-0.0095396667,0.1153988719,0.1256753204,0.0680507734,False,0,120.4611,50ma_below_150ma|signal_trend_template_failed
2020-04-29,2020-04-28,TQQQ,QQQ,red,red,6,0,0.1025427204,-0.0428959077,0.0857196075,0.1066246913,0.0502906311,False,0,144.4209,50ma_below_150ma|signal_trend_template_failed|not_30pct_above_52w_low
2020-04-30,2020-04-29,TQQQ,QQQ,red,red,7,0,0.1248148009,-0.0105644192,0.113238643,0.116408435,0.0891826938,False,0,142.8715,50ma_below_150ma|signal_trend_template_failed
2020-05-01,2020-04-30,TQQQ,QQQ,red,red,8,0,0.1243206783,-0.0144812501,0.1214655908,0.1250492222,0.0906407403,False,0,158.1313,50ma_below_150ma|signal_trend_template_failed
2020-05-04,2020-05-01,TQQQ,QQQ,red,red,9,0,0.1150181629,-0.0268253838,0.0846012543,0.1199167359,0.0621808018,False,0,130.9693,50ma_below_150ma|signal_trend_template_failed|not_30pct_above_52w_low
2020-05-05,2020-05-04,TQQQ,QQQ,red,red,10,0,0.1183400699,-0.0301346648,0.0967435597,0.1254014909,0.0761274891,False,0,78.6154,50ma_below_150ma|signal_trend_template_failed
2020-05-06,2020-05-05,TQQQ,QQQ,red,red,11,0,0.1116203247,-0.0410875371,0.0991937769,0.123267111,0.088682633,False,0,116.6706,50ma_below_150ma|signal_trend_template_failed
2020-05-07,2020-05-06,TQQQ,QQQ,red,red,12,0,0.1148785494,-0.038354543,0.0991631044,0.1370749684,0.0949374314,False,0,128.5213,50ma_below_150ma|signal_trend_template_failed
2020-05-08,2020-05-07,TQQQ,QQQ,red,red,13,0,0.1203833824,-0.0343075768,0.1127049266,0.1366736175,0.1083936744,False,0,123.9495,50ma_below_150ma|signal_trend_template_failed
2020-05-11,2020-05-08,TQQQ,QQQ,red,red,14,0,0.1288613764,-0.0168446854,0.1304952976,0.1360406484,0.121381049,False,0,116.7948,50ma_below_150ma|signal_trend_template_failed|extended_above_50ma
2020-05-12,2020-05-11,TQQQ,QQQ,red,red,15,0,0.1325888146,-0.0199011298,0.1367878392,0.1433694493,0.1289833113,False,0,122.9779,50ma_below_150ma|signal_trend_template_failed|extended_above_50ma
2020-05-13,2020-05-12,TQQQ,QQQ,red,red,16,0,0.1244623273,-0.0405872078,0.1085621895,0.1419808028,0.1046682571,False,0,145.7079,50ma_below_150ma|signal_trend_template_failed
2020-05-14,2020-05-13,TQQQ,QQQ,red,red,17,0,0.1118784285,-0.06173471,0.0961582909,0.1415740327,0.0897254137,True,0,202.88,50ma_below_150ma|signal_trend_template_failed
2020-05-15,2020-05-14,TQQQ,QQQ,red,red,18,0,0.1186396456,-0.0498664481,0.1054120204,0.1421371174,0.1016503998,True,0,171.9984,50ma_below_150ma|signal_trend_template_failed
2020-05-18,2020-05-15,TQQQ,QQQ,red,red,19,0,0.1217909692,-0.0464294269,0.1123115277,0.14465193,0.1074674684,True,0,155.3314,50ma_below_150ma|signal_trend_template_failed
2020-05-19,2020-05-18,TQQQ,QQQ,red,red,20,0,0.1267903585,-0.0290346875,0.1339365737,0.134860857,0.1258844927,True,0,136.1574,50ma_below_150ma|signal_trend_template_failed|extended_above_50ma
2020-05-20,2020-05-19,TQQQ,QQQ,red,red,21,0,0.1229187138,-0.0406640436,0.1228443091,0.1393281257,0.1193277328,True,0,119.1446,50ma_below_150ma|signal_trend_template_failed
2020-05-21,2020-05-20,TQQQ,QQQ,red,red,22,0,0.1428843582,-0.0123385543,0.1443632051,0.1487830907,0.1385651346,True,0,137.6913,50ma_below_150ma|signal_trend_template_failed|extended_above_50ma
2020-05-22,2020-05-21,TQQQ,QQQ,red,red,23,0,0.1401253956,-0.0039617286,0.1302305687,0.1466020271,0.1224024815,True,0,150.8894,50ma_below_150ma|signal_trend_template_failed|extended_above_50ma
2020-05-26,2020-05-22,TQQQ,QQQ,red,red,24,0,0.1574606867,0.0395653553,0.1409764035,0.1524761353,0.1204831906,True,0,98.9245,50ma_below_150ma|signal_trend_template_failed|extended_above_50ma
2020-05-27,2020-05-26,TQQQ,QQQ,red,red,25,0,0.1623453971,0.0657383459,0.1404350379,0.1383845893,0.1134265211,True,0,115.2099,50ma_below_150ma|signal_trend_template_failed
2020-05-28,2020-05-27,TQQQ,QQQ,red,red,26,0,0.1607835499,0.0660604748,0.145920312,0.1264298763,0.1128652441,True,0,165.4729,50ma_below_150ma|signal_trend_template_failed
2020-05-29,2020-05-28,TQQQ,QQQ,red,red,27,0,0.179591345,0.1207944062,0.1310345225,0.1307668732,0.1062579557,True,0,143.9193,50ma_below_150ma|signal_trend_template_failed
2020-06-01,2020-05-29,TQQQ,QQQ,red,red,28,0,0.1905063352,0.1363329896,0.1454197125,0.1395680214,0.1163319395,True,0,176.7244,50ma_below_150ma|signal_trend_template_failed
2020-06-02,2020-06-01,TQQQ,QQQ,green,green,1,0,0.1684200416,0.0838130135,0.1408819487,0.1311122165,0.1136310544,True,1,104.7393,
2020-06-03,2020-06-02,TQQQ,QQQ,green,green,2,0,0.18934622,0.1272299124,0.1537986055,0.1349393591,0.1141782675,True,2,127.6102,
2020-06-04,2020-06-03,TQQQ,QQQ,green,green,3,0,0.1777288707,0.086951134,0.1709788304,0.1264438219,0.1122244374,True,3,110.9348,
2020-06-05,2020-06-04,TQQQ,QQQ,green,green,4,0,0.1850656904,0.1131471526,0.1719451157,0.1208569805,0.0991173158,True,4,134.6464,
2020-06-08,2020-06-05,TQQQ,QQQ,green,green,5,0,0.2034819201,0.1547003879,0.1891593446,0.1184202013,0.114925299,True,5,150.6503,
2020-06-09,2020-06-08,TQQQ,QQQ,green,green,6,0,0.2365127735,0.2505280609,0.1960241532,0.1112904751,0.1184111952,True,6,119.6057,
2020-06-10,2020-06-09,TQQQ,QQQ,yellow,yellow,1,0,0.2239844666,0.19454459,0.191937101,0.1257417205,0.1204958725,True,7,119.272,extended_above_50ma
2020-06-11,2020-06-10,TQQQ,QQQ,yellow,yellow,2,0,0.2603781179,0.2639316408,0.2117394543,0.1458739464,0.1283128783,True,8,175.5922,extended_above_50ma
2020-06-12,2020-06-11,TQQQ,QQQ,strong_green,strong_green,1,1,0.2728591457,0.3225732229,0.1526587853,0.1516355017,0.0681356031,True,9,189.4944,
2020-06-15,2020-06-12,TQQQ,QQQ,strong_green,strong_green,2,2,0.2364267397,0.2289834687,0.1556987635,0.1423224734,0.0713859513,True,10,208.0207,
2020-06-16,2020-06-15,TQQQ,QQQ,strong_green,strong_green,3,3,0.310421013,0.4132236566,0.1610939825,0.1616973914,0.0792511758,True,11,208.1963,
2020-06-17,2020-06-16,TQQQ,QQQ,green,green,1,0,0.2847869205,0.3361566677,0.1771570847,0.1461430663,0.0919131519,True,12,210.9607,
2020-06-18,2020-06-17,TQQQ,QQQ,green,green,2,0,0.2961506424,0.3824414496,0.16915227,0.139910235,0.090751428,True,13,143.8887,
2020-06-19,2020-06-18,TQQQ,QQQ,green,green,3,0,0.2972555703,0.3779164775,0.1716474259,0.1396821239,0.0890373543,True,14,119.1912,
2020-06-22,2020-06-19,TQQQ,QQQ,green,green,4,0,0.3224824179,0.4338633158,0.1705615171,0.1454966935,0.084635659,True,15,162.1904,
2020-06-23,2020-06-22,TQQQ,QQQ,green,green,5,0,0.3241834598,0.4500119977,0.1772400397,0.1333122782,0.0931472386,True,16,127.5158,
2020-06-24,2020-06-23,TQQQ,QQQ,green,green,6,0,0.2946585385,0.3572510555,0.1824925476,0.1438955928,0.0979599109,True,17,139.622,
2020-06-25,2020-06-24,TQQQ,QQQ,strong_green,strong_green,1,1,0.2888590984,0.3391867516,0.1550636371,0.1602011935,0.0722759653,True,18,219.7337,
2020-06-26,2020-06-25,TQQQ,QQQ,strong_green,strong_green,2,2,0.2758327049,0.2843038792,0.1654541843,0.1615429643,0.0789742312,True,19,173.2388,
2020-06-29,2020-06-26,TQQQ,QQQ,strong_green,strong_green,3,3,0.2706302486,0.2986389504,0.1279786195,0.1604785175,0.0509739687,True,20,200.3497,
2020-06-30,2020-06-29,TQQQ,QQQ,strong_green,strong_green,4,4,0.2591074416,0.2667274888,0.1412421225,0.1536922633,0.0598469154,True,21,142.7756,
2020-07-01,2020-06-30,TQQQ,QQQ,strong_green,strong_green,5,5,0.2788579268,0.3026816495,0.1712888654,0.16018591,0.0773087849,True,22,146.2047,
2020-07-02,2020-07-01,TQQQ,QQQ,green,green,1,0,0.3106176604,0.376367605,0.1827306177,0.167765038,0.0855419296,True,23,151.8811,
2020-07-06,2020-07-02,TQQQ,QQQ,green,green,2,0,0.2998030462,0.3581449244,0.1712015535,0.1665701917,0.0889839679,True,24,140.3543,
2020-07-07,2020-07-06,TQQQ,QQQ,green,green,3,0,0.3343227639,0.4115688774,0.2110886182,0.1831031396,0.1111276752,True,25,139.9908,
2020-07-08,2020-07-07,TQQQ,QQQ,green,green,4,0,0.2928977927,0.3083073387,0.1950455529,0.1777249977,0.0993940531,True,26,159.3247,
2020-07-09,2020-07-08,TQQQ,QQQ,green,green,5,0,0.3087920724,0.3260802564,0.2109549026,0.1879265004,0.1096149591,True,27,161.3047,
2020-07-10,2020-07-09,TQQQ,QQQ,green,green,6,0,0.3096389186,0.3094471577,0.2120451082,0.2084911541,0.1141071939,True,28,218.8526,
2020-07-13,2020-07-10,TQQQ,QQQ,green,green,7,0,0.3161232155,0.3164844943,0.2100669998,0.2144474178,0.117407171,True,29,170.8469,
2020-07-14,2020-07-13,TQQQ,QQQ,green,green,8,0,0.286634712,0.275622411,0.1882142918,0.1851674883,0.0907270959,True,30,247.3028,
2020-07-15,2020-07-14,TQQQ,QQQ,green,green,9,0,0.2621368092,0.2311088876,0.1829760419,0.1656604393,0.0940162105,True,31,309.965,
2020-07-16,2020-07-15,TQQQ,QQQ,green,green,10,0,0.264197067,0.2479290271,0.1900704521,0.1528002318,0.0920172401,True,32,249.0245,
2020-07-17,2020-07-16,TQQQ,QQQ,green,green,11,0,0.2452876358,0.2172129236,0.1814678589,0.1387035322,0.0807816981,True,33,198.8828,
2020-07-20,2020-07-17,TQQQ,QQQ,strong_green,strong_green,1,1,0.2447685332,0.2070748357,0.1716074498,0.1475032129,0.0783626222,True,34,153.8716,
2020-07-21,2020-07-20,TQQQ,QQQ,green,green,1,0,0.2756927517,0.2561994285,0.1989139146,0.1692092325,0.1047917892,True,35,181.8724,
2020-07-22,2020-07-21,TQQQ,QQQ,green,green,2,0,0.2816362924,0.2907368654,0.1869519089,0.1582929499,0.0897113576,True,36,205.929,
2020-07-23,2020-07-22,TQQQ,QQQ,green,green,3,0,0.2662054075,0.2579547566,0.1879946685,0.1494935316,0.0900899968,True,37,161.2272,
2020-07-24,2020-07-23,TQQQ,QQQ,strong_green,strong_green,1,1,0.2401092745,0.22771532,0.1532545599,0.1296716422,0.0584566831,True,38,219.6106,
2020-07-27,2020-07-24,TQQQ,QQQ,strong_green,strong_green,2,2,0.2271559528,0.1971775251,0.1519979906,0.1235106735,0.0452671274,True,39,226.1359,
2020-07-28,2020-07-27,TQQQ,QQQ,strong_green,strong_green,3,3,0.2490887352,0.2088157986,0.1972840988,0.1435776978,0.0605627529,True,40,178.5198,
2020-07-29,2020-07-28,TQQQ,QQQ,strong_green,strong_green,4,4,0.2435036931,0.2163431538,0.1641670102,0.1413390467,0.04417816,True,41,153.2422,
2020-07-30,2020-07-29,TQQQ,QQQ,strong_green,strong_green,5,5,0.233591285,0.1882270955,0.1756741663,0.1343161514,0.0534093946,True,42,128.971,
2020-07-31,2020-07-30,TQQQ,QQQ,strong_green,strong_green,6,6,0.2388581496,0.1949389024,0.1776346933,0.1391462209,0.0559556682,True,43,203.8696,
2020-08-03,2020-07-31,TQQQ,QQQ,strong_green,strong_green,7,7,0.2728602794,0.2515377708,0.2179647899,0.1544814739,0.071782998,True,44,255.8317,
2020-08-04,2020-08-03,TQQQ,QQQ,green,green,1,0,0.2742186664,0.2538266129,0.2160429682,0.1548654796,0.0826879962,True,45,160.6803,
2020-08-05,2020-08-04,TQQQ,QQQ,green,green,2,0,0.2653915558,0.2443731135,0.193244887,0.1505405819,0.0831269365,True,46,157.6443,
2020-08-06,2020-08-05,TQQQ,QQQ,green,green,3,0,0.2594613968,0.2398233445,0.1922704867,0.1409174925,0.0821339965,True,47,122.2826,
2020-08-07,2020-08-06,TQQQ,QQQ,green,green,4,0,0.2636559888,0.2402740745,0.1977232764,0.1469584678,0.0925628118,True,48,150.1716,
2020-08-10,2020-08-07,TQQQ,QQQ,strong_green,strong_green,1,1,0.2458684279,0.2093841929,0.1890124966,0.1323869438,0.0763656988,True,49,224.4099,
2020-08-11,2020-08-10,TQQQ,QQQ,strong_green,strong_green,2,2,0.2325556297,0.1935464282,0.1697935058,0.1174591804,0.0686002275,True,50,189.7538,
2020-08-12,2020-08-11,TQQQ,QQQ,strong_green,strong_green,3,3,0.2246552779,0.1959805987,0.1474390856,0.105087618,0.0457529306,True,51,218.3712,
2020-08-13,2020-08-12,TQQQ,QQQ,strong_green,strong_green,4,4,0.2491970999,0.2416008914,0.1649510205,0.1160702687,0.068966184,True,52,167.3628,
2020-08-14,2020-08-13,TQQQ,QQQ,strong_green,strong_green,5,5,0.2457377731,0.2304641789,0.1691053008,0.1196936353,0.0683628895,True,53,178.4645,
2020-08-17,2020-08-14,TQQQ,QQQ,strong_green,strong_green,6,6,0.2404059182,0.2210920541,0.1643974498,0.1164295635,0.0639759107,True,54,151.7104,
2020-08-18,2020-08-17,TQQQ,QQQ,strong_green,strong_green,7,7,0.2449565088,0.2126753489,0.1774656991,0.1315482235,0.073304624,True,55,99.3841,
2020-08-19,2020-08-18,TQQQ,QQQ,green,green,1,0,0.2529541828,0.2274240347,0.1775120102,0.1350554952,0.0805319217,True,56,120.5964,
2020-08-20,2020-08-19,TQQQ,QQQ,strong_green,strong_green,1,1,0.243478008,0.1952986301,0.180550373,0.1320477842,0.0704979508,True,57,163.0081,
2020-08-21,2020-08-20,TQQQ,QQQ,green,green,1,0,0.272006577,0.2252227946,0.2203687944,0.1529057411,0.0824817536,True,58,125.9575,
2020-08-24,2020-08-21,TQQQ,QQQ,green,green,2,0,0.2882389446,0.2294706089,0.2781150504,0.1608281283,0.0859313016,True,59,138.2711,
2020-08-25,2020-08-24,TQQQ,QQQ,green,green,3,0,0.3038413609,0.2404960509,0.3220442094,0.1668111843,0.0886717611,True,60,215.5075,
2020-08-26,2020-08-25,TQQQ,QQQ,green,green,4,0,0.306863936,0.2434627529,0.3256064927,0.1738812647,0.0932427148,True,61,151.3833,
2020-08-27,2020-08-26,TQQQ,QQQ,green,green,5,0,0.3477098486,0.2716540009,0.4252626909,0.1962045222,0.1123574585,True,62,205.0467,
2020-08-28,2020-08-27,TQQQ,QQQ,green,green,6,0,0.3341043782,0.2493834477,0.4197156283,0.1810340652,0.1048617466,True,63,279.9078,
2020-08-31,2020-08-28,TQQQ,QQQ,green,green,7,0,0.3190280487,0.25198117,0.3569134847,0.1738189246,0.1063914257,True,64,186.1174,
2020-09-01,2020-08-31,TQQQ,QQQ,green,green,8,0,0.3373267689,0.2536296262,0.4131288137,0.1923688821,0.110987817,True,65,173.3692,
2020-09-02,2020-09-01,TQQQ,QQQ,yellow,yellow,1,0,0.3409686949,0.2693461588,0.3797172468,0.2054067363,0.1254668516,True,66,195.2611,extended_above_50ma
2020-09-03,2020-09-02,TQQQ,QQQ,yellow,yellow,2,0,0.3589113815,0.2904163412,0.4364232758,0.2045113232,0.1315449787,True,67,300.792,extended_above_50ma
2020-09-04,2020-09-03,TQQQ,QQQ,strong_green,strong_green,1,1,0.3068162045,0.2011759256,0.3869983072,0.1783120872,0.0706780704,True,68,389.7982,
2020-09-08,2020-09-04,TQQQ,QQQ,strong_green,strong_green,2,2,0.3135715252,0.1760427434,0.4706744514,0.1729393339,0.0534627653,True,69,473.6571,
2020-09-09,2020-09-08,TQQQ,QQQ,strong_green,strong_green,3,3,0.2431985221,0.111464852,0.3276943259,0.1289880653,0.0006188421,True,70,309.1704,
2020-09-10,2020-09-09,TQQQ,QQQ,strong_green,strong_green,4,4,0.2733221064,0.1305468042,0.4289338772,0.133678566,0.0273443054,True,71,228.3875,
2020-09-11,2020-09-10,TQQQ,QQQ,strong_green,strong_green,5,5,0.3065085117,0.1657707436,0.5418171696,0.1278712549,0.0050241471,True,72,345.299,
2020-09-14,2020-09-11,TQQQ,QQQ,orange,orange,1,0,0.2685201737,0.1485515657,0.4115508873,0.1164081894,-0.0034188283,True,0,279.6591,signal_trend_template_failed|close_below_50ma
2020-09-15,2020-09-14,TQQQ,QQQ,strong_green,strong_green,1,1,0.3219913392,0.1545069356,0.6315765131,0.1320866813,0.0122236207,True,1,205.0646,
2020-09-16,2020-09-15,TQQQ,QQQ,strong_green,strong_green,2,2,0.3021599034,0.1511026549,0.5380534875,0.1326571896,0.0250115225,True,2,239.0955,
2020-09-17,2020-09-16,TQQQ,QQQ,strong_green,strong_green,3,3,0.2907538164,0.129166275,0.561006262,0.1056167739,0.0073340194,True,3,231.5813,
2020-09-18,2020-09-17,TQQQ,QQQ,orange,orange,1,0,0.2699013687,0.1085235334,0.5274528424,0.0927497986,-0.0091531705,True,0,322.4477,signal_trend_template_failed|close_below_50ma
2020-09-21,2020-09-18,TQQQ,QQQ,orange,orange,2,0,0.2657682833,0.094554889,0.5694421024,0.0845097663,-0.0221354388,True,0,321.2294,signal_trend_template_failed|close_below_50ma
2020-09-22,2020-09-21,TQQQ,QQQ,orange,orange,3,0,0.2654573271,0.0841776107,0.5720705431,0.0866386349,-0.0200445384,True,0,263.4541,signal_trend_template_failed|close_below_50ma
2020-09-23,2020-09-22,TQQQ,QQQ,orange,orange,4,0,0.2572287377,0.0950010133,0.4861912811,0.0977850167,-0.0028564068,True,0,233.2472,signal_trend_template_failed|close_below_50ma
2020-09-24,2020-09-23,TQQQ,QQQ,orange,orange,5,0,0.2388435533,0.0839114631,0.4515598713,0.0925545068,-0.033571757,True,0,272.4034,signal_trend_template_failed|close_below_50ma
2020-09-25,2020-09-24,TQQQ,QQQ,orange,orange,6,0,0.2234793466,0.0786895931,0.3853652289,0.094992519,-0.0293906857,True,0,255.6195,signal_trend_template_failed|close_below_50ma
2020-09-28,2020-09-25,TQQQ,QQQ,orange,orange,7,0,0.2660525177,0.1304635663,0.4680640192,0.1080468723,-0.0077282439,True,0,236.6591,signal_trend_template_failed|close_below_50ma
2020-09-29,2020-09-28,TQQQ,QQQ,strong_green,strong_green,1,1,0.2696102809,0.1414926508,0.445960119,0.1137569116,0.0115660945,True,1,211.1735,
2020-09-30,2020-09-29,TQQQ,QQQ,strong_green,strong_green,2,2,0.2569006958,0.114499313,0.4518378034,0.1067507827,0.0063310869,True,2,169.5686,
2020-10-01,2020-09-30,TQQQ,QQQ,strong_green,strong_green,3,3,0.2713636366,0.1091860852,0.5266477956,0.1055857663,0.0122016411,True,3,264.1102,
2020-10-02,2020-10-01,TQQQ,QQQ,strong_green,strong_green,4,4,0.2783039044,0.1191954741,0.5200296526,0.11787095,0.0269712848,True,4,227.4356,
2020-10-05,2020-10-02,TQQQ,QQQ,orange,orange,1,0,0.24048455,0.0616120336,0.4985385064,0.0879647053,-0.0031008577,True,0,299.197,signal_trend_template_failed|close_below_50ma
2020-10-06,2020-10-05,TQQQ,QQQ,strong_green,strong_green,1,1,0.236316819,0.0917735342,0.428375327,0.0869212043,0.0163421097,True,1,167.8014,
2020-10-07,2020-10-06,TQQQ,QQQ,orange,orange,1,0,0.2158559752,0.0583487054,0.4034553226,0.0786011091,-0.0028844024,True,0,260.3755,signal_trend_template_failed|close_below_50ma
2020-10-08,2020-10-07,TQQQ,QQQ,green,early_thaw,1,0,0.2174678218,0.0676636994,0.3980491966,0.0753306576,0.0126685514,True,1,178.4732,
2020-10-09,2020-10-08,TQQQ,QQQ,green,early_thaw,2,0,0.218834535,0.0660681779,0.4034622261,0.0781570006,0.0164674785,True,2,159.2202,
2020-10-12,2020-10-09,TQQQ,QQQ,strong_green,strong_green,1,1,0.2384528232,0.1050898816,0.4096774191,0.0853077471,0.0301699566,True,3,164.1,
2020-10-13,2020-10-12,TQQQ,QQQ,strong_green,strong_green,2,2,0.2552696675,0.1311979597,0.3926278619,0.1030613724,0.0597751246,True,4,270.2193,
2020-10-14,2020-10-13,TQQQ,QQQ,strong_green,strong_green,3,3,0.2574418298,0.1288617618,0.40873936,0.1093225091,0.0578257729,True,5,260.8312,
2020-10-15,2020-10-14,TQQQ,QQQ,strong_green,strong_green,4,4,0.2461804847,0.1271224329,0.3719479917,0.1017958596,0.0473588729,True,6,265.7964,
2020-10-16,2020-10-15,TQQQ,QQQ,strong_green,strong_green,5,5,0.2377426857,0.1182642713,0.3498286616,0.1016090951,0.0389110357,True,7,218.603,
2020-10-19,2020-10-16,TQQQ,QQQ,strong_green,strong_green,6,6,0.2231256328,0.081453133,0.3585208077,0.0830440706,0.032191155,True,8,197.1196,
2020-10-20,2020-10-19,TQQQ,QQQ,green,green,1,0,0.2258779487,0.0750001017,0.3875422616,0.0887186999,0.0144451615,True,9,227.9425,
2020-10-21,2020-10-20,TQQQ,QQQ,green,green,2,0,0.2112926282,0.0735288526,0.3504507264,0.0816584787,0.015602122,True,10,227.0624,
2020-10-22,2020-10-21,TQQQ,QQQ,strong_green,strong_green,1,1,0.2251418747,0.1014691103,0.3522905013,0.0932945915,0.0134411926,True,11,199.9789,
2020-10-23,2020-10-22,TQQQ,QQQ,strong_green,strong_green,2,2,0.2206116131,0.1119894844,0.3312488189,0.0863557486,0.0125160369,True,12,197.2677,
2020-10-26,2020-10-23,TQQQ,QQQ,strong_green,strong_green,3,3,0.2119430626,0.0946488938,0.3232288768,0.0810942846,0.0136259291,True,13,158.5359,
2020-10-27,2020-10-26,TQQQ,QQQ,orange,orange,1,0,0.2132652356,0.0921304801,0.3284054326,0.0917933377,-0.0021652708,True,0,251.0998,signal_trend_template_failed|close_below_50ma
2020-10-28,2020-10-27,TQQQ,QQQ,strong_green,strong_green,1,1,0.2080550013,0.0881164894,0.2929294957,0.1006861565,0.005101311,True,1,181.4454,
2020-10-29,2020-10-28,TQQQ,QQQ,orange,orange,1,0,0.167150062,0.0402482973,0.2430331586,0.0830428619,-0.0336493322,True,0,264.3032,signal_trend_template_failed|close_below_50ma
2020-10-30,2020-10-29,TQQQ,QQQ,orange,orange,2,0,0.1843008445,0.0398812549,0.3014506677,0.088612504,-0.0167717265,True,0,207.78,signal_trend_template_failed|close_below_50ma
2020-11-02,2020-10-30,TQQQ,QQQ,orange,orange,3,0,0.1468755117,0.0,0.2538266129,0.0634895791,-0.0409889548,True,0,322.9112,signal_trend_template_failed|close_below_50ma|three_month_momentum_not_positive
2020-11-03,2020-11-02,TQQQ,QQQ,orange,orange,4,0,0.140523132,-0.0014794375,0.2425321413,0.052746403,-0.0380387572,True,0,211.5154,signal_trend_template_failed|close_below_50ma|three_month_momentum_not_positive
2020-11-04,2020-11-03,TQQQ,QQQ,orange,orange,5,0,0.1485618077,0.0132816777,0.2562902785,0.0491701587,-0.0207726793,True,0,198.3915,signal_trend_template_failed|close_below_50ma
2020-11-05,2020-11-04,TQQQ,QQQ,green,early_thaw,1,0,0.1814108812,0.0446767638,0.2956855063,0.072461017,0.0228622713,True,1,282.3045,
2020-11-06,2020-11-05,TQQQ,QQQ,strong_green,strong_green,1,1,0.2092440364,0.0844291696,0.3114914961,0.0914444711,0.0493474121,False,2,269.8412,
2020-11-09,2020-11-06,TQQQ,QQQ,strong_green,strong_green,2,2,0.2178070192,0.0898971426,0.3008428418,0.0960632471,0.0498648567,False,3,243.7356,
2020-11-10,2020-11-09,TQQQ,QQQ,green,green,1,0,0.2108092642,0.0882382046,0.3015117794,0.064544841,0.0287010521,False,4,280.871,
2020-11-11,2020-11-10,TQQQ,QQQ,green,green,2,0,0.1812277932,0.0425220263,0.2943962772,0.0348165053,0.0110984495,False,5,270.2047,
2020-11-12,2020-11-11,TQQQ,QQQ,green,green,3,0,0.2086517402,0.063417341,0.3084969453,0.0537372193,0.034466273,False,6,216.8406,
2020-11-13,2020-11-12,TQQQ,QQQ,green,green,4,0,0.205216896,0.0596711479,0.2939560187,0.0578597098,0.030667923,False,7,241.4866,
2020-11-16,2020-11-13,TQQQ,QQQ,green,green,5,0,0.188898934,0.0566979069,0.2814315029,0.0484067648,0.0394478982,False,8,181.0941,
2020-11-17,2020-11-16,TQQQ,QQQ,green,green,6,0,0.1942788448,0.054790132,0.2946747595,0.0386726288,0.0468385956,False,9,189.0231,
2020-11-18,2020-11-17,TQQQ,QQQ,green,early_thaw,7,0,0.1820620504,0.058565587,0.265301996,0.0397023014,0.0418574817,True,10,160.0787,
2020-11-19,2020-11-18,TQQQ,QQQ,green,early_thaw,8,0,0.1815095435,0.0363664894,0.2697798464,0.0411975916,0.0332567875,True,11,132.094,
2020-11-20,2020-11-19,TQQQ,QQQ,green,early_thaw,9,0,0.1878255364,0.0372865941,0.2753133805,0.0440012378,0.0398573127,True,12,139.7517,
2020-11-23,2020-11-20,TQQQ,QQQ,green,early_thaw,10,0,0.1992446037,0.023798936,0.2700185371,0.0516336399,0.0312824295,True,13,111.6969,
2020-11-24,2020-11-23,TQQQ,QQQ,green,early_thaw,11,0,0.181403974,0.0158468029,0.2631676621,0.0433469806,0.0302029717,True,14,153.8899,
2020-11-25,2020-11-24,TQQQ,QQQ,green,early_thaw,12,0,0.1904347768,0.0085971365,0.2825865839,0.0360540325,0.0435367391,True,15,139.5662,
2020-11-27,2020-11-25,TQQQ,QQQ,green,early_thaw,13,0,0.2171555371,0.0179691226,0.2718337721,0.0462953565,0.0483405593,True,16,117.2797,
2020-11-30,2020-11-27,TQQQ,QQQ,green,green,14,0,0.2049246681,0.0221515622,0.2797145088,0.0523549935,0.0558568655,True,17,87.0094,
2020-12-01,2020-11-30,TQQQ,QQQ,green,green,15,0,0.2356996908,0.0160743313,0.2737808841,0.0633978857,0.0555691416,True,18,173.756,
2020-12-02,2020-12-01,TQQQ,QQQ,green,green,16,0,0.2176948655,0.0118030356,0.2843282967,0.0561696995,0.0663965396,True,19,166.2716,
2020-12-03,2020-12-02,TQQQ,QQQ,green,green,17,0,0.2243223867,0.0036000357,0.2950618861,0.0545751436,0.0654179501,True,20,143.5079,
2020-12-04,2020-12-03,TQQQ,QQQ,green,green,18,0,0.2414916733,0.0586966377,0.2716809137,0.0650755797,0.0639325484,True,21,155.2649,
2020-12-07,2020-12-04,TQQQ,QQQ,green,green,19,0,0.257290702,0.077368064,0.2670308936,0.0639531698,0.065278565,True,22,126.8516,
2020-12-08,2020-12-07,TQQQ,QQQ,green,green,20,0,0.2816031031,0.1381740881,0.2650404944,0.0717026876,0.0686511356,True,23,125.8952,
2020-12-09,2020-12-08,TQQQ,QQQ,green,green,21,0,0.2484289528,0.1094357578,0.2542690505,0.0623191177,0.0699542508,True,24,137.1861,
2020-12-10,2020-12-09,TQQQ,QQQ,green,green,22,0,0.2510484976,0.1063741687,0.2897786374,0.0507140948,0.0438917844,True,25,234.0387,
2020-12-11,2020-12-10,TQQQ,QQQ,green,green,23,0,0.2469972716,0.1185799721,0.2847467783,0.0615867682,0.0462945241,True,26,167.7069,
2020-12-14,2020-12-11,TQQQ,QQQ,green,green,24,0,0.2426643063,0.096998131,0.2664919507,0.059092551,0.0425640704,True,27,163.1415,
2020-12-15,2020-12-14,TQQQ,QQQ,green,green,25,0,0.2328011346,0.0895149478,0.2541435489,0.0664627297,0.0479759074,True,28,143.9221,
2020-12-16,2020-12-15,TQQQ,QQQ,green,green,26,0,0.2479850196,0.1190056101,0.2635433964,0.0663646213,0.0572009155,True,29,159.253,
2020-12-17,2020-12-16,TQQQ,QQQ,green,green,27,0,0.2711226378,0.1430155515,0.2670596379,0.0753753265,0.0605471325,True,30,141.5301,
2020-12-18,2020-12-17,TQQQ,QQQ,green,green,28,0,0.2770562237,0.1653613402,0.2755519523,0.0760415875,0.0652077123,True,31,146.1996,
2020-12-21,2020-12-18,TQQQ,QQQ,green,green,29,0,0.2713518505,0.1590592026,0.2566260369,0.0675384451,0.0599078186,True,32,175.2163,
2020-12-22,2020-12-21,TQQQ,QQQ,green,green,30,0,0.2419778394,0.1357896163,0.2436907808,0.0594490488,0.0562089861,True,33,210.6027,
2020-12-23,2020-12-22,TQQQ,QQQ,green,green,31,0,0.2654473781,0.1747479489,0.2733227681,0.068535375,0.0579402965,True,34,167.1557,
2020-12-24,2020-12-23,TQQQ,QQQ,green,green,32,0,0.2508152049,0.1634146321,0.2549632561,0.0626427953,0.0515914813,True,35,122.6408,
2020-12-28,2020-12-24,TQQQ,QQQ,green,green,33,0,0.251266234,0.1419986946,0.2909879169,0.0633374895,0.0549341328,True,36,80.1627,
2020-12-29,2020-12-28,TQQQ,QQQ,green,green,34,0,0.2437355586,0.1300386443,0.2899308076,0.0586980804,0.0638912453,True,37,125.41,
2020-12-30,2020-12-29,TQQQ,QQQ,green,green,35,0,0.2304845823,0.1361737696,0.2662648856,0.053772378,0.0630372977,True,38,130.174,
2020-12-31,2020-12-30,TQQQ,QQQ,green,green,36,0,0.2255516379,0.1284813654,0.2516958279,0.0483101575,0.0609320484,True,39,112.6022,
2021-01-04,2020-12-31,TQQQ,QQQ,green,green,37,0,0.2113747336,0.1135828277,0.2463168608,0.0354253457,0.0613944801,True,40,115.5405,
2021-01-05,2021-01-04,TQQQ,QQQ,green,green,38,0,0.2084126632,0.1296370017,0.1992362345,0.045813212,0.0445960172,True,41,204.4671,
2021-01-06,2021-01-05,TQQQ,QQQ,green,green,39,0,0.20938997,0.1151675258,0.2175103909,0.0432188468,0.0512060431,True,42,126.0007,
2021-01-07,2021-01-06,TQQQ,QQQ,green,green,40,0,0.2041317692,0.1197025732,0.1850357688,0.0221253476,0.0350172061,True,43,214.4174,
2021-01-08,2021-01-07,TQQQ,QQQ,green,green,41,0,0.2074878022,0.1272896473,0.2035662351,0.0258797361,0.0575638314,True,44,134.9504,
2021-01-11,2021-01-08,TQQQ,QQQ,green,green,42,0,0.2179066522,0.1357387826,0.2107749746,0.0385633694,0.0685156757,True,45,173.182,
2021-01-12,2021-01-11,TQQQ,QQQ,green,green,43,0,0.2008569824,0.1024811528,0.2183407666,0.0287452154,0.0500318954,True,46,151.9992,
2021-01-13,2021-01-12,TQQQ,QQQ,green,early_thaw,44,0,0.1829449905,0.0677657877,0.2078544805,0.0223620552,0.0457059184,True,47,157.4923,
2021-01-14,2021-01-13,TQQQ,QQQ,green,early_thaw,45,0,0.1943511846,0.0750127084,0.21354074,0.0306605495,0.0494713279,True,48,119.5655,
2021-01-15,2021-01-14,TQQQ,QQQ,green,early_thaw,46,0,0.1877436157,0.0782711189,0.2153435668,0.0273477698,0.0407590869,True,49,128.0156,
2021-01-19,2021-01-15,TQQQ,QQQ,green,early_thaw,47,0,0.1851736337,0.0769568807,0.2043224014,0.02762578,0.0299434244,True,50,149.6817,
2021-01-20,2021-01-19,TQQQ,QQQ,green,green,48,0,0.1979592686,0.0986916268,0.1881835021,0.0324875372,0.0429022352,True,51,133.3286,
2021-01-21,2021-01-20,TQQQ,QQQ,green,green,49,0,0.2260383704,0.1429067065,0.2286248257,0.0468822146,0.0650609545,True,52,143.529,
2021-01-22,2021-01-21,TQQQ,QQQ,green,green,50,0,0.2312784776,0.1495781519,0.2341053143,0.0565634685,0.0713054836,True,53,111.369,
2021-01-25,2021-01-22,TQQQ,QQQ,green,green,51,0,0.2362566321,0.1471547847,0.2635555601,0.0585035683,0.0656068945,True,54,98.0386,
2021-01-26,2021-01-25,TQQQ,QQQ,green,green,52,0,0.2458781536,0.1566778408,0.2862135958,0.068006816,0.0712440803,True,55,188.4909,
2021-01-27,2021-01-26,TQQQ,QQQ,green,green,53,0,0.2392330494,0.1560915245,0.2655143085,0.0686904633,0.0700613818,True,56,112.0651,
2021-01-28,2021-01-27,TQQQ,QQQ,green,green,54,0,0.2245022276,0.140974316,0.2460928275,0.0610788926,0.0380985042,True,57,213.9421,
2021-01-29,2021-01-28,TQQQ,QQQ,green,green,55,0,0.2241980381,0.1388325538,0.2391824804,0.0527302713,0.0421463984,True,58,103.4564,
2021-02-01,2021-01-29,TQQQ,QQQ,green,green,56,0,0.2254120881,0.1601019445,0.2067940724,0.0493579789,0.0187746557,True,59,198.5876,
2021-02-02,2021-02-01,TQQQ,QQQ,green,green,57,0,0.2303788755,0.1686543986,0.2152618026,0.0521766801,0.0421601596,True,60,122.2337,
2021-02-03,2021-02-02,TQQQ,QQQ,green,green,58,0,0.2517703337,0.2186274856,0.2186274856,0.0617799775,0.0565602492,True,61,112.4873,
2021-02-04,2021-02-03,TQQQ,QQQ,green,green,59,0,0.2442104208,0.2110957637,0.2093040232,0.0635782401,0.0500306186,True,62,114.1028,
2021-02-05,2021-02-04,TQQQ,QQQ,green,green,60,0,0.2458620953,0.2045826424,0.2205815208,0.0639083847,0.0596951457,True,63,90.3788,
2021-02-08,2021-02-05,TQQQ,QQQ,green,green,61,0,0.2172285271,0.157019744,0.2087116418,0.0466100496,0.0604647894,True,64,108.6415,
2021-02-09,2021-02-08,TQQQ,QQQ,green,green,62,0,0.2177688388,0.1351764656,0.2310184719,0.0482765695,0.0648676995,True,65,98.4639,
2021-02-10,2021-02-09,TQQQ,QQQ,green,green,63,0,0.2188550688,0.134091245,0.2360428075,0.0503923568,0.0620835436,True,66,84.0685,
2021-02-11,2021-02-10,TQQQ,QQQ,green,green,64,0,0.2400648405,0.1551099359,0.2570347628,0.0751051784,0.0573544806,True,67,156.8059,
2021-02-12,2021-02-11,TQQQ,QQQ,strong_green,strong_green,1,1,0.2485523043,0.1826491696,0.2329378087,0.0877161194,0.0607761506,True,68,127.4976,
2021-02-16,2021-02-12,TQQQ,QQQ,green,green,1,0,0.2402369954,0.1632380959,0.2370075629,0.0784733634,0.0644413866,True,69,101.6114,
2021-02-17,2021-02-16,TQQQ,QQQ,green,green,2,0,0.2352134786,0.1655621525,0.2351125841,0.070819142,0.0594011271,True,70,115.3192,
2021-02-18,2021-02-17,TQQQ,QQQ,green,green,3,0,0.2227088637,0.149882408,0.2150783337,0.0642407382,0.0523112412,True,71,135.9314,
2021-02-19,2021-02-18,TQQQ,QQQ,green,green,4,0,0.2128651695,0.1359912337,0.1982323433,0.0636690071,0.0458973235,True,72,139.4341,
2021-02-22,2021-02-19,TQQQ,QQQ,green,green,5,0,0.2117082863,0.134635899,0.2010865164,0.0623654173,0.039744511,True,73,116.5892,
2021-02-23,2021-02-22,TQQQ,QQQ,green,green,6,0,0.1852437963,0.1134551332,0.1539475875,0.0349550058,0.0118595054,True,74,152.8919,
2021-02-24,2021-02-23,TQQQ,QQQ,green,green,7,0,0.1725335767,0.101520893,0.1425928555,0.0278493339,0.0075368723,True,75,227.4953,
2021-02-25,2021-02-24,TQQQ,QQQ,green,green,8,0,0.1776928763,0.1182499068,0.1448630648,0.0271965222,0.0144331505,True,76,143.8523,
2021-02-26,2021-02-25,TQQQ,QQQ,orange,orange,1,0,0.1428240682,0.0792283555,0.0963306745,0.0120450537,-0.0216383319,True,0,248.9771,signal_trend_template_failed|close_below_50ma
2021-03-01,2021-02-26,TQQQ,QQQ,orange,orange,2,0,0.1350870139,0.0687316566,0.0779196885,0.0154677593,-0.0181953533,True,0,222.4554,signal_trend_template_failed|close_below_50ma
2021-03-02,2021-03-01,TQQQ,QQQ,green,green,1,0,0.1660820093,0.094156148,0.113817174,0.0185557586,0.0102748206,True,1,154.4898,
2021-03-03,2021-03-02,TQQQ,QQQ,orange,orange,1,0,0.1444076718,0.0667773828,0.0904081684,0.0068589741,-0.0065477218,True,0,166.8692,signal_trend_template_failed|close_below_50ma
2021-03-04,2021-03-03,TQQQ,QQQ,orange,orange,2,0,0.1076435324,0.0337110081,0.0503272213,-0.0190172314,-0.0353007703,True,0,232.6148,signal_trend_template_failed|close_below_50ma|relative_strength_below_floor
2021-03-05,2021-03-04,TQQQ,QQQ,orange,orange,3,0,0.0816214083,0.0039257736,0.0157751452,-0.025709983,-0.0507699279,True,0,412.5781,signal_trend_template_failed|close_below_50ma|relative_strength_below_floor
2021-03-08,2021-03-05,TQQQ,QQQ,orange,orange,4,0,0.088461227,0.0177374162,0.0214013072,-0.0293126782,-0.036459714,True,0,335.8898,signal_trend_template_failed|close_below_50ma|relative_strength_below_floor
2021-03-09,2021-03-08,TQQQ,QQQ,orange,orange,5,0,0.0697963073,-0.0124765205,0.0454877874,-0.0511424691,-0.0631670285,True,0,215.0898,signal_trend_template_failed|close_below_50ma|relative_strength_below_floor|three_month_momentum_not_positive
2021-03-10,2021-03-09,TQQQ,QQQ,orange,orange,6,0,0.1105007946,0.0223067051,0.1014005957,-0.0226988645,-0.026434298,True,0,176.8767,signal_trend_template_failed|close_below_50ma|relative_strength_below_floor
2021-03-11,2021-03-10,TQQQ,QQQ,orange,orange,7,0,0.1128488072,0.0136482641,0.1537081886,-0.0311984766,-0.0292936806,True,0,205.6455,signal_trend_template_failed|close_below_50ma|relative_strength_below_floor
2021-03-12,2021-03-11,TQQQ,QQQ,orange,orange,8,0,0.1241898673,0.0334960611,0.1465974858,-0.0216463287,-0.0072690948,True,0,171.8639,signal_trend_template_failed|close_below_50ma|relative_strength_below_floor
2021-03-15,2021-03-12,TQQQ,QQQ,orange,orange,9,0,0.1333134262,0.0488593654,0.1604309085,-0.0257810364,-0.0154760555,True,0,175.6562,signal_trend_template_failed|close_below_50ma|relative_strength_below_floor
2021-03-16,2021-03-15,TQQQ,QQQ,orange,orange,10,0,0.1423316931,0.0558241125,0.1810237062,-0.0199325217,-0.005322504,True,0,137.8681,signal_trend_template_failed|close_below_50ma|relative_strength_below_floor
2021-03-17,2021-03-16,TQQQ,QQQ,orange,orange,11,0,0.150086038,0.0639754466,0.1671790764,-0.0131009324,-0.0002895729,True,0,186.6601,signal_trend_template_failed|close_below_50ma|relative_strength_below_floor
2021-03-18,2021-03-17,TQQQ,QQQ,yellow,yellow,1,0,0.1420927652,0.0606611654,0.1556061942,-0.0207868986,0.0030392834,True,1,219.9229,relative_strength_below_floor
2021-03-19,2021-03-18,TQQQ,QQQ,orange,orange,1,0,0.1097153541,0.0172980671,0.1383622442,-0.0347171162,-0.027695402,True,0,232.1656,signal_trend_template_failed|close_below_50ma|relative_strength_below_floor
2021-03-22,2021-03-19,TQQQ,QQQ,orange,orange,2,0,0.1140731138,0.0153007265,0.1605045198,-0.0294877357,-0.0246080032,True,0,199.1087,signal_trend_template_failed|close_below_50ma|relative_strength_below_floor
2021-03-23,2021-03-22,TQQQ,QQQ,orange,orange,3,0,0.1322476475,0.0276225316,0.1975515706,-0.0180646293,-0.0065661106,True,0,153.0998,signal_trend_template_failed|close_below_50ma|relative_strength_below_floor
2021-03-24,2021-03-23,TQQQ,QQQ,orange,orange,4,0,0.1238137203,0.0262417059,0.1894748933,-0.0216134538,-0.0108129319,True,0,201.087,signal_trend_template_failed|close_below_50ma|relative_strength_below_floor
2021-03-25,2021-03-24,TQQQ,QQQ,orange,orange,5,0,0.1018086218,0.0108241613,0.1480835863,-0.0392844545,-0.0273654844,True,0,193.6802,signal_trend_template_failed|close_below_50ma|relative_strength_below_floor
2021-03-26,2021-03-25,TQQQ,QQQ,orange,orange,6,0,0.1015916652,0.0063379415,0.1821934327,-0.0487112463,-0.0289166363,True,0,242.5855,signal_trend_template_failed|close_below_50ma|relative_strength_below_floor
2021-03-29,2021-03-26,TQQQ,QQQ,orange,orange,7,0,0.1112497246,0.0266033953,0.1943654115,-0.0518189908,-0.0143721468,True,0,227.0975,signal_trend_template_failed|close_below_50ma|relative_strength_below_floor
2021-03-30,2021-03-29,TQQQ,QQQ,orange,orange,8,0,0.1021813925,0.0218017257,0.1668962369,-0.0530290104,-0.0147733236,True,0,201.1432,signal_trend_template_failed|close_below_50ma|relative_strength_below_floor
2021-03-31,2021-03-30,TQQQ,QQQ,orange,orange,9,0,0.0928418019,0.0065147529,0.1374005668,-0.0543466826,-0.0199061889,True,0,154.3379,signal_trend_template_failed|close_below_50ma|relative_strength_below_floor
2021-04-01,2021-03-31,TQQQ,QQQ,orange,orange,10,0,0.1081449988,0.0210030512,0.1600368854,-0.0426772848,-0.0051016144,True,0,176.0699,signal_trend_template_failed|close_below_50ma|relative_strength_below_floor
2021-04-05,2021-04-01,TQQQ,QQQ,yellow,yellow,1,0,0.1207692676,0.0383738593,0.1717855506,-0.0333455641,0.0117813442,True,1,165.7376,relative_strength_below_floor
2021-04-06,2021-04-05,TQQQ,QQQ,yellow,yellow,2,0,0.1315604254,0.0565057441,0.176506654,-0.0284243879,0.0316533343,True,2,158.0759,relative_strength_below_floor
2021-04-07,2021-04-06,TQQQ,QQQ,yellow,yellow,3,0,0.1458873763,0.0708926993,0.209720018,-0.0213238925,0.0305635445,True,3,145.7031,relative_strength_below_floor
2021-04-08,2021-04-07,TQQQ,QQQ,yellow,yellow,4,0,0.1322792569,0.0647045785,0.1873239705,-0.0267060166,0.0328030706,True,4,120.4691,relative_strength_below_floor
2021-04-09,2021-04-08,TQQQ,QQQ,yellow,yellow,5,0,0.1583513369,0.0909255463,0.2215121413,-0.0050328364,0.0431303442,True,5,142.5938,relative_strength_below_floor
2021-04-12,2021-04-09,TQQQ,QQQ,yellow,yellow,6,0,0.1464450887,0.0716099584,0.208014812,-0.0107206486,0.0482695652,True,6,165.3921,relative_strength_below_floor
2021-04-13,2021-04-12,TQQQ,QQQ,yellow,yellow,7,0,0.1442353603,0.0566253075,0.2000503405,-0.0113055164,0.0458766737,True,7,139.5356,relative_strength_below_floor
2021-04-14,2021-04-13,TQQQ,QQQ,green,green,1,0,0.1599424918,0.0846327478,0.1957871621,0.0014219078,0.056350438,True,8,151.4104,
2021-04-15,2021-04-14,TQQQ,QQQ,yellow,yellow,1,0,0.136222507,0.0733150895,0.146049132,-0.0153441682,0.0427279461,True,9,204.7821,relative_strength_below_floor
2021-04-16,2021-04-15,TQQQ,QQQ,yellow,yellow,2,0,0.1466471205,0.0822728571,0.1634570754,-0.013250527,0.0575908715,True,10,160.208,relative_strength_below_floor
2021-04-19,2021-04-16,TQQQ,QQQ,yellow,yellow,3,0,0.1492670781,0.0893649485,0.1746307619,-0.0140169655,0.0577785116,True,11,156.4759,relative_strength_below_floor
2021-04-20,2021-04-19,TQQQ,QQQ,yellow,yellow,4,0,0.1453451907,0.0880138855,0.1717440403,-0.0189790928,0.0475113013,True,12,206.2046,relative_strength_below_floor
2021-04-21,2021-04-20,TQQQ,QQQ,yellow,yellow,5,0,0.1319460865,0.0645518841,0.1696142414,-0.0230873228,0.0395247322,True,13,200.5715,relative_strength_below_floor
2021-04-22,2021-04-21,TQQQ,QQQ,yellow,yellow,6,0,0.128119461,0.0492590718,0.19920523,-0.0303600438,0.0480273076,True,14,144.2864,relative_strength_below_floor
2021-04-23,2021-04-22,TQQQ,QQQ,yellow,yellow,7,0,0.1143074148,0.0283839111,0.1822076759,-0.0362832114,0.0352585309,True,15,218.8959,relative_strength_below_floor
2021-04-26,2021-04-23,TQQQ,QQQ,yellow,yellow,8,0,0.1236651076,0.0443385732,0.1980179911,-0.0346160652,0.0478330641,True,16,139.8936,relative_strength_below_floor
2021-04-27,2021-04-26,TQQQ,QQQ,yellow,yellow,9,0,0.1236715062,0.0425207482,0.205860648,-0.0314309617,0.0541693019,True,17,132.451,relative_strength_below_floor
2021-04-28,2021-04-27,TQQQ,QQQ,yellow,yellow,10,0,0.121037774,0.0364879239,0.1982749041,-0.0340838663,0.0493351723,True,18,155.9927,relative_strength_below_floor
2021-04-29,2021-04-28,TQQQ,QQQ,yellow,yellow,11,0,0.1331990205,0.0626052375,0.212405284,-0.0360115432,0.0455368046,True,19,153.9173,relative_strength_below_floor
2021-04-30,2021-04-29,TQQQ,QQQ,yellow,yellow,12,0,0.1337399704,0.0601573618,0.2073417157,-0.0391140114,0.0488658588,True,20,193.5912,relative_strength_below_floor
2021-05-03,2021-04-30,TQQQ,QQQ,yellow,yellow,13,0,0.1429113025,0.0758421204,0.2480865358,-0.0402313929,0.0416091557,True,21,151.8894,relative_strength_below_floor
2021-05-04,2021-05-03,TQQQ,QQQ,yellow,yellow,14,0,0.1198364393,0.0440255182,0.220105014,-0.0562985925,0.0357056055,True,22,169.314,relative_strength_below_floor
2021-05-05,2021-05-04,TQQQ,QQQ,yellow,yellow,15,0,0.1066089691,0.0087797935,0.2293267832,-0.0642471757,0.0165593372,True,23,252.4205,relative_strength_below_floor
2021-05-06,2021-05-05,TQQQ,QQQ,yellow,yellow,16,0,0.1033667873,0.0093923117,0.2224707525,-0.0644830087,0.0126451556,True,24,161.1288,relative_strength_below_floor
2021-05-07,2021-05-06,TQQQ,QQQ,yellow,yellow,17,0,0.0972322489,0.0051137014,0.2107425184,-0.0666414764,0.019789133,True,25,204.7652,relative_strength_below_floor
2021-05-10,2021-05-07,TQQQ,QQQ,yellow,yellow,18,0,0.0894040878,0.0098449509,0.1684105466,-0.0725325175,0.0266893524,True,26,196.2304,relative_strength_below_floor
2021-05-11,2021-05-10,TQQQ,QQQ,yellow,yellow,19,0,0.0564753138,-0.0222091755,0.1099651322,-0.0921799923,2.25277e-05,True,27,210.6537,relative_strength_below_floor|three_month_momentum_not_positive
2021-05-12,2021-05-11,TQQQ,QQQ,orange,orange,1,0,0.0568483801,-0.0233549165,0.1076046387,-0.0847074119,-0.0014891819,True,0,260.3373,signal_trend_template_failed|close_below_50ma|relative_strength_below_floor|three_month_momentum_not_positive
2021-05-13,2021-05-12,TQQQ,QQQ,orange,orange,2,0,0.0457571755,-0.0464606207,0.1014428114,-0.074809135,-0.0272677273,True,0,248.2508,signal_trend_template_failed|close_below_50ma|relative_strength_below_floor|three_month_momentum_not_positive
2021-05-14,2021-05-13,TQQQ,QQQ,orange,orange,3,0,0.051660917,-0.044344005,0.1302057689,-0.0772575562,-0.0203826665,True,0,223.9055,signal_trend_template_failed|close_below_50ma|relative_strength_below_floor|three_month_momentum_not_positive
2021-05-17,2021-05-14,TQQQ,QQQ,orange,orange,4,0,0.0566338867,-0.0286753221,0.1298818689,-0.0788470288,-0.0001468624,True,0,164.9165,signal_trend_template_failed|close_below_50ma|relative_strength_below_floor|three_month_momentum_not_positive
2021-05-18,2021-05-17,TQQQ,QQQ,orange,orange,5,0,0.0535478087,-0.0319494268,0.1283231098,-0.0821278335,-0.0071929171,True,0,155.7033,signal_trend_template_failed|close_below_50ma|relative_strength_below_floor|three_month_momentum_not_positive
2021-05-19,2021-05-18,TQQQ,QQQ,orange,orange,6,0,0.0499835068,-0.0338486622,0.1109604269,-0.0747283512,-0.0152606181,True,0,144.8896,signal_trend_template_failed|close_below_50ma|relative_strength_below_floor|three_month_momentum_not_positive
2021-05-20,2021-05-19,TQQQ,QQQ,orange,orange,7,0,0.0503300511,-0.0284915409,0.1036250931,-0.0716756477,-0.0148050648,True,0,211.9099,signal_trend_template_failed|close_below_50ma|relative_strength_below_floor|three_month_momentum_not_positive
2021-05-21,2021-05-20,TQQQ,QQQ,yellow,yellow,1,0,0.0659948194,-0.0053612379,0.128552846,-0.064637113,0.0031282081,True,1,162.6414,relative_strength_below_floor|three_month_momentum_not_positive
2021-05-24,2021-05-21,TQQQ,QQQ,orange,orange,1,0,0.0732022539,0.0154538326,0.1306622824,-0.0609272848,-0.0029942293,True,0,147.21,signal_trend_template_failed|close_below_50ma|relative_strength_below_floor
2021-05-25,2021-05-24,TQQQ,QQQ,yellow,yellow,1,0,0.0950264379,0.0356162581,0.1407529455,-0.0501711486,0.0126970596,True,1,111.2093,relative_strength_below_floor
2021-05-26,2021-05-25,TQQQ,QQQ,yellow,yellow,2,0,0.099254484,0.0285704422,0.1501988011,-0.0434172351,0.0132005988,True,2,129.3822,relative_strength_below_floor
2021-05-27,2021-05-26,TQQQ,QQQ,yellow,yellow,3,0,0.1278350932,0.0694371279,0.1541668728,-0.029373838,0.0158678165,True,3,95.5553,relative_strength_below_floor
2021-05-28,2021-05-27,TQQQ,QQQ,yellow,yellow,4,0,0.1117933891,0.060993078,0.1339168899,-0.04056475,0.0113670053,True,4,100.7112,relative_strength_below_floor
2021-06-01,2021-05-28,TQQQ,QQQ,yellow,yellow,5,0,0.1039745162,0.0332574033,0.1305449403,-0.0436905581,0.0131853021,True,5,100.0311,relative_strength_below_floor
2021-06-02,2021-06-01,TQQQ,QQQ,yellow,yellow,6,0,0.1074405692,0.0466090952,0.1164989114,-0.0424729243,0.008588783,True,6,125.6862,relative_strength_below_floor
2021-06-03,2021-06-02,TQQQ,QQQ,yellow,yellow,7,0,0.1182592513,0.0799949591,0.116402678,-0.0369319716,0.0096496286,True,7,101.1805,relative_strength_below_floor
2021-06-04,2021-06-03,TQQQ,QQQ,orange,orange,1,0,0.1097412082,0.0865392748,0.090804782,-0.0448053042,-0.0016297351,True,0,142.5981,signal_trend_template_failed|close_below_50ma|relative_strength_below_floor
2021-06-07,2021-06-04,TQQQ,QQQ,yellow,yellow,1,0,0.1222253084,0.0885834266,0.1078920839,-0.0313654541,0.0138569315,True,1,112.9275,relative_strength_below_floor
2021-06-08,2021-06-07,TQQQ,QQQ,yellow,yellow,2,0,0.1444285842,0.1236417563,0.1096226169,-0.0126596619,0.0153276199,True,2,77.7126,relative_strength_below_floor
2021-06-09,2021-06-08,TQQQ,QQQ,yellow,yellow,3,0,0.1273483824,0.0815194846,0.1056446208,-0.023988329,0.0145396906,True,3,116.2702,relative_strength_below_floor
2021-06-10,2021-06-09,TQQQ,QQQ,yellow,yellow,4,0,0.1273355371,0.0848734195,0.0996800584,-0.0231533565,0.0135024717,True,4,97.4408,relative_strength_below_floor
2021-06-11,2021-06-10,TQQQ,QQQ,yellow,yellow,5,0,0.1205985979,0.0714997839,0.1073908061,-0.0257681173,0.0224618541,True,5,151.2847,relative_strength_below_floor
2021-06-14,2021-06-11,TQQQ,QQQ,yellow,yellow,6,0,0.1408406959,0.083088105,0.1360071025,-0.0132654429,0.023775616,True,6,88.9084,relative_strength_below_floor
2021-06-15,2021-06-14,TQQQ,QQQ,yellow,yellow,7,0,0.1426791919,0.0819092267,0.1423058491,-0.0094793789,0.032350906,True,7,121.471,relative_strength_below_floor
2021-06-16,2021-06-15,TQQQ,QQQ,yellow,yellow,8,0,0.1293207089,0.0689758925,0.1373641026,-0.0197744628,0.0249200624,True,8,118.2819,relative_strength_below_floor
2021-06-17,2021-06-16,TQQQ,QQQ,yellow,yellow,9,0,0.1192131713,0.0607042845,0.1250478425,-0.0227645304,0.0205541312,True,9,204.8924,relative_strength_below_floor
2021-06-18,2021-06-17,TQQQ,QQQ,green,green,1,0,0.1459944774,0.1081151057,0.1272833551,0.001659904,0.0326647746,True,10,194.4172,
2021-06-21,2021-06-18,TQQQ,QQQ,green,green,2,0,0.1380208922,0.0955570118,0.11231983,0.0040724235,0.0240986726,True,11,187.8963,
2021-06-22,2021-06-21,TQQQ,QQQ,yellow,yellow,1,0,0.1245817294,0.0820737536,0.1119633701,-0.0133985694,0.0299923571,True,12,144.2208,relative_strength_below_floor
2021-06-23,2021-06-22,TQQQ,QQQ,yellow,yellow,2,0,0.1403506965,0.0969459297,0.1257316621,-0.0065499227,0.0388921861,True,13,142.5654,relative_strength_below_floor
2021-06-24,2021-06-23,TQQQ,QQQ,green,green,1,0,0.1465343774,0.1163096071,0.1283927224,0.0005588755,0.0389323418,True,14,129.6007,
2021-06-25,2021-06-24,TQQQ,QQQ,green,green,2,0,0.1552009643,0.1251594174,0.1322906119,0.00431793,0.0444962234,True,15,131.5301,
2021-06-28,2021-06-25,TQQQ,QQQ,green,green,3,0,0.1457725649,0.1071686178,0.1366230622,0.0013038476,0.0426991068,True,16,121.7681,
2021-06-29,2021-06-28,TQQQ,QQQ,green,green,4,0,0.1561277155,0.1209530693,0.1453917807,0.0135414045,0.0546187316,True,17,128.6794,
2021-06-30,2021-06-29,TQQQ,QQQ,green,green,5,0,0.1565794327,0.1307004962,0.1380667305,0.0164684712,0.0573949533,True,18,109.2762,
2021-07-01,2021-06-30,TQQQ,QQQ,green,green,6,0,0.1395833154,0.1119014475,0.1352547705,0.0028935621,0.0545700967,True,19,117.5324,
2021-07-02,2021-07-01,TQQQ,QQQ,yellow,yellow,1,0,0.1297936457,0.0936974038,0.1356667942,-0.0075700428,0.0540036952,True,20,122.3901,relative_strength_below_floor
2021-07-06,2021-07-02,TQQQ,QQQ,yellow,yellow,2,0,0.1314401881,0.0845976233,0.1458836191,-0.0050284549,0.0645940192,True,21,141.1365,relative_strength_below_floor
2021-07-07,2021-07-06,TQQQ,QQQ,green,green,1,0,0.1422545457,0.0900421156,0.1673181436,0.0034826486,0.0678532499,True,22,167.6544,
2021-07-08,2021-07-07,TQQQ,QQQ,green,green,2,0,0.1412935443,0.089707191,0.1602162355,0.0019561675,0.0688570138,True,23,177.4629,
2021-07-09,2021-07-08,TQQQ,QQQ,green,green,3,0,0.1422788866,0.0719417336,0.1694086213,0.0084876489,0.0612066933,True,24,230.7365,
2021-07-12,2021-07-09,TQQQ,QQQ,green,green,4,0,0.1355186305,0.0721392677,0.148915116,0.0014306069,0.0664190344,True,25,142.8793,
2021-07-13,2021-07-12,TQQQ,QQQ,yellow,yellow,1,0,0.1352651377,0.0777333345,0.138760316,-9.2391e-06,0.0691570395,True,26,135.7154,relative_strength_below_floor
2021-07-14,2021-07-13,TQQQ,QQQ,green,green,1,0,0.1358161681,0.0652977622,0.155456839,0.0032947908,0.0675935431,True,27,185.9666,
2021-07-15,2021-07-14,TQQQ,QQQ,green,green,2,0,0.1438867786,0.0801793066,0.1593727492,0.0092986125,0.067792723,True,28,212.9498,
2021-07-16,2021-07-15,TQQQ,QQQ,green,green,3,0,0.132067068,0.0565795569,0.1435073758,0.0004661646,0.058377832,True,29,210.3049,
2021-07-19,2021-07-16,TQQQ,QQQ,yellow,yellow,1,0,0.1261815604,0.0467964008,0.1403433072,-0.0009549772,0.0480242892,True,30,190.5021,relative_strength_below_floor
2021-07-20,2021-07-19,TQQQ,QQQ,green,early_thaw,1,0,0.1375571058,0.0478084093,0.1400300986,0.0101445822,0.0380046338,True,31,295.2208,
2021-07-21,2021-07-20,TQQQ,QQQ,green,early_thaw,2,0,0.1387460509,0.067763252,0.1366893818,0.0031275466,0.0485298576,True,32,183.234,
2021-07-22,2021-07-21,TQQQ,QQQ,green,green,3,0,0.1404533326,0.0668729281,0.1194260983,0.0040674994,0.0543953279,True,33,126.0762,
2021-07-23,2021-07-22,TQQQ,QQQ,green,green,4,0,0.1497328819,0.0870291302,0.1178832683,0.0109463421,0.0589552928,True,34,149.4982,
2021-07-26,2021-07-23,TQQQ,QQQ,green,green,5,0,0.150531319,0.0860498667,0.1342037682,0.011329182,0.0681090212,True,35,169.0073,
2021-07-27,2021-07-26,TQQQ,QQQ,yellow,yellow,1,0,0.1350190446,0.0798739392,0.125790987,-0.0001142104,0.0658878252,True,36,140.4401,relative_strength_below_floor
2021-07-28,2021-07-27,TQQQ,QQQ,yellow,yellow,2,0,0.1224276093,0.0726231316,0.1117609228,-0.0078073581,0.0518064242,True,37,282.4908,relative_strength_below_floor
2021-07-29,2021-07-28,TQQQ,QQQ,yellow,yellow,3,0,0.1355780999,0.08039641,0.1480348839,-0.0006672476,0.0533056419,True,38,229.9242,relative_strength_below_floor
2021-07-30,2021-07-29,TQQQ,QQQ,green,green,1,0,0.1408149009,0.0784345895,0.1433103692,0.0074245148,0.0524723008,True,39,142.284,
2021-08-02,2021-07-30,TQQQ,QQQ,green,early_thaw,2,0,0.1501433999,0.0798928797,0.1617942455,0.01149097,0.0444464645,True,40,178.8587,
2021-08-03,2021-08-02,TQQQ,QQQ,green,green,3,0,0.1426515139,0.0857635476,0.1335648504,0.0115282306,0.0423731015,True,41,172.4839,
2021-08-04,2021-08-03,TQQQ,QQQ,green,green,4,0,0.1518140791,0.1123630349,0.1221293527,0.0141848316,0.0462878069,True,42,203.9766,
2021-08-05,2021-08-04,TQQQ,QQQ,green,green,5,0,0.1579983281,0.1177282642,0.1282263164,0.0262894618,0.0456985847,True,43,156.5378,
2021-08-06,2021-08-05,TQQQ,QQQ,green,green,6,0,0.155764054,0.1164030771,0.1221120291,0.0275265252,0.0501142528,True,44,127.345,
2021-08-09,2021-08-06,TQQQ,QQQ,green,green,7,0,0.1471317868,0.1025639673,0.1134186554,0.01968906,0.04347846,True,45,140.2568,
2021-08-10,2021-08-09,TQQQ,QQQ,green,green,8,0,0.1623263112,0.1332198565,0.1080519778,0.0308658574,0.0432627364,True,46,111.7877,
2021-08-11,2021-08-10,TQQQ,QQQ,green,green,9,0,0.1541548129,0.1289706371,0.1026036221,0.018469219,0.0359633445,True,47,170.8565,
2021-08-12,2021-08-11,TQQQ,QQQ,green,green,10,0,0.1652592039,0.1569783245,0.1032243934,0.0176097963,0.0322152372,True,48,149.1653,
2021-08-13,2021-08-12,TQQQ,QQQ,green,green,11,0,0.1646186149,0.1522397848,0.101144858,0.0206911447,0.0339279267,True,49,128.5659,
2021-08-16,2021-08-13,TQQQ,QQQ,green,green,12,0,0.1540887559,0.1313087051,0.0988680636,0.0187642111,0.0352736077,True,50,119.7236,
2021-08-17,2021-08-16,TQQQ,QQQ,green,green,13,0,0.1561405035,0.1387075838,0.1023265291,0.0173614828,0.0337631037,True,51,200.3943,
2021-08-18,2021-08-17,TQQQ,QQQ,green,green,14,0,0.1516690409,0.1363487055,0.097884822,0.0139160065,0.0229654838,True,52,265.1385,
2021-08-19,2021-08-18,TQQQ,QQQ,green,green,15,0,0.1450667101,0.1241207374,0.0920928055,0.0116284953,0.011657271,True,53,201.2529,
2021-08-20,2021-08-19,TQQQ,QQQ,green,green,16,0,0.1394447761,0.1081172189,0.1021763388,0.0107740306,0.0149854796,True,54,256.1561,
2021-08-23,2021-08-20,TQQQ,QQQ,green,green,17,0,0.1586160743,0.12582698,0.1432253217,0.0226703291,0.0239128545,True,55,202.3342,
2021-08-24,2021-08-23,TQQQ,QQQ,green,green,18,0,0.164012499,0.1237647221,0.1637890165,0.0270004773,0.0373561465,True,56,163.1082,
2021-08-25,2021-08-24,TQQQ,QQQ,green,green,19,0,0.1636590642,0.1256397788,0.157799805,0.0288190742,0.0387772919,True,57,124.029,
2021-08-26,2021-08-25,TQQQ,QQQ,green,green,20,0,0.1712156055,0.1230201006,0.200999391,0.0290166919,0.0380729969,True,58,130.0447,
2021-08-27,2021-08-26,TQQQ,QQQ,green,green,21,0,0.1665263394,0.1200793709,0.1883964594,0.0272728136,0.029667149,True,59,179.6942,
2021-08-30,2021-08-27,TQQQ,QQQ,green,green,22,0,0.1691539875,0.1274107545,0.1649055086,0.029000683,0.0378910628,True,60,159.5646,
2021-08-31,2021-08-30,TQQQ,QQQ,green,green,23,0,0.1855238293,0.1438650183,0.1971795318,0.0404041881,0.0473399725,True,61,162.9798,
2021-09-01,2021-08-31,TQQQ,QQQ,green,green,24,0,0.1947552509,0.1407041694,0.2319547528,0.0471238588,0.044438474,True,62,163.4592,
2021-09-02,2021-09-01,TQQQ,QQQ,green,green,25,0,0.2048396527,0.1546107932,0.254529974,0.0512243706,0.0442750577,True,63,171.1093,
2021-09-03,2021-09-02,TQQQ,QQQ,green,green,26,0,0.1897832358,0.134806885,0.2353319674,0.0440700634,0.0419136494,True,64,169.9233,
2021-09-07,2021-09-03,TQQQ,QQQ,green,green,27,0,0.200998387,0.134915859,0.275238849,0.0538564213,0.0433079303,True,65,168.1373,
2021-09-08,2021-09-07,TQQQ,QQQ,green,green,28,0,0.1893060086,0.1359815161,0.2285861438,0.0497348409,0.0429219369,True,66,163.6986,
2021-09-09,2021-09-08,TQQQ,QQQ,green,green,29,0,0.1881228856,0.1317590134,0.227815271,0.0490532997,0.0377585832,True,67,227.4131,
2021-09-10,2021-09-09,TQQQ,QQQ,green,green,30,0,0.1737750106,0.116233984,0.1960444726,0.0413021185,0.0328102943,True,68,196.1188,
2021-09-13,2021-09-10,TQQQ,QQQ,green,green,31,0,0.1701291079,0.1048729901,0.1966747931,0.0430429628,0.0237368365,True,69,240.0122,
2021-09-14,2021-09-13,TQQQ,QQQ,green,green,32,0,0.1615936949,0.0936302581,0.1832086668,0.0350283239,0.0218211016,True,70,269.0714,
2021-09-15,2021-09-14,TQQQ,QQQ,green,green,33,0,0.1612961037,0.0976898884,0.1734040281,0.0378993506,0.0179971148,True,71,204.5193,
2021-09-16,2021-09-15,TQQQ,QQQ,green,green,34,0,0.1641368876,0.1099046224,0.1772805884,0.035565742,0.0245730489,True,72,195.9509,
2021-09-17,2021-09-16,TQQQ,QQQ,green,green,35,0,0.1678324516,0.0967418368,0.2153161964,0.0364553683,0.0243138202,True,73,184.8251,
2021-09-20,2021-09-17,TQQQ,QQQ,green,green,36,0,0.159766269,0.0923257001,0.1967050799,0.0291951107,0.0113587479,True,74,262.027,
2021-09-21,2021-09-20,TQQQ,QQQ,orange,orange,1,0,0.1362182155,0.0631473501,0.1504038438,0.0250535983,-0.0098121969,True,0,387.7075,signal_trend_template_failed|close_below_50ma
2021-09-22,2021-09-21,TQQQ,QQQ,orange,orange,2,0,0.1368674766,0.054624623,0.1568661875,0.0242686855,-0.0088153623,True,0,228.3114,signal_trend_template_failed|close_below_50ma
2021-09-23,2021-09-22,TQQQ,QQQ,green,early_thaw,1,0,0.1477799454,0.063954992,0.1877031791,0.027112479,3.39676e-05,True,1,287.3261,
2021-09-24,2021-09-23,TQQQ,QQQ,green,early_thaw,2,0,0.1557086939,0.0671740879,0.200740975,0.0313044454,0.0086982352,True,2,233.6637,
2021-09-27,2021-09-24,TQQQ,QQQ,green,early_thaw,3,0,0.1489978331,0.0694899585,0.184105719,0.0309457975,0.0089238782,True,3,185.026,
2021-09-28,2021-09-27,TQQQ,QQQ,green,early_thaw,4,0,0.1329993777,0.0482052088,0.1749888461,0.0180241648,0.0001597788,True,4,258.2939,
2021-09-29,2021-09-28,TQQQ,QQQ,orange,orange,1,0,0.1103717354,0.0148703561,0.1475144152,0.0096722365,-0.0284360432,True,0,449.6714,signal_trend_template_failed|close_below_50ma
2021-09-30,2021-09-29,TQQQ,QQQ,orange,orange,2,0,0.1043008259,0.0148078834,0.1283663545,0.0039006198,-0.0300750871,True,0,292.7387,signal_trend_template_failed|close_below_50ma
2021-10-01,2021-09-30,TQQQ,QQQ,orange,orange,3,0,0.0993855285,0.0106800664,0.1053781647,0.012535998,-0.0334717288,True,0,348.1442,signal_trend_template_failed|close_below_50ma
2021-10-04,2021-10-01,TQQQ,QQQ,orange,orange,4,0,0.0929963682,0.005407577,0.0904626685,0.003223962,-0.027300518,True,0,315.3324,signal_trend_template_failed|close_below_50ma
2021-10-05,2021-10-04,TQQQ,QQQ,orange,orange,5,0,0.0733351096,-0.019931209,0.0683162584,-0.0082657609,-0.0469361446,True,0,364.7522,signal_trend_template_failed|close_below_50ma|relative_strength_below_floor|three_month_momentum_not_positive
2021-10-06,2021-10-05,TQQQ,QQQ,orange,orange,6,0,0.0802218907,-0.0087927344,0.0801256851,-0.0063254288,-0.0335115459,True,0,239.451,signal_trend_template_failed|close_below_50ma|relative_strength_below_floor|three_month_momentum_not_positive
2021-10-07,2021-10-06,TQQQ,QQQ,orange,orange,7,0,0.0801298143,0.0036199594,0.0758221192,-0.0089516718,-0.0270892928,True,0,352.8592,signal_trend_template_failed|close_below_50ma|relative_strength_below_floor
2021-10-08,2021-10-07,TQQQ,QQQ,orange,orange,8,0,0.0825712063,0.0065438913,0.0791552305,-0.0074201497,-0.0180323233,False,0,232.5881,signal_trend_template_failed|close_below_50ma|relative_strength_below_floor
2021-10-11,2021-10-08,TQQQ,QQQ,orange,orange,9,0,0.077201998,-0.0023719953,0.0751769561,-0.0105146717,-0.022669294,False,0,238.6052,signal_trend_template_failed|close_below_50ma|relative_strength_below_floor|three_month_momentum_not_positive
2021-10-12,2021-10-11,TQQQ,QQQ,orange,orange,10,0,0.0657331139,-0.0100232375,0.0546200296,-0.0162564,-0.0298615839,False,0,202.2512,signal_trend_template_failed|close_below_50ma|relative_strength_below_floor|three_month_momentum_not_positive
2021-10-13,2021-10-12,TQQQ,QQQ,orange,orange,11,0,0.0653771857,-0.0152424375,0.0637147411,-0.0153433561,-0.0328760257,False,0,256.3147,signal_trend_template_failed|close_below_50ma|relative_strength_below_floor|three_month_momentum_not_positive
2021-10-14,2021-10-13,TQQQ,QQQ,orange,orange,12,0,0.0765636939,-0.00033511,0.0562254866,-0.0099008002,-0.0247929808,False,0,211.958,signal_trend_template_failed|close_below_50ma|relative_strength_below_floor|three_month_momentum_not_positive
2021-10-15,2021-10-14,TQQQ,QQQ,orange,orange,13,0,0.0927520045,0.0263881507,0.074419422,-0.0069097259,-0.0068168034,False,0,193.231,signal_trend_template_failed|close_below_50ma|relative_strength_below_floor
2021-10-18,2021-10-15,TQQQ,QQQ,orange,orange,14,0,0.1047815832,0.0413879704,0.0911750727,-0.0103836596,-0.0005416527,False,0,166.2736,signal_trend_template_failed|close_below_50ma|relative_strength_below_floor
2021-10-19,2021-10-18,TQQQ,QQQ,yellow,yellow,1,0,0.1069931392,0.0397812247,0.1102401819,-0.0030808999,0.0092349629,False,1,167.9608,relative_strength_below_floor
2021-10-20,2021-10-19,TQQQ,QQQ,yellow,yellow,2,0,0.1041822561,0.0396232621,0.1091459138,-0.0032000478,0.0164785107,False,2,181.1351,relative_strength_below_floor
2021-10-21,2021-10-20,TQQQ,QQQ,yellow,yellow,3,0,0.1025033095,0.0314486678,0.1212147481,-0.0090628361,0.0146826818,False,3,201.3581,relative_strength_below_floor
2021-10-22,2021-10-21,TQQQ,QQQ,yellow,yellow,4,0,0.0981137167,0.0257694747,0.1140368012,-0.0066272327,0.0202462694,True,4,159.0204,relative_strength_below_floor
2021-10-25,2021-10-22,TQQQ,QQQ,yellow,yellow,5,0,0.0878823116,0.0163500037,0.097529882,-0.0149836067,0.0112919688,True,5,236.0216,relative_strength_below_floor
2021-10-26,2021-10-25,TQQQ,QQQ,yellow,yellow,6,0,0.101486572,0.0381938896,0.1135907811,-0.004975465,0.0211200076,True,6,206.1893,relative_strength_below_floor
2021-10-27,2021-10-26,TQQQ,QQQ,yellow,yellow,7,0,0.1033112599,0.0374776674,0.1208871473,-0.0038234824,0.0237518387,True,7,293.8882,relative_strength_below_floor
2021-10-28,2021-10-27,TQQQ,QQQ,green,early_thaw,1,0,0.1071547241,0.0380409918,0.1194593109,0.0060175,0.02531528,True,8,255.8138,
2021-10-29,2021-10-28,TQQQ,QQQ,green,early_thaw,2,0,0.1170233899,0.0550674548,0.139359832,0.0070344529,0.0354495797,True,9,238.112,
2021-11-01,2021-10-29,TQQQ,QQQ,green,early_thaw,3,0,0.1221587076,0.06017012,0.1510940705,0.0115122969,0.039279477,True,10,248.6118,
2021-11-02,2021-11-01,TQQQ,QQQ,green,early_thaw,4,0,0.1297622268,0.0573852003,0.1761962105,0.0191712049,0.0417049955,True,11,242.7226,
2021-11-03,2021-11-02,TQQQ,QQQ,green,early_thaw,5,0,0.1333616258,0.0602748246,0.1850991393,0.0185175996,0.0451484435,True,12,227.2843,
2021-11-04,2021-11-03,TQQQ,QQQ,green,green,6,0,0.1384558217,0.0647765534,0.1887198207,0.023645958,0.0551536394,True,13,283.3596,
2021-11-05,2021-11-04,TQQQ,QQQ,green,green,7,0,0.1515257469,0.0831720259,0.1942664461,0.0362854052,0.0673135458,True,14,325.6449,
2021-11-08,2021-11-05,TQQQ,QQQ,green,green,8,0,0.164878952,0.0822062634,0.2263776265,0.0425982363,0.0668113398,True,15,346.409,
2021-11-09,2021-11-08,TQQQ,QQQ,green,green,9,0,0.1668098646,0.0863084778,0.2264103743,0.0420185672,0.0640883565,True,16,228.4724,
2021-11-10,2021-11-09,TQQQ,QQQ,green,green,10,0,0.1688013604,0.0806865591,0.2503309245,0.042921432,0.0558896705,True,17,349.2374,
2021-11-11,2021-11-10,TQQQ,QQQ,green,early_thaw,11,0,0.1605340289,0.0609797312,0.2225030571,0.0385864939,0.0398169629,True,18,367.5017,
2021-11-12,2021-11-11,TQQQ,QQQ,green,early_thaw,12,0,0.1537055826,0.0602000555,0.199413552,0.0354011411,0.0421195782,True,19,220.5048,
2021-11-15,2021-11-12,TQQQ,QQQ,green,green,13,0,0.1583968343,0.0708915757,0.2194323587,0.0399243428,0.052258976,True,20,251.553,
2021-11-16,2021-11-15,TQQQ,QQQ,green,green,14,0,0.1670215663,0.0801616153,0.2274402533,0.0421978956,0.0512644452,True,21,274.76,
2021-11-17,2021-11-16,TQQQ,QQQ,green,green,15,0,0.1825824809,0.0984255342,0.2347629215,0.0483111043,0.0578636655,True,22,207.4911,
2021-11-18,2021-11-17,TQQQ,QQQ,green,green,16,0,0.1790926485,0.0937213346,0.2119714436,0.0476789599,0.0574502026,True,23,233.4155,
2021-11-19,2021-11-18,TQQQ,QQQ,green,green,17,0,0.1841079374,0.0937248192,0.2313449102,0.0569541049,0.0671185811,True,24,360.3747,
2021-11-22,2021-11-19,TQQQ,QQQ,green,green,18,0,0.1865159361,0.0836155441,0.2177289208,0.0657629884,0.071484691,True,25,272.647,
2021-11-23,2021-11-22,TQQQ,QQQ,green,green,19,0,0.163687445,0.0677745619,0.2019295217,0.0465198506,0.057733683,True,26,364.696,
2021-11-24,2021-11-23,TQQQ,QQQ,green,green,20,0,0.1585435215,0.061688088,0.1922970635,0.0419603086,0.0516512311,True,27,454.1181,
2021-11-26,2021-11-24,TQQQ,QQQ,green,green,21,0,0.1597832994,0.0719138418,0.2006285815,0.0411632081,0.0538597242,True,28,401.9798,
2021-11-29,2021-11-26,TQQQ,QQQ,green,early_thaw,22,0,0.146235249,0.0414683445,0.174162612,0.0454089074,0.0331532148,True,29,340.4175,
2021-11-30,2021-11-29,TQQQ,QQQ,green,green,23,0,0.1574569846,0.0522618414,0.2036455105,0.0525426857,0.0541120578,True,30,323.4065,
2021-12-01,2021-11-30,TQQQ,QQQ,green,early_thaw,24,0,0.1479561565,0.0376539752,0.183656216,0.0548020149,0.03709278,True,31,589.2686,
2021-12-02,2021-12-01,TQQQ,QQQ,green,early_thaw,25,0,0.1367670612,0.0183120928,0.1757541333,0.0492498053,0.0183241753,True,32,558.964,
2021-12-03,2021-12-02,TQQQ,QQQ,green,early_thaw,26,0,0.1410150343,0.0261364359,0.1644666924,0.0441673086,0.0245668344,True,33,746.1994,
2021-12-06,2021-12-03,TQQQ,QQQ,orange,orange,1,0,0.1227910778,0.0052013683,0.1408189744,0.0298105751,0.0062142689,True,0,859.1242,not_30pct_above_52w_low
2021-12-07,2021-12-06,TQQQ,QQQ,green,early_thaw,1,0,0.1207983798,0.0118244904,0.1494139187,0.020676539,0.0135918717,True,1,557.6877,
2021-12-08,2021-12-07,TQQQ,QQQ,green,early_thaw,2,0,0.1451698892,0.0459347295,0.1837460576,0.0312094065,0.0426110759,True,2,539.6666,
2021-12-09,2021-12-08,TQQQ,QQQ,green,early_thaw,3,0,0.1510000986,0.0542416203,0.1767803239,0.0338925954,0.0450992918,True,3,415.0533,
2021-12-10,2021-12-09,TQQQ,QQQ,green,early_thaw,4,0,0.1415202577,0.0466728446,0.1564405555,0.0258765059,0.0278691129,True,4,411.7579,
2021-12-13,2021-12-10,TQQQ,QQQ,green,early_thaw,5,0,0.1443760758,0.0587816322,0.1579156297,0.0269644929,0.0368742488,True,5,405.1046,
2021-12-14,2021-12-13,TQQQ,QQQ,green,early_thaw,6,0,0.1359160623,0.0464607575,0.1486893921,0.0206521319,0.0201894077,True,6,342.0036,
2021-12-15,2021-12-14,TQQQ,QQQ,green,early_thaw,7,0,0.1275411335,0.0279868349,0.1409673398,0.0171666229,0.0077653175,True,7,427.7507,
2021-12-16,2021-12-15,TQQQ,QQQ,green,early_thaw,8,0,0.1359044547,0.0506996513,0.1523462655,0.0168048757,0.0286211098,True,8,531.3525,
2021-12-17,2021-12-16,TQQQ,QQQ,yellow,yellow,1,0,0.1156857581,0.0359492012,0.1315939365,-0.0047293446,0.0007614981,True,9,540.3514,relative_strength_below_floor
2021-12-20,2021-12-17,TQQQ,QQQ,orange,orange,1,0,0.1181995911,0.0525297109,0.1189941731,0.0047961212,-0.0053602231,True,0,538.9221,signal_trend_template_failed|not_30pct_above_52w_low|close_below_50ma
2021-12-21,2021-12-20,TQQQ,QQQ,orange,orange,2,0,0.1077624437,0.0410384663,0.0979048001,0.003321449,-0.0160266345,True,0,421.4662,signal_trend_template_failed|not_30pct_above_52w_low|close_below_50ma
2021-12-22,2021-12-21,TQQQ,QQQ,green,early_thaw,1,0,0.1216319299,0.05448776,0.1219275163,0.00776,0.0043710804,True,1,407.3655,
2021-12-23,2021-12-22,TQQQ,QQQ,green,early_thaw,2,0,0.1237459593,0.0575718826,0.1286133092,0.0102967288,0.0146514609,True,2,341.2257,
2021-12-27,2021-12-23,TQQQ,QQQ,green,early_thaw,3,0,0.128968714,0.0645460138,0.1385212721,0.0140416575,0.0203362877,True,3,258.828,
2021-12-28,2021-12-27,TQQQ,QQQ,green,green,4,0,0.1408196663,0.0908474545,0.1434319838,0.0165902934,0.0352135189,True,4,260.1603,
2021-12-29,2021-12-28,TQQQ,QQQ,green,green,5,0,0.1454474106,0.1174122095,0.134028527,0.0138387021,0.0286664438,True,5,295.598,
2021-12-30,2021-12-29,TQQQ,QQQ,green,green,6,0,0.1497128127,0.1190794404,0.1356506382,0.0169756226,0.0269671747,True,6,235.3612,
2021-12-31,2021-12-30,TQQQ,QQQ,green,green,7,0,0.1452936313,0.1198494679,0.1318095345,0.012561555,0.0225716354,True,7,228.6719,
2022-01-03,2021-12-31,TQQQ,QQQ,green,green,8,0,0.1355104759,0.1059970443,0.1119778085,0.0105901433,0.0149754328,True,8,238.7376,
2022-01-04,2022-01-03,TQQQ,QQQ,green,green,9,0,0.1535103568,0.140584823,0.1178515885,0.0186870696,0.0234466559,True,9,311.9036,
2022-01-05,2022-01-04,TQQQ,QQQ,green,green,10,0,0.1352673677,0.1107960878,0.1010291528,0.0029770953,0.0089972647,True,10,417.8976,
2022-01-06,2022-01-05,TQQQ,QQQ,orange,orange,1,0,0.104941946,0.0698162402,0.0736889315,-0.0117128066,-0.0223405917,True,0,474.0892,signal_trend_template_failed|not_30pct_above_52w_low|close_below_50ma|relative_strength_below_floor
2022-01-07,2022-01-06,TQQQ,QQQ,orange,orange,2,0,0.102312152,0.0593449672,0.0662772055,-0.0095325733,-0.0232950496,True,0,547.235,signal_trend_template_failed|not_30pct_above_52w_low|close_below_50ma|relative_strength_below_floor
2022-01-10,2022-01-07,TQQQ,QQQ,orange,orange,3,0,0.0909557037,0.053120896,0.0506228982,-0.0157252445,-0.0338924934,True,0,489.8257,signal_trend_template_failed|not_30pct_above_52w_low|close_below_50ma|relative_strength_below_floor
2022-01-11,2022-01-10,TQQQ,QQQ,orange,orange,4,0,0.093331278,0.0619588587,0.0513145928,-0.0155785428,-0.0330784019,True,0,617.3789,signal_trend_template_failed|not_30pct_above_52w_low|close_below_50ma|relative_strength_below_floor
2022-01-12,2022-01-11,TQQQ,QQQ,orange,orange,5,0,0.1088429435,0.0816845279,0.0651970191,-0.007996542,-0.0185634702,True,0,555.0172,signal_trend_template_failed|close_below_50ma|relative_strength_below_floor
2022-01-13,2022-01-12,TQQQ,QQQ,orange,orange,6,0,0.111273462,0.0773464842,0.0769854546,-0.007143594,-0.0146923253,True,0,503.3049,signal_trend_template_failed|close_below_50ma|relative_strength_below_floor
2022-01-14,2022-01-13,TQQQ,QQQ,orange,orange,7,0,0.0825027338,0.0314007143,0.0586174718,-0.0193010503,-0.0388081905,True,0,292.6953,signal_trend_template_failed|not_30pct_above_52w_low|close_below_50ma|relative_strength_below_floor
2022-01-18,2022-01-14,TQQQ,QQQ,orange,orange,8,0,0.0893321623,0.0313205739,0.0740048393,-0.0146718301,-0.0322030368,True,0,305.5424,signal_trend_template_failed|not_30pct_above_52w_low|close_below_50ma|relative_strength_below_floor
2022-01-19,2022-01-18,TQQQ,QQQ,orange,orange,9,0,0.0627097729,-0.0043652195,0.0352423514,-0.0229133071,-0.0549880549,False,0,246.7694,signal_trend_template_failed|not_30pct_above_52w_low|close_below_50ma|relative_strength_below_floor|three_month_momentum_not_positive
2022-01-20,2022-01-19,TQQQ,QQQ,orange,orange,10,0,0.0542906678,-0.0226965953,0.0160273537,-0.0202668606,-0.063858501,False,0,281.0685,signal_trend_template_failed|not_30pct_above_52w_low|close_below_50ma|relative_strength_below_floor|three_month_momentum_not_positive
2022-01-21,2022-01-20,TQQQ,QQQ,red,red,1,0,0.044744837,-0.0341297063,-0.0037543723,-0.019934737,-0.0743227106,False,0,253.8512,close_below_200ma|signal_trend_template_failed|not_30pct_above_52w_low
2022-01-24,2022-01-21,TQQQ,QQQ,red,red,2,0,0.016497862,-0.0666124491,-0.0425595422,-0.0294277693,-0.097999805,False,0,461.7978,close_below_200ma|signal_trend_template_failed|not_30pct_above_52w_low
2022-01-25,2022-01-24,TQQQ,QQQ,red,red,3,0,0.0224079256,-0.0543940562,-0.0389333955,-0.0254419941,-0.0922076092,False,0,698.7306,close_below_200ma|signal_trend_template_failed|not_30pct_above_52w_low
2022-01-26,2022-01-25,TQQQ,QQQ,red,red,4,0,0.0066971828,-0.0856751824,-0.0507535613,-0.0328591934,-0.1111968457,False,0,440.834,close_below_200ma|signal_trend_template_failed|not_30pct_above_52w_low
2022-01-27,2022-01-26,TQQQ,QQQ,red,red,5,0,0.0031047877,-0.0899712927,-0.0558655395,-0.0356817915,-0.1103132458,False,0,526.3343,close_below_200ma|signal_trend_template_failed|not_30pct_above_52w_low
2022-01-28,2022-01-27,TQQQ,QQQ,red,red,6,0,-0.0028983925,-0.1012219273,-0.067031518,-0.0417854397,-0.1168556052,False,0,397.4004,close_below_200ma|signal_trend_template_failed|not_30pct_above_52w_low
2022-01-31,2022-01-28,TQQQ,QQQ,red,red,7,0,0.0161370639,-0.0832094178,-0.0327240939,-0.0361305194,-0.0870193817,False,0,448.5799,close_below_200ma|signal_trend_template_failed|not_30pct_above_52w_low
2022-02-01,2022-01-31,TQQQ,QQQ,red,red,8,0,0.0360173189,-0.0585229298,-0.0018741415,-0.0268104383,-0.0561545577,False,0,335.1106,close_below_200ma|signal_trend_template_failed|not_30pct_above_52w_low
2022-02-02,2022-02-01,TQQQ,QQQ,orange,orange,1,0,0.0395233739,-0.0553472839,-0.0011381986,-0.0261919034,-0.0479651378,False,0,305.7636,signal_trend_template_failed|not_30pct_above_52w_low|close_below_50ma|relative_strength_below_floor|three_month_momentum_not_positive|six_month_momentum_not_positive
2022-02-03,2022-02-02,TQQQ,QQQ,orange,orange,2,0,0.0431290821,-0.0516368905,0.0055255297,-0.0303725818,-0.0384769528,False,0,309.8268,signal_trend_template_failed|not_30pct_above_52w_low|close_below_50ma|relative_strength_below_floor|three_month_momentum_not_positive
2022-02-04,2022-02-03,TQQQ,QQQ,red,red,1,0,0.0031572376,-0.0996451414,-0.0413232568,-0.0493429633,-0.0752775279,False,0,285.4195,close_below_200ma|signal_trend_template_failed|not_30pct_above_52w_low
2022-02-07,2022-02-04,TQQQ,QQQ,red,red,2,0,0.0068298713,-0.0998259876,-0.0249566913,-0.0455847714,-0.0616998208,False,0,269.9936,close_below_200ma|signal_trend_template_failed|not_30pct_above_52w_low
2022-02-08,2022-02-07,TQQQ,QQQ,red,red,3,0,0.0005325419,-0.1079188071,-0.0345841456,-0.048604983,-0.0671395081,False,0,210.359,close_below_200ma|signal_trend_template_failed|not_30pct_above_52w_low
2022-02-09,2022-02-08,TQQQ,QQQ,red,red,4,0,0.0083485184,-0.096672385,-0.0187075536,-0.0446520919,-0.0550907594,False,0,224.1243,close_below_200ma|signal_trend_template_failed|not_30pct_above_52w_low
2022-02-10,2022-02-09,TQQQ,QQQ,orange,orange,1,0,0.0277204759,-0.0711361943,0.0038106301,-0.0369262623,-0.033416762,False,0,226.745,signal_trend_template_failed|not_30pct_above_52w_low|close_below_50ma|relative_strength_below_floor|three_month_momentum_not_positive
2022-02-11,2022-02-10,TQQQ,QQQ,red,red,1,0,0.0150227547,-0.0786173148,-0.0224316464,-0.0384724154,-0.0535524754,False,0,356.3294,close_below_200ma|signal_trend_template_failed|not_30pct_above_52w_low
2022-02-14,2022-02-11,TQQQ,QQQ,red,red,2,0,-0.0115391587,-0.1103116868,-0.0567524009,-0.0499828549,-0.0816562759,False,0,340.8237,close_below_200ma|signal_trend_template_failed|not_30pct_above_52w_low
2022-02-15,2022-02-14,TQQQ,QQQ,red,red,3,0,-0.0132596934,-0.1184855365,-0.0559935871,-0.0463809281,-0.0784741417,False,0,242.0068,close_below_200ma|signal_trend_template_failed|not_30pct_above_52w_low
2022-02-16,2022-02-15,TQQQ,QQQ,red,red,4,0,0.0084276424,-0.0963614705,-0.0239243463,-0.0375967428,-0.0542313858,False,0,223.1148,close_below_200ma|signal_trend_template_failed|not_30pct_above_52w_low
2022-02-17,2022-02-16,TQQQ,QQQ,red,red,5,0,0.0065793027,-0.1029775066,-0.0146875885,-0.0408579667,-0.052978141,False,0,254.1075,close_below_200ma|signal_trend_template_failed|not_30pct_above_52w_low
2022-02-18,2022-02-17,TQQQ,QQQ,red,red,6,0,-0.0157845959,-0.1301179891,-0.0485914861,-0.0488969831,-0.0786036763,False,0,196.1143,50ma_below_150ma|signal_trend_template_failed|not_30pct_above_52w_low
2022-02-22,2022-02-18,TQQQ,QQQ,red,red,7,0,-0.0339753245,-0.148858393,-0.0690852998,-0.0581090423,-0.0863055024,False,0,271.7719,50ma_below_150ma|signal_trend_template_failed|not_30pct_above_52w_low
2022-02-23,2022-02-22,TQQQ,QQQ,red,red,8,0,-0.0467550267,-0.1620785249,-0.0920152649,-0.0623403412,-0.0928051982,False,0,306.1158,50ma_below_150ma|signal_trend_template_failed|not_30pct_above_52w_low
2022-02-24,2022-02-23,TQQQ,QQQ,red,red,9,0,-0.0610259532,-0.1739525194,-0.1179675132,-0.0651547147,-0.1128015547,False,0,280.5904,50ma_below_150ma|signal_trend_template_failed|not_30pct_above_52w_low
2022-02-25,2022-02-24,TQQQ,QQQ,red,red,10,0,-0.0331449458,-0.1422842025,-0.0893733549,-0.0474185726,-0.080448453,False,0,460.1546,50ma_below_150ma|signal_trend_template_failed|not_30pct_above_52w_low
2022-02-28,2022-02-25,TQQQ,QQQ,red,red,11,0,-0.0274373317,-0.1317794279,-0.0693423511,-0.0556773322,-0.0640688195,False,0,294.788,50ma_below_150ma|signal_trend_template_failed|not_30pct_above_52w_low
2022-03-01,2022-02-28,TQQQ,QQQ,red,red,12,0,-0.0209425108,-0.1123648102,-0.0755560484,-0.0529550752,-0.0587461121,False,0,304.1963,50ma_below_150ma|signal_trend_template_failed|not_30pct_above_52w_low
2022-03-02,2022-03-01,TQQQ,QQQ,red,red,13,0,-0.0429371245,-0.1445214403,-0.0998125555,-0.0590269505,-0.0708956404,False,0,295.819,50ma_below_150ma|signal_trend_template_failed|not_30pct_above_52w_low
2022-03-03,2022-03-02,TQQQ,QQQ,red,red,14,0,-0.0284241196,-0.117202261,-0.0839614169,-0.063727157,-0.0533900288,False,0,274.1633,50ma_below_150ma|signal_trend_template_failed|not_30pct_above_52w_low
2022-03-04,2022-03-03,TQQQ,QQQ,red,red,15,0,-0.0345380922,-0.114752139,-0.098541398,-0.0705519268,-0.064952741,False,0,267.9692,50ma_below_150ma|signal_trend_template_failed|not_30pct_above_52w_low
2022-03-07,2022-03-04,TQQQ,QQQ,red,red,16,0,-0.0485837036,-0.133823701,-0.1111849397,-0.0732073989,-0.0758823741,False,0,265.0968,50ma_below_150ma|signal_trend_template_failed|not_30pct_above_52w_low
2022-03-08,2022-03-07,TQQQ,QQQ,red,red,17,0,-0.0671816177,-0.1510064176,-0.1465904893,-0.0764448122,-0.1065825912,False,0,254.1818,50ma_below_150ma|signal_trend_template_failed|not_30pct_above_52w_low
2022-03-09,2022-03-08,TQQQ,QQQ,red,red,18,0,-0.0715146699,-0.1616700393,-0.1517572147,-0.070952428,-0.1071220424,False,0,357.2454,50ma_below_150ma|signal_trend_template_failed|not_30pct_above_52w_low
2022-03-10,2022-03-09,TQQQ,QQQ,red,red,19,0,-0.0583708654,-0.1568814884,-0.1181530676,-0.0683002557,-0.0714682237,False,0,243.4182,50ma_below_150ma|signal_trend_template_failed|not_30pct_above_52w_low
2022-03-11,2022-03-10,TQQQ,QQQ,red,red,20,0,-0.0683187469,-0.169958069,-0.1249352498,-0.0750987367,-0.0781847676,False,0,242.5802,50ma_below_150ma|signal_trend_template_failed|not_30pct_above_52w_low
2022-03-14,2022-03-11,TQQQ,QQQ,red,red,21,0,-0.0772430454,-0.1750328503,-0.1365292867,-0.0783458795,-0.0934090852,False,0,199.5321,50ma_below_150ma|signal_trend_template_failed|not_30pct_above_52w_low
2022-03-15,2022-03-14,TQQQ,QQQ,red,red,22,0,-0.0943251903,-0.1995769759,-0.1525268041,-0.0863188241,-0.1067167304,False,0,233.8534,50ma_below_150ma|signal_trend_template_failed|not_30pct_above_52w_low
2022-03-16,2022-03-15,TQQQ,QQQ,red,red,23,0,-0.0709290337,-0.1623690642,-0.1234520965,-0.0810521053,-0.0750773625,False,0,219.3367,50ma_below_150ma|signal_trend_template_failed|not_30pct_above_52w_low
2022-03-17,2022-03-16,TQQQ,QQQ,red,red,24,0,-0.0428133285,-0.1222189632,-0.0976526503,-0.068755732,-0.0374454898,False,0,376.4073,50ma_below_150ma|signal_trend_template_failed|not_30pct_above_52w_low
2022-03-18,2022-03-17,TQQQ,QQQ,red,red,25,0,-0.0434033014,-0.1313941666,-0.0873561537,-0.0727123354,-0.0229167028,False,0,229.0523,50ma_below_150ma|signal_trend_template_failed|not_30pct_above_52w_low
2022-03-21,2022-03-18,TQQQ,QQQ,red,red,26,0,-0.0141359002,-0.0902208544,-0.0575150208,-0.0559875372,-0.0010589434,False,0,255.326,50ma_below_150ma|signal_trend_template_failed|not_30pct_above_52w_low
2022-03-22,2022-03-21,TQQQ,QQQ,red,red,27,0,-0.0135507004,-0.0882012983,-0.040304776,-0.0610581371,-0.0019351901,False,0,278.0565,50ma_below_150ma|signal_trend_template_failed|not_30pct_above_52w_low
2022-03-23,2022-03-22,TQQQ,QQQ,red,red,28,0,0.000312803,-0.0611750604,-0.0226471247,-0.0569153681,0.0189825852,False,0,248.6634,50ma_below_150ma|signal_trend_template_failed|not_30pct_above_52w_low
2022-03-24,2022-03-23,TQQQ,QQQ,red,red,29,0,-0.017236944,-0.0949230878,-0.0456074743,-0.0585814641,0.0059356863,False,0,262.1641,50ma_below_150ma|signal_trend_template_failed|not_30pct_above_52w_low
2022-03-25,2022-03-24,TQQQ,QQQ,red,red,30,0,-0.0092318561,-0.0859384176,-0.0333141715,-0.0529676794,0.0298071501,False,0,232.4925,50ma_below_150ma|signal_trend_template_failed|not_30pct_above_52w_low
2022-03-28,2022-03-25,TQQQ,QQQ,red,red,31,0,-0.0150586247,-0.0935345623,-0.0350258316,-0.0578338361,0.030572589,False,0,269.611,50ma_below_150ma|signal_trend_template_failed|not_30pct_above_52w_low
2022-03-29,2022-03-28,TQQQ,QQQ,red,red,32,0,-0.0086158274,-0.0944753951,-0.0122107897,-0.0496281616,0.0472557031,False,0,260.0657,50ma_below_150ma|signal_trend_template_failed|not_30pct_above_52w_low
2022-03-30,2022-03-29,TQQQ,QQQ,red,red,33,0,0.0102673178,-0.0746027406,0.0340501963,-0.0423188089,0.0657895859,False,0,304.1082,50ma_below_150ma|signal_trend_template_failed|not_30pct_above_52w_low
2022-03-31,2022-03-30,TQQQ,QQQ,red,red,34,0,0.0035968142,-0.0846872797,0.0243076468,-0.045145168,0.0541991933,False,0,242.6392,50ma_below_150ma|signal_trend_template_failed|not_30pct_above_52w_low
2022-04-01,2022-03-31,TQQQ,QQQ,red,red,35,0,0.000401626,-0.0933227059,0.0153420853,-0.0435745399,0.0413412328,False,0,232.9923,50ma_below_150ma|signal_trend_template_failed|not_30pct_above_52w_low
2022-04-04,2022-04-01,TQQQ,QQQ,red,red,36,0,0.0008417549,-0.0893619078,0.0071630384,-0.0447563076,0.0393246451,False,0,243.1199,50ma_below_150ma|signal_trend_template_failed|not_30pct_above_52w_low
2022-04-05,2022-04-04,TQQQ,QQQ,red,red,37,0,0.0180332627,-0.0794746803,0.0499372088,-0.0342780712,0.0596247868,False,0,201.6422,50ma_below_150ma|signal_trend_template_failed|not_30pct_above_52w_low
2022-04-06,2022-04-05,TQQQ,QQQ,red,red,38,0,0.0047797009,-0.0880860924,0.012950401,-0.0376600074,0.0356072965,False,0,235.6649,50ma_below_150ma|signal_trend_template_failed|not_30pct_above_52w_low
2022-04-07,2022-04-06,TQQQ,QQQ,red,red,39,0,-0.0011095022,-0.0796098508,-0.015351671,-0.0440306422,0.0126245581,False,0,379.7772,50ma_below_150ma|signal_trend_template_failed|not_30pct_above_52w_low
2022-04-08,2022-04-07,TQQQ,QQQ,red,red,40,0,-0.003676219,-0.076772767,-0.0219838771,-0.0477889035,0.0144532822,False,0,295.7147,50ma_below_150ma|signal_trend_template_failed|not_30pct_above_52w_low
2022-04-11,2022-04-08,TQQQ,QQQ,red,red,41,0,-0.0102236976,-0.079709133,-0.0308224575,-0.0545454325,-0.0002129812,True,0,252.166,50ma_below_150ma|signal_trend_template_failed|not_30pct_above_52w_low
2022-04-12,2022-04-11,TQQQ,QQQ,red,red,42,0,-0.0266150134,-0.102071804,-0.0464371978,-0.060347952,-0.0232791803,True,0,213.3061,50ma_below_150ma|signal_trend_template_failed|not_30pct_above_52w_low
2022-04-13,2022-04-12,TQQQ,QQQ,red,red,43,0,-0.0322569781,-0.1190979377,-0.0471418687,-0.0615699314,-0.0261132607,True,0,280.7943,50ma_below_150ma|signal_trend_template_failed|not_30pct_above_52w_low
2022-04-14,2022-04-13,TQQQ,QQQ,red,red,44,0,-0.0209309322,-0.1047418174,-0.0354967446,-0.0566939939,-0.0052484164,False,0,228.1889,50ma_below_150ma|signal_trend_template_failed|not_30pct_above_52w_low
2022-04-18,2022-04-14,TQQQ,QQQ,red,red,45,0,-0.0330619021,-0.1027687024,-0.0745949987,-0.0605180389,-0.0263399052,False,0,187.9342,50ma_below_150ma|signal_trend_template_failed|not_30pct_above_52w_low
2022-04-19,2022-04-18,TQQQ,QQQ,red,red,46,0,-0.0356721713,-0.1076320586,-0.0796825825,-0.0622885873,-0.0247823766,False,0,197.0792,50ma_below_150ma|signal_trend_template_failed|not_30pct_above_52w_low
2022-04-20,2022-04-19,TQQQ,QQQ,red,red,47,0,-0.0134412168,-0.0643959177,-0.0684800349,-0.0570337131,-0.0023358402,False,0,205.9819,50ma_below_150ma|signal_trend_template_failed|not_30pct_above_52w_low
2022-04-21,2022-04-20,TQQQ,QQQ,red,red,48,0,-0.0259400144,-0.0678022641,-0.0889599789,-0.0692261526,-0.0161220716,False,0,246.0632,50ma_below_150ma|signal_trend_template_failed|not_30pct_above_52w_low
2022-04-22,2022-04-21,TQQQ,QQQ,red,red,49,0,-0.0363042859,-0.0750772797,-0.1066446205,-0.0726983071,-0.0351146731,False,0,288.5574,stage4_breakdown|signal_trend_template_failed|not_30pct_above_52w_low
2022-04-25,2022-04-22,TQQQ,QQQ,red,red,50,0,-0.0439576033,-0.0736094423,-0.1353185862,-0.0670243629,-0.0581576849,False,0,246.0648,stage4_breakdown|signal_trend_template_failed|not_30pct_above_52w_low
2022-04-26,2022-04-25,TQQQ,QQQ,red,red,51,0,-0.0321328536,-0.065984965,-0.1167898313,-0.0580958735,-0.0444876646,False,0,341.3993,stage4_breakdown|signal_trend_template_failed|not_30pct_above_52w_low
2022-04-27,2022-04-26,TQQQ,QQQ,red,red,52,0,-0.0518751529,-0.0799105285,-0.1587393618,-0.0612003146,-0.0789785128,False,0,302.4562,stage4_breakdown|signal_trend_template_failed|signal_200ma_not_rising|not_30pct_above_52w_low
2022-04-28,2022-04-27,TQQQ,QQQ,red,red,53,0,-0.0533159233,-0.0795727974,-0.1623848227,-0.0648303824,-0.0784601012,False,0,287.0053,stage4_breakdown|signal_trend_template_failed|signal_200ma_not_rising|not_30pct_above_52w_low
2022-04-29,2022-04-28,TQQQ,QQQ,red,red,54,0,-0.025065328,-0.0371871647,-0.1346449355,-0.0560727249,-0.0441917467,False,0,345.3916,stage4_breakdown|signal_trend_template_failed|signal_200ma_not_rising|not_30pct_above_52w_low
2022-05-02,2022-04-29,TQQQ,QQQ,red,red,55,0,-0.0689479835,-0.1084783112,-0.1826613119,-0.0639372921,-0.0849429675,False,0,278.5873,stage4_breakdown|signal_trend_template_failed|signal_200ma_not_rising|not_30pct_above_52w_low
2022-05-03,2022-05-02,TQQQ,QQQ,red,red,56,0,-0.0692264167,-0.1216806971,-0.173082516,-0.0617736362,-0.0682202209,False,0,284.2221,stage4_breakdown|signal_trend_template_failed|signal_200ma_not_rising|not_30pct_above_52w_low
2022-05-04,2022-05-03,TQQQ,QQQ,red,red,57,0,-0.0724185661,-0.1266845794,-0.175020216,-0.0649470879,-0.0660085296,False,0,260.8322,stage4_breakdown|signal_trend_template_failed|signal_200ma_not_rising|not_30pct_above_52w_low
2022-05-05,2022-05-04,TQQQ,QQQ,red,red,58,0,-0.0535218744,-0.1044330975,-0.1506773876,-0.0627290099,-0.0339720779,False,0,440.5256,stage4_breakdown|signal_trend_template_failed|signal_200ma_not_rising|not_30pct_above_52w_low
2022-05-06,2022-05-05,TQQQ,QQQ,red,red,59,0,-0.0744972404,-0.1135994296,-0.2019249397,-0.0678613859,-0.0817632689,False,0,389.1814,stage4_breakdown|signal_trend_template_failed|signal_200ma_not_rising|not_30pct_above_52w_low
2022-05-09,2022-05-06,TQQQ,QQQ,red,red,60,0,-0.0917749468,-0.1351293092,-0.2214658801,-0.0781675316,-0.0911207967,False,0,384.8844,stage4_breakdown|signal_trend_template_failed|signal_200ma_not_rising|not_30pct_above_52w_low
2022-05-10,2022-05-09,TQQQ,QQQ,red,red,61,0,-0.1140280815,-0.1622296363,-0.2526408146,-0.0792359701,-0.1242016398,False,0,305.6827,stage4_breakdown|signal_trend_template_failed|signal_200ma_not_rising|not_30pct_above_52w_low|more_than_25pct_below_52w_high
2022-05-11,2022-05-10,TQQQ,QQQ,red,red,62,0,-0.1097241152,-0.1614729015,-0.242535316,-0.072861552,-0.1111720255,False,0,348.66,stage4_breakdown|signal_trend_template_failed|signal_200ma_not_rising|not_30pct_above_52w_low|more_than_25pct_below_52w_high
2022-05-12,2022-05-11,TQQQ,QQQ,red,red,63,0,-0.1357458947,-0.2032263547,-0.2599057996,-0.0844834597,-0.1350161933,False,0,362.8141,stage4_breakdown|signal_trend_template_failed|signal_200ma_not_rising|not_30pct_above_52w_low|more_than_25pct_below_52w_high
2022-05-13,2022-05-12,TQQQ,QQQ,red,red,64,0,-0.1277587632,-0.1867031355,-0.2506423512,-0.0826462871,-0.1342056127,False,0,401.6866,stage4_breakdown|signal_trend_template_failed|signal_200ma_not_rising|not_30pct_above_52w_low|more_than_25pct_below_52w_high
2022-05-16,2022-05-13,TQQQ,QQQ,red,red,65,0,-0.0929878311,-0.1289308349,-0.2250199438,-0.0700705305,-0.0999837286,False,0,298.36,stage4_breakdown|signal_trend_template_failed|signal_200ma_not_rising|not_30pct_above_52w_low|more_than_25pct_below_52w_high
2022-05-17,2022-05-16,TQQQ,QQQ,red,red,66,0,-0.1057961602,-0.1400932462,-0.2419797593,-0.0784576403,-0.1083729842,False,0,232.4825,stage4_breakdown|signal_trend_template_failed|signal_200ma_not_rising|not_30pct_above_52w_low|more_than_25pct_below_52w_high
2022-05-18,2022-05-17,TQQQ,QQQ,red,red,67,0,-0.1002117746,-0.1392230226,-0.2221687579,-0.0798840168,-0.0842780435,False,0,241.8326,stage4_breakdown|signal_trend_template_failed|signal_200ma_not_rising|not_30pct_above_52w_low
2022-05-19,2022-05-18,TQQQ,QQQ,red,red,68,0,-0.1309585553,-0.1812720363,-0.2655826006,-0.0840178446,-0.1275711369,False,0,220.0365,stage4_breakdown|signal_trend_template_failed|signal_200ma_not_rising|not_30pct_above_52w_low|more_than_25pct_below_52w_high
2022-05-20,2022-05-19,TQQQ,QQQ,red,red,69,0,-0.1243108974,-0.160694737,-0.2699034501,-0.080854592,-0.1298993692,False,0,257.5733,stage4_breakdown|signal_trend_template_failed|signal_200ma_not_rising|not_30pct_above_52w_low|more_than_25pct_below_52w_high
2022-05-23,2022-05-20,TQQQ,QQQ,red,red,70,0,-0.1247697852,-0.1536504877,-0.2796367161,-0.0825647025,-0.1303994377,False,0,298.382,stage4_breakdown|signal_trend_template_failed|signal_200ma_not_rising|not_30pct_above_52w_low|more_than_25pct_below_52w_high
2022-05-24,2022-05-23,TQQQ,QQQ,red,red,71,0,-0.1157839772,-0.1308481771,-0.2717190224,-0.088559874,-0.1143113793,False,0,233.0987,stage4_breakdown|signal_trend_template_failed|signal_200ma_not_rising|not_30pct_above_52w_low|more_than_25pct_below_52w_high
2022-05-25,2022-05-24,TQQQ,QQQ,red,red,72,0,-0.1206411099,-0.1269654755,-0.2788320305,-0.0950601062,-0.1315425711,False,0,234.8638,stage4_breakdown|signal_trend_template_failed|signal_200ma_not_rising|not_30pct_above_52w_low|more_than_25pct_below_52w_high
2022-05-26,2022-05-25,TQQQ,QQQ,red,red,73,0,-0.1226092748,-0.1435281145,-0.2653905337,-0.0974779693,-0.117441042,False,0,240.8238,stage4_breakdown|signal_trend_template_failed|signal_200ma_not_rising|not_30pct_above_52w_low|more_than_25pct_below_52w_high
2022-05-27,2022-05-26,TQQQ,QQQ,red,red,74,0,-0.1092554648,-0.133238814,-0.2474601072,-0.0899692679,-0.0907523529,False,0,243.5185,stage4_breakdown|signal_trend_template_failed|signal_200ma_not_rising|not_30pct_above_52w_low|more_than_25pct_below_52w_high
2022-05-31,2022-05-27,TQQQ,QQQ,red,red,75,0,-0.0874680288,-0.1076064454,-0.2078800778,-0.0899365388,-0.0590791173,False,0,249.8487,stage4_breakdown|signal_trend_template_failed|signal_200ma_not_rising|not_30pct_above_52w_low
2022-06-01,2022-05-31,TQQQ,QQQ,red,red,76,0,-0.0871375296,-0.0961342773,-0.2267622535,-0.0884881314,-0.0591247437,False,0,290.6616,stage4_breakdown|signal_trend_template_failed|signal_200ma_not_rising|not_30pct_above_52w_low
2022-06-02,2022-06-01,TQQQ,QQQ,red,red,77,0,-0.0939342762,-0.1176247482,-0.2210411228,-0.0883480894,-0.0635638779,False,0,306.757,stage4_breakdown|signal_trend_template_failed|signal_200ma_not_rising|not_30pct_above_52w_low
2022-06-03,2022-06-02,TQQQ,QQQ,red,red,78,0,-0.0674172181,-0.0803228687,-0.1858577868,-0.0774798095,-0.0354049436,False,0,280.0786,stage4_breakdown|signal_trend_template_failed|signal_200ma_not_rising|not_30pct_above_52w_low
2022-06-06,2022-06-03,TQQQ,QQQ,red,red,79,0,-0.0807592533,-0.0910804066,-0.2127153904,-0.0798179739,-0.0578652779,False,0,248.6356,stage4_breakdown|signal_trend_template_failed|signal_200ma_not_rising|not_30pct_above_52w_low
2022-06-07,2022-06-06,TQQQ,QQQ,red,red,80,0,-0.0605374024,-0.0531309204,-0.1961142281,-0.074940896,-0.0516670573,False,0,233.3069,stage4_breakdown|signal_trend_template_failed|signal_200ma_not_rising|not_30pct_above_52w_low
2022-06-08,2022-06-07,TQQQ,QQQ,red,red,81,0,-0.0530991311,-0.0405039059,-0.1956256771,-0.0764756733,-0.0405562762,False,0,218.269,stage4_breakdown|signal_trend_template_failed|signal_200ma_not_rising|not_30pct_above_52w_low
2022-06-09,2022-06-08,TQQQ,QQQ,red,red,82,0,-0.0747139686,-0.0805085385,-0.2247597276,-0.0778874023,-0.0440706645,False,0,175.5616,stage4_breakdown|signal_trend_template_failed|signal_200ma_not_rising|not_30pct_above_52w_low
2022-06-10,2022-06-09,TQQQ,QQQ,red,red,83,0,-0.0883633863,-0.095087967,-0.2488850688,-0.0757722429,-0.0655056451,False,0,197.1628,stage4_breakdown|signal_trend_template_failed|signal_200ma_not_rising|not_30pct_above_52w_low|more_than_25pct_below_52w_high
2022-06-13,2022-06-10,TQQQ,QQQ,red,red,84,0,-0.1004885082,-0.1085168849,-0.2645557156,-0.0732605258,-0.0940404719,False,0,219.1371,stage4_breakdown|signal_trend_template_failed|signal_200ma_not_rising|not_30pct_above_52w_low|more_than_25pct_below_52w_high
2022-06-14,2022-06-13,TQQQ,QQQ,red,red,85,0,-0.1227558743,-0.1333234145,-0.3062921065,-0.0723164574,-0.1314168881,False,0,234.6354,stage4_breakdown|signal_trend_template_failed|signal_200ma_not_rising|not_30pct_above_52w_low|more_than_25pct_below_52w_high
2022-06-15,2022-06-14,TQQQ,QQQ,red,red,86,0,-0.1272784688,-0.1581558769,-0.2948453194,-0.0701955356,-0.1250973157,False,0,217.6041,stage4_breakdown|signal_trend_template_failed|signal_200ma_not_rising|not_30pct_above_52w_low|more_than_25pct_below_52w_high
2022-06-16,2022-06-15,TQQQ,QQQ,red,red,87,0,-0.1186148461,-0.1679899553,-0.2696773604,-0.0670867588,-0.0983027602,False,0,326.1561,stage4_breakdown|signal_trend_template_failed|signal_200ma_not_rising|not_30pct_above_52w_low|more_than_25pct_below_52w_high
2022-06-17,2022-06-16,TQQQ,QQQ,red,red,88,0,-0.1486979809,-0.2111094262,-0.3147650457,-0.0706486947,-0.1297045548,False,0,220.9584,stage4_breakdown|signal_trend_template_failed|signal_200ma_not_rising|not_30pct_above_52w_low|more_than_25pct_below_52w_high
2022-06-21,2022-06-17,TQQQ,QQQ,red,red,89,0,-0.1416591952,-0.2175321766,-0.2881270922,-0.0649118026,-0.1146605939,False,0,238.2712,stage4_breakdown|signal_trend_template_failed|signal_200ma_not_rising|not_30pct_above_52w_low|more_than_25pct_below_52w_high
2022-06-22,2022-06-21,TQQQ,QQQ,red,red,90,0,-0.1277473792,-0.1955546216,-0.2665077483,-0.0659319864,-0.0880633974,False,0,184.9359,stage4_breakdown|signal_trend_template_failed|signal_200ma_not_rising|not_30pct_above_52w_low|more_than_25pct_below_52w_high
2022-06-23,2022-06-22,TQQQ,QQQ,red,red,91,0,-0.1307584439,-0.2122099387,-0.2604030433,-0.0677976773,-0.0853689773,False,0,225.0873,stage4_breakdown|signal_trend_template_failed|signal_200ma_not_rising|not_30pct_above_52w_low|more_than_25pct_below_52w_high
2022-06-24,2022-06-23,TQQQ,QQQ,red,red,92,0,-0.1225993786,-0.1888196938,-0.2658194332,-0.0650662972,-0.068384481,False,0,220.4828,stage4_breakdown|signal_trend_template_failed|signal_200ma_not_rising|not_30pct_above_52w_low|more_than_25pct_below_52w_high
2022-06-27,2022-06-24,TQQQ,QQQ,red,red,93,0,-0.1139149658,-0.1792676246,-0.2498000663,-0.0682810922,-0.0336707425,False,0,202.3964,stage4_breakdown|signal_trend_template_failed|signal_200ma_not_rising|not_30pct_above_52w_low|more_than_25pct_below_52w_high
2022-06-28,2022-06-27,TQQQ,QQQ,red,red,94,0,-0.1200481659,-0.1846051806,-0.2608727782,-0.0684402468,-0.0373941365,False,0,220.1593,stage4_breakdown|signal_trend_template_failed|signal_200ma_not_rising|not_30pct_above_52w_low|more_than_25pct_below_52w_high
2022-06-29,2022-06-28,TQQQ,QQQ,red,red,95,0,-0.14625577,-0.221492757,-0.2950425364,-0.0776400719,-0.0633771074,False,0,221.081,stage4_breakdown|signal_trend_template_failed|signal_200ma_not_rising|not_30pct_above_52w_low|more_than_25pct_below_52w_high
2022-06-30,2022-06-29,TQQQ,QQQ,red,red,96,0,-0.1486180978,-0.2339623158,-0.2911108264,-0.077008329,-0.0591468603,False,0,225.3437,stage4_breakdown|signal_trend_template_failed|signal_200ma_not_rising|not_30pct_above_52w_low|more_than_25pct_below_52w_high
2022-07-01,2022-06-30,TQQQ,QQQ,red,red,97,0,-0.1519732169,-0.2350139717,-0.2997985574,-0.0774837569,-0.0667749068,False,0,292.9748,stage4_breakdown|signal_trend_template_failed|signal_200ma_not_rising|not_30pct_above_52w_low|more_than_25pct_below_52w_high
2022-07-05,2022-07-01,TQQQ,QQQ,red,red,98,0,-0.1477169972,-0.2203005217,-0.2930641868,-0.0836368881,-0.0569460616,False,0,242.4154,stage4_breakdown|signal_trend_template_failed|signal_200ma_not_rising|not_30pct_above_52w_low|more_than_25pct_below_52w_high
2022-07-06,2022-07-05,TQQQ,QQQ,red,red,99,0,-0.1342137588,-0.2054394875,-0.2764429307,-0.0694892207,-0.0378065381,False,0,269.5476,stage4_breakdown|signal_trend_template_failed|signal_200ma_not_rising|not_30pct_above_52w_low|more_than_25pct_below_52w_high
2022-07-07,2022-07-06,TQQQ,QQQ,red,red,100,0,-0.1394924058,-0.2164769132,-0.27874716,-0.0721857547,-0.0292954281,False,0,256.7232,stage4_breakdown|signal_trend_template_failed|signal_200ma_not_rising|not_30pct_above_52w_low|more_than_25pct_below_52w_high
2022-07-08,2022-07-07,TQQQ,QQQ,red,red,101,0,-0.1175350688,-0.1815368089,-0.2536320332,-0.0629917297,-0.0062538678,False,0,182.3521,stage4_breakdown|signal_trend_template_failed|signal_200ma_not_rising|not_30pct_above_52w_low|more_than_25pct_below_52w_high
2022-07-11,2022-07-08,TQQQ,QQQ,red,red,102,0,-0.1032364707,-0.1623231004,-0.2290104334,-0.0541325468,-0.0035855389,False,0,212.259,stage4_breakdown|signal_trend_template_failed|signal_200ma_not_rising|not_30pct_above_52w_low|more_than_25pct_below_52w_high
2022-07-12,2022-07-11,TQQQ,QQQ,red,red,103,0,-0.1176468853,-0.1821642802,-0.2449517914,-0.0595511226,-0.023086382,False,0,160.7621,stage4_breakdown|signal_trend_template_failed|signal_200ma_not_rising|not_30pct_above_52w_low|more_than_25pct_below_52w_high
2022-07-13,2022-07-12,TQQQ,QQQ,red,red,104,0,-0.11600955,-0.1786045674,-0.2440772852,-0.054095744,-0.0298519594,False,0,192.792,stage4_breakdown|signal_trend_template_failed|signal_200ma_not_rising|not_30pct_above_52w_low|more_than_25pct_below_52w_high
2022-07-14,2022-07-13,TQQQ,QQQ,red,red,105,0,-0.1072987836,-0.1604359134,-0.2461317343,-0.0480932571,-0.0300765504,False,0,216.7306,stage4_breakdown|signal_trend_template_failed|signal_200ma_not_rising|not_30pct_above_52w_low|more_than_25pct_below_52w_high
2022-07-15,2022-07-14,TQQQ,QQQ,red,red,106,0,-0.1063413239,-0.1538633575,-0.2546364867,-0.0448027913,-0.0245462418,False,0,213.2053,stage4_breakdown|signal_trend_template_failed|signal_200ma_not_rising|not_30pct_above_52w_low|more_than_25pct_below_52w_high
2022-07-18,2022-07-15,TQQQ,QQQ,red,red,107,0,-0.1051945304,-0.1556778176,-0.2441136575,-0.0505795686,-0.0050689217,False,0,197.0596,stage4_breakdown|signal_trend_template_failed|signal_200ma_not_rising|not_30pct_above_52w_low|more_than_25pct_below_52w_high
2022-07-19,2022-07-18,TQQQ,QQQ,red,red,108,0,-0.0972677841,-0.1432312596,-0.2312802713,-0.044750462,-0.0108205366,False,0,199.4444,stage4_breakdown|signal_trend_template_failed|signal_200ma_not_rising|not_30pct_above_52w_low|more_than_25pct_below_52w_high
2022-07-20,2022-07-19,TQQQ,QQQ,red,red,109,0,-0.0852696209,-0.117560726,-0.2125394816,-0.0445093198,0.0205838561,False,0,202.4842,stage4_breakdown|signal_trend_template_failed|signal_200ma_not_rising|not_30pct_above_52w_low|more_than_25pct_below_52w_high
2022-07-21,2022-07-20,TQQQ,QQQ,red,red,110,0,-0.0794895012,-0.1231663434,-0.1796308514,-0.0384226928,0.0371659462,False,0,268.5443,stage4_breakdown|signal_trend_template_failed|signal_200ma_not_rising|not_30pct_above_52w_low|more_than_25pct_below_52w_high
2022-07-22,2022-07-21,TQQQ,QQQ,red,red,111,0,-0.0637813773,-0.0974153105,-0.158612596,-0.0292933054,0.0512774963,False,0,237.0887,stage4_breakdown|signal_trend_template_failed|signal_200ma_not_rising|not_30pct_above_52w_low
2022-07-25,2022-07-22,TQQQ,QQQ,red,red,112,0,-0.0645736136,-0.0945069119,-0.1624888698,-0.0332010152,0.0327153468,False,0,210.2076,stage4_breakdown|signal_trend_template_failed|signal_200ma_not_rising|not_30pct_above_52w_low|more_than_25pct_below_52w_high
2022-07-26,2022-07-25,TQQQ,QQQ,red,red,113,0,-0.0566231212,-0.0754540194,-0.1435093334,-0.0386835865,0.0262025582,False,0,153.0869,stage4_breakdown|signal_trend_template_failed|signal_200ma_not_rising|not_30pct_above_52w_low|more_than_25pct_below_52w_high
2022-07-27,2022-07-26,TQQQ,QQQ,red,red,114,0,-0.0754209746,-0.1051159803,-0.164164871,-0.0492533966,0.0057788809,False,0,150.8944,stage4_breakdown|signal_trend_template_failed|signal_200ma_not_rising|not_30pct_above_52w_low|more_than_25pct_below_52w_high
2022-07-28,2022-07-27,TQQQ,QQQ,red,red,115,0,-0.0326334258,-0.0307125846,-0.1081688542,-0.0292115072,0.0478927057,False,0,250.3977,stage4_breakdown|signal_trend_template_failed|signal_200ma_not_rising|not_30pct_above_52w_low
2022-07-29,2022-07-28,TQQQ,QQQ,red,red,116,0,-0.0272718833,-0.0200608023,-0.0980373056,-0.0300493654,0.0572765278,False,0,244.1217,stage4_breakdown|signal_trend_template_failed|signal_200ma_not_rising|not_30pct_above_52w_low
2022-08-01,2022-07-29,TQQQ,QQQ,red,red,117,0,-0.0276244805,-0.0364121438,-0.0722452441,-0.030137753,0.0758325757,False,0,232.1827,stage4_breakdown|signal_trend_template_failed|signal_200ma_not_rising|not_30pct_above_52w_low
2022-08-02,2022-08-01,TQQQ,QQQ,red,red,118,0,-0.0139433692,0.0083829535,-0.1010047264,-0.0242269322,0.0733770797,True,0,226.3882,stage4_breakdown|signal_trend_template_failed|signal_200ma_not_rising|not_30pct_above_52w_low
2022-08-03,2022-08-02,TQQQ,QQQ,red,red,119,0,-0.0289982214,-0.0111335176,-0.1314594806,-0.0297458881,0.0683360668,True,0,255.8005,stage4_breakdown|signal_trend_template_failed|signal_200ma_not_rising|not_30pct_above_52w_low
2022-08-04,2022-08-03,TQQQ,QQQ,red,red,120,0,-0.0143041008,0.0147125029,-0.1138359238,-0.0181695665,0.0948422471,True,0,249.8066,stage4_breakdown|signal_trend_template_failed|signal_200ma_not_rising|not_30pct_above_52w_low
2022-08-05,2022-08-04,TQQQ,QQQ,red,red,121,0,-0.02349816,-0.0138847234,-0.1168677963,-0.014444369,0.0976188192,True,0,218.3759,stage4_breakdown|signal_trend_template_failed|signal_200ma_not_rising|not_30pct_above_52w_low
2022-08-08,2022-08-05,TQQQ,QQQ,red,red,122,0,0.0002486946,0.0299312059,-0.0870683916,-0.0082244707,0.0860754954,True,0,238.6811,stage4_breakdown|signal_trend_template_failed|signal_200ma_not_rising|not_30pct_above_52w_low
2022-08-09,2022-08-08,TQQQ,QQQ,red,red,123,0,0.0003918564,0.0390506745,-0.1013555254,-0.0095825752,0.0803762865,True,0,222.8397,stage4_breakdown|signal_trend_template_failed|signal_200ma_not_rising|not_30pct_above_52w_low
2022-08-10,2022-08-09,TQQQ,QQQ,red,red,124,0,0.0090461444,0.0691217306,-0.104321499,-0.011999195,0.0668309081,True,0,175.5028,stage4_breakdown|signal_trend_template_failed|signal_200ma_not_rising|not_30pct_above_52w_low
2022-08-11,2022-08-10,TQQQ,QQQ,red,red,125,0,0.0158292811,0.0857711092,-0.0895515022,-0.0129626914,0.0953229421,True,0,236.1309,stage4_breakdown|signal_trend_template_failed|signal_200ma_not_rising|not_30pct_above_52w_low
2022-08-12,2022-08-11,TQQQ,QQQ,red,red,126,0,0.0227624884,0.1126058838,-0.1135049543,-0.0107400983,0.0879071334,True,0,234.1201,stage4_breakdown|signal_trend_template_failed|signal_200ma_not_rising|not_30pct_above_52w_low
2022-08-15,2022-08-12,TQQQ,QQQ,red,red,127,0,0.0409879223,0.1369572764,-0.075316212,-0.0055211159,0.1072327945,True,0,191.0845,stage4_breakdown|signal_trend_template_failed|signal_200ma_not_rising|not_30pct_above_52w_low
2022-08-16,2022-08-15,TQQQ,QQQ,red,red,128,0,0.0371640733,0.1051871391,-0.0373055615,-0.0058834647,0.1147398297,True,0,181.8779,stage4_breakdown|signal_trend_template_failed|signal_200ma_not_rising|not_30pct_above_52w_low
2022-08-17,2022-08-16,TQQQ,QQQ,red,red,129,0,0.0419043544,0.1155297137,-0.0407484652,-0.0082687802,0.1101474303,True,0,203.2134,stage4_breakdown|signal_trend_template_failed|signal_200ma_not_rising|not_30pct_above_52w_low
2022-08-18,2022-08-17,TQQQ,QQQ,red,red,130,0,0.0149983156,0.0749630059,-0.074696593,-0.0192616949,0.095884282,True,0,233.5613,stage4_breakdown|signal_trend_template_failed|signal_200ma_not_rising|not_30pct_above_52w_low
2022-08-19,2022-08-18,TQQQ,QQQ,red,red,131,0,0.039233641,0.1331763257,-0.0722368543,-0.0149328544,0.0970554917,True,0,171.883,stage4_breakdown|signal_trend_template_failed|signal_200ma_not_rising|not_30pct_above_52w_low
2022-08-22,2022-08-19,TQQQ,QQQ,red,red,132,0,0.0375440643,0.1170682322,-0.0624387536,-0.0183340237,0.0745341661,True,0,188.859,stage4_breakdown|signal_trend_template_failed|signal_200ma_not_rising|not_30pct_above_52w_low
2022-08-23,2022-08-22,TQQQ,QQQ,red,red,133,0,0.0258591229,0.0910500584,-0.0765903152,-0.0186413275,0.0451639888,True,0,174.5645,stage4_breakdown|signal_trend_template_failed|signal_200ma_not_rising|not_30pct_above_52w_low
2022-08-24,2022-08-23,TQQQ,QQQ,red,red,134,0,0.0246130696,0.0723175162,-0.067993276,-0.0152242202,0.0425102068,True,0,169.7484,stage4_breakdown|signal_trend_template_failed|signal_200ma_not_rising|not_30pct_above_52w_low
2022-08-25,2022-08-24,TQQQ,QQQ,red,red,135,0,0.0425777426,0.0987870056,-0.0407210091,-0.0049537349,0.0427528236,True,0,145.7265,stage4_breakdown|signal_trend_template_failed|signal_200ma_not_rising|not_30pct_above_52w_low
2022-08-26,2022-08-25,TQQQ,QQQ,red,red,136,0,0.035192065,0.1027816636,-0.0554985093,-0.0106837455,0.0580245614,True,0,182.1362,stage4_breakdown|signal_trend_template_failed|signal_200ma_not_rising|not_30pct_above_52w_low
2022-08-29,2022-08-26,TQQQ,QQQ,red,red,137,0,-0.0032264966,0.0290681584,-0.1080436625,-0.0198642873,0.0129743025,True,0,263.8725,stage4_breakdown|signal_trend_template_failed|signal_200ma_not_rising|not_30pct_above_52w_low
2022-08-30,2022-08-29,TQQQ,QQQ,red,red,138,0,-0.0206899385,-0.0132799356,-0.1194573743,-0.0273144451,0.0007789223,True,0,173.4772,stage4_breakdown|signal_trend_template_failed|signal_200ma_not_rising|not_30pct_above_52w_low|more_than_25pct_below_52w_high
2022-08-31,2022-08-30,TQQQ,QQQ,red,red,139,0,-0.0256210235,-0.0216731806,-0.1157239224,-0.028821465,-0.0121105328,True,0,220.7076,stage4_breakdown|signal_trend_template_failed|signal_200ma_not_rising|not_30pct_above_52w_low|more_than_25pct_below_52w_high
2022-09-01,2022-08-31,TQQQ,QQQ,red,red,140,0,-0.0272496201,-0.0201133602,-0.1353722794,-0.0259072967,-0.0190248109,True,0,225.9423,stage4_breakdown|signal_trend_template_failed|signal_200ma_not_rising|not_30pct_above_52w_low|more_than_25pct_below_52w_high
2022-09-02,2022-09-01,TQQQ,QQQ,red,red,141,0,-0.0336609643,-0.0458187805,-0.1224613533,-0.029606883,-0.0198022788,True,0,263.5198,stage4_breakdown|signal_trend_template_failed|signal_200ma_not_rising|not_30pct_above_52w_low|more_than_25pct_below_52w_high
2022-09-06,2022-09-02,TQQQ,QQQ,red,red,142,0,-0.0325170022,-0.0341691994,-0.1221374614,-0.0269951722,-0.0343033545,True,0,288.8601,stage4_breakdown|signal_trend_template_failed|signal_200ma_not_rising|not_30pct_above_52w_low|more_than_25pct_below_52w_high
2022-09-07,2022-09-06,TQQQ,QQQ,red,red,143,0,-0.028022416,-0.0442898732,-0.095067632,-0.0259561661,-0.0411414332,True,0,224.26,stage4_breakdown|signal_trend_template_failed|signal_200ma_not_rising|not_30pct_above_52w_low|more_than_25pct_below_52w_high
2022-09-08,2022-09-07,TQQQ,QQQ,red,red,144,0,-0.0167367096,-0.0333217357,-0.0724759811,-0.0259397793,-0.0221886992,True,0,218.0943,stage4_breakdown|signal_trend_template_failed|signal_200ma_not_rising|not_30pct_above_52w_low|more_than_25pct_below_52w_high
2022-09-09,2022-09-08,TQQQ,QQQ,red,red,145,0,-0.0186570011,-0.0212662746,-0.1000626964,-0.0316205469,-0.0182093699,True,0,274.613,stage4_breakdown|signal_trend_template_failed|signal_200ma_not_rising|not_30pct_above_52w_low|more_than_25pct_below_52w_high
2022-09-12,2022-09-09,TQQQ,QQQ,red,red,146,0,0.0073813196,0.0276561291,-0.0700616031,-0.0232463306,0.0017301165,True,0,212.3682,stage4_breakdown|signal_trend_template_failed|signal_200ma_not_rising|not_30pct_above_52w_low
2022-09-13,2022-09-12,TQQQ,QQQ,red,red,147,0,0.0322454118,0.077888438,-0.0390806576,-0.0166941854,0.0116261762,True,0,201.266,stage4_breakdown|signal_trend_template_failed|signal_200ma_not_rising|not_30pct_above_52w_low
2022-09-14,2022-09-13,TQQQ,QQQ,red,red,148,0,0.01564971,0.0684598332,-0.07399088,-0.0191235265,-0.0445681139,True,0,240.8806,stage4_breakdown|signal_trend_template_failed|signal_200ma_not_rising|not_30pct_above_52w_low|more_than_25pct_below_52w_high
2022-09-15,2022-09-14,TQQQ,QQQ,red,red,149,0,0.01224154,0.0749845021,-0.0950306145,-0.0202517792,-0.0375563568,True,0,194.6725,stage4_breakdown|signal_trend_template_failed|signal_200ma_not_rising|not_30pct_above_52w_low|more_than_25pct_below_52w_high
2022-09-16,2022-09-15,TQQQ,QQQ,red,red,150,0,-0.0188048793,0.0313279386,-0.1419247958,-0.0336078466,-0.0537259514,True,0,235.344,stage4_breakdown|signal_trend_template_failed|signal_200ma_not_rising|not_30pct_above_52w_low|more_than_25pct_below_52w_high
2022-09-19,2022-09-16,TQQQ,QQQ,red,red,151,0,-0.0076328481,0.0681166782,-0.1573728208,-0.0274724696,-0.0591659338,True,0,229.8177,stage4_breakdown|signal_trend_template_failed|signal_200ma_not_rising|not_30pct_above_52w_low|more_than_25pct_below_52w_high
2022-09-20,2022-09-19,TQQQ,QQQ,red,red,152,0,-0.0130593639,0.0635025627,-0.1678434646,-0.0352051084,-0.0516063482,True,0,181.6491,stage4_breakdown|signal_trend_template_failed|signal_200ma_not_rising|not_30pct_above_52w_low|more_than_25pct_below_52w_high
2022-09-21,2022-09-20,TQQQ,QQQ,red,red,153,0,-0.0245449594,0.0290625028,-0.1721754255,-0.0304741009,-0.0591790587,True,0,188.7025,stage4_breakdown|signal_trend_template_failed|signal_200ma_not_rising|not_30pct_above_52w_low|more_than_25pct_below_52w_high
2022-09-22,2022-09-21,TQQQ,QQQ,red,red,154,0,-0.0404487355,0.0121121886,-0.2026680769,-0.0327119371,-0.0758949576,True,0,327.274,stage4_breakdown|signal_trend_template_failed|signal_200ma_not_rising|not_30pct_above_52w_low|more_than_25pct_below_52w_high
2022-09-23,2022-09-22,TQQQ,QQQ,red,red,155,0,-0.0508232046,-0.0150139848,-0.2009987426,-0.0364192669,-0.0869670207,True,0,229.8398,stage4_breakdown|signal_trend_template_failed|signal_200ma_not_rising|not_30pct_above_52w_low|more_than_25pct_below_52w_high
2022-09-26,2022-09-23,TQQQ,QQQ,red,red,156,0,-0.0725102353,-0.0631511025,-0.231097779,-0.0364159191,-0.1012088149,True,0,284.9606,stage4_breakdown|signal_trend_template_failed|signal_200ma_not_rising|not_30pct_above_52w_low|more_than_25pct_below_52w_high
2022-09-27,2022-09-26,TQQQ,QQQ,red,red,157,0,-0.0694676111,-0.060136315,-0.2336400203,-0.0282215178,-0.1039350932,False,0,245.6804,stage4_breakdown|signal_trend_template_failed|signal_200ma_not_rising|not_30pct_above_52w_low|more_than_25pct_below_52w_high
2022-09-28,2022-09-27,TQQQ,QQQ,red,red,158,0,-0.0578953831,-0.0302135779,-0.2450142462,-0.0215178878,-0.1027320356,False,0,272.6371,stage4_breakdown|signal_trend_template_failed|signal_200ma_not_rising|not_30pct_above_52w_low|more_than_25pct_below_52w_high
2022-09-29,2022-09-28,TQQQ,QQQ,red,red,159,0,-0.0498903037,-0.0118283073,-0.2430232449,-0.0238092573,-0.0838156184,False,0,271.6605,stage4_breakdown|signal_trend_template_failed|signal_200ma_not_rising|not_30pct_above_52w_low|more_than_25pct_below_52w_high
2022-09-30,2022-09-29,TQQQ,QQQ,red,red,160,0,-0.0643831272,-0.0282623508,-0.2566342752,-0.0278270846,-0.1084403608,False,0,262.4047,stage4_breakdown|signal_trend_template_failed|signal_200ma_not_rising|not_30pct_above_52w_low|more_than_25pct_below_52w_high
2022-10-03,2022-09-30,TQQQ,QQQ,red,red,161,0,-0.0751517753,-0.051003679,-0.2600680636,-0.0278899932,-0.1212778564,False,0,236.2082,stage4_breakdown|signal_trend_template_failed|signal_200ma_not_rising|not_30pct_above_52w_low|more_than_25pct_below_52w_high
2022-10-04,2022-10-03,TQQQ,QQQ,red,red,162,0,-0.0670665284,-0.0450880337,-0.2412646586,-0.0357773324,-0.0990085179,False,0,220.1189,stage4_breakdown|signal_trend_template_failed|signal_200ma_not_rising|not_30pct_above_52w_low|more_than_25pct_below_52w_high
2022-10-05,2022-10-04,TQQQ,QQQ,red,red,163,0,-0.0564808134,-0.0213397725,-0.2331971176,-0.0414180229,-0.0696019081,False,0,249.2365,stage4_breakdown|signal_trend_template_failed|signal_200ma_not_rising|not_30pct_above_52w_low|more_than_25pct_below_52w_high
2022-10-06,2022-10-05,TQQQ,QQQ,red,red,164,0,-0.0571055388,-0.0423528556,-0.2162010623,-0.0398440551,-0.0693682558,False,0,246.5874,stage4_breakdown|signal_trend_template_failed|signal_200ma_not_rising|not_30pct_above_52w_low|more_than_25pct_below_52w_high
2022-10-07,2022-10-06,TQQQ,QQQ,red,red,165,0,-0.0560482484,-0.0510824909,-0.205113723,-0.0357081709,-0.0750772894,False,0,249.1132,stage4_breakdown|signal_trend_template_failed|signal_200ma_not_rising|not_30pct_above_52w_low|more_than_25pct_below_52w_high
2022-10-10,2022-10-07,TQQQ,QQQ,red,red,166,0,-0.0720751375,-0.067313828,-0.2372159332,-0.038197983,-0.1079522874,False,0,233.1816,stage4_breakdown|signal_trend_template_failed|signal_200ma_not_rising|not_30pct_above_52w_low|more_than_25pct_below_52w_high
2022-10-11,2022-10-10,TQQQ,QQQ,red,red,167,0,-0.0688747851,-0.0676048795,-0.2341349067,-0.0360659858,-0.1140214827,False,0,185.8595,stage4_breakdown|signal_trend_template_failed|signal_200ma_not_rising|not_30pct_above_52w_low|more_than_25pct_below_52w_high
2022-10-12,2022-10-11,TQQQ,QQQ,red,red,168,0,-0.0752050459,-0.0785149843,-0.2263542745,-0.0423587114,-0.1231632845,False,0,228.9334,stage4_breakdown|signal_trend_template_failed|signal_200ma_not_rising|not_30pct_above_52w_low|more_than_25pct_below_52w_high
2022-10-13,2022-10-12,TQQQ,QQQ,red,red,169,0,-0.0728818393,-0.0821083924,-0.223338277,-0.0409270207,-0.1204635293,False,0,173.1211,stage4_breakdown|signal_trend_template_failed|signal_200ma_not_rising|not_30pct_above_52w_low|more_than_25pct_below_52w_high
2022-10-14,2022-10-13,TQQQ,QQQ,red,red,170,0,-0.0697342975,-0.0773183273,-0.2209593964,-0.0458173223,-0.096599957,False,0,381.5976,stage4_breakdown|signal_trend_template_failed|signal_200ma_not_rising|not_30pct_above_52w_low|more_than_25pct_below_52w_high
2022-10-17,2022-10-14,TQQQ,QQQ,red,red,171,0,-0.0809796764,-0.0974131912,-0.2266918368,-0.0480808069,-0.1200230022,False,0,280.5019,stage4_breakdown|signal_trend_template_failed|signal_200ma_not_rising|not_30pct_above_52w_low|more_than_25pct_below_52w_high
2022-10-18,2022-10-17,TQQQ,QQQ,red,red,172,0,-0.0738518289,-0.0954271649,-0.2017694041,-0.0451473252,-0.0877739051,False,0,211.5272,stage4_breakdown|signal_trend_template_failed|signal_200ma_not_rising|not_30pct_above_52w_low|more_than_25pct_below_52w_high
2022-10-19,2022-10-18,TQQQ,QQQ,red,red,173,0,-0.0850214642,-0.1025048727,-0.2130460658,-0.0560381791,-0.0775199115,False,0,326.3496,stage4_breakdown|signal_trend_template_failed|signal_200ma_not_rising|not_30pct_above_52w_low|more_than_25pct_below_52w_high
2022-10-20,2022-10-19,TQQQ,QQQ,red,red,174,0,-0.0880824233,-0.1184330763,-0.2043111919,-0.0509764102,-0.0780005122,False,0,241.9259,stage4_breakdown|signal_trend_template_failed|signal_200ma_not_rising|not_30pct_above_52w_low|more_than_25pct_below_52w_high
2022-10-21,2022-10-20,TQQQ,QQQ,red,red,175,0,-0.0799830343,-0.1072763437,-0.1916448997,-0.0426887268,-0.0791740849,False,0,242.417,stage4_breakdown|signal_trend_template_failed|signal_200ma_not_rising|not_30pct_above_52w_low|more_than_25pct_below_52w_high
2022-10-24,2022-10-21,TQQQ,QQQ,red,red,176,0,-0.0542046569,-0.0811106134,-0.150444511,-0.0395021086,-0.0544719221,False,0,307.4838,stage4_breakdown|signal_trend_template_failed|signal_200ma_not_rising|not_30pct_above_52w_low|more_than_25pct_below_52w_high
2022-10-25,2022-10-24,TQQQ,QQQ,red,red,177,0,-0.0449613241,-0.0523817021,-0.1519915285,-0.0403943227,-0.0406876465,False,0,278.3147,stage4_breakdown|signal_trend_template_failed|signal_200ma_not_rising|not_30pct_above_52w_low|more_than_25pct_below_52w_high
2022-10-26,2022-10-25,TQQQ,QQQ,red,red,178,0,-0.0381070556,-0.071996727,-0.100498106,-0.0411472107,-0.0175771779,False,0,256.1449,stage4_breakdown|signal_trend_template_failed|signal_200ma_not_rising|not_30pct_above_52w_low|more_than_25pct_below_52w_high
2022-10-27,2022-10-26,TQQQ,QQQ,red,red,179,0,-0.0596740408,-0.1012896533,-0.1193185039,-0.0515781228,-0.0357014181,False,0,280.4274,stage4_breakdown|signal_trend_template_failed|signal_200ma_not_rising|not_30pct_above_52w_low|more_than_25pct_below_52w_high
2022-10-28,2022-10-27,TQQQ,QQQ,red,red,180,0,-0.089934154,-0.1334548215,-0.1650075892,-0.0664546919,-0.0496285465,False,0,243.3284,stage4_breakdown|signal_trend_template_failed|signal_200ma_not_rising|not_30pct_above_52w_low|more_than_25pct_below_52w_high
2022-10-31,2022-10-28,TQQQ,QQQ,red,red,181,0,-0.0591374253,-0.1063994802,-0.0989084687,-0.0614698294,-0.0172968801,False,0,264.055,stage4_breakdown|signal_trend_template_failed|signal_200ma_not_rising|not_30pct_above_52w_low|more_than_25pct_below_52w_high
2022-11-01,2022-10-31,TQQQ,QQQ,red,red,182,0,-0.0670380261,-0.1141492406,-0.1240118756,-0.0677761167,-0.0257052018,False,0,209.1837,stage4_breakdown|signal_trend_template_failed|signal_200ma_not_rising|not_30pct_above_52w_low|more_than_25pct_below_52w_high
2022-11-02,2022-11-01,TQQQ,QQQ,red,red,183,0,-0.0848082941,-0.1464449698,-0.133887039,-0.0766437696,-0.0330377271,False,0,208.179,stage4_breakdown|signal_trend_template_failed|signal_200ma_not_rising|not_30pct_above_52w_low|more_than_25pct_below_52w_high
2022-11-03,2022-11-02,TQQQ,QQQ,red,red,184,0,-0.118022042,-0.1795392844,-0.1909311544,-0.0858540889,-0.0630303432,False,0,287.4465,stage4_breakdown|signal_trend_template_failed|signal_200ma_not_rising|not_30pct_above_52w_low|more_than_25pct_below_52w_high
2022-11-04,2022-11-03,TQQQ,QQQ,red,red,185,0,-0.1180927055,-0.1889411463,-0.1646651767,-0.0866298005,-0.0778242745,False,0,173.4234,stage4_breakdown|signal_trend_template_failed|signal_200ma_not_rising|not_30pct_above_52w_low|more_than_25pct_below_52w_high
2022-11-07,2022-11-04,TQQQ,QQQ,red,red,186,0,-0.1016224841,-0.1732231271,-0.1409369325,-0.0834186206,-0.0593064514,False,0,327.0256,stage4_breakdown|signal_trend_template_failed|signal_200ma_not_rising|not_30pct_above_52w_low|more_than_25pct_below_52w_high
2022-11-08,2022-11-07,TQQQ,QQQ,red,red,187,0,-0.0813695514,-0.1545639269,-0.0961259224,-0.0780776079,-0.0462998229,False,0,177.316,stage4_breakdown|signal_trend_template_failed|signal_200ma_not_rising|not_30pct_above_52w_low|more_than_25pct_below_52w_high
2022-11-09,2022-11-08,TQQQ,QQQ,red,red,188,0,-0.0875874074,-0.171526593,-0.10046751,-0.081789402,-0.0369939981,False,0,266.8877,stage4_breakdown|signal_trend_template_failed|signal_200ma_not_rising|not_30pct_above_52w_low|more_than_25pct_below_52w_high
2022-11-10,2022-11-09,TQQQ,QQQ,red,red,189,0,-0.088876295,-0.186024309,-0.094365857,-0.0754703469,-0.0567117911,False,0,180.7725,stage4_breakdown|signal_trend_template_failed|signal_200ma_not_rising|not_30pct_above_52w_low|more_than_25pct_below_52w_high
2022-11-11,2022-11-10,TQQQ,QQQ,red,red,190,0,-0.0538566358,-0.1426552789,-0.0252356809,-0.0667308615,0.0140534296,False,0,335.6756,stage4_breakdown|signal_trend_template_failed|signal_200ma_not_rising|not_30pct_above_52w_low|more_than_25pct_below_52w_high
2022-11-14,2022-11-11,TQQQ,QQQ,red,red,191,0,-0.0558027312,-0.133857297,-0.042750224,-0.0631855981,0.0335467085,False,0,331.7515,stage4_breakdown|signal_trend_template_failed|signal_200ma_not_rising|not_30pct_above_52w_low|more_than_25pct_below_52w_high
2022-11-15,2022-11-14,TQQQ,QQQ,red,red,192,0,-0.0560985231,-0.1394214186,-0.0399990215,-0.0597881662,0.0251792781,False,0,225.2721,stage4_breakdown|signal_trend_template_failed|signal_200ma_not_rising|not_30pct_above_52w_low|more_than_25pct_below_52w_high
2022-11-16,2022-11-15,TQQQ,QQQ,red,red,193,0,-0.0479935897,-0.1174461616,-0.051287273,-0.0554476441,0.0395998499,False,0,348.1729,stage4_breakdown|signal_trend_template_failed|signal_200ma_not_rising|not_30pct_above_52w_low|more_than_25pct_below_52w_high
2022-11-17,2022-11-16,TQQQ,QQQ,red,red,194,0,-0.0477616336,-0.1315807893,-0.0159279096,-0.0573420501,0.0263683084,False,0,201.1978,stage4_breakdown|signal_trend_template_failed|signal_200ma_not_rising|not_30pct_above_52w_low|more_than_25pct_below_52w_high
2022-11-18,2022-11-17,TQQQ,QQQ,red,red,195,0,-0.0386035503,-0.1162675165,-0.012810517,-0.0529003095,0.0252213125,False,0,222.3333,stage4_breakdown|signal_trend_template_failed|signal_200ma_not_rising|not_30pct_above_52w_low|more_than_25pct_below_52w_high
2022-11-21,2022-11-18,TQQQ,QQQ,red,red,196,0,-0.028227352,-0.0923404036,-0.0096979444,-0.0532760754,0.0268629031,False,0,202.6979,stage4_breakdown|signal_trend_template_failed|signal_200ma_not_rising|not_30pct_above_52w_low|more_than_25pct_below_52w_high
2022-11-22,2022-11-21,TQQQ,QQQ,red,red,197,0,-0.0339657442,-0.1009340924,-0.0359158791,-0.0583566311,0.0183770223,False,0,145.4311,stage4_breakdown|signal_trend_template_failed|signal_200ma_not_rising|not_30pct_above_52w_low|more_than_25pct_below_52w_high
2022-11-23,2022-11-22,TQQQ,QQQ,red,red,198,0,-0.0216288551,-0.0906196756,-0.0007847164,-0.0546604553,0.0335838252,False,0,153.7792,stage4_breakdown|signal_trend_template_failed|signal_200ma_not_rising|not_30pct_above_52w_low|more_than_25pct_below_52w_high
2022-11-25,2022-11-23,TQQQ,QQQ,red,red,199,0,-0.0298148369,-0.0974512654,-0.004685805,-0.0553064648,0.0444618138,False,0,193.6244,stage4_breakdown|signal_trend_template_failed|signal_200ma_not_rising|not_30pct_above_52w_low|more_than_25pct_below_52w_high
2022-11-28,2022-11-25,TQQQ,QQQ,red,red,200,0,-0.0254802013,-0.0650673391,-0.0378905684,-0.059796196,0.037865599,False,0,71.4606,stage4_breakdown|signal_trend_template_failed|signal_200ma_not_rising|not_30pct_above_52w_low|more_than_25pct_below_52w_high
2022-11-29,2022-11-28,TQQQ,QQQ,red,red,201,0,-0.032389156,-0.0696164489,-0.0819718826,-0.0570280044,0.0230875154,False,0,133.2118,stage4_breakdown|signal_trend_template_failed|signal_200ma_not_rising|not_30pct_above_52w_low|more_than_25pct_below_52w_high
2022-11-30,2022-11-29,TQQQ,QQQ,red,red,202,0,-0.0312139582,-0.0662605825,-0.0864976855,-0.0614552319,0.0161140281,False,0,136.4717,stage4_breakdown|signal_trend_template_failed|signal_200ma_not_rising|not_30pct_above_52w_low|more_than_25pct_below_52w_high
2022-12-01,2022-11-30,TQQQ,QQQ,red,red,203,0,-0.0063824765,-0.0179864929,-0.0377380843,-0.0532261206,0.0620781341,False,0,306.1606,stage4_breakdown|signal_trend_template_failed|signal_200ma_not_rising|not_30pct_above_52w_low|more_than_25pct_below_52w_high
2022-12-02,2022-12-01,TQQQ,QQQ,red,red,204,0,-0.0160294917,-0.0172082728,-0.0622385912,-0.0542174304,0.0625997939,False,0,231.9625,stage4_breakdown|signal_trend_template_failed|signal_200ma_not_rising|not_30pct_above_52w_low|more_than_25pct_below_52w_high
2022-12-05,2022-12-02,TQQQ,QQQ,red,red,205,0,-0.008577561,-0.0070950381,-0.0410218057,-0.0524773215,0.0574122311,False,0,202.6199,stage4_breakdown|signal_trend_template_failed|signal_200ma_not_rising|not_30pct_above_52w_low|more_than_25pct_below_52w_high
2022-12-06,2022-12-05,TQQQ,QQQ,red,red,206,0,-0.0167469376,-0.0166969425,-0.0602473103,-0.0502139355,0.0387544055,False,0,159.9267,stage4_breakdown|signal_trend_template_failed|signal_200ma_not_rising|not_30pct_above_52w_low|more_than_25pct_below_52w_high
2022-12-07,2022-12-06,TQQQ,QQQ,red,red,207,0,-0.0368092118,-0.05613846,-0.0875895648,-0.055224073,0.0166941009,True,0,168.5422,stage4_breakdown|signal_trend_template_failed|signal_200ma_not_rising|not_30pct_above_52w_low|more_than_25pct_below_52w_high
2022-12-08,2022-12-07,TQQQ,QQQ,red,red,208,0,-0.0424126997,-0.0648404239,-0.0847277843,-0.0586977398,0.0121014316,True,0,170.2108,stage4_breakdown|signal_trend_template_failed|signal_200ma_not_rising|not_30pct_above_52w_low|more_than_25pct_below_52w_high
2022-12-09,2022-12-08,TQQQ,QQQ,red,red,209,0,-0.0364041643,-0.0740170364,-0.0484079321,-0.057525414,0.0237903611,True,0,191.7304,stage4_breakdown|signal_trend_template_failed|signal_200ma_not_rising|not_30pct_above_52w_low|more_than_25pct_below_52w_high
2022-12-12,2022-12-09,TQQQ,QQQ,red,red,210,0,-0.0376980344,-0.0907289331,-0.01990723,-0.055664642,0.0165164905,True,0,176.1792,stage4_breakdown|signal_trend_template_failed|signal_200ma_not_rising|not_30pct_above_52w_low|more_than_25pct_below_52w_high
2022-12-13,2022-12-12,TQQQ,QQQ,red,red,211,0,-0.0006203633,-0.0258995015,0.0407872562,-0.0503062068,0.0279178379,True,0,116.3874,stage4_breakdown|signal_trend_template_failed|signal_200ma_not_rising|not_30pct_above_52w_low|more_than_25pct_below_52w_high
2022-12-14,2022-12-13,TQQQ,QQQ,red,red,212,0,-0.0004256386,-0.0231776792,0.0500688562,-0.0523052888,0.0378379337,True,0,369.9284,stage4_breakdown|signal_trend_template_failed|signal_200ma_not_rising|not_30pct_above_52w_low|more_than_25pct_below_52w_high
2022-12-15,2022-12-14,TQQQ,QQQ,red,red,213,0,-0.0063179278,-0.0139990531,0.016890324,-0.0541606937,0.0298194748,True,0,300.6572,stage4_breakdown|signal_trend_template_failed|signal_200ma_not_rising|not_30pct_above_52w_low|more_than_25pct_below_52w_high
2022-12-16,2022-12-15,TQQQ,QQQ,red,red,214,0,-0.0144153818,-0.0412430861,0.0240642501,-0.0600760661,-0.0043940499,True,0,200.2822,stage4_breakdown|signal_trend_template_failed|signal_200ma_not_rising|not_30pct_above_52w_low|more_than_25pct_below_52w_high
2022-12-19,2022-12-16,TQQQ,QQQ,red,red,215,0,-0.0247383711,-0.057722,0.0021150678,-0.060799029,-0.0134955329,True,0,159.5089,stage4_breakdown|signal_trend_template_failed|signal_200ma_not_rising|not_30pct_above_52w_low|more_than_25pct_below_52w_high
2022-12-20,2022-12-19,TQQQ,QQQ,red,red,216,0,-0.0380123341,-0.0634991818,-0.0362821242,-0.0662119717,-0.0274500451,True,0,135.1604,stage4_breakdown|signal_trend_template_failed|signal_200ma_not_rising|not_30pct_above_52w_low|more_than_25pct_below_52w_high
2022-12-21,2022-12-20,TQQQ,QQQ,red,red,217,0,-0.035776661,-0.047167054,-0.0356261617,-0.0702687171,-0.0284712984,True,0,149.8351,stage4_breakdown|signal_trend_template_failed|signal_200ma_not_rising|not_30pct_above_52w_low|more_than_25pct_below_52w_high
2022-12-22,2022-12-21,TQQQ,QQQ,red,red,218,0,-0.0228963835,-0.0212995179,-0.035993712,-0.0701428962,-0.0151823208,True,0,147.576,stage4_breakdown|signal_trend_template_failed|signal_200ma_not_rising|not_30pct_above_52w_low|more_than_25pct_below_52w_high
2022-12-23,2022-12-22,TQQQ,QQQ,red,red,219,0,-0.0402312867,-0.0294411931,-0.0907330518,-0.0778281188,-0.0396029415,True,0,193.5923,stage4_breakdown|signal_trend_template_failed|signal_200ma_not_rising|not_30pct_above_52w_low|more_than_25pct_below_52w_high
2022-12-27,2022-12-23,TQQQ,QQQ,red,red,220,0,-0.0381300612,-0.0232168377,-0.0819569776,-0.0832756228,-0.0373862288,True,0,139.062,stage4_breakdown|signal_trend_template_failed|signal_200ma_not_rising|not_30pct_above_52w_low|more_than_25pct_below_52w_high
2022-12-28,2022-12-27,TQQQ,QQQ,red,red,221,0,-0.0421603084,-0.0374124659,-0.0664956794,-0.0898227008,-0.0512323854,True,0,106.1404,stage4_breakdown|signal_trend_template_failed|signal_200ma_not_rising|not_30pct_above_52w_low|more_than_25pct_below_52w_high
2022-12-29,2022-12-28,TQQQ,QQQ,red,red,222,0,-0.0542428696,-0.068647985,-0.0796643028,-0.0884608191,-0.0631782603,True,0,141.1985,stage4_breakdown|signal_trend_template_failed|signal_200ma_not_rising|not_30pct_above_52w_low|more_than_25pct_below_52w_high
2022-12-30,2022-12-29,TQQQ,QQQ,red,red,223,0,-0.0232140184,-0.0176265995,-0.0453907812,-0.0802118234,-0.0400393775,True,0,126.8162,stage4_breakdown|signal_trend_template_failed|signal_200ma_not_rising|not_30pct_above_52w_low|more_than_25pct_below_52w_high
2023-01-03,2022-12-30,TQQQ,QQQ,red,red,224,0,-0.0203354533,-0.0012814027,-0.0522197254,-0.0777560576,-0.0403693009,True,0,125.0892,stage4_breakdown|signal_trend_template_failed|signal_200ma_not_rising|not_30pct_above_52w_low|more_than_25pct_below_52w_high
2023-01-04,2023-01-03,TQQQ,QQQ,red,red,225,0,-0.0343993133,-0.030771213,-0.0744718332,-0.0801978776,-0.0465822886,True,0,145.7198,stage4_breakdown|signal_trend_template_failed|signal_200ma_not_rising|not_30pct_above_52w_low|more_than_25pct_below_52w_high
2023-01-05,2023-01-04,TQQQ,QQQ,red,red,226,0,-0.04416424,-0.0558386665,-0.0759868546,-0.0833769541,-0.0414164873,False,0,178.9713,stage4_breakdown|signal_trend_template_failed|signal_200ma_not_rising|not_30pct_above_52w_low|more_than_25pct_below_52w_high
2023-01-06,2023-01-05,TQQQ,QQQ,red,red,227,0,-0.0623183259,-0.0701249857,-0.109507848,-0.0891083757,-0.0553183052,False,0,142.0193,stage4_breakdown|signal_trend_template_failed|signal_200ma_not_rising|not_30pct_above_52w_low|more_than_25pct_below_52w_high
2023-01-09,2023-01-06,TQQQ,QQQ,red,red,228,0,-0.0404783324,-0.0368765225,-0.0860752688,-0.0870319746,-0.0282098301,False,0,197.2284,stage4_breakdown|signal_trend_template_failed|signal_200ma_not_rising|not_30pct_above_52w_low|more_than_25pct_below_52w_high
2023-01-10,2023-01-09,TQQQ,QQQ,red,red,229,0,-0.0114433149,0.0077581103,-0.0600779459,-0.0731021014,-0.0214430358,False,0,160.4568,stage4_breakdown|signal_trend_template_failed|signal_200ma_not_rising|not_30pct_above_52w_low|more_than_25pct_below_52w_high
2023-01-11,2023-01-10,TQQQ,QQQ,red,red,230,0,0.0032263922,0.0265498246,-0.0428499526,-0.0719111891,-0.0132037828,False,0,145.5521,stage4_breakdown|signal_trend_template_failed|signal_200ma_not_rising|not_30pct_above_52w_low|more_than_25pct_below_52w_high
2023-01-12,2023-01-11,TQQQ,QQQ,red,red,231,0,0.0201625406,0.0588563962,-0.0242796972,-0.0667038521,0.0040859619,False,0,140.6287,stage4_breakdown|signal_trend_template_failed|signal_200ma_not_rising|not_30pct_above_52w_low|more_than_25pct_below_52w_high
2023-01-13,2023-01-12,TQQQ,QQQ,red,red,232,0,0.0268800969,0.0649433408,-0.0224974449,-0.0675944059,0.0093833501,False,0,265.192,stage4_breakdown|signal_trend_template_failed|signal_200ma_not_rising|not_30pct_above_52w_low|more_than_25pct_below_52w_high
2023-01-17,2023-01-13,TQQQ,QQQ,red,red,233,0,0.0208389034,0.0476997132,-0.0333066762,-0.0612187636,0.0158495993,False,0,153.8183,stage4_breakdown|signal_trend_template_failed|signal_200ma_not_rising|not_30pct_above_52w_low|more_than_25pct_below_52w_high
2023-01-18,2023-01-17,TQQQ,QQQ,red,red,234,0,0.0330430956,0.0823581314,-0.0230778283,-0.0552377749,0.0166979391,False,0,135.277,stage4_breakdown|signal_trend_template_failed|signal_200ma_not_rising|not_30pct_above_52w_low|more_than_25pct_below_52w_high
2023-01-19,2023-01-18,TQQQ,QQQ,red,red,235,0,0.0139767072,0.0341387649,-0.0645461655,-0.0544101147,0.0021772318,False,0,173.9613,stage4_breakdown|signal_trend_template_failed|signal_200ma_not_rising|not_30pct_above_52w_low|more_than_25pct_below_52w_high
2023-01-20,2023-01-19,TQQQ,QQQ,red,red,236,0,-0.0017333898,0.0159444151,-0.0881948378,-0.0585329514,-0.0084630882,True,0,150.1999,stage4_breakdown|signal_trend_template_failed|signal_200ma_not_rising|not_30pct_above_52w_low|more_than_25pct_below_52w_high
2023-01-23,2023-01-20,TQQQ,QQQ,red,red,237,0,0.0141521784,0.0475686379,-0.0764981385,-0.0534142299,0.0175192527,True,0,157.5436,stage4_breakdown|signal_trend_template_failed|signal_200ma_not_rising|not_30pct_above_52w_low
2023-01-24,2023-01-23,TQQQ,QQQ,red,red,238,0,0.0308232291,0.0763322997,-0.039132694,-0.0439181327,0.0386240395,True,0,201.9469,stage4_breakdown|signal_trend_template_failed|signal_200ma_not_rising|not_30pct_above_52w_low
2023-01-25,2023-01-24,TQQQ,QQQ,red,red,239,0,0.0305461341,0.0495259159,-0.0356017749,-0.0397030203,0.034593639,True,0,150.0109,stage4_breakdown|signal_trend_template_failed|signal_200ma_not_rising|not_30pct_above_52w_low
2023-01-26,2023-01-25,TQQQ,QQQ,red,red,240,0,0.0315133002,0.0358009391,-0.0184560771,-0.0383288458,0.0318783868,True,0,223.9388,stage4_breakdown|signal_trend_template_failed|signal_200ma_not_rising|not_30pct_above_52w_low
2023-01-27,2023-01-26,TQQQ,QQQ,red,red,241,0,0.0325997294,0.0345951863,-0.0398922809,-0.035576493,0.051539922,True,0,220.9611,50ma_below_150ma|signal_trend_template_failed|signal_200ma_not_rising|not_30pct_above_52w_low
2023-01-30,2023-01-27,TQQQ,QQQ,red,red,242,0,0.0478147396,0.0685038637,-0.0397245222,-0.0211419888,0.0611324332,True,0,210.5245,50ma_below_150ma|signal_trend_template_failed|signal_200ma_not_rising|not_30pct_above_52w_low
2023-01-31,2023-01-30,TQQQ,QQQ,red,red,243,0,0.0444381888,0.0663134291,-0.0759912392,-0.0199402852,0.0395604543,True,0,182.6584,stage4_breakdown|signal_trend_template_failed|signal_200ma_not_rising|not_30pct_above_52w_low
2023-02-01,2023-01-31,TQQQ,QQQ,red,red,244,0,0.0406063085,0.0501574939,-0.0615787177,-0.0239841484,0.054394634,True,0,173.6477,50ma_below_150ma|signal_trend_template_failed|signal_200ma_not_rising|not_30pct_above_52w_low
2023-02-02,2023-02-01,TQQQ,QQQ,red,red,245,0,0.0556572438,0.0852327904,-0.0386457084,-0.0145517074,0.075648719,True,0,317.311,50ma_below_150ma|signal_trend_template_failed|signal_200ma_not_rising|not_30pct_above_52w_low
2023-02-03,2023-02-02,TQQQ,QQQ,red,red,246,0,0.0846085311,0.1357868612,-0.0305434114,0.0090882804,0.112061016,True,0,345.2579,50ma_below_150ma|signal_trend_template_failed|signal_200ma_not_rising|not_30pct_above_52w_low
2023-02-06,2023-02-03,TQQQ,QQQ,red,red,247,0,0.0823284664,0.1551981084,-0.0522053332,0.0047522011,0.0903549614,True,0,326.8363,50ma_below_150ma|signal_trend_template_failed|signal_200ma_not_rising|not_30pct_above_52w_low
2023-02-07,2023-02-06,TQQQ,QQQ,red,red,248,0,0.0968123129,0.1682474949,-0.0524825259,0.0114979389,0.0797224715,True,0,192.7433,50ma_below_150ma|signal_trend_template_failed|signal_200ma_not_rising|not_30pct_above_52w_low
2023-02-08,2023-02-07,TQQQ,QQQ,red,red,249,0,0.106779318,0.1735753932,-0.0297150063,0.0188420355,0.1003905225,True,0,328.7359,50ma_below_150ma|signal_trend_template_failed|signal_200ma_not_rising|not_30pct_above_52w_low
2023-02-09,2023-02-08,TQQQ,QQQ,red,red,250,0,0.092602209,0.1401719939,-0.0360574668,0.0129023721,0.0794339212,True,0,216.9416,50ma_below_150ma|signal_trend_template_failed|signal_200ma_not_rising|not_30pct_above_52w_low
2023-02-10,2023-02-09,TQQQ,QQQ,red,red,251,0,0.0759783427,0.1219199166,-0.0705191843,0.0102371258,0.0684054285,True,0,230.1593,50ma_below_150ma|signal_trend_template_failed|signal_200ma_not_rising|not_30pct_above_52w_low
2023-02-13,2023-02-10,TQQQ,QQQ,red,red,252,0,0.0848523299,0.1408837634,-0.0713483503,0.0072696595,0.059906805,True,0,209.8359,50ma_below_150ma|signal_trend_template_failed|signal_200ma_not_rising|not_30pct_above_52w_low
2023-02-14,2023-02-13,TQQQ,QQQ,red,red,253,0,0.0578314984,0.0795013257,-0.0744952369,-0.0006098913,0.0759812804,True,0,167.1384,50ma_below_150ma|signal_trend_template_failed|signal_200ma_not_rising|not_30pct_above_52w_low
2023-02-15,2023-02-14,TQQQ,QQQ,red,red,254,0,0.0498772638,0.0678022673,-0.0751308579,1.93777e-05,0.082880732,True,0,312.2088,50ma_below_150ma|signal_trend_template_failed|signal_200ma_not_rising|not_30pct_above_52w_low
2023-02-16,2023-02-15,TQQQ,QQQ,red,red,255,0,0.0550092583,0.0854817739,-0.0658576349,0.0044015589,0.0898495339,True,0,171.9454,50ma_below_150ma|signal_trend_template_failed|signal_200ma_not_rising|not_30pct_above_52w_low
2023-02-17,2023-02-16,TQQQ,QQQ,red,red,256,0,0.0396702356,0.050575526,-0.072810537,-0.0031369435,0.0681679555,True,0,228.875,50ma_below_150ma|signal_trend_template_failed|signal_200ma_not_rising|not_30pct_above_52w_low
2023-02-21,2023-02-17,TQQQ,QQQ,red,red,257,0,0.041247966,0.0575984789,-0.0815611637,-0.0044118049,0.0591279861,True,0,224.4053,50ma_below_150ma|signal_trend_template_failed|signal_200ma_not_rising|not_30pct_above_52w_low
2023-02-22,2023-02-21,TQQQ,QQQ,red,red,258,0,0.0281199018,0.0348438704,-0.0854748564,-0.0083200368,0.0330233541,True,0,161.0666,50ma_below_150ma|signal_trend_template_failed|signal_200ma_not_rising|not_30pct_above_52w_low
2023-02-23,2023-02-22,TQQQ,QQQ,red,red,259,0,0.0399774348,0.0355819969,-0.0600440627,-0.0007958772,0.0329923465,True,0,179.285,50ma_below_150ma|signal_trend_template_failed|signal_200ma_not_rising|not_30pct_above_52w_low
2023-02-24,2023-02-23,TQQQ,QQQ,red,red,260,0,0.0506305455,0.0554846653,-0.0510497215,0.005642399,0.0408851409,True,0,197.4253,50ma_below_150ma|signal_trend_template_failed|signal_200ma_not_rising|not_30pct_above_52w_low
2023-02-27,2023-02-24,TQQQ,QQQ,red,red,261,0,0.0323783859,0.0230764889,-0.0696343706,-0.0008508027,0.0229577077,True,0,180.1515,50ma_below_150ma|signal_trend_template_failed|signal_200ma_not_rising|not_30pct_above_52w_low
2023-02-28,2023-02-27,TQQQ,QQQ,red,red,262,0,0.0302607737,0.0201638734,-0.0792523871,-0.0007448196,0.0298515608,True,0,147.7961,50ma_below_150ma|signal_trend_template_failed|signal_200ma_not_rising|not_30pct_above_52w_low
2023-03-01,2023-02-28,TQQQ,QQQ,red,red,263,0,0.0467445411,0.0255914036,-0.0411411001,0.0071758967,0.0279628069,True,0,134.9414,50ma_below_150ma|signal_trend_template_failed|signal_200ma_not_rising|not_30pct_above_52w_low
2023-03-02,2023-03-01,TQQQ,QQQ,red,red,264,0,0.0539355734,0.0324967698,-0.0393819889,0.0046230578,0.0186309321,True,0,159.641,50ma_below_150ma|signal_trend_template_failed|signal_200ma_not_rising|not_30pct_above_52w_low
2023-03-03,2023-03-02,TQQQ,QQQ,red,red,265,0,0.0726665036,0.0489820986,-0.0205240663,0.0100303965,0.0256251258,True,0,167.2457,50ma_below_150ma|signal_trend_template_failed|signal_200ma_not_rising|not_30pct_above_52w_low
2023-03-06,2023-03-03,TQQQ,QQQ,red,red,266,0,0.0678462026,0.0239890511,0.0055710792,0.0056687834,0.0446441345,True,0,170.4229,50ma_below_150ma|signal_trend_template_failed|signal_200ma_not_rising|not_30pct_above_52w_low
2023-03-07,2023-03-06,TQQQ,QQQ,red,red,267,0,0.0638760505,0.0238943937,0.0062749396,0.0037213454,0.0436117739,True,0,171.3449,50ma_below_150ma|signal_trend_template_failed|signal_200ma_not_rising|not_30pct_above_52w_low
2023-03-08,2023-03-07,TQQQ,QQQ,red,red,268,0,0.0703393988,0.0153799435,0.0081757841,0.0108801991,0.0291719328,True,0,191.5378,50ma_below_150ma|signal_trend_template_failed|signal_200ma_not_rising|not_30pct_above_52w_low
2023-03-09,2023-03-08,TQQQ,QQQ,red,red,269,0,0.0799899655,0.0378700558,0.0205407992,0.0129037418,0.0320853297,True,0,160.1998,200ma_not_rising|signal_trend_template_failed|signal_200ma_not_rising|not_30pct_above_52w_low
2023-03-10,2023-03-09,TQQQ,QQQ,red,red,270,0,0.0713566852,0.0414679945,-0.0169984149,0.0168498682,0.0124284173,True,0,205.3236,200ma_not_rising|signal_trend_template_failed|signal_200ma_not_rising|not_30pct_above_52w_low
2023-03-13,2023-03-10,TQQQ,QQQ,red,red,271,0,0.0643934157,0.0310511428,-0.0358026504,0.0185989328,-0.0035114261,True,0,314.8663,200ma_not_rising|signal_trend_template_failed|signal_200ma_not_rising|not_30pct_above_52w_low
2023-03-14,2023-03-13,TQQQ,QQQ,red,red,272,0,0.0599743461,0.0265491455,-0.0494329799,0.0224507125,0.0017624603,True,0,336.6521,200ma_not_rising|signal_trend_template_failed|signal_200ma_not_rising|not_30pct_above_52w_low
2023-03-15,2023-03-14,TQQQ,QQQ,red,red,273,0,0.0700619182,0.0568780387,-0.0390113782,0.0280942633,0.0226026781,True,0,236.9304,200ma_not_rising|signal_trend_template_failed|signal_200ma_not_rising|not_30pct_above_52w_low
2023-03-16,2023-03-15,TQQQ,QQQ,red,red,274,0,0.0873519681,0.049252798,0.0220776736,0.0446409529,0.0256641187,True,0,303.8909,200ma_not_rising|signal_trend_template_failed|signal_200ma_not_rising|not_30pct_above_52w_low
2023-03-17,2023-03-16,TQQQ,QQQ,red,red,275,0,0.104906808,0.0654585122,0.0407636566,0.0535957281,0.049652287,True,0,272.7673,200ma_not_rising|signal_trend_template_failed|signal_200ma_not_rising|not_30pct_above_52w_low
2023-03-20,2023-03-17,TQQQ,QQQ,red,red,276,0,0.1120396089,0.0683433736,0.0533875779,0.0626298552,0.0418671522,True,0,237.4345,200ma_not_rising|signal_trend_template_failed|signal_200ma_not_rising|not_30pct_above_52w_low
2023-03-21,2023-03-20,TQQQ,QQQ,red,red,277,0,0.1312349826,0.1093838939,0.0636294785,0.0635241518,0.0423732299,True,0,195.242,200ma_not_rising|signal_trend_template_failed|signal_200ma_not_rising|not_30pct_above_52w_low
2023-03-22,2023-03-21,TQQQ,QQQ,red,red,278,0,0.1421138793,0.1360601245,0.070484462,0.0655547019,0.0542471352,True,0,167.512,200ma_not_rising|signal_trend_template_failed|signal_200ma_not_rising|not_30pct_above_52w_low
2023-03-23,2023-03-22,TQQQ,QQQ,orange,orange,1,0,0.1395850184,0.1365850747,0.0644128524,0.0675809764,0.037374394,True,0,282.8646,signal_trend_template_failed|not_30pct_above_52w_low
2023-03-24,2023-03-23,TQQQ,QQQ,orange,orange,2,0,0.1546553524,0.1509591155,0.0966717647,0.078723477,0.0470257603,True,0,241.9486,signal_trend_template_failed|not_30pct_above_52w_low
2023-03-27,2023-03-24,TQQQ,QQQ,orange,orange,3,0,0.1500896595,0.1386776875,0.1144244017,0.075419388,0.0484859911,True,0,210.7241,signal_trend_template_failed|not_30pct_above_52w_low
2023-03-28,2023-03-27,TQQQ,QQQ,orange,orange,4,0,0.1585791125,0.159236941,0.1251076224,0.0721540723,0.0391896762,True,0,166.6583,signal_trend_template_failed|not_30pct_above_52w_low
2023-03-29,2023-03-28,TQQQ,QQQ,orange,orange,5,0,0.1581989446,0.1504920144,0.1237812281,0.0705529743,0.0318235028,True,0,141.3969,signal_trend_template_failed|not_30pct_above_52w_low
2023-03-30,2023-03-29,TQQQ,QQQ,orange,orange,6,0,0.1811235203,0.1882699709,0.1438138611,0.0813109044,0.0484105402,True,0,150.8281,signal_trend_template_failed|not_30pct_above_52w_low
2023-03-31,2023-03-30,TQQQ,QQQ,orange,orange,7,0,0.1906816519,0.2155660092,0.1321198521,0.0863569086,0.0556280521,True,0,168.907,signal_trend_template_failed|not_30pct_above_52w_low
2023-04-03,2023-03-31,TQQQ,QQQ,orange,orange,8,0,0.1987985586,0.2063758046,0.1851115014,0.0872647026,0.0698774981,True,0,172.9249,signal_trend_template_failed|not_30pct_above_52w_low
2023-04-04,2023-04-03,TQQQ,QQQ,orange,orange,9,0,0.1967735665,0.2041673586,0.2026243353,0.0800113242,0.0645871159,True,0,169.1249,signal_trend_template_failed|not_30pct_above_52w_low
2023-04-05,2023-04-04,TQQQ,QQQ,orange,orange,10,0,0.1948861506,0.2082725672,0.1710925547,0.0847061954,0.0588436897,True,0,155.3583,signal_trend_template_failed|not_30pct_above_52w_low
2023-04-06,2023-04-05,TQQQ,QQQ,orange,orange,11,0,0.1715212373,0.1906712448,0.1241857502,0.0758631665,0.0464458116,True,0,167.2813,signal_trend_template_failed|not_30pct_above_52w_low
2023-04-10,2023-04-06,TQQQ,QQQ,orange,orange,12,0,0.1821557146,0.2177630621,0.1323674447,0.0801745543,0.0513588046,True,0,159.836,signal_trend_template_failed|not_30pct_above_52w_low
2023-04-11,2023-04-10,TQQQ,QQQ,orange,orange,13,0,0.1677532271,0.1843832107,0.1407072766,0.0726141085,0.0490309822,True,0,156.2804,signal_trend_template_failed|not_30pct_above_52w_low
2023-04-12,2023-04-11,TQQQ,QQQ,orange,orange,14,0,0.1710901772,0.1692132269,0.178284112,0.0665892976,0.0409225377,True,0,134.8061,signal_trend_template_failed|not_30pct_above_52w_low
2023-04-13,2023-04-12,TQQQ,QQQ,orange,orange,15,0,0.1639182667,0.149157563,0.1796674948,0.062035175,0.0301504934,True,0,219.0497,signal_trend_template_failed|not_30pct_above_52w_low
2023-04-14,2023-04-13,TQQQ,QQQ,orange,orange,16,0,0.1795277211,0.1517351591,0.2195221399,0.0712653051,0.0485974043,True,0,164.7299,signal_trend_template_failed|not_30pct_above_52w_low
2023-04-17,2023-04-14,TQQQ,QQQ,orange,orange,17,0,0.1684245721,0.1433910075,0.2176466394,0.0661061444,0.0453818404,True,0,188.7928,signal_trend_template_failed|not_30pct_above_52w_low
2023-04-18,2023-04-17,TQQQ,QQQ,orange,orange,18,0,0.157780676,0.1365398934,0.1907525204,0.0625330389,0.0457460505,True,0,151.4324,signal_trend_template_failed|not_30pct_above_52w_low
2023-04-19,2023-04-18,TQQQ,QQQ,orange,orange,19,0,0.1621680567,0.1343096222,0.2277292431,0.0621441392,0.0449098625,True,0,141.0772,signal_trend_template_failed|not_30pct_above_52w_low
2023-04-20,2023-04-19,TQQQ,QQQ,orange,orange,20,0,0.1574414421,0.1487093586,0.1879248774,0.0574012216,0.0433525164,True,0,126.8936,signal_trend_template_failed|not_30pct_above_52w_low
2023-04-21,2023-04-20,TQQQ,QQQ,orange,orange,21,0,0.1548937234,0.1512621486,0.1696183503,0.0568380413,0.0349314204,True,0,176.808,signal_trend_template_failed|not_30pct_above_52w_low
2023-04-24,2023-04-21,TQQQ,QQQ,orange,orange,22,0,0.1390708331,0.1217633953,0.175124152,0.0482389791,0.035150047,True,0,148.1381,signal_trend_template_failed|not_30pct_above_52w_low
2023-04-25,2023-04-24,TQQQ,QQQ,orange,orange,23,0,0.126005198,0.0950966243,0.178687868,0.0367408178,0.0319978177,True,0,138.5081,signal_trend_template_failed|not_30pct_above_52w_low
2023-04-26,2023-04-25,TQQQ,QQQ,orange,orange,24,0,0.1101466803,0.0766372598,0.1299587062,0.0347047883,0.0118197798,True,0,167.8769,signal_trend_template_failed|not_30pct_above_52w_low
2023-04-27,2023-04-26,TQQQ,QQQ,orange,orange,25,0,0.1170623667,0.085576267,0.1244409169,0.0476271003,0.0174352361,True,0,154.1049,signal_trend_template_failed|not_30pct_above_52w_low
2023-04-28,2023-04-27,TQQQ,QQQ,orange,orange,26,0,0.1239473349,0.0937681037,0.131607215,0.0510145176,0.0441413033,True,0,170.4954,signal_trend_template_failed|not_30pct_above_52w_low
2023-05-01,2023-04-28,TQQQ,QQQ,orange,orange,27,0,0.1253968543,0.0904589532,0.1651596047,0.0493202978,0.0503903711,True,0,177.6458,signal_trend_template_failed|not_30pct_above_52w_low
2023-05-02,2023-05-01,TQQQ,QQQ,orange,orange,28,0,0.141713358,0.1116849823,0.1854046256,0.059669724,0.0478641143,True,0,120.7784,signal_trend_template_failed|not_30pct_above_52w_low
2023-05-03,2023-05-02,TQQQ,QQQ,orange,orange,29,0,0.1201501107,0.0857189697,0.1401759123,0.0577668551,0.0374644361,True,0,164.6594,signal_trend_template_failed|not_30pct_above_52w_low
2023-05-04,2023-05-03,TQQQ,QQQ,orange,orange,30,0,0.1084845991,0.056032157,0.1460407245,0.0526576689,0.0290897171,True,0,220.3057,signal_trend_template_failed|not_30pct_above_52w_low
2023-05-05,2023-05-04,TQQQ,QQQ,orange,orange,31,0,0.0949885667,0.0158459094,0.1537844369,0.0479001903,0.0239710426,True,0,155.3318,signal_trend_template_failed|not_30pct_above_52w_low
2023-05-08,2023-05-05,TQQQ,QQQ,orange,orange,32,0,0.1289779037,0.056208288,0.2201298164,0.0607550133,0.0439408893,True,0,132.9092,signal_trend_template_failed|not_30pct_above_52w_low
2023-05-09,2023-05-08,TQQQ,QQQ,orange,orange,33,0,0.1414854724,0.0678581803,0.2475226441,0.0685505929,0.0443466473,True,0,103.7653,signal_trend_template_failed|not_30pct_above_52w_low
2023-05-10,2023-05-09,TQQQ,QQQ,orange,orange,34,0,0.1266220771,0.0395570614,0.2199985871,0.0619487775,0.0358508242,True,0,87.1168,signal_trend_template_failed|not_30pct_above_52w_low
2023-05-11,2023-05-10,TQQQ,QQQ,orange,orange,35,0,0.1451997669,0.069893554,0.2198626667,0.0733639031,0.0449668299,True,0,210.1873,signal_trend_template_failed|not_30pct_above_52w_low
2023-05-12,2023-05-11,TQQQ,QQQ,orange,orange,36,0,0.1507946108,0.082952172,0.2149856105,0.0779532973,0.0459898804,True,0,136.1291,signal_trend_template_failed|not_30pct_above_52w_low
2023-05-15,2023-05-12,TQQQ,QQQ,orange,orange,37,0,0.1583118975,0.0861969196,0.2392244294,0.0818252658,0.0401121466,True,0,145.8501,signal_trend_template_failed|not_30pct_above_52w_low
2023-05-16,2023-05-15,TQQQ,QQQ,orange,orange,38,0,0.1321908367,0.0748632525,0.160316306,0.072499933,0.0439019129,True,0,121.5055,signal_trend_template_failed|not_30pct_above_52w_low
2023-05-17,2023-05-16,TQQQ,QQQ,orange,orange,39,0,0.1329618067,0.0681876417,0.1406131858,0.0749067015,0.0432441474,True,0,112.3664,signal_trend_template_failed|not_30pct_above_52w_low
2023-05-18,2023-05-17,TQQQ,QQQ,orange,orange,40,0,0.1412674193,0.0728974322,0.1646106079,0.074431299,0.0535040017,True,0,147.7234,signal_trend_template_failed
2023-05-19,2023-05-18,TQQQ,QQQ,orange,orange,41,0,0.1629632272,0.1137229789,0.1700501044,0.0864036846,0.0703528495,True,0,209.286,signal_trend_template_failed
2023-05-22,2023-05-19,TQQQ,QQQ,orange,orange,42,0,0.1703631037,0.119109174,0.1835681602,0.0901180179,0.0649462487,True,0,151.4175,signal_trend_template_failed
2023-05-23,2023-05-22,TQQQ,QQQ,orange,orange,43,0,0.1854129332,0.1500962418,0.1901700463,0.0969486922,0.0651829905,True,0,128.7107,signal_trend_template_failed
2023-05-24,2023-05-23,TQQQ,QQQ,green,green,1,0,0.1789855875,0.1346680484,0.1750418034,0.0954120556,0.048826854,True,1,157.897,
2023-05-25,2023-05-24,TQQQ,QQQ,green,green,2,0,0.177311555,0.1190734659,0.1811648825,0.0983292737,0.0411706573,True,2,172.369,
2023-05-26,2023-05-25,TQQQ,QQQ,strong_green,strong_green,1,1,0.2007590814,0.1658244272,0.1927275617,0.1194666061,0.0637501486,True,3,205.0257,
2023-05-30,2023-05-26,TQQQ,QQQ,green,green,1,0,0.2159764594,0.187110795,0.2110475467,0.1318245494,0.0880632632,True,4,212.9835,
2023-05-31,2023-05-30,TQQQ,QQQ,green,green,2,0,0.2197329899,0.1940382834,0.224595399,0.1362087515,0.0899278744,True,5,231.1987,
2023-06-01,2023-05-31,TQQQ,QQQ,green,green,3,0,0.2222428608,0.1968708901,0.2357653279,0.1379386645,0.0809017737,True,6,176.014,
2023-06-02,2023-06-01,TQQQ,QQQ,green,green,4,0,0.2413826407,0.200759178,0.2595748823,0.1469459372,0.0905649901,True,7,188.0081,
2023-06-05,2023-06-02,TQQQ,QQQ,green,green,5,0,0.2193013001,0.1852609621,0.2136942479,0.1291839124,0.0954499071,True,8,192.0122,
2023-06-06,2023-06-05,TQQQ,QQQ,green,green,6,0,0.2235257098,0.1847524749,0.2130614169,0.1326582071,0.0931732747,True,9,183.3248,
2023-06-07,2023-06-06,TQQQ,QQQ,green,green,7,0,0.2301824534,0.1992621915,0.2177067763,0.1301023872,0.0900370438,True,10,141.6173,
2023-06-08,2023-06-07,TQQQ,QQQ,strong_green,strong_green,1,1,0.2133434282,0.1730576713,0.2174814308,0.1113963643,0.0689133626,True,11,192.5104,
2023-06-09,2023-06-08,TQQQ,QQQ,strong_green,strong_green,2,2,0.240206442,0.2085581055,0.2586745863,0.1224237376,0.0791376353,True,12,163.9674,
2023-06-12,2023-06-09,TQQQ,QQQ,green,green,1,0,0.2552344537,0.2304585538,0.2686656981,0.1271841041,0.0805041392,True,13,183.4174,
2023-06-13,2023-06-12,TQQQ,QQQ,green,green,2,0,0.2652008761,0.2420381613,0.2750132132,0.1319684688,0.0957683023,True,14,143.5674,
2023-06-14,2023-06-13,TQQQ,QQQ,green,green,3,0,0.2652553512,0.2234672266,0.2930556429,0.1296708583,0.1013541015,True,15,252.6234,
2023-06-15,2023-06-14,TQQQ,QQQ,green,green,4,0,0.2659924762,0.2259272682,0.2863076163,0.1294169018,0.1062889717,True,16,295.5556,
2023-06-16,2023-06-15,TQQQ,QQQ,green,green,5,0,0.2583512376,0.2086736285,0.2877916059,0.1219527043,0.1160166373,True,17,256.3866,
2023-06-20,2023-06-16,TQQQ,QQQ,green,green,6,0,0.2520322758,0.2067711844,0.2892459983,0.1143410625,0.1055278192,True,18,220.9288,
2023-06-21,2023-06-20,TQQQ,QQQ,green,green,7,0,0.2701842785,0.2007823409,0.3321285891,0.12949699,0.1006806292,True,19,164.5343,
2023-06-22,2023-06-21,TQQQ,QQQ,green,green,8,0,0.2565619214,0.1677401883,0.3266230637,0.1174171357,0.0827920745,True,20,187.0565,
2023-06-23,2023-06-22,TQQQ,QQQ,green,green,9,0,0.2750553758,0.1978060173,0.3614084417,0.1295761414,0.0922494586,True,21,203.8711,
2023-06-26,2023-06-23,TQQQ,QQQ,strong_green,strong_green,1,1,0.2546180612,0.1720334735,0.3489626099,0.1199901971,0.0782097745,True,22,211.9002,
2023-06-27,2023-06-26,TQQQ,QQQ,strong_green,strong_green,2,2,0.2359442202,0.1520810793,0.3118490191,0.1082647787,0.0612970846,True,23,196.0625,
2023-06-28,2023-06-27,TQQQ,QQQ,strong_green,strong_green,3,3,0.2661963496,0.1799748061,0.3678703848,0.1268744238,0.0766258079,True,24,185.319,
2023-06-29,2023-06-28,TQQQ,QQQ,strong_green,strong_green,4,4,0.2798316448,0.1885908679,0.367464302,0.1353236684,0.0757894379,True,25,207.448,
2023-06-30,2023-06-29,TQQQ,QQQ,strong_green,strong_green,5,5,0.2758695937,0.1649687235,0.3842973513,0.130974724,0.0707667721,True,26,187.9381,
2023-07-03,2023-06-30,TQQQ,QQQ,green,green,1,0,0.2929736121,0.1718406959,0.4244497182,0.1383222421,0.0840142533,True,27,182.5901,
2023-07-05,2023-07-03,TQQQ,QQQ,green,green,2,0,0.2797575658,0.1553861353,0.3938298786,0.1334738279,0.0831067637,True,28,79.6636,
2023-07-06,2023-07-05,TQQQ,QQQ,strong_green,strong_green,1,1,0.2784187577,0.15816904,0.3946293537,0.1379147292,0.0796601138,True,29,138.5508,
2023-07-07,2023-07-06,TQQQ,QQQ,strong_green,strong_green,2,2,0.2834660519,0.1532391444,0.3934272215,0.1402604711,0.0682017172,True,30,165.918,
2023-07-10,2023-07-07,TQQQ,QQQ,strong_green,strong_green,3,3,0.2781514515,0.1608711365,0.3822158811,0.1410893663,0.0611587069,True,31,162.4482,
2023-07-11,2023-07-10,TQQQ,QQQ,strong_green,strong_green,4,4,0.2789558229,0.1534743145,0.4046584132,0.1401369375,0.0581391961,True,32,165.8376,
2023-07-12,2023-07-11,TQQQ,QQQ,strong_green,strong_green,5,5,0.2744903174,0.1598295327,0.3736826258,0.1359049757,0.0604108262,True,33,158.8827,
2023-07-13,2023-07-12,TQQQ,QQQ,strong_green,strong_green,6,6,0.2884676505,0.1820642944,0.382085208,0.1432084368,0.0706766632,True,34,233.5861,
2023-07-14,2023-07-13,TQQQ,QQQ,green,green,1,0,0.3032300212,0.212848601,0.3937541426,0.1573796142,0.0852774554,True,35,175.4197,
2023-07-17,2023-07-14,TQQQ,QQQ,green,green,2,0,0.2860132624,0.1893032266,0.3697623409,0.1505754708,0.0813261307,True,36,197.8982,
2023-07-18,2023-07-17,TQQQ,QQQ,green,green,3,0,0.2905436841,0.2026706801,0.3751228405,0.1556013683,0.0873452674,True,37,159.0773,
2023-07-19,2023-07-18,TQQQ,QQQ,green,green,4,0,0.301434607,0.211482538,0.3768982347,0.1620306307,0.0918959044,True,38,219.494,
2023-07-20,2023-07-19,TQQQ,QQQ,green,green,5,0,0.3048201055,0.2111242201,0.3737898565,0.1619326085,0.0877491423,True,39,224.4864,
2023-07-21,2023-07-20,TQQQ,QQQ,strong_green,strong_green,1,1,0.2774000728,0.183762045,0.3597985395,0.1368169471,0.0594760879,True,40,243.3791,
2023-07-24,2023-07-21,TQQQ,QQQ,strong_green,strong_green,2,2,0.2841312076,0.1892792558,0.3691721913,0.137460503,0.0530747511,True,41,211.5716,
2023-07-25,2023-07-24,TQQQ,QQQ,strong_green,strong_green,3,3,0.2775311443,0.1899375674,0.3348284058,0.1314824523,0.0517178785,True,42,130.9323,
2023-07-26,2023-07-25,TQQQ,QQQ,strong_green,strong_green,4,4,0.2867998307,0.2005051252,0.31466911,0.1378270969,0.0557163236,True,43,145.9933,
2023-07-27,2023-07-26,TQQQ,QQQ,strong_green,strong_green,5,5,0.2980001854,0.2195160385,0.312976406,0.1395235028,0.0491086831,True,44,215.1319,
2023-07-28,2023-07-27,TQQQ,QQQ,strong_green,strong_green,6,6,0.2909266591,0.2092751496,0.3127604027,0.1379551687,0.0436912536,True,45,270.6554,
2023-07-31,2023-07-28,TQQQ,QQQ,strong_green,strong_green,7,7,0.2867251381,0.1987079236,0.3111084925,0.1401416739,0.0593687022,True,46,223.4317,
2023-08-01,2023-07-31,TQQQ,QQQ,strong_green,strong_green,8,8,0.2788536146,0.1911157959,0.298862884,0.1353719414,0.0568258167,True,47,174.0859,
2023-08-02,2023-08-01,TQQQ,QQQ,strong_green,strong_green,9,9,0.2903958173,0.1897176912,0.3225912904,0.1411563352,0.0517101908,True,48,166.2745,
2023-08-03,2023-08-02,TQQQ,QQQ,strong_green,strong_green,10,10,0.2528940689,0.1738478626,0.274468892,0.1200515815,0.0264687637,True,49,261.9975,
2023-08-04,2023-08-03,TQQQ,QQQ,strong_green,strong_green,11,11,0.2437752272,0.1796866257,0.2457870119,0.1142546163,0.0227704405,True,50,202.9655,
2023-08-07,2023-08-04,TQQQ,QQQ,strong_green,strong_green,12,12,0.2312138363,0.1783226425,0.1969942363,0.1038772282,0.0158063064,True,51,245.9824,
2023-08-08,2023-08-07,TQQQ,QQQ,strong_green,strong_green,13,13,0.2307870135,0.1635686623,0.2289708647,0.103636335,0.0219519109,True,52,152.5939,
2023-08-09,2023-08-08,TQQQ,QQQ,strong_green,strong_green,14,14,0.2274968137,0.1508243223,0.2289171667,0.0997947379,0.0114585365,True,53,187.3845,
2023-08-10,2023-08-09,TQQQ,QQQ,orange,orange,1,0,0.2149243221,0.1454255619,0.1907352312,0.091885841,-0.0007481394,True,0,191.3546,signal_trend_template_failed|close_below_50ma
2023-08-11,2023-08-10,TQQQ,QQQ,strong_green,strong_green,1,1,0.2173860611,0.1351894347,0.2145318587,0.0939621468,6.16751e-05,True,1,251.1362,
2023-08-14,2023-08-11,TQQQ,QQQ,orange,orange,1,0,0.2122993734,0.1242867166,0.2175487417,0.0864382604,-0.0073231653,True,0,190.3913,signal_trend_template_failed|close_below_50ma
2023-08-15,2023-08-14,TQQQ,QQQ,strong_green,strong_green,1,1,0.2256187285,0.1409962568,0.2393466195,0.0975406502,0.0027938433,True,1,139.1231,
2023-08-16,2023-08-15,TQQQ,QQQ,orange,orange,1,0,0.2076475193,0.1228086734,0.2068657826,0.0933202383,-0.0085055067,True,0,153.7714,signal_trend_template_failed|close_below_50ma
2023-08-17,2023-08-16,TQQQ,QQQ,orange,orange,2,0,0.194340337,0.109662798,0.1853280873,0.0834278811,-0.0194356086,True,0,173.9698,signal_trend_template_failed|close_below_50ma
2023-08-18,2023-08-17,TQQQ,QQQ,orange,orange,3,0,0.1794545757,0.084416007,0.1634671493,0.0773266108,-0.0303681237,True,0,185.7688,signal_trend_template_failed|close_below_50ma
2023-08-21,2023-08-18,TQQQ,QQQ,orange,orange,4,0,0.1765055046,0.0633061756,0.1842285214,0.0743083234,-0.032097103,True,0,217.2447,signal_trend_template_failed|close_below_50ma
2023-08-22,2023-08-21,TQQQ,QQQ,orange,orange,5,0,0.1873047554,0.0828778932,0.2118585846,0.08348288,-0.0170995813,True,0,176.5612,signal_trend_template_failed|close_below_50ma
2023-08-23,2023-08-22,TQQQ,QQQ,orange,orange,6,0,0.1912993678,0.0777111983,0.2394715989,0.0848182788,-0.0190004363,True,0,165.5679,signal_trend_template_failed|close_below_50ma
2023-08-24,2023-08-23,TQQQ,QQQ,orange,orange,7,0,0.2120905412,0.1087603137,0.2580749014,0.0921445963,-0.0040214899,True,0,168.6457,signal_trend_template_failed|close_below_50ma
2023-08-25,2023-08-24,TQQQ,QQQ,orange,orange,8,0,0.1926827474,0.0906543141,0.2205223033,0.0797011866,-0.0252303177,True,0,208.6671,signal_trend_template_failed|close_below_50ma
2023-08-28,2023-08-25,TQQQ,QQQ,orange,orange,9,0,0.197243608,0.0729994362,0.2509289531,0.0774605656,-0.0176011823,True,0,255.7905,signal_trend_template_failed|close_below_50ma
2023-08-29,2023-08-28,TQQQ,QQQ,orange,orange,10,0,0.1909019157,0.0541420354,0.2513833897,0.0718682402,-0.0100467406,True,0,171.6262,signal_trend_template_failed|close_below_50ma
2023-08-30,2023-08-29,TQQQ,QQQ,green,early_thaw,1,0,0.2053447952,0.0723014725,0.2803690095,0.0771725196,0.0111728228,True,1,187.4235,
2023-08-31,2023-08-30,TQQQ,QQQ,strong_green,strong_green,1,1,0.2161267453,0.0844474204,0.2979435494,0.0810829774,0.0162656941,True,2,188.987,
2023-09-01,2023-08-31,TQQQ,QQQ,green,green,1,0,0.2106260781,0.0752777205,0.2911495917,0.0846094778,0.0184291158,True,3,166.375,
2023-09-05,2023-09-01,TQQQ,QQQ,green,green,2,0,0.1986143702,0.066144133,0.2636590208,0.081406127,0.0167258158,True,4,168.6641,
2023-09-06,2023-09-05,TQQQ,QQQ,green,green,3,0,0.2022077291,0.0667471575,0.2638313349,0.0865531598,0.0171675379,True,5,126.8115,
2023-09-07,2023-09-06,TQQQ,QQQ,green,green,4,0,0.2065498457,0.0575304347,0.2682562668,0.0876852131,0.0072839267,True,6,147.6792,
2023-09-08,2023-09-07,TQQQ,QQQ,orange,orange,1,0,0.2088118822,0.0680876057,0.2529283594,0.0883569838,-0.0003622991,True,0,164.5244,signal_trend_template_failed|close_below_50ma
2023-09-11,2023-09-08,TQQQ,QQQ,green,green,1,0,0.2122330607,0.0564665017,0.2768011538,0.0871379506,0.0006026988,True,1,146.3404,
2023-09-12,2023-09-11,TQQQ,QQQ,green,green,2,0,0.2252957281,0.0648435714,0.3102458809,0.0937965732,0.0116772475,True,2,143.4046,
2023-09-13,2023-09-12,TQQQ,QQQ,green,early_thaw,3,0,0.2014249424,0.0355387226,0.286178611,0.0786091181,0.0002785528,True,3,152.3453,
2023-09-14,2023-09-13,TQQQ,QQQ,green,green,4,0,0.201072906,0.0315564333,0.2620754886,0.081738782,0.0038773836,True,4,169.0085,
2023-09-15,2023-09-14,TQQQ,QQQ,green,early_thaw,5,0,0.1999202647,0.0324885218,0.265755833,0.075332075,0.0117071113,True,5,154.2726,
2023-09-18,2023-09-15,TQQQ,QQQ,orange,orange,1,0,0.1769327416,0.0028594743,0.2121297996,0.0681546639,-0.0057949506,True,0,172.7308,signal_trend_template_failed|close_below_50ma
2023-09-19,2023-09-18,TQQQ,QQQ,orange,orange,2,0,0.1840412154,0.0102619748,0.2191550399,0.068699832,-0.005023091,True,0,120.1365,signal_trend_template_failed|close_below_50ma
2023-09-20,2023-09-19,TQQQ,QQQ,orange,orange,3,0,0.176199973,0.0095539544,0.2122545607,0.0659590742,-0.0073591311,True,0,142.3227,signal_trend_template_failed|close_below_50ma
2023-09-21,2023-09-20,TQQQ,QQQ,orange,orange,4,0,0.1648163554,0.0087529804,0.1779613953,0.0625178244,-0.0215007121,True,0,179.4455,signal_trend_template_failed|close_below_50ma
2023-09-22,2023-09-21,TQQQ,QQQ,orange,orange,5,0,0.1484056464,-0.0212800237,0.1723166768,0.0554538462,-0.0386871798,True,0,187.1656,signal_trend_template_failed|close_below_50ma|three_month_momentum_not_positive
2023-09-25,2023-09-22,TQQQ,QQQ,orange,orange,6,0,0.14847192,-0.0113420514,0.1587402096,0.0563529646,-0.0374827272,True,0,162.5798,signal_trend_template_failed|close_below_50ma|three_month_momentum_not_positive
2023-09-26,2023-09-25,TQQQ,QQQ,orange,orange,7,0,0.1618650869,0.0068513593,0.1599744007,0.0644689532,-0.0319262369,False,0,142.278,signal_trend_template_failed|close_below_50ma
2023-09-27,2023-09-26,TQQQ,QQQ,orange,orange,8,0,0.1394367042,-0.0250318608,0.1504378411,0.0608989677,-0.0450314576,False,0,176.1934,signal_trend_template_failed|close_below_50ma|three_month_momentum_not_positive
2023-09-28,2023-09-27,TQQQ,QQQ,orange,orange,9,0,0.1409271541,-0.024650574,0.1592914208,0.0616363939,-0.041235309,False,0,216.1324,signal_trend_template_failed|close_below_50ma|three_month_momentum_not_positive
2023-09-29,2023-09-28,TQQQ,QQQ,orange,orange,10,0,0.1434380294,-0.0145181119,0.1480555773,0.0654712269,-0.0317988351,False,0,231.0803,signal_trend_template_failed|close_below_50ma|three_month_momentum_not_positive
2023-10-02,2023-09-29,TQQQ,QQQ,orange,orange,11,0,0.1328124978,-0.0287786044,0.1381167561,0.0639253391,-0.0301543775,False,0,247.7625,signal_trend_template_failed|close_below_50ma|three_month_momentum_not_positive
2023-10-03,2023-10-02,TQQQ,QQQ,orange,orange,12,0,0.1359049528,-0.0229742524,0.1288420025,0.07100414,-0.0213276779,False,0,209.1095,signal_trend_template_failed|close_below_50ma|three_month_momentum_not_positive
2023-10-04,2023-10-03,TQQQ,QQQ,orange,orange,13,0,0.1201189425,-0.040094379,0.1117329716,0.0659062094,-0.0374197518,False,0,223.2326,signal_trend_template_failed|close_below_50ma|three_month_momentum_not_positive
2023-10-05,2023-10-04,TQQQ,QQQ,orange,orange,14,0,0.1353147373,-0.0195645857,0.1306764984,0.0715622628,-0.0233414544,False,0,220.2721,signal_trend_template_failed|close_below_50ma|three_month_momentum_not_positive
2023-10-06,2023-10-05,TQQQ,QQQ,orange,orange,15,0,0.1389487173,-0.0191972006,0.1385856605,0.071603289,-0.0252515129,False,0,187.9771,signal_trend_template_failed|close_below_50ma|three_month_momentum_not_positive
2023-10-09,2023-10-06,TQQQ,QQQ,orange,orange,16,0,0.1543412496,-0.003090127,0.1499099324,0.0787593931,-0.0083059112,False,0,267.0767,signal_trend_template_failed|close_below_50ma|three_month_momentum_not_positive
2023-10-10,2023-10-09,TQQQ,QQQ,orange,orange,17,0,0.1507555854,-0.002931815,0.156429127,0.0759863913,-0.0023602762,False,0,193.8769,signal_trend_template_failed|close_below_50ma|three_month_momentum_not_positive
2023-10-11,2023-10-10,TQQQ,QQQ,yellow,yellow,1,0,0.1468682168,-0.0099147866,0.1703443792,0.0737098052,0.0039589507,False,1,201.8528,three_month_momentum_not_positive
2023-10-12,2023-10-11,TQQQ,QQQ,yellow,yellow,2,0,0.1484194783,-0.019497937,0.1892005553,0.0750292485,0.0117298049,False,2,182.8754,three_month_momentum_not_positive
2023-10-13,2023-10-12,TQQQ,QQQ,yellow,yellow,3,0,0.1420165249,-0.0226990056,0.162307226,0.0753083796,0.008429214,False,3,222.9712,three_month_momentum_not_positive
2023-10-16,2023-10-13,TQQQ,QQQ,orange,orange,1,0,0.1226145965,-0.0439120129,0.1498589897,0.061190463,-0.0038135731,False,0,235.4062,signal_trend_template_failed|close_below_50ma|three_month_momentum_not_positive
2023-10-17,2023-10-16,TQQQ,QQQ,yellow,yellow,1,0,0.1252735931,-0.0409477991,0.1618749944,0.0611861238,0.0075646029,False,1,162.3591,three_month_momentum_not_positive
2023-10-18,2023-10-17,TQQQ,QQQ,yellow,yellow,2,0,0.1270062893,-0.0438661835,0.1579968228,0.0614560973,0.0046176153,False,2,195.3854,three_month_momentum_not_positive
2023-10-19,2023-10-18,TQQQ,QQQ,orange,orange,1,0,0.1255054354,-0.0341436974,0.143344032,0.0683687061,-0.0081227828,False,0,234.0627,signal_trend_template_failed|close_below_50ma|three_month_momentum_not_positive
2023-10-20,2023-10-19,TQQQ,QQQ,orange,orange,2,0,0.117088781,-0.0403027457,0.1413480364,0.0665907446,-0.0170060933,False,0,320.3344,signal_trend_template_failed|close_below_50ma|three_month_momentum_not_positive
2023-10-23,2023-10-20,TQQQ,QQQ,orange,orange,3,0,0.0968094073,-0.0561272349,0.1231496621,0.0589647764,-0.030958195,False,0,229.5688,signal_trend_template_failed|close_below_50ma|three_month_momentum_not_positive
2023-10-24,2023-10-23,TQQQ,QQQ,orange,orange,4,0,0.1022274204,-0.0596524495,0.1288920538,0.0648513692,-0.0275003563,False,0,219.8115,signal_trend_template_failed|close_below_50ma|three_month_momentum_not_positive
2023-10-25,2023-10-24,TQQQ,QQQ,orange,orange,5,0,0.1187984376,-0.0473353922,0.1617897684,0.0715812457,-0.01746558,False,0,210.1285,signal_trend_template_failed|close_below_50ma|three_month_momentum_not_positive
2023-10-26,2023-10-25,TQQQ,QQQ,orange,orange,6,0,0.089937637,-0.0684319132,0.1265221374,0.0524215195,-0.0406976989,False,0,260.9188,signal_trend_template_failed|close_below_50ma|three_month_momentum_not_positive
2023-10-27,2023-10-26,TQQQ,QQQ,orange,orange,7,0,0.0627194167,-0.1025413375,0.0757908098,0.0397980776,-0.0580420606,False,0,279.8962,signal_trend_template_failed|close_below_50ma|three_month_momentum_not_positive
2023-10-30,2023-10-27,TQQQ,QQQ,orange,orange,8,0,0.0693986585,-0.0987025551,0.0735496234,0.0501456155,-0.0528574168,False,0,223.6671,signal_trend_template_failed|close_below_50ma|three_month_momentum_not_positive
2023-10-31,2023-10-30,TQQQ,QQQ,orange,orange,9,0,0.0799949234,-0.0864299477,0.0868904534,0.0518909209,-0.0417453606,False,0,207.0703,signal_trend_template_failed|close_below_50ma|three_month_momentum_not_positive
2023-11-01,2023-10-31,TQQQ,QQQ,orange,orange,10,0,0.0902886512,-0.0614656628,0.1016965257,0.0526293455,-0.0365014626,False,0,177.1901,signal_trend_template_failed|close_below_50ma|three_month_momentum_not_positive
2023-11-02,2023-11-01,TQQQ,QQQ,orange,orange,11,0,0.105487146,-0.0436431424,0.1282013943,0.05774762,-0.0194608319,False,0,278.0253,signal_trend_template_failed|close_below_50ma|three_month_momentum_not_positive
2023-11-03,2023-11-02,TQQQ,QQQ,orange,orange,12,0,0.1193138696,-0.0217017567,0.1527509712,0.0557134901,-0.0013789931,False,0,206.0846,signal_trend_template_failed|close_below_50ma|three_month_momentum_not_positive
2023-11-06,2023-11-03,TQQQ,QQQ,yellow,yellow,1,0,0.1230838439,-0.0185179576,0.1420217471,0.0593197142,0.0099645299,False,1,208.3645,three_month_momentum_not_positive
2023-11-07,2023-11-06,TQQQ,QQQ,yellow,yellow,2,0,0.1307742976,-0.0060634329,0.1438463763,0.0639104419,0.0137660341,False,2,169.217,three_month_momentum_not_positive
2023-11-08,2023-11-07,TQQQ,QQQ,green,green,1,0,0.1504608487,0.0144858722,0.1620180503,0.0759444736,0.0229854279,False,3,193.788,
2023-11-09,2023-11-08,TQQQ,QQQ,green,green,2,0,0.1461888934,0.0132664627,0.150249383,0.0723859791,0.0237166143,False,4,178.4317,
2023-11-10,2023-11-09,TQQQ,QQQ,green,green,3,0,0.1412371443,0.0119204738,0.1376887469,0.0721868076,0.0161869094,False,5,239.4413,
2023-11-13,2023-11-10,TQQQ,QQQ,green,green,4,0,0.1579640023,0.0231880979,0.1674537897,0.0806364211,0.0389790579,False,6,246.0867,
2023-11-14,2023-11-13,TQQQ,QQQ,green,green,5,0,0.1555773778,0.0309372246,0.1575452575,0.0759372044,0.0357295715,False,7,176.7525,
2023-11-15,2023-11-14,TQQQ,QQQ,green,green,6,0,0.1740040768,0.0644004946,0.1811256311,0.0785543,0.0575717513,True,8,243.176,
2023-11-16,2023-11-15,TQQQ,QQQ,green,green,7,0,0.1777693469,0.0769654075,0.1678785268,0.0800787162,0.0577045377,True,9,228.0688,
2023-11-17,2023-11-16,TQQQ,QQQ,green,green,8,0,0.1718435273,0.0792412571,0.1475638937,0.0770051982,0.0577725486,True,10,186.2017,
2023-11-20,2023-11-17,TQQQ,QQQ,green,green,9,0,0.1602293963,0.0623766494,0.1504241879,0.0693043535,0.0572081904,True,11,164.8479,
2023-11-21,2023-11-20,TQQQ,QQQ,green,green,10,0,0.1689401914,0.0768494462,0.160532707,0.0731043616,0.0692409361,True,12,179.5511,
2023-11-22,2023-11-21,TQQQ,QQQ,green,green,11,0,0.1626291468,0.0539738854,0.1686044158,0.0666189247,0.0620865815,True,13,157.8006,
2023-11-24,2023-11-22,TQQQ,QQQ,green,green,12,0,0.1749824934,0.081403612,0.1794375147,0.069910735,0.0654785515,True,14,184.5805,
2023-11-27,2023-11-24,TQQQ,QQQ,green,green,13,0,0.1658295435,0.0715726166,0.1497968134,0.0618905801,0.0632337682,True,15,68.5351,
2023-11-28,2023-11-27,TQQQ,QQQ,green,green,14,0,0.15796771,0.0626385644,0.1201719791,0.0581274712,0.0612107563,True,16,130.1573,
2023-11-29,2023-11-28,TQQQ,QQQ,green,green,15,0,0.1473225043,0.0426523706,0.1180376723,0.0522655087,0.0628601457,True,17,170.4797,
2023-11-30,2023-11-29,TQQQ,QQQ,green,green,16,0,0.1408375278,0.0358600204,0.123335727,0.0490402405,0.0606726423,True,18,190.4341,
2023-12-01,2023-11-30,TQQQ,QQQ,green,green,17,0,0.1302379396,0.0301672053,0.1077158442,0.0361444493,0.0566096441,True,19,198.2784,
2023-12-04,2023-12-01,TQQQ,QQQ,green,green,18,0,0.1254813224,0.0342022725,0.1026086851,0.0340537174,0.0577816459,True,20,185.515,
2023-12-05,2023-12-04,TQQQ,QQQ,green,early_thaw,19,0,0.1167890516,0.0233006009,0.0916030073,0.0241621059,0.0463490714,True,21,188.7834,
2023-12-06,2023-12-05,TQQQ,QQQ,green,early_thaw,20,0,0.1233086057,0.0349858047,0.094528988,0.0303271093,0.0474057493,True,22,175.8659,
2023-12-07,2023-12-06,TQQQ,QQQ,green,early_thaw,21,0,0.1254967108,0.0364117887,0.1069785858,0.034388565,0.0396134433,True,23,168.0571,
2023-12-08,2023-12-07,TQQQ,QQQ,green,green,22,0,0.1349990428,0.0494260153,0.1086834312,0.0389538795,0.0521286469,True,24,174.829,
2023-12-11,2023-12-08,TQQQ,QQQ,green,green,23,0,0.1288486728,0.0418274499,0.1093832625,0.0334795113,0.0548753943,True,25,197.6109,
2023-12-12,2023-12-11,TQQQ,QQQ,green,green,24,0,0.1361956695,0.0625083396,0.1002685287,0.0397489659,0.0617586602,True,26,168.9181,
2023-12-13,2023-12-12,TQQQ,QQQ,green,green,25,0,0.1410384616,0.0669067715,0.1005745439,0.0440952083,0.0680696725,True,27,163.1328,
2023-12-14,2023-12-13,TQQQ,QQQ,green,green,26,0,0.1450746794,0.0717110587,0.1065293667,0.0424742297,0.0788305491,True,28,271.9202,
2023-12-15,2023-12-14,TQQQ,QQQ,green,green,27,0,0.1444363337,0.0894363209,0.092551536,0.0397280971,0.0753872361,True,29,239.1639,
2023-12-18,2023-12-15,TQQQ,QQQ,green,green,28,0,0.1496674362,0.0935628131,0.1047849272,0.046660325,0.0779046619,True,30,187.1317,
2023-12-19,2023-12-18,TQQQ,QQQ,green,green,29,0,0.1518432966,0.1028014483,0.1133375631,0.0455855283,0.0822079904,True,31,141.9288,
2023-12-20,2023-12-19,TQQQ,QQQ,green,green,30,0,0.1671818053,0.1246427735,0.1344867497,0.0523241183,0.0852373775,True,32,148.8879,
2023-12-21,2023-12-20,TQQQ,QQQ,green,green,31,0,0.1616371714,0.1286122615,0.1045953658,0.0486018492,0.0671169621,True,33,208.2554,
2023-12-22,2023-12-21,TQQQ,QQQ,green,green,32,0,0.1750924522,0.1415844567,0.1286365472,0.0530285132,0.0774060084,True,34,182.0935,
2023-12-26,2023-12-22,TQQQ,QQQ,green,green,33,0,0.1770645784,0.1378874369,0.1456835126,0.054570768,0.0767879018,True,35,162.379,
2023-12-27,2023-12-26,TQQQ,QQQ,green,green,34,0,0.1839936173,0.1623071759,0.1332124645,0.0556709867,0.0807395594,True,36,109.0959,
2023-12-28,2023-12-27,TQQQ,QQQ,green,green,35,0,0.1856404833,0.1619502482,0.1333075077,0.0561503343,0.080492916,True,37,139.9519,
2023-12-29,2023-12-28,TQQQ,QQQ,green,green,36,0,0.1846982599,0.1517508255,0.1350295782,0.0569188253,0.0774765369,True,38,107.3867,
2024-01-02,2023-12-29,TQQQ,QQQ,green,green,37,0,0.1723655914,0.1459341841,0.1129557975,0.0500047672,0.0701745451,True,39,165.7617,
2024-01-03,2024-01-02,TQQQ,QQQ,green,green,38,0,0.1515772873,0.1172183672,0.0915511105,0.0311596824,0.0496768381,True,40,206.6201,
2024-01-04,2024-01-03,TQQQ,QQQ,green,green,39,0,0.1517650274,0.1251421444,0.0800302689,0.0306946018,0.03615869,True,41,190.4114,
2024-01-05,2024-01-04,TQQQ,QQQ,green,green,40,0,0.1432687419,0.1043236444,0.0827180099,0.0250048899,0.0286050974,True,42,160.3618,
2024-01-08,2024-01-05,TQQQ,QQQ,green,green,41,0,0.1468740217,0.1089007544,0.0876129642,0.0266053952,0.0277695382,True,43,190.9076,
2024-01-09,2024-01-08,TQQQ,QQQ,green,green,42,0,0.1574687253,0.1131677289,0.1097278993,0.0328825986,0.0460041759,True,44,160.7265,
2024-01-10,2024-01-09,TQQQ,QQQ,green,green,43,0,0.1576814834,0.1097071093,0.1064536533,0.0378656237,0.0446728368,True,45,177.3859,
2024-01-11,2024-01-10,TQQQ,QQQ,green,green,44,0,0.1580523169,0.1110753323,0.1000592575,0.0383692766,0.0482954133,True,46,179.9046,
2024-01-12,2024-01-11,TQQQ,QQQ,green,green,45,0,0.1565683342,0.1054988961,0.0839439482,0.037804829,0.0471964521,True,47,232.9418,
2024-01-16,2024-01-12,TQQQ,QQQ,green,green,46,0,0.1561280743,0.109923271,0.0847291165,0.0334475235,0.0445498686,True,48,157.1902,
2024-01-17,2024-01-16,TQQQ,QQQ,green,green,47,0,0.1558437433,0.1239425026,0.0745879249,0.0374694133,0.0416075707,True,49,178.7348,
2024-01-18,2024-01-17,TQQQ,QQQ,green,green,48,0,0.1448413257,0.1051079134,0.0598561766,0.0365849949,0.0333831064,True,50,200.545,
2024-01-19,2024-01-18,TQQQ,QQQ,green,green,49,0,0.158859171,0.1244773707,0.07515084,0.0455276884,0.0455991096,True,51,228.7162,
2024-01-22,2024-01-19,TQQQ,QQQ,green,green,50,0,0.1894520324,0.1620202136,0.1223445471,0.0598950567,0.0634858619,True,52,247.5387,
2024-01-23,2024-01-22,TQQQ,QQQ,green,green,51,0,0.1967814316,0.1745274166,0.1271907368,0.0606773487,0.0621941333,True,53,199.5888,
2024-01-24,2024-01-23,TQQQ,QQQ,green,green,52,0,0.2078005177,0.1972619801,0.1300629757,0.064289979,0.0638430663,True,54,151.3733,
2024-01-25,2024-01-24,TQQQ,QQQ,green,green,53,0,0.2052350182,0.2002839292,0.1286840527,0.0642764344,0.0667082179,True,55,246.5088,
2024-01-26,2024-01-25,TQQQ,QQQ,green,green,54,0,0.2007917651,0.1901712752,0.133834051,0.0587080921,0.0653999006,True,56,208.2493,
2024-01-29,2024-01-26,TQQQ,QQQ,green,green,55,0,0.2092475118,0.2127642627,0.1297724839,0.0587148489,0.0565419772,True,57,173.3429,
2024-01-30,2024-01-29,TQQQ,QQQ,green,green,56,0,0.2198424383,0.2489983598,0.1209243974,0.0620374438,0.0650359878,True,58,161.1971,
2024-01-31,2024-01-30,TQQQ,QQQ,green,green,57,0,0.2078998481,0.2347560877,0.1128825069,0.048263859,0.0558113207,True,59,162.8498,
2024-02-01,2024-01-31,TQQQ,QQQ,green,green,58,0,0.1896504127,0.1970863835,0.09362227,0.0442012976,0.0334903989,True,60,260.8278,
2024-02-02,2024-02-01,TQQQ,QQQ,green,green,59,0,0.2008317501,0.2054180148,0.1313261975,0.0463295632,0.0437556357,True,61,215.3716,
2024-02-05,2024-02-02,TQQQ,QQQ,green,green,60,0,0.2061387307,0.2048774691,0.1522928302,0.0479542137,0.0593380605,True,62,276.7247,
2024-02-06,2024-02-05,TQQQ,QQQ,green,green,61,0,0.1979660316,0.1818501968,0.1562019714,0.050764167,0.0558196261,True,63,194.105,
2024-02-07,2024-02-06,TQQQ,QQQ,green,green,62,0,0.1833163648,0.1657812855,0.1441933971,0.040932026,0.0517041091,True,64,193.2234,
2024-02-08,2024-02-07,TQQQ,QQQ,green,green,63,0,0.1925160363,0.1729925703,0.1658802086,0.0442504233,0.0602596042,True,65,187.2028,
2024-02-09,2024-02-08,TQQQ,QQQ,green,green,64,0,0.1919321629,0.1641603218,0.1810241994,0.0429501684,0.0599026617,True,66,141.0579,
2024-02-12,2024-02-09,TQQQ,QQQ,green,green,65,0,0.2024025806,0.174862637,0.1904489084,0.0481501697,0.067833076,True,67,161.788,
2024-02-13,2024-02-12,TQQQ,QQQ,green,green,66,0,0.2049122076,0.1793416721,0.1933999836,0.045601535,0.0612431152,True,68,168.6332,
2024-02-14,2024-02-13,TQQQ,QQQ,green,green,67,0,0.1739439495,0.1354208337,0.1617490831,0.0326288243,0.0426221923,True,69,261.0802,
2024-02-15,2024-02-14,TQQQ,QQQ,green,green,68,0,0.1810043286,0.1513841493,0.1870047793,0.0328314753,0.051718598,True,70,222.6258,
2024-02-16,2024-02-15,TQQQ,QQQ,green,green,69,0,0.1748399757,0.13047745,0.203280757,0.0274009591,0.0523383086,True,71,186.9752,
2024-02-20,2024-02-16,TQQQ,QQQ,green,green,70,0,0.1716242518,0.1193842628,0.2055381288,0.0246045434,0.0405655053,True,72,212.4303,
2024-02-21,2024-02-20,TQQQ,QQQ,green,green,71,0,0.1641602059,0.1099851708,0.1979417912,0.0223414054,0.0305574672,True,73,223.0626,
2024-02-22,2024-02-21,TQQQ,QQQ,green,green,72,0,0.1540335693,0.1052852239,0.1742292128,0.0153752065,0.0246460615,True,74,206.2212,
2024-02-23,2024-02-22,TQQQ,QQQ,green,green,73,0,0.1711282406,0.1239595514,0.2103352205,0.0219384952,0.0522677592,True,75,262.7161,
2024-02-26,2024-02-23,TQQQ,QQQ,green,green,74,0,0.1666915731,0.1271981224,0.1880373847,0.0185414695,0.0470436202,True,76,203.8485,
2024-02-27,2024-02-26,TQQQ,QQQ,green,green,75,0,0.1769010471,0.1220121994,0.2133480451,0.0283623988,0.0445448221,True,77,159.3258,
2024-02-28,2024-02-27,TQQQ,QQQ,green,green,76,0,0.1751357428,0.1262988168,0.2069109701,0.0281983731,0.0453125995,True,78,159.622,
2024-02-29,2024-02-28,TQQQ,QQQ,green,green,77,0,0.1674419654,0.121280759,0.191516176,0.0219274037,0.0381153116,True,79,177.2825,
2024-03-01,2024-02-29,TQQQ,QQQ,green,green,78,0,0.1641004849,0.1279331477,0.1760421703,0.0221274315,0.0452821821,True,80,201.335,
2024-03-04,2024-03-01,TQQQ,QQQ,green,green,79,0,0.1740683433,0.1460325351,0.1871292852,0.0281800207,0.0590668053,True,81,216.7241,
2024-03-05,2024-03-04,TQQQ,QQQ,green,green,80,0,0.1701585987,0.1448212119,0.1793572684,0.0258181655,0.053531464,True,82,182.943,
2024-03-06,2024-03-05,TQQQ,QQQ,green,green,81,0,0.1533064945,0.121071876,0.1594150818,0.0189849665,0.0329944196,True,83,277.8088,
2024-03-07,2024-03-06,TQQQ,QQQ,green,green,82,0,0.162962192,0.1386873347,0.1652194338,0.0216043712,0.0379495155,True,84,266.0535,
2024-03-08,2024-03-07,TQQQ,QQQ,green,green,83,0,0.1762601037,0.1530752534,0.193416519,0.0262715419,0.051848204,True,85,217.7843,
2024-03-11,2024-03-08,TQQQ,QQQ,green,green,84,0,0.1713357098,0.1430420477,0.1846622532,0.0207852803,0.0352785305,True,86,433.626,
2024-03-12,2024-03-11,TQQQ,QQQ,green,green,85,0,0.1581320385,0.12310587,0.1786165179,0.0119064108,0.0301769685,True,87,212.1817,
2024-03-13,2024-03-12,TQQQ,QQQ,green,green,86,0,0.1657688473,0.1341510456,0.1815896917,0.01479566,0.0433539932,True,88,257.0421,
2024-03-14,2024-03-13,TQQQ,QQQ,green,green,87,0,0.1607708977,0.1159017787,0.1856549461,0.0093996129,0.0338405772,True,89,211.6407,
2024-03-15,2024-03-14,TQQQ,QQQ,green,green,88,0,0.1506895757,0.1042932041,0.1781778972,0.0043967925,0.0294667221,True,90,237.2285,
2024-03-18,2024-03-15,TQQQ,QQQ,yellow,yellow,1,0,0.1342531604,0.077464275,0.1547303788,-0.0009430534,0.015535069,True,91,198.1824,relative_strength_below_floor
2024-03-19,2024-03-18,TQQQ,QQQ,green,green,1,0,0.1488861012,0.0886842366,0.1860521493,0.0086183357,0.0232196065,True,92,186.8667,
2024-03-20,2024-03-19,TQQQ,QQQ,green,green,2,0,0.1433055356,0.0861461679,0.1877690589,0.000561898,0.0237411203,True,93,173.0338,
2024-03-21,2024-03-20,TQQQ,QQQ,green,green,3,0,0.1497839884,0.0921452915,0.2044194092,0.0029451011,0.0339797069,True,94,236.0999,
2024-03-22,2024-03-21,TQQQ,QQQ,green,green,4,0,0.1562699122,0.0917350944,0.2278119846,0.0068123622,0.0369080954,True,95,193.3103,
2024-03-25,2024-03-22,TQQQ,QQQ,green,green,5,0,0.1708814685,0.1094705393,0.2521620544,0.0116547097,0.0362425699,True,96,140.1843,
2024-03-26,2024-03-25,TQQQ,QQQ,green,green,6,0,0.1638047387,0.0927297173,0.2474432607,0.008810023,0.0307613474,True,97,131.3193,
2024-03-27,2024-03-26,TQQQ,QQQ,green,green,7,0,0.1596795566,0.0875647992,0.2375263219,0.0077502553,0.0257930855,True,98,141.0728,
2024-03-28,2024-03-27,TQQQ,QQQ,green,green,8,0,0.1608259418,0.0846290512,0.2606721295,0.0015836113,0.0275820985,True,99,168.6643,
2024-04-01,2024-03-28,TQQQ,QQQ,yellow,yellow,1,0,0.1550121924,0.0804306218,0.2554066292,-0.0022940273,0.0239217998,True,100,130.941,relative_strength_below_floor
2024-04-02,2024-04-01,TQQQ,QQQ,yellow,yellow,2,0,0.1524473477,0.0832443344,0.2476275564,-0.0004990992,0.0245533708,True,101,170.0026,relative_strength_below_floor
2024-04-03,2024-04-02,TQQQ,QQQ,yellow,yellow,3,0,0.1473463503,0.0785634519,0.2359627293,-0.0036195379,0.0147539022,True,102,161.5895,relative_strength_below_floor
2024-04-04,2024-04-03,TQQQ,QQQ,yellow,yellow,4,0,0.1528199047,0.0995917409,0.2284840894,-0.0006761425,0.0160530904,True,103,165.6444,relative_strength_below_floor
2024-04-05,2024-04-04,TQQQ,QQQ,orange,orange,1,0,0.1499114295,0.0943580577,0.2313083718,-0.0015095083,-5.39263e-05,True,0,236.7482,signal_trend_template_failed|close_below_50ma|relative_strength_below_floor
2024-04-08,2024-04-05,TQQQ,QQQ,yellow,yellow,1,0,0.1565064705,0.1129816908,0.2290919969,-0.0006910837,0.0110232457,True,1,226.632,relative_strength_below_floor
2024-04-09,2024-04-08,TQQQ,QQQ,green,green,1,0,0.1625192817,0.1119914758,0.2330881864,0.003938288,0.0106344658,True,2,131.3661,
2024-04-10,2024-04-09,TQQQ,QQQ,green,green,2,0,0.1528479954,0.0935047095,0.2172541541,0.0023577899,0.0134908192,True,3,177.4575,
2024-04-11,2024-04-10,TQQQ,QQQ,green,green,3,0,0.1451702125,0.0818231904,0.2005068854,0.0030278,0.0041483163,True,4,291.0731,
2024-04-12,2024-04-11,TQQQ,QQQ,green,green,4,0,0.1532263263,0.0916986553,0.2129594463,0.0108802111,0.0192193566,True,5,221.5849,
2024-04-15,2024-04-12,TQQQ,QQQ,green,early_thaw,5,0,0.1395300271,0.0720644011,0.1851660119,0.0066498263,0.0019690894,True,6,247.7093,
2024-04-16,2024-04-15,TQQQ,QQQ,orange,orange,1,0,0.1257248978,0.0538871928,0.1697339203,0.0003818242,-0.0149528926,True,0,277.6127,signal_trend_template_failed|close_below_50ma
2024-04-17,2024-04-16,TQQQ,QQQ,orange,orange,2,0,0.1264271872,0.0540878284,0.1847341118,0.0013790253,-0.0149811527,True,0,223.2769,signal_trend_template_failed|close_below_50ma
2024-04-18,2024-04-17,TQQQ,QQQ,orange,orange,3,0,0.1137671189,0.0471333311,0.1571953306,-0.0055664116,-0.026908655,True,0,224.5222,signal_trend_template_failed|close_below_50ma|relative_strength_below_floor
2024-04-19,2024-04-18,TQQQ,QQQ,orange,orange,4,0,0.1034967887,0.0265862962,0.1543730592,-0.0111547731,-0.0323016656,True,0,222.7722,signal_trend_template_failed|close_below_50ma|relative_strength_below_floor
2024-04-22,2024-04-19,TQQQ,QQQ,orange,orange,5,0,0.0824735479,-0.0142024954,0.1455166268,-0.0256891918,-0.0515956416,True,0,303.3272,signal_trend_template_failed|close_below_50ma|relative_strength_below_floor|three_month_momentum_not_positive
2024-04-23,2024-04-22,TQQQ,QQQ,orange,orange,6,0,0.0923705387,-0.0055870109,0.1679653191,-0.0246977502,-0.0414702713,True,0,177.4858,signal_trend_template_failed|close_below_50ma|relative_strength_below_floor|three_month_momentum_not_positive
2024-04-24,2024-04-23,TQQQ,QQQ,orange,orange,7,0,0.107829132,0.0050818405,0.2033462745,-0.0213025544,-0.0266582127,True,0,197.3981,signal_trend_template_failed|close_below_50ma|relative_strength_below_floor
2024-04-25,2024-04-24,TQQQ,QQQ,orange,orange,8,0,0.1064770676,0.0029213443,0.2037903719,-0.0209575741,-0.0229914175,False,0,189.4581,signal_trend_template_failed|close_below_50ma|relative_strength_below_floor
2024-04-26,2024-04-25,TQQQ,QQQ,orange,orange,9,0,0.1017827076,-0.0031399721,0.1864341706,-0.0195881491,-0.027552923,False,0,223.2534,signal_trend_template_failed|close_below_50ma|relative_strength_below_floor|three_month_momentum_not_positive
2024-04-29,2024-04-26,TQQQ,QQQ,orange,orange,10,0,0.1284911325,0.0183100536,0.2349700414,-0.0061096653,-0.0124716564,False,0,183.7514,signal_trend_template_failed|close_below_50ma|relative_strength_below_floor
2024-04-30,2024-04-29,TQQQ,QQQ,orange,orange,11,0,0.1334553858,0.0120805367,0.2640869303,-0.0042067978,-0.0084081993,False,0,139.9499,signal_trend_template_failed|close_below_50ma|relative_strength_below_floor
2024-05-01,2024-04-30,TQQQ,QQQ,orange,orange,12,0,0.119910518,-0.0003493431,0.2343247342,-0.0066891327,-0.0268645538,False,0,161.4559,signal_trend_template_failed|close_below_50ma|relative_strength_below_floor|three_month_momentum_not_positive
2024-05-02,2024-05-01,TQQQ,QQQ,orange,orange,13,0,0.1151986637,0.0122487582,0.2117492052,-0.0106973035,-0.0336689128,False,0,262.4306,signal_trend_template_failed|close_below_50ma|relative_strength_below_floor
2024-05-03,2024-05-02,TQQQ,QQQ,orange,orange,14,0,0.1230293761,0.0132371347,0.2213742954,-0.005900352,-0.0214182881,False,0,163.2654,signal_trend_template_failed|close_below_50ma|relative_strength_below_floor
2024-05-06,2024-05-03,TQQQ,QQQ,orange,orange,15,0,0.1312102065,0.0164235516,0.2246658364,-0.0022186195,-0.0016582415,False,0,209.0981,signal_trend_template_failed|close_below_50ma|relative_strength_below_floor
2024-05-07,2024-05-06,TQQQ,QQQ,yellow,yellow,1,0,0.1363538036,0.0288999612,0.2160056217,-0.0015909138,0.0090898129,False,1,118.1294,relative_strength_below_floor
2024-05-08,2024-05-07,TQQQ,QQQ,yellow,yellow,2,0,0.1347976226,0.0311332598,0.2020758571,-0.0006288351,0.0090491774,False,2,133.573,relative_strength_below_floor
2024-05-09,2024-05-08,TQQQ,QQQ,yellow,yellow,3,0,0.1253631884,0.0200280129,0.1964852807,-0.005313641,0.0083128837,False,3,111.4735,relative_strength_below_floor
2024-05-10,2024-05-09,TQQQ,QQQ,yellow,yellow,4,0,0.1214198585,0.0203635878,0.1878668027,-0.0126857853,0.0102197069,True,4,116.985,relative_strength_below_floor
2024-05-13,2024-05-10,TQQQ,QQQ,yellow,yellow,5,0,0.1159421907,0.0128007442,0.1899017531,-0.0146025334,0.0124331904,True,5,134.0232,relative_strength_below_floor
2024-05-14,2024-05-13,TQQQ,QQQ,yellow,yellow,6,0,0.1265037051,0.0191251105,0.2018967119,-0.0085631851,0.0148595789,True,6,98.5883,relative_strength_below_floor
2024-05-15,2024-05-14,TQQQ,QQQ,yellow,yellow,7,0,0.1294184764,0.0419310351,0.1830302045,-0.0083279186,0.0212704119,True,7,137.8407,relative_strength_below_floor
2024-05-16,2024-05-15,TQQQ,QQQ,yellow,yellow,8,0,0.1360091648,0.0468096404,0.2052800273,-0.0052011198,0.0364059759,True,8,202.4222,relative_strength_below_floor
2024-05-17,2024-05-16,TQQQ,QQQ,yellow,yellow,9,0,0.1245488296,0.0415817396,0.177484669,-0.0056209665,0.033649295,True,9,135.2407,relative_strength_below_floor
2024-05-20,2024-05-17,TQQQ,QQQ,yellow,yellow,10,0,0.1265284332,0.0506013466,0.1760266139,-0.005540729,0.0328204236,True,10,107.8408,relative_strength_below_floor
2024-05-21,2024-05-20,TQQQ,QQQ,green,early_thaw,1,0,0.135447903,0.0659726874,0.1832138755,0.0011007107,0.0392391833,True,11,117.0389,
2024-05-22,2024-05-21,TQQQ,QQQ,green,early_thaw,2,0,0.1395465864,0.07234972,0.1852523004,0.0042352552,0.0403699589,True,12,98.3462,
2024-05-23,2024-05-22,TQQQ,QQQ,yellow,yellow,1,0,0.1241295348,0.0416429865,0.1707645837,-4.71521e-05,0.0395648001,True,13,126.2428,relative_strength_below_floor
2024-05-24,2024-05-23,TQQQ,QQQ,green,early_thaw,1,0,0.1278168056,0.0400197809,0.1723083443,0.0067904578,0.0342282062,True,14,203.357,
2024-05-28,2024-05-24,TQQQ,QQQ,green,early_thaw,2,0,0.1351669224,0.0504078666,0.1785704406,0.0092984279,0.0430860634,True,15,131.8699,
2024-05-29,2024-05-28,TQQQ,QQQ,green,early_thaw,3,0,0.1383352167,0.0518460088,0.1846929152,0.0132139108,0.0457720227,True,16,134.3173,
2024-05-30,2024-05-29,TQQQ,QQQ,green,early_thaw,4,0,0.1342837681,0.0500230569,0.1773706502,0.0135458096,0.0375059692,True,17,125.3391,
2024-05-31,2024-05-30,TQQQ,QQQ,green,early_thaw,5,0,0.1235544037,0.0299478072,0.1617122722,0.007153104,0.0257855712,True,18,129.6036,
2024-06-03,2024-05-31,TQQQ,QQQ,yellow,yellow,1,0,0.1113081007,0.0127826347,0.1606818504,-0.0082581726,0.0235546907,True,19,219.6982,relative_strength_below_floor
2024-06-04,2024-06-03,TQQQ,QQQ,green,early_thaw,1,0,0.1181719428,0.0218665582,0.1698545116,0.0003242753,0.0287111128,True,20,171.9757,
2024-06-05,2024-06-04,TQQQ,QQQ,green,early_thaw,2,0,0.1316347688,0.0433913914,0.1697167445,0.0086346665,0.0311521345,True,21,137.5845,
2024-06-06,2024-06-05,TQQQ,QQQ,green,green,3,0,0.1478091572,0.0577791082,0.2044796734,0.0187169792,0.0510445614,True,22,172.894,
2024-06-07,2024-06-06,TQQQ,QQQ,green,early_thaw,4,0,0.1405222255,0.041604527,0.2010484039,0.0146670672,0.0497273754,True,23,120.2586,
2024-06-10,2024-06-07,TQQQ,QQQ,green,early_thaw,5,0,0.1518842167,0.0559250482,0.2069667293,0.0215879572,0.0479377546,True,24,147.5578,
2024-06-11,2024-06-10,TQQQ,QQQ,green,green,6,0,0.156209056,0.064140912,0.1951429049,0.0225951819,0.0511797604,True,25,119.4393,
2024-06-12,2024-06-11,TQQQ,QQQ,green,green,7,0,0.1552626728,0.0563018075,0.1980057995,0.0251255545,0.0572904541,True,26,120.7962,
2024-06-13,2024-06-12,TQQQ,QQQ,green,green,8,0,0.1663658155,0.0784256933,0.2034171494,0.0323662196,0.0695419767,True,27,218.8072,
2024-06-14,2024-06-13,TQQQ,QQQ,green,green,9,0,0.1731473598,0.0870118317,0.2003797786,0.0357593323,0.0736623401,True,28,155.9759,
2024-06-17,2024-06-14,TQQQ,QQQ,green,green,10,0,0.180675554,0.1057881254,0.1914472008,0.0437940036,0.0770977308,True,29,129.7207,
2024-06-18,2024-06-17,TQQQ,QQQ,green,green,11,0,0.1854626633,0.1087591948,0.2070886576,0.0477476244,0.0881107844,True,30,175.3788,
2024-06-20,2024-06-18,TQQQ,QQQ,green,green,12,0,0.1822377421,0.1063457025,0.2016531452,0.0436474833,0.0862732111,True,31,124.8684,
2024-06-21,2024-06-20,TQQQ,QQQ,green,green,13,0,0.1661700275,0.0849538837,0.1849272756,0.0334263504,0.0760096757,True,32,193.5487,
2024-06-24,2024-06-21,TQQQ,QQQ,green,green,14,0,0.1647114334,0.0769508073,0.1757449913,0.0325780359,0.071125081,True,33,140.6463,
2024-06-25,2024-06-24,TQQQ,QQQ,green,green,15,0,0.1538469923,0.063473502,0.1798925198,0.0201013308,0.0575462395,True,34,164.7182,
2024-06-26,2024-06-25,TQQQ,QQQ,green,green,16,0,0.1638008485,0.0795527479,0.1796593691,0.0292879302,0.0676479731,True,35,141.0243,
2024-06-27,2024-06-26,TQQQ,QQQ,green,green,17,0,0.1634511534,0.0852961629,0.1803299035,0.029835219,0.0674757326,True,36,132.543,
2024-06-28,2024-06-27,TQQQ,QQQ,green,green,18,0,0.1629298422,0.0844040745,0.1761761625,0.0331972917,0.067801613,True,37,136.3856,
2024-07-01,2024-06-28,TQQQ,QQQ,green,green,19,0,0.1587955107,0.0807671511,0.1676939251,0.0322872356,0.0597238784,True,38,195.2557,
2024-07-02,2024-07-01,TQQQ,QQQ,green,green,20,0,0.1616760649,0.0848093889,0.1751136245,0.0341535791,0.0631557885,True,39,159.3448,
2024-07-03,2024-07-02,TQQQ,QQQ,green,green,21,0,0.1761424628,0.1057424393,0.1926133822,0.0400374312,0.0708701076,True,40,142.2066,
2024-07-05,2024-07-03,TQQQ,QQQ,green,green,22,0,0.1916786846,0.1124643277,0.2232565868,0.0504568112,0.0763478328,True,41,109.1544,
2024-07-08,2024-07-05,TQQQ,QQQ,green,green,23,0,0.2089972156,0.1415185609,0.2492300351,0.0591181872,0.0841599185,True,42,159.4762,
2024-07-09,2024-07-08,TQQQ,QQQ,green,green,24,0,0.2092208655,0.1309068592,0.2586786283,0.0612897895,0.0833528051,True,43,147.9124,
2024-07-10,2024-07-09,TQQQ,QQQ,green,green,25,0,0.2125212812,0.1315504512,0.2582744561,0.0615300086,0.0808052604,True,44,145.5451,
2024-07-11,2024-07-10,TQQQ,QQQ,green,green,26,0,0.2143046674,0.1391345343,0.245648978,0.0589720999,0.0886401672,True,45,161.6101,
2024-07-12,2024-07-11,TQQQ,QQQ,green,green,27,0,0.1991494668,0.1239633791,0.2159296486,0.0412630303,0.0620137247,True,46,290.73,
2024-07-15,2024-07-12,TQQQ,QQQ,green,green,28,0,0.1927318451,0.1127972303,0.2148392399,0.034434591,0.0649925345,True,47,199.8738,
2024-07-16,2024-07-15,TQQQ,QQQ,green,green,29,0,0.1989294837,0.1338640965,0.2155753336,0.0342831182,0.0644050126,True,48,219.0625,
2024-07-17,2024-07-16,TQQQ,QQQ,green,green,30,0,0.2107310554,0.1532707767,0.2154173013,0.0333372668,0.061618725,True,49,166.8364,
2024-07-18,2024-07-17,TQQQ,QQQ,green,green,31,0,0.1874492699,0.1193128564,0.1798540581,0.0138477411,0.0283882198,True,50,259.8722,
2024-07-19,2024-07-18,TQQQ,QQQ,green,green,32,0,0.1913269767,0.1277758372,0.1809316691,0.0183344048,0.0217791037,True,51,235.9794,
2024-07-22,2024-07-19,TQQQ,QQQ,green,green,33,0,0.1812856346,0.1241948436,0.1540830207,0.0159116307,0.0111874247,True,52,206.1691,
2024-07-23,2024-07-22,TQQQ,QQQ,green,green,34,0,0.1980677479,0.1650468529,0.1485002802,0.0265015434,0.0243792644,True,53,205.2631,
2024-07-24,2024-07-23,TQQQ,QQQ,green,green,35,0,0.1866262016,0.149381397,0.1429597906,0.0218535033,0.0190242799,True,54,156.8234,
2024-07-25,2024-07-24,TQQQ,QQQ,orange,orange,1,0,0.1433765424,0.0918589613,0.0974076143,0.0037159337,-0.0184450943,True,0,256.2559,signal_trend_template_failed|close_below_50ma
2024-07-26,2024-07-25,TQQQ,QQQ,orange,orange,2,0,0.1262773459,0.0761724843,0.0793163547,-0.0070541336,-0.0299225395,True,0,292.0452,signal_trend_template_failed|close_below_50ma|relative_strength_below_floor
2024-07-29,2024-07-26,TQQQ,QQQ,orange,orange,3,0,0.1352636591,0.0924863706,0.0890559939,-0.0066200084,-0.0207092886,True,0,219.4094,signal_trend_template_failed|close_below_50ma|relative_strength_below_floor
2024-07-30,2024-07-29,TQQQ,QQQ,orange,orange,4,0,0.1301294445,0.0780447254,0.0977837822,-0.0083653344,-0.0192282766,True,0,185.7316,signal_trend_template_failed|close_below_50ma|relative_strength_below_floor
2024-07-31,2024-07-30,TQQQ,QQQ,orange,orange,5,0,0.111766169,0.0589420589,0.0717346473,-0.0189080789,-0.0329519982,True,0,220.4035,signal_trend_template_failed|close_below_50ma|relative_strength_below_floor
2024-08-01,2024-07-31,TQQQ,QQQ,orange,orange,6,0,0.1510771845,0.1112337424,0.1108455405,-0.0008903343,-0.0051756827,True,0,290.5109,signal_trend_template_failed|close_below_50ma|relative_strength_below_floor
2024-08-02,2024-08-01,TQQQ,QQQ,orange,orange,7,0,0.1316430317,0.0922154477,0.1055937306,-0.0108633326,-0.0294959756,True,0,327.5401,signal_trend_template_failed|close_below_50ma|relative_strength_below_floor
2024-08-05,2024-08-02,TQQQ,QQQ,orange,orange,8,0,0.1039909315,0.0528537765,0.0667905437,-0.017121948,-0.0522775961,True,0,302.4331,signal_trend_template_failed|close_below_50ma|relative_strength_below_floor
2024-08-06,2024-08-05,TQQQ,QQQ,orange,orange,9,0,0.0650713478,0.0013363074,0.0177818059,-0.0233506093,-0.0797726446,True,0,378.7949,signal_trend_template_failed|not_30pct_above_52w_low|close_below_50ma|relative_strength_below_floor
2024-08-07,2024-08-06,TQQQ,QQQ,orange,orange,10,0,0.0681184134,-4.86188e-05,0.0288499373,-0.0238976242,-0.0704527178,True,0,260.1351,signal_trend_template_failed|not_30pct_above_52w_low|close_below_50ma|relative_strength_below_floor|three_month_momentum_not_positive
2024-08-08,2024-08-07,TQQQ,QQQ,orange,orange,11,0,0.0597754362,-0.0110351408,0.0197545591,-0.0259387935,-0.079645482,True,0,238.5009,signal_trend_template_failed|not_30pct_above_52w_low|close_below_50ma|relative_strength_below_floor|three_month_momentum_not_positive
2024-08-09,2024-08-08,TQQQ,QQQ,orange,orange,12,0,0.0821891346,0.0198204131,0.0402453895,-0.0187999901,-0.0510539058,False,0,217.7831,signal_trend_template_failed|close_below_50ma|relative_strength_below_floor
2024-08-12,2024-08-09,TQQQ,QQQ,orange,orange,13,0,0.0833000849,0.0229148173,0.043745033,-0.0176137634,-0.0458837328,False,0,181.3463,signal_trend_template_failed|close_below_50ma|relative_strength_below_floor
2024-08-13,2024-08-12,TQQQ,QQQ,orange,orange,14,0,0.0831389658,0.0227061451,0.0357975448,-0.0168101551,-0.043850972,False,0,158.418,signal_trend_template_failed|close_below_50ma|relative_strength_below_floor
2024-08-14,2024-08-13,TQQQ,QQQ,orange,orange,15,0,0.1037925406,0.045669325,0.0656678664,-0.0083283807,-0.0206485872,False,0,169.9265,signal_trend_template_failed|close_below_50ma|relative_strength_below_floor
2024-08-15,2024-08-14,TQQQ,QQQ,orange,orange,16,0,0.1044095091,0.0393235539,0.0829034663,-0.0113895039,-0.0207587691,False,0,194.8216,signal_trend_template_failed|close_below_50ma|relative_strength_below_floor
2024-08-16,2024-08-15,TQQQ,QQQ,yellow,yellow,1,0,0.1171410907,0.0491810266,0.0982928132,-0.0052751409,0.0030980381,False,1,178.7634,relative_strength_below_floor
2024-08-19,2024-08-16,TQQQ,QQQ,yellow,yellow,2,0,0.117574879,0.0526682899,0.0964400687,-0.005428282,0.0038683237,False,2,151.0249,relative_strength_below_floor
2024-08-20,2024-08-19,TQQQ,QQQ,green,early_thaw,1,0,0.1305350897,0.0670154426,0.1210078608,0.0009061394,0.0162547703,True,3,160.2444,
2024-08-21,2024-08-20,TQQQ,QQQ,yellow,yellow,1,0,0.1285075406,0.0574034213,0.1271631666,-0.000419493,0.0133502455,True,4,170.1378,relative_strength_below_floor
2024-08-22,2024-08-21,TQQQ,QQQ,green,early_thaw,1,0,0.1327083168,0.0602607949,0.1369703666,0.0036316585,0.0172863871,True,5,181.5287,
2024-08-23,2024-08-22,TQQQ,QQQ,yellow,yellow,1,0,0.1135024291,0.0436566351,0.0871176142,-0.0084749636,0.0008378379,True,6,213.9074,relative_strength_below_floor
2024-08-26,2024-08-23,TQQQ,QQQ,yellow,yellow,2,0,0.1218444005,0.0597427652,0.1021534385,-0.0093269264,0.0114109106,True,7,222.808,relative_strength_below_floor
2024-08-27,2024-08-26,TQQQ,QQQ,yellow,yellow,3,0,0.1099121108,0.03962339,0.0920285872,-0.0194543019,0.0016181219,True,8,142.7446,relative_strength_below_floor
2024-08-28,2024-08-27,TQQQ,QQQ,yellow,yellow,4,0,0.1068718251,0.0388047713,0.0926626527,-0.0210112569,0.0046809416,True,9,121.1724,relative_strength_below_floor
2024-08-29,2024-08-28,TQQQ,QQQ,orange,orange,1,0,0.1002451414,0.0343072217,0.0860464307,-0.0257564836,-0.006177588,True,0,194.135,signal_trend_template_failed|close_below_50ma|relative_strength_below_floor
2024-08-30,2024-08-29,TQQQ,QQQ,orange,orange,2,0,0.0988719523,0.0439776385,0.0752424796,-0.0280722034,-0.007055351,True,0,195.4081,signal_trend_template_failed|close_below_50ma|relative_strength_below_floor
2024-09-03,2024-08-30,TQQQ,QQQ,yellow,yellow,1,0,0.1051090605,0.0583900764,0.0719190901,-0.0224189862,0.0049681084,True,1,156.4662,relative_strength_below_floor
2024-09-04,2024-09-03,TQQQ,QQQ,orange,orange,1,0,0.0754895963,0.0207756349,0.0430964847,-0.0338297086,-0.0248190331,False,0,225.7569,signal_trend_template_failed|close_below_50ma|relative_strength_below_floor
2024-09-05,2024-09-04,TQQQ,QQQ,orange,orange,2,0,0.077457291,0.0153446189,0.0594018346,-0.0317626697,-0.0268043469,False,0,146.8236,signal_trend_template_failed|close_below_50ma|relative_strength_below_floor
2024-09-06,2024-09-05,TQQQ,QQQ,orange,orange,3,0,0.0682124567,-0.0037909149,0.0537691576,-0.0338787511,-0.0251403203,False,0,167.6487,signal_trend_template_failed|close_below_50ma|relative_strength_below_floor|three_month_momentum_not_positive
2024-09-09,2024-09-06,TQQQ,QQQ,orange,orange,4,0,0.0406550331,-0.0301418184,0.0102086725,-0.0450868658,-0.0499812578,False,0,237.576,signal_trend_template_failed|close_below_50ma|relative_strength_below_floor|three_month_momentum_not_positive
2024-09-10,2024-09-09,TQQQ,QQQ,orange,orange,5,0,0.0537290111,-0.0168000466,0.0381854581,-0.0412716246,-0.0366569875,False,0,160.7447,signal_trend_template_failed|close_below_50ma|relative_strength_below_floor|three_month_momentum_not_positive
2024-09-11,2024-09-10,TQQQ,QQQ,orange,orange,6,0,0.0640692131,-0.0117054006,0.0516847164,-0.0358293182,-0.0269103262,False,0,136.3953,signal_trend_template_failed|close_below_50ma|relative_strength_below_floor|three_month_momentum_not_positive
2024-09-12,2024-09-11,TQQQ,QQQ,orange,orange,7,0,0.0751067185,0.0028735888,0.0593371846,-0.0280149448,-0.0052177396,False,0,258.9891,signal_trend_template_failed|close_below_50ma|relative_strength_below_floor
2024-09-13,2024-09-12,TQQQ,QQQ,yellow,yellow,1,0,0.0788273172,-0.0003750823,0.0780211949,-0.0269780984,0.0051341971,False,1,179.1028,relative_strength_below_floor|three_month_momentum_not_positive
2024-09-16,2024-09-13,TQQQ,QQQ,yellow,yellow,2,0,0.0780553929,-0.0013100516,0.0855877901,-0.0298109255,0.0103109555,False,2,145.3631,relative_strength_below_floor|three_month_momentum_not_positive
2024-09-17,2024-09-16,TQQQ,QQQ,yellow,yellow,3,0,0.0734863565,-0.0108472249,0.0937933929,-0.0367534402,0.0068283853,False,3,134.2323,relative_strength_below_floor|three_month_momentum_not_positive
2024-09-18,2024-09-17,TQQQ,QQQ,yellow,yellow,4,0,0.0664117212,-0.0223012172,0.0840325153,-0.0394578339,0.0083836703,False,4,168.2188,relative_strength_below_floor|three_month_momentum_not_positive
2024-09-19,2024-09-18,TQQQ,QQQ,yellow,yellow,5,0,0.0641719885,-0.0268351757,0.0766567211,-0.0382847631,0.0051450948,False,5,267.9035,relative_strength_below_floor|three_month_momentum_not_positive
2024-09-20,2024-09-19,TQQQ,QQQ,yellow,yellow,6,0,0.0857792144,0.0055211305,0.0909440557,-0.0260446819,0.031421471,False,6,198.8052,relative_strength_below_floor
2024-09-23,2024-09-20,TQQQ,QQQ,yellow,yellow,7,0,0.086468776,0.0063034653,0.0837393294,-0.0254211032,0.0298754715,False,7,166.4933,relative_strength_below_floor
2024-09-24,2024-09-23,TQQQ,QQQ,yellow,yellow,8,0,0.093944756,0.0205899514,0.0853703698,-0.0217544789,0.0330950118,False,8,121.0588,relative_strength_below_floor
2024-09-25,2024-09-24,TQQQ,QQQ,yellow,yellow,9,0,0.0928638994,0.0139181671,0.0945781435,-0.0231470422,0.0385261347,False,9,142.8531,relative_strength_below_floor
2024-09-26,2024-09-25,TQQQ,QQQ,yellow,yellow,10,0,0.0905781746,0.0127665737,0.0991516764,-0.0211647938,0.0399260758,False,10,114.1835,relative_strength_below_floor
2024-09-27,2024-09-26,TQQQ,QQQ,yellow,yellow,11,0,0.0945014126,0.0177485578,0.1036506828,-0.0171130972,0.0473635938,False,11,192.7719,relative_strength_below_floor
2024-09-30,2024-09-27,TQQQ,QQQ,yellow,yellow,12,0,0.0911098914,0.0173738823,0.0995442724,-0.0206730753,0.0411898777,False,12,146.8318,relative_strength_below_floor
2024-10-01,2024-09-30,TQQQ,QQQ,yellow,yellow,13,0,0.0880662052,0.0141846563,0.1001970373,-0.0259213804,0.0434109629,False,13,153.2069,relative_strength_below_floor
2024-10-02,2024-10-01,TQQQ,QQQ,yellow,yellow,14,0,0.0758891042,-0.0103366644,0.0943127507,-0.0319688375,0.0288901144,False,14,230.2722,relative_strength_below_floor|three_month_momentum_not_positive
2024-10-03,2024-10-02,TQQQ,QQQ,yellow,yellow,15,0,0.0726683001,-0.0171324538,0.093405084,-0.0339587175,0.0302556974,False,15,135.702,relative_strength_below_floor|three_month_momentum_not_positive
2024-10-04,2024-10-03,TQQQ,QQQ,yellow,yellow,16,0,0.0733442846,-0.0280016635,0.1095541423,-0.033859669,0.0286565792,True,16,167.2704,relative_strength_below_floor|three_month_momentum_not_positive
2024-10-07,2024-10-04,TQQQ,QQQ,yellow,yellow,17,0,0.0747443561,-0.0187703133,0.1096793832,-0.0334101427,0.0395769541,True,17,196.1083,relative_strength_below_floor|three_month_momentum_not_positive
2024-10-08,2024-10-07,TQQQ,QQQ,yellow,yellow,18,0,0.0640242171,-0.0301193007,0.0974689428,-0.0363111617,0.027574239,True,18,141.1723,relative_strength_below_floor|three_month_momentum_not_positive
2024-10-09,2024-10-08,TQQQ,QQQ,yellow,yellow,19,0,0.0698324719,-0.0257922374,0.1097537059,-0.0315917184,0.0417637314,True,19,139.273,relative_strength_below_floor|three_month_momentum_not_positive
2024-10-10,2024-10-09,TQQQ,QQQ,yellow,yellow,20,0,0.0860456981,0.0038887895,0.128334236,-0.0250044661,0.0483420492,True,20,144.0611,relative_strength_below_floor
2024-10-11,2024-10-10,TQQQ,QQQ,yellow,yellow,21,0,0.0778738872,-0.0031078183,0.1093388586,-0.0277816507,0.0461650166,True,21,156.9916,relative_strength_below_floor|three_month_momentum_not_positive
2024-10-14,2024-10-11,TQQQ,QQQ,yellow,yellow,22,0,0.0805824657,-0.0042260257,0.1290723578,-0.0308768389,0.0462739601,True,22,129.3658,relative_strength_below_floor|three_month_momentum_not_positive
2024-10-15,2024-10-14,TQQQ,QQQ,yellow,yellow,23,0,0.0925748353,0.0037456339,0.1575905068,-0.0255881298,0.0528486659,True,23,126.9645,relative_strength_below_floor
2024-10-16,2024-10-15,TQQQ,QQQ,yellow,yellow,24,0,0.0939384198,0.0202789539,0.1420113502,-0.0249439818,0.0363151589,True,24,191.4402,relative_strength_below_floor
2024-10-17,2024-10-16,TQQQ,QQQ,yellow,yellow,25,0,0.0991116482,0.025255739,0.1562586493,-0.0277502438,0.0341712026,True,25,127.3995,relative_strength_below_floor
2024-10-18,2024-10-17,TQQQ,QQQ,yellow,yellow,26,0,0.1090316003,0.0351407754,0.163699922,-0.0241058181,0.0324040234,True,26,176.3684,relative_strength_below_floor
2024-10-21,2024-10-18,TQQQ,QQQ,yellow,yellow,27,0,0.1131779581,0.0266312734,0.1960735341,-0.0187099309,0.0371210785,True,27,117.8621,relative_strength_below_floor
2024-10-22,2024-10-21,TQQQ,QQQ,yellow,yellow,28,0,0.111818692,0.0322421357,0.186439908,-0.0154855014,0.0371280701,True,28,138.5424,relative_strength_below_floor
2024-10-23,2024-10-22,TQQQ,QQQ,yellow,yellow,29,0,0.1252711579,0.0718135783,0.1702692603,-0.0083878827,0.0362967463,True,29,141.3797,relative_strength_below_floor
2024-10-24,2024-10-23,TQQQ,QQQ,yellow,yellow,30,0,0.1180533898,0.0671575529,0.1484455949,-0.0123429973,0.0192909252,True,30,208.8211,relative_strength_below_floor
2024-10-25,2024-10-24,TQQQ,QQQ,yellow,yellow,31,0,0.1214679889,0.0648894383,0.1633771975,-0.005300107,0.0262606814,True,31,142.225,relative_strength_below_floor
2024-10-28,2024-10-25,TQQQ,QQQ,yellow,yellow,32,0,0.1220168719,0.0692305038,0.1526783049,-0.0013093742,0.0315867802,True,32,211.246,relative_strength_below_floor
2024-10-29,2024-10-28,TQQQ,QQQ,yellow,yellow,33,0,0.1250541811,0.0842920792,0.1482024867,-0.0009152263,0.0308500612,True,33,127.3572,relative_strength_below_floor
2024-10-30,2024-10-29,TQQQ,QQQ,green,early_thaw,1,0,0.1267901912,0.0632452547,0.1815140035,0.0028056119,0.0399083376,True,34,148.6374,
2024-10-31,2024-10-30,TQQQ,QQQ,green,green,2,0,0.136450211,0.0814026497,0.1811246792,0.0050356951,0.0313288469,True,35,148.8987,
2024-11-01,2024-10-31,TQQQ,QQQ,yellow,yellow,1,0,0.1228560301,0.0797324552,0.136800393,-9.85126e-05,0.0052106401,True,36,237.4575,relative_strength_below_floor
2024-11-04,2024-11-01,TQQQ,QQQ,green,green,1,0,0.1348904443,0.1211497944,0.1226479951,0.0023305477,0.0120910638,True,37,168.7937,
2024-11-05,2024-11-04,TQQQ,QQQ,green,green,2,0,0.1281369286,0.1073030435,0.1072492077,0.0019382823,0.0088625464,True,38,142.2044,
2024-11-06,2024-11-05,TQQQ,QQQ,green,green,3,0,0.1431173793,0.1337067866,0.1211961726,0.0058873507,0.02098928,True,39,142.4696,
2024-11-07,2024-11-06,TQQQ,QQQ,green,green,4,0,0.1493637178,0.1299360625,0.152331862,0.0056808315,0.0474411014,True,40,230.5936,
2024-11-08,2024-11-07,TQQQ,QQQ,green,green,5,0,0.1551843233,0.1417633254,0.1679266234,0.0136602347,0.0620465357,True,41,202.2705,
2024-11-11,2024-11-08,TQQQ,QQQ,green,green,6,0,0.1538672548,0.140641026,0.1665405866,0.0096097121,0.0613499607,True,42,142.7031,
2024-11-12,2024-11-11,TQQQ,QQQ,green,green,7,0,0.1408131992,0.1123743501,0.1631757358,0.001642887,0.0590585162,True,43,143.9611,
2024-11-13,2024-11-12,TQQQ,QQQ,green,green,8,0,0.1387025771,0.110000879,0.1536500584,0.0039039371,0.0548914074,True,44,138.0812,
2024-11-14,2024-11-13,TQQQ,QQQ,yellow,yellow,1,0,0.1235261228,0.0812568377,0.134434159,-0.0026459494,0.0512731551,True,45,150.9708,relative_strength_below_floor
2024-11-15,2024-11-14,TQQQ,QQQ,yellow,yellow,2,0,0.1176770009,0.0723636159,0.1288431737,-0.0038515064,0.0419016352,True,46,153.0242,relative_strength_below_floor
2024-11-18,2024-11-15,TQQQ,QQQ,yellow,yellow,3,0,0.0911640598,0.0332408425,0.1024839349,-0.0183363482,0.0150602854,True,47,220.4762,relative_strength_below_floor
2024-11-19,2024-11-18,TQQQ,QQQ,yellow,yellow,4,0,0.0959695878,0.0426074328,0.1024566665,-0.016484327,0.0201857241,True,48,144.6375,relative_strength_below_floor
2024-11-20,2024-11-19,TQQQ,QQQ,yellow,yellow,5,0,0.1028209041,0.0449066786,0.1078735857,-0.011703385,0.0253029869,True,49,152.3656,relative_strength_below_floor
2024-11-21,2024-11-20,TQQQ,QQQ,yellow,yellow,6,0,0.1083371059,0.0611290253,0.107454348,-0.0096336459,0.0232451934,True,50,192.4212,relative_strength_below_floor
2024-11-22,2024-11-21,TQQQ,QQQ,yellow,yellow,7,0,0.1039067014,0.0535201794,0.1164603881,-0.013833647,0.0255735268,True,51,210.8282,relative_strength_below_floor
2024-11-25,2024-11-22,TQQQ,QQQ,yellow,yellow,8,0,0.1099793721,0.0655547068,0.1077755966,-0.0105688682,0.0259217886,True,52,153.9627,relative_strength_below_floor
2024-11-26,2024-11-25,TQQQ,QQQ,yellow,yellow,9,0,0.1086464875,0.0640613627,0.1053520206,-0.01380051,0.0261285157,True,53,177.0798,relative_strength_below_floor
2024-11-27,2024-11-26,TQQQ,QQQ,yellow,yellow,10,0,0.1166029213,0.0820529519,0.1191751824,-0.0115319766,0.0301153845,True,54,137.0529,relative_strength_below_floor
2024-11-29,2024-11-27,TQQQ,QQQ,yellow,yellow,11,0,0.1156248663,0.075107302,0.1223879823,-0.0133080511,0.0205797353,True,55,150.453,relative_strength_below_floor
2024-12-02,2024-11-29,TQQQ,QQQ,yellow,yellow,12,0,0.119512922,0.0717791413,0.1343604072,-0.0079203177,0.0284233858,True,56,80.3614,relative_strength_below_floor
2024-12-03,2024-12-02,TQQQ,QQQ,green,green,1,0,0.1444603176,0.1173730865,0.1405872218,0.0074769088,0.0382162272,True,57,149.502,
2024-12-04,2024-12-03,TQQQ,QQQ,green,green,2,0,0.1460904026,0.1237194646,0.1409625114,0.0093774082,0.0399821492,True,58,173.7088,
2024-12-05,2024-12-04,TQQQ,QQQ,green,green,3,0,0.1497989557,0.1365507409,0.1322421737,0.0125299961,0.0512363437,True,59,148.5958,
2024-12-06,2024-12-05,TQQQ,QQQ,green,green,4,0,0.1587830059,0.1645974003,0.1294943169,0.016823471,0.0468094053,True,60,113.7423,
2024-12-09,2024-12-06,TQQQ,QQQ,green,green,5,0,0.1613484478,0.1601017562,0.1406119925,0.0233420192,0.0546118585,True,61,135.5007,
2024-12-10,2024-12-09,TQQQ,QQQ,green,green,6,0,0.1491797165,0.1405270944,0.1271767679,0.016277303,0.044907655,True,62,146.7556,
2024-12-11,2024-12-10,TQQQ,QQQ,green,green,7,0,0.134870619,0.1124825057,0.115679323,0.0081267728,0.0399936461,True,63,149.2605,
2024-12-12,2024-12-11,TQQQ,QQQ,green,green,8,0,0.1433623571,0.1213909137,0.1209702998,0.0174451542,0.0565581919,True,64,164.6141,
2024-12-13,2024-12-12,TQQQ,QQQ,green,green,9,0,0.1355373639,0.1091848173,0.1077317279,0.0162295419,0.0478780384,True,65,142.9332,
2024-12-16,2024-12-13,TQQQ,QQQ,green,green,10,0,0.1453453896,0.1226347706,0.1104572987,0.0272065319,0.0538459675,True,66,175.3043,
2024-12-17,2024-12-16,TQQQ,QQQ,green,green,11,0,0.1546054256,0.1381999068,0.1128166635,0.0363872919,0.0668666144,True,67,160.6672,
2024-12-18,2024-12-17,TQQQ,QQQ,green,green,12,0,0.1558517386,0.1381150101,0.1075734938,0.0381295748,0.0599116915,True,68,156.7033,
2024-12-19,2024-12-18,TQQQ,QQQ,green,green,13,0,0.1206368648,0.0700010807,0.0759086964,0.0264033822,0.0205762141,True,69,272.4795,
2024-12-20,2024-12-19,TQQQ,QQQ,green,green,14,0,0.1207834975,0.0672674306,0.0739949138,0.0232367313,0.0151879829,True,70,225.7367,
2024-12-23,2024-12-20,TQQQ,QQQ,green,green,15,0,0.1255713252,0.0737410712,0.0958493477,0.0221069831,0.022999877,True,71,296.838,
2024-12-24,2024-12-23,TQQQ,QQQ,green,green,16,0,0.1275356721,0.0789977906,0.0940154622,0.0228432062,0.0317314599,True,72,175.7136,
2024-12-26,2024-12-24,TQQQ,QQQ,green,green,17,0,0.1348220654,0.0926158202,0.1065647806,0.0232372372,0.0443506596,True,73,105.1446,
2024-12-27,2024-12-26,TQQQ,QQQ,green,green,18,0,0.1314885222,0.0837313619,0.1029660306,0.019846299,0.0420173404,True,74,128.7238,
2024-12-30,2024-12-27,TQQQ,QQQ,green,green,19,0,0.1230958369,0.0753006253,0.0939827718,0.0171720095,0.0268547876,True,75,213.5531,
2024-12-31,2024-12-30,TQQQ,QQQ,green,green,20,0,0.1145425744,0.0581299504,0.0731391601,0.0148633111,0.0121974199,True,76,206.3915,
2025-01-02,2024-12-31,TQQQ,QQQ,green,green,21,0,0.1141276866,0.0639649425,0.052967094,0.0121405788,0.0029076727,True,77,205.5419,
2025-01-03,2025-01-02,TQQQ,QQQ,orange,orange,1,0,0.1100863676,0.0603854243,0.04221842,0.0104957162,0.0003334005,True,0,274.5259,not_30pct_above_52w_low
2025-01-06,2025-01-03,TQQQ,QQQ,green,early_thaw,1,0,0.1215921762,0.0785443688,0.0483433323,0.0143976579,0.01577111,True,1,188.0978,
2025-01-07,2025-01-06,TQQQ,QQQ,green,early_thaw,2,0,0.1267138998,0.0781126471,0.057876135,0.0196446626,0.0259596572,True,2,193.7092,
2025-01-08,2025-01-07,TQQQ,QQQ,green,early_thaw,3,0,0.1220744382,0.0703396411,0.0381017595,0.0163351841,0.0067207478,True,3,221.0466,
2025-01-10,2025-01-08,TQQQ,QQQ,orange,orange,1,0,0.1111380168,0.0547740501,0.0275690674,0.0115839273,0.0060808693,True,0,191.3238,not_30pct_above_52w_low
2025-01-13,2025-01-10,TQQQ,QQQ,orange,orange,2,0,0.1003127372,0.0301284477,0.0341344004,0.0136626438,-0.0101821995,True,0,276.3644,signal_trend_template_failed|not_30pct_above_52w_low|close_below_50ma
2025-01-14,2025-01-13,TQQQ,QQQ,orange,orange,3,0,0.0943606887,0.0279851076,0.0247903167,0.0075612132,-0.0136022143,True,0,212.8948,signal_trend_template_failed|not_30pct_above_52w_low|close_below_50ma
2025-01-15,2025-01-14,TQQQ,QQQ,orange,orange,4,0,0.0933514483,0.0254063402,0.0210729467,0.0076294393,-0.0149038077,True,0,234.3832,signal_trend_template_failed|not_30pct_above_52w_low|close_below_50ma
2025-01-16,2025-01-15,TQQQ,QQQ,orange,orange,5,0,0.1055417924,0.0402678706,0.0441643332,0.0129354623,0.0064394926,True,0,213.5663,not_30pct_above_52w_low
2025-01-17,2025-01-16,TQQQ,QQQ,orange,orange,6,0,0.1128526225,0.0469743555,0.0682059001,0.0152419475,-0.001639821,True,0,182.0821,signal_trend_template_failed|not_30pct_above_52w_low|close_below_50ma
2025-01-21,2025-01-17,TQQQ,QQQ,orange,orange,7,0,0.1312356774,0.0645155179,0.091400644,0.0248559743,0.0137704087,True,0,179.3576,not_30pct_above_52w_low
2025-01-22,2025-01-21,TQQQ,QQQ,orange,orange,8,0,0.1374618271,0.0700178698,0.1076191274,0.0228799601,0.018394956,True,0,174.1932,not_30pct_above_52w_low
2025-01-23,2025-01-22,TQQQ,QQQ,orange,orange,9,0,0.1389585345,0.076641803,0.1053141452,0.0270263752,0.0303464958,True,0,187.0541,not_30pct_above_52w_low
2025-01-24,2025-01-23,TQQQ,QQQ,orange,orange,10,0,0.1346847556,0.0768619325,0.1115822611,0.0202464952,0.0317401593,True,0,131.9509,not_30pct_above_52w_low
2025-01-27,2025-01-24,TQQQ,QQQ,orange,orange,11,0,0.1377792161,0.0696105958,0.14642316,0.0207308102,0.0252615007,True,0,155.2812,not_30pct_above_52w_low
2025-01-28,2025-01-27,TQQQ,QQQ,orange,orange,12,0,0.1229287519,0.0546300239,0.1254563955,0.0091847511,-0.0046349778,True,0,316.2777,signal_trend_template_failed|not_30pct_above_52w_low|close_below_50ma
2025-01-29,2025-01-28,TQQQ,QQQ,orange,orange,13,0,0.1289543098,0.0616091588,0.1304963808,0.0133357303,0.0096963862,True,0,206.2262,not_30pct_above_52w_low
2025-01-30,2025-01-29,TQQQ,QQQ,orange,orange,14,0,0.1246776991,0.0531977243,0.1261111334,0.0131197465,0.0074335125,True,0,240.3478,not_30pct_above_52w_low
2025-01-31,2025-01-30,TQQQ,QQQ,orange,orange,15,0,0.1313635099,0.0575161972,0.1466564362,0.0162607231,0.0111339137,True,0,236.5625,not_30pct_above_52w_low
2025-02-03,2025-01-31,TQQQ,QQQ,orange,orange,16,0,0.1180476926,0.0459295475,0.1120796281,0.0112592669,0.0086304121,True,0,241.3613,not_30pct_above_52w_low
2025-02-04,2025-02-03,TQQQ,QQQ,orange,orange,17,0,0.1220757295,0.0454599766,0.1305631889,0.015242683,-0.0001715351,True,0,305.5184,signal_trend_template_failed|not_30pct_above_52w_low|close_below_50ma
2025-02-05,2025-02-04,TQQQ,QQQ,orange,orange,18,0,0.1464337473,0.0856993675,0.1722648436,0.0259403946,0.0112500785,True,0,174.8436,not_30pct_above_52w_low
2025-02-06,2025-02-05,TQQQ,QQQ,orange,orange,19,0,0.1544151464,0.082616022,0.2137747304,0.0254145321,0.0148806185,True,0,166.784,not_30pct_above_52w_low
2025-02-07,2025-02-06,TQQQ,QQQ,orange,orange,20,0,0.157658239,0.0914466389,0.208562185,0.0281455337,0.0191793577,True,0,162.3508,not_30pct_above_52w_low
2025-02-10,2025-02-07,TQQQ,QQQ,orange,orange,21,0,0.1448999206,0.0641051276,0.2063832048,0.0236977654,0.0056296505,True,0,226.5242,not_30pct_above_52w_low
2025-02-11,2025-02-10,TQQQ,QQQ,orange,orange,22,0,0.1354942061,0.0485054006,0.1847440639,0.0255524358,0.0168845818,True,0,138.7325,not_30pct_above_52w_low
2025-02-12,2025-02-11,TQQQ,QQQ,orange,orange,23,0,0.124178572,0.0297961201,0.1757834425,0.0169634961,0.0137043198,True,0,131.4625,not_30pct_above_52w_low
2025-02-13,2025-02-12,TQQQ,QQQ,orange,orange,24,0,0.1260431987,0.0291979083,0.1739453581,0.0214715667,0.0133728018,True,0,204.0738,not_30pct_above_52w_low
2025-02-14,2025-02-13,TQQQ,QQQ,green,early_thaw,1,0,0.1282221577,0.0446133947,0.162001146,0.0229552877,0.0268880112,True,1,203.7559,
2025-02-18,2025-02-14,TQQQ,QQQ,green,early_thaw,2,0,0.1324302771,0.0509014333,0.1665015147,0.0272399545,0.0302641402,True,2,168.7325,
2025-02-19,2025-02-18,TQQQ,QQQ,green,early_thaw,3,0,0.1286580585,0.0546405688,0.1403373263,0.0246140744,0.0316779075,True,3,153.6398,
2025-02-20,2025-02-19,TQQQ,QQQ,green,early_thaw,4,0,0.1328084893,0.0623168958,0.1391899876,0.0240424577,0.0312902805,True,4,152.9661,
2025-02-21,2025-02-20,TQQQ,QQQ,green,green,5,0,0.1390789165,0.08362604,0.1196466825,0.0313723388,0.0262747807,True,5,177.0187,
2025-02-24,2025-02-21,TQQQ,QQQ,orange,orange,1,0,0.1206127164,0.0538143654,0.0987146901,0.0242928101,0.0049577302,True,0,245.2435,not_30pct_above_52w_low
2025-02-25,2025-02-24,TQQQ,QQQ,orange,orange,2,0,0.1046878353,0.0342596819,0.0807048491,0.0137942536,-0.006841545,True,0,212.1906,signal_trend_template_failed|not_30pct_above_52w_low|close_below_50ma
2025-02-26,2025-02-25,TQQQ,QQQ,orange,orange,3,0,0.0934784022,0.0218171267,0.0842798117,0.0068290545,-0.0191132624,True,0,289.8313,signal_trend_template_failed|not_30pct_above_52w_low|close_below_50ma
2025-02-27,2025-02-26,TQQQ,QQQ,orange,orange,4,0,0.0925877819,0.0206140051,0.0752374497,0.0096840369,-0.016198475,True,0,243.7689,signal_trend_template_failed|not_30pct_above_52w_low|close_below_50ma
2025-02-28,2025-02-27,TQQQ,QQQ,orange,orange,5,0,0.0704139616,-0.009318733,0.055625087,3.88369e-05,-0.04259065,True,0,365.7962,signal_trend_template_failed|not_30pct_above_52w_low|close_below_50ma|three_month_momentum_not_positive
2025-03-03,2025-02-28,TQQQ,QQQ,orange,orange,6,0,0.080073433,0.0047364426,0.0691012283,0.0004137898,-0.0266705558,True,0,344.8115,signal_trend_template_failed|not_30pct_above_52w_low|close_below_50ma
2025-03-04,2025-03-03,TQQQ,QQQ,orange,orange,7,0,0.0624285778,-0.0224979411,0.0577089883,-0.0033883363,-0.0464990516,False,0,318.2672,signal_trend_template_failed|not_30pct_above_52w_low|close_below_50ma|relative_strength_below_floor|three_month_momentum_not_positive
2025-03-05,2025-03-04,TQQQ,QQQ,orange,orange,8,0,0.0652108419,-0.0177139155,0.0560629421,0.0075533088,-0.0479377752,False,0,447.9114,signal_trend_template_failed|not_30pct_above_52w_low|close_below_50ma|three_month_momentum_not_positive
2025-03-06,2025-03-05,TQQQ,QQQ,orange,orange,9,0,0.0678713562,-0.0135764839,0.057228149,0.007137033,-0.0350214041,False,0,357.932,signal_trend_template_failed|not_30pct_above_52w_low|close_below_50ma|three_month_momentum_not_positive
2025-03-07,2025-03-06,TQQQ,QQQ,red,red,1,0,0.0463477297,-0.05104462,0.0603372019,-0.0049941473,-0.0606595066,False,0,400.6376,close_below_200ma|signal_trend_template_failed|not_30pct_above_52w_low
2025-03-10,2025-03-07,TQQQ,QQQ,red,red,2,0,0.0492477072,-0.046988741,0.0709173017,-0.0051321962,-0.0528029853,False,0,450.0845,close_below_200ma|signal_trend_template_failed|not_30pct_above_52w_low
2025-03-11,2025-03-10,TQQQ,QQQ,red,red,3,0,0.0125651899,-0.0951108511,0.0284524326,-0.0204271481,-0.0877508835,False,0,461.2562,close_below_200ma|signal_trend_template_failed|not_30pct_above_52w_low
2025-03-12,2025-03-11,TQQQ,QQQ,red,red,4,0,0.0225225626,-0.0947654144,0.054233845,-0.0098898288,-0.0878771371,False,0,407.2563,close_below_200ma|signal_trend_template_failed|not_30pct_above_52w_low
2025-03-13,2025-03-12,TQQQ,QQQ,red,red,5,0,0.0256029241,-0.0926737651,0.0525907585,-0.0077041604,-0.0757041216,False,0,428.5087,close_below_200ma|signal_trend_template_failed|not_30pct_above_52w_low
2025-03-14,2025-03-13,TQQQ,QQQ,red,red,6,0,0.0143201015,-0.1020039966,0.0241887726,-0.0109025012,-0.0904210903,False,0,346.0342,close_below_200ma|signal_trend_template_failed|not_30pct_above_52w_low
2025-03-17,2025-03-14,TQQQ,QQQ,red,red,7,0,0.0246537316,-0.0771544008,0.0266495845,-0.0126956254,-0.0671335231,False,0,302.9684,close_below_200ma|signal_trend_template_failed|not_30pct_above_52w_low
2025-03-18,2025-03-17,TQQQ,QQQ,red,red,8,0,0.0186901571,-0.0875065404,0.0232618743,-0.0191198045,-0.0600444661,False,0,280.9274,close_below_200ma|signal_trend_template_failed|not_30pct_above_52w_low
2025-03-19,2025-03-18,TQQQ,QQQ,red,red,9,0,0.0060771594,-0.0972361003,0.0013320111,-0.0243753231,-0.0747824291,False,0,259.8899,close_below_200ma|signal_trend_template_failed|not_30pct_above_52w_low
2025-03-20,2025-03-19,TQQQ,QQQ,red,red,10,0,0.0144082396,-0.0921052983,0.0192341602,-0.0238245609,-0.0610217422,False,0,284.6523,close_below_200ma|signal_trend_template_failed|not_30pct_above_52w_low
2025-03-21,2025-03-20,TQQQ,QQQ,red,red,11,0,0.0047360115,-0.108027486,0.0152430323,-0.0294375687,-0.0625467856,False,0,268.9946,close_below_200ma|signal_trend_template_failed|not_30pct_above_52w_low
2025-03-24,2025-03-21,TQQQ,QQQ,red,red,12,0,0.0086966723,-0.1011284711,0.0230191793,-0.026841976,-0.0581910522,False,0,247.2089,close_below_200ma|signal_trend_template_failed|not_30pct_above_52w_low
2025-03-25,2025-03-24,TQQQ,QQQ,red,red,13,0,0.0297157412,-0.0470227611,0.0196866755,-0.0242396529,-0.0366225098,False,0,207.125,close_below_200ma|signal_trend_template_failed|not_30pct_above_52w_low
2025-03-26,2025-03-25,TQQQ,QQQ,orange,orange,1,0,0.0356228712,-0.0372974204,0.0274611086,-0.0198764812,-0.0306310776,False,0,184.7496,signal_trend_template_failed|not_30pct_above_52w_low|close_below_50ma|relative_strength_below_floor|three_month_momentum_not_positive
2025-03-27,2025-03-26,TQQQ,QQQ,red,red,1,0,0.0174757146,-0.0631923179,0.0058888841,-0.0246033439,-0.0477037871,False,0,246.4818,close_below_200ma|signal_trend_template_failed|not_30pct_above_52w_low
2025-03-28,2025-03-27,TQQQ,QQQ,red,red,2,0,0.0075830544,-0.0775178529,-0.0046438014,-0.0296570311,-0.0522837667,False,0,223.3469,close_below_200ma|signal_trend_template_failed|not_30pct_above_52w_low
2025-03-31,2025-03-28,TQQQ,QQQ,red,red,3,0,-0.0182353357,-0.1138212259,-0.031747052,-0.0367169361,-0.0755254655,False,0,294.3726,close_below_200ma|signal_trend_template_failed|not_30pct_above_52w_low
2025-04-01,2025-03-31,TQQQ,QQQ,red,red,4,0,-0.0182667906,-0.1132565952,-0.0390083623,-0.0413982274,-0.0739804165,False,0,303.3142,close_below_200ma|signal_trend_template_failed|not_30pct_above_52w_low
2025-04-02,2025-04-01,TQQQ,QQQ,red,red,5,0,-0.0060086032,-0.094065756,-0.025848341,-0.0342941254,-0.0647329065,False,0,281.9696,close_below_200ma|signal_trend_template_failed|not_30pct_above_52w_low
2025-04-03,2025-04-02,TQQQ,QQQ,red,red,6,0,0.0027885158,-0.0751536538,-0.0213923815,-0.0325101959,-0.0561189759,False,0,365.4292,close_below_200ma|signal_trend_template_failed|not_30pct_above_52w_low
2025-04-04,2025-04-03,TQQQ,QQQ,red,red,7,0,-0.0267120184,-0.1171643987,-0.0606938702,-0.0304230668,-0.1038037055,False,0,349.1404,close_below_200ma|signal_trend_template_failed|not_30pct_above_52w_low
2025-04-07,2025-04-04,TQQQ,QQQ,red,red,8,0,-0.0619309679,-0.1703735783,-0.1202762348,-0.0297791225,-0.1557997341,False,0,525.2259,close_below_200ma|signal_trend_template_failed|not_30pct_above_52w_low
2025-04-08,2025-04-07,TQQQ,QQQ,red,red,9,0,-0.0639503088,-0.1817620106,-0.1174940242,-0.0283605251,-0.1501930187,False,0,808.6594,50ma_below_150ma|signal_trend_template_failed|not_30pct_above_52w_low
2025-04-09,2025-04-08,TQQQ,QQQ,red,red,10,0,-0.0803414776,-0.2056269492,-0.1435763675,-0.032402218,-0.1622239094,False,0,483.9764,50ma_below_150ma|signal_trend_template_failed|not_30pct_above_52w_low
2025-04-10,2025-04-09,TQQQ,QQQ,red,red,11,0,-0.000763807,-0.0941129227,-0.0303931508,-0.0209012156,-0.0595807858,False,0,930.2489,50ma_below_150ma|signal_trend_template_failed|not_30pct_above_52w_low
2025-04-11,2025-04-10,TQQQ,QQQ,red,red,12,0,-0.030599988,-0.1327938335,-0.0852934394,-0.0193296588,-0.0968861001,False,0,643.8705,50ma_below_150ma|signal_trend_template_failed|not_30pct_above_52w_low
2025-04-14,2025-04-11,TQQQ,QQQ,red,red,13,0,-0.0098547226,-0.102747226,-0.0757143928,-0.016857216,-0.0777138882,False,0,431.4853,50ma_below_150ma|signal_trend_template_failed|not_30pct_above_52w_low
2025-04-15,2025-04-14,TQQQ,QQQ,red,red,14,0,-0.0025819991,-0.0937529038,-0.0683914813,-0.01656019,-0.06904258,False,0,362.2555,50ma_below_150ma|signal_trend_template_failed|signal_200ma_not_rising|not_30pct_above_52w_low
2025-04-16,2025-04-15,TQQQ,QQQ,red,red,15,0,-0.001113313,-0.091880483,-0.0688084896,-0.0103567461,-0.065748107,False,0,258.1726,50ma_below_150ma|signal_trend_template_failed|signal_200ma_not_rising|not_30pct_above_52w_low
2025-04-17,2025-04-16,TQQQ,QQQ,red,red,16,0,-0.0328169192,-0.1390704333,-0.1044026329,-0.0196336185,-0.0909704268,False,0,301.9327,50ma_below_150ma|signal_trend_template_failed|signal_200ma_not_rising|not_30pct_above_52w_low
2025-04-21,2025-04-17,TQQQ,QQQ,red,red,17,0,-0.0250125708,-0.1331522291,-0.0924326138,-0.0157218738,-0.0880746694,False,0,226.1686,50ma_below_150ma|signal_trend_template_failed|signal_200ma_not_rising|not_30pct_above_52w_low
2025-04-22,2025-04-21,TQQQ,QQQ,red,red,18,0,-0.0509301434,-0.1686360985,-0.1150002258,-0.0201633364,-0.1071327233,False,0,237.9972,50ma_below_150ma|signal_trend_template_failed|signal_200ma_not_rising|not_30pct_above_52w_low
2025-04-23,2025-04-22,TQQQ,QQQ,red,red,19,0,-0.0325582714,-0.1517857572,-0.0923956027,-0.0171945345,-0.0807496195,False,0,290.437,50ma_below_150ma|signal_trend_template_failed|signal_200ma_not_rising|not_30pct_above_52w_low
2025-04-24,2025-04-23,TQQQ,QQQ,red,red,20,0,-0.0189334557,-0.1435007919,-0.0778571484,-0.0137461569,-0.0570201564,False,0,361.806,50ma_below_150ma|signal_trend_template_failed|signal_200ma_not_rising|not_30pct_above_52w_low
2025-04-25,2025-04-24,TQQQ,QQQ,red,red,21,0,0.0048305442,-0.1212697203,-0.0537288128,-0.0068695287,-0.0280737689,False,0,310.7491,50ma_below_150ma|signal_trend_template_failed|signal_200ma_not_rising|not_30pct_above_52w_low
2025-04-28,2025-04-25,TQQQ,QQQ,red,red,22,0,0.0137548508,-0.1064239469,-0.0442215855,-0.0026020876,-0.0149873755,False,0,301.6397,50ma_below_150ma|signal_trend_template_failed|signal_200ma_not_rising|not_30pct_above_52w_low
2025-04-29,2025-04-28,TQQQ,QQQ,red,red,23,0,0.0308374346,-0.0799196251,-0.0296556122,0.0063703175,-0.0127198073,False,0,255.0956,50ma_below_150ma|signal_trend_template_failed|signal_200ma_not_rising|not_30pct_above_52w_low
2025-04-30,2025-04-29,TQQQ,QQQ,red,red,24,0,0.0223394824,-0.0873323461,-0.0311036597,0.0005334792,-0.0036249361,False,0,230.7855,50ma_below_150ma|signal_trend_template_failed|signal_200ma_not_rising|not_30pct_above_52w_low
2025-05-01,2025-04-30,TQQQ,QQQ,red,red,25,0,0.019533524,-0.0857303588,-0.0370932945,-0.0032228796,-0.0011093037,False,0,364.9114,50ma_below_150ma|signal_trend_template_failed|signal_200ma_not_rising|not_30pct_above_52w_low
2025-05-02,2025-05-01,TQQQ,QQQ,red,red,26,0,0.026757115,-0.0777205876,-0.0246745831,0.0034962198,0.0143677965,False,0,288.9397,50ma_below_150ma|signal_trend_template_failed|signal_200ma_not_rising|not_30pct_above_52w_low
2025-05-05,2025-05-02,TQQQ,QQQ,red,red,27,0,0.0269844604,-0.0626682739,-0.0196170519,-0.0024308376,0.0314929221,False,0,287.1927,50ma_below_150ma|signal_trend_template_failed|signal_200ma_not_rising|not_30pct_above_52w_low
2025-05-06,2025-05-05,TQQQ,QQQ,red,red,28,0,0.0285537422,-0.0607117222,-0.0180116991,-0.0001023521,0.0270798926,False,0,200.459,50ma_below_150ma|signal_trend_template_failed|signal_200ma_not_rising|not_30pct_above_52w_low
2025-05-07,2025-05-06,TQQQ,QQQ,red,red,29,0,0.0199570971,-0.0807331358,-0.001952547,-0.0034515463,0.0191497894,False,0,233.1385,50ma_below_150ma|signal_trend_template_failed|signal_200ma_not_rising|not_30pct_above_52w_low
2025-05-08,2025-05-07,TQQQ,QQQ,red,red,30,0,0.0181904183,-0.0812930768,-0.0053931655,-0.0046913945,0.0244199745,False,0,295.5379,50ma_below_150ma|signal_trend_template_failed|signal_200ma_not_rising|not_30pct_above_52w_low
2025-05-09,2025-05-08,TQQQ,QQQ,red,red,31,0,0.0211167617,-0.0766272353,0.0078121005,-0.0027719964,0.0361172418,False,0,289.3415,50ma_below_150ma|signal_trend_template_failed|signal_200ma_not_rising|not_30pct_above_52w_low
2025-05-12,2025-05-09,TQQQ,QQQ,red,red,32,0,0.0231764089,-0.0654446522,-0.0055348624,-0.0007245922,0.035946154,False,0,214.4511,50ma_below_150ma|signal_trend_template_failed|signal_200ma_not_rising|not_30pct_above_52w_low
2025-05-13,2025-05-12,TQQQ,QQQ,red,red,33,0,0.0353356822,-0.0390034357,0.0076100876,0.0031072091,0.0781308791,False,0,331.5783,50ma_below_150ma|signal_trend_template_failed|signal_200ma_not_rising|not_30pct_above_52w_low
2025-05-14,2025-05-13,TQQQ,QQQ,red,red,34,0,0.0468333607,-0.0220290467,0.0071106933,0.0125786241,0.0936671794,False,0,292.1541,50ma_below_150ma|signal_trend_template_failed|signal_200ma_not_rising|not_30pct_above_52w_low
2025-05-15,2025-05-14,TQQQ,QQQ,red,red,35,0,0.0494582292,-0.0167453395,0.01196364,0.0163091353,0.0991085712,False,0,280.9088,50ma_below_150ma|signal_trend_template_failed|signal_200ma_not_rising|not_30pct_above_52w_low
2025-05-16,2025-05-15,TQQQ,QQQ,red,red,36,0,0.0456794326,-0.029624332,0.0136674206,0.0127893805,0.0994783053,False,0,282.6787,50ma_below_150ma|signal_trend_template_failed|signal_200ma_not_rising|not_30pct_above_52w_low
2025-05-19,2025-05-16,TQQQ,QQQ,red,red,37,0,0.0451224916,-0.0294756769,0.0199254021,0.0080669773,0.1026742869,False,0,225.8712,50ma_below_150ma|signal_trend_template_failed|not_30pct_above_52w_low
2025-05-20,2025-05-19,TQQQ,QQQ,red,red,38,0,0.0478413466,-0.0307422718,0.0222185218,0.0100896975,0.1022887437,True,0,255.1598,50ma_below_150ma|signal_trend_template_failed|not_30pct_above_52w_low
2025-05-21,2025-05-20,TQQQ,QQQ,red,red,39,0,0.0485342527,-0.0342418557,0.0259411939,0.0116365048,0.0963806486,True,0,235.4128,50ma_below_150ma|signal_trend_template_failed|not_30pct_above_52w_low
2025-05-22,2025-05-21,TQQQ,QQQ,red,red,40,0,0.0480884614,-0.0436030162,0.0363766762,0.0174428341,0.0792277529,True,0,368.9698,50ma_below_150ma|signal_trend_template_failed|not_30pct_above_52w_low
2025-05-23,2025-05-22,TQQQ,QQQ,red,red,41,0,0.061391137,-0.0215052155,0.0311518604,0.0222296857,0.079530832,True,0,293.5466,50ma_below_150ma|signal_trend_template_failed|not_30pct_above_52w_low
2025-05-27,2025-05-23,TQQQ,QQQ,red,red,42,0,0.0595589392,-0.0189868058,0.0146223942,0.0222972669,0.0676680784,True,0,351.9018,50ma_below_150ma|signal_trend_template_failed|not_30pct_above_52w_low
2025-05-28,2025-05-27,TQQQ,QQQ,red,red,43,0,0.0796398528,0.0169041752,0.0390901025,0.0290089683,0.0908516361,True,0,229.3765,50ma_below_150ma|signal_trend_template_failed|not_30pct_above_52w_low
2025-05-29,2025-05-28,TQQQ,QQQ,red,red,44,0,0.0812460303,0.0099575772,0.0307768478,0.0323091911,0.0843439235,True,0,229.9085,50ma_below_150ma|signal_trend_template_failed|not_30pct_above_52w_low
2025-05-30,2025-05-29,TQQQ,QQQ,red,red,45,0,0.0919028591,0.0408487567,0.031149365,0.0366586872,0.0843865448,True,0,336.8369,50ma_below_150ma|signal_trend_template_failed|not_30pct_above_52w_low
2025-06-02,2025-05-30,TQQQ,QQQ,red,red,46,0,0.0832693317,0.0230515345,0.0278971594,0.035182497,0.0809205723,True,0,324.4363,50ma_below_150ma|signal_trend_template_failed|not_30pct_above_52w_low
2025-06-03,2025-06-02,TQQQ,QQQ,red,red,47,0,0.0924329117,0.0542004954,0.0304831548,0.0376056759,0.0874354968,True,0,244.6433,50ma_below_150ma|signal_trend_template_failed
2025-06-04,2025-06-03,TQQQ,QQQ,red,red,48,0,0.0982886849,0.0656568922,0.046779936,0.0367138409,0.0937908664,True,0,233.6551,50ma_below_150ma|signal_trend_template_failed
2025-06-05,2025-06-04,TQQQ,QQQ,red,red,49,0,0.0931403635,0.054876496,0.0405549822,0.0378387462,0.0951088101,True,0,235.8302,50ma_below_150ma|signal_trend_template_failed
2025-06-06,2025-06-05,TQQQ,QQQ,red,red,50,0,0.0980675911,0.0765517911,0.021599614,0.0388739155,0.0854572851,True,0,353.8638,50ma_below_150ma|signal_trend_template_failed
2025-06-09,2025-06-06,TQQQ,QQQ,red,red,51,0,0.0998638095,0.0791398389,0.0284324166,0.0368643619,0.0940070114,True,0,241.1918,50ma_below_150ma|signal_trend_template_failed
2025-06-10,2025-06-09,TQQQ,QQQ,red,red,52,0,0.1166509804,0.1243021324,0.0173687997,0.0434238768,0.0934016643,True,0,185.3027,50ma_below_150ma|signal_trend_template_failed
2025-06-11,2025-06-10,TQQQ,QQQ,red,red,53,0,0.1174624735,0.1344500502,0.026943421,0.0399203677,0.0976810898,True,0,230.9056,50ma_below_150ma|signal_trend_template_failed
2025-06-12,2025-06-11,TQQQ,QQQ,red,red,54,0,0.1076510366,0.1180153982,0.0144047017,0.0336926758,0.0911355473,True,0,338.3556,50ma_below_150ma|signal_trend_template_failed
2025-06-13,2025-06-12,TQQQ,QQQ,red,red,55,0,0.1186445839,0.1411704087,0.0247664663,0.0357943293,0.0909712447,True,0,236.4304,50ma_below_150ma|signal_trend_template_failed
2025-06-16,2025-06-13,TQQQ,QQQ,red,red,56,0,0.1004573046,0.1002499848,0.0153608564,0.031233887,0.0750412349,True,0,380.0323,50ma_below_150ma|signal_trend_template_failed
2025-06-17,2025-06-16,TQQQ,QQQ,red,red,57,0,0.1033611446,0.1083678687,0.011378431,0.0329719066,0.0862882272,True,0,219.0477,50ma_below_150ma|signal_trend_template_failed
2025-06-18,2025-06-17,TQQQ,QQQ,red,red,58,0,0.1057960503,0.1165950904,0.0080217382,0.0347511956,0.0710612826,True,0,246.7369,50ma_below_150ma|signal_trend_template_failed
2025-06-20,2025-06-18,TQQQ,QQQ,red,red,59,0,0.0993751369,0.101663238,0.0001942169,0.0316582187,0.066332791,True,0,259.5809,50ma_below_150ma|signal_trend_template_failed
2025-06-23,2025-06-20,TQQQ,QQQ,red,red,60,0,0.0940956969,0.1008964393,-0.0180306354,0.0273413579,0.0572572414,True,0,293.1475,50ma_below_150ma|signal_trend_template_failed
2025-06-24,2025-06-23,TQQQ,QQQ,red,red,61,0,0.1024452809,0.1085617207,-0.0035454312,0.0276502151,0.0652958479,True,0,310.0555,50ma_below_150ma|signal_trend_template_failed
2025-06-25,2025-06-24,TQQQ,QQQ,red,red,62,0,0.1128140048,0.1013457229,0.049557406,0.0317196177,0.0775231181,True,0,218.968,50ma_below_150ma|signal_trend_template_failed
2025-06-26,2025-06-25,TQQQ,QQQ,red,red,63,0,0.1143266978,0.0978960555,0.0569473648,0.0331430053,0.0765268817,True,0,197.7379,50ma_below_150ma|signal_trend_template_failed
2025-06-27,2025-06-26,TQQQ,QQQ,green,green,1,0,0.1261412972,0.128934699,0.0575946986,0.0392745957,0.0827477762,True,1,200.5634,
2025-06-30,2025-06-27,TQQQ,QQQ,green,green,2,0,0.1304987652,0.1392914105,0.0509759865,0.0388277742,0.0825656867,True,2,295.3136,
2025-07-01,2025-06-30,TQQQ,QQQ,green,green,3,0,0.1421803881,0.1776764472,0.0436318702,0.0430528786,0.084950587,True,3,234.4496,
2025-07-02,2025-07-01,TQQQ,QQQ,green,green,4,0,0.1345805628,0.1677988934,0.0355379668,0.0376092526,0.0714475218,True,4,282.0722,
2025-07-03,2025-07-02,TQQQ,QQQ,green,green,5,0,0.1396774689,0.1665296133,0.0567991233,0.0381385653,0.073938608,True,5,205.5035,
2025-07-07,2025-07-03,TQQQ,QQQ,green,green,6,0,0.1475100866,0.1694733538,0.0815831582,0.0414949897,0.0797805771,True,6,175.8663,
2025-07-08,2025-07-07,TQQQ,QQQ,green,green,7,0,0.1688133418,0.2263125531,0.0826323802,0.046817941,0.0675853497,True,7,287.678,
2025-07-09,2025-07-08,TQQQ,QQQ,green,green,8,0,0.2031709434,0.3082554056,0.0853632509,0.0538566068,0.0646633412,True,8,238.2343,
2025-07-10,2025-07-09,TQQQ,QQQ,green,green,9,0,0.2032018572,0.3143447185,0.0754467799,0.0524042463,0.0687300983,True,9,248.3496,
2025-07-11,2025-07-10,TQQQ,QQQ,green,green,10,0,0.206789761,0.3365233058,0.0616980958,0.0475723702,0.0637771211,True,10,231.1594,
2025-07-14,2025-07-11,TQQQ,QQQ,green,green,11,0,0.1556602694,0.1906060542,0.0785546387,0.0388628053,0.0581727987,True,11,222.3765,
2025-07-15,2025-07-14,TQQQ,QQQ,green,green,12,0,0.1774275463,0.2480047337,0.082277401,0.0408928854,0.0587248706,True,12,204.5101,
2025-07-16,2025-07-15,TQQQ,QQQ,green,green,13,0,0.175758659,0.2265520373,0.1005272178,0.0458184432,0.0566552428,True,13,259.7123,
2025-07-17,2025-07-16,TQQQ,QQQ,green,green,14,0,0.1778703607,0.219541492,0.1052059358,0.0478484951,0.0549735237,True,14,351.5187,
2025-07-18,2025-07-17,TQQQ,QQQ,green,green,15,0,0.1820032556,0.2280419312,0.1152088454,0.0475059911,0.0604431699,True,15,210.4497,
2025-07-21,2025-07-18,TQQQ,QQQ,green,green,16,0,0.1897650111,0.2650059849,0.0890810545,0.0497986416,0.0562183985,True,16,212.2356,
2025-07-22,2025-07-21,TQQQ,QQQ,green,green,17,0,0.1979706314,0.2717937282,0.1024515583,0.0571041396,0.0584514032,True,17,191.8925,
2025-07-23,2025-07-22,TQQQ,QQQ,green,green,18,0,0.1976473368,0.297315753,0.0785414859,0.0481141571,0.0500768148,True,18,233.3233,
2025-07-24,2025-07-23,TQQQ,QQQ,green,green,19,0,0.1882870849,0.2698956926,0.0771436134,0.0448892655,0.0518598823,True,19,257.5114,
2025-07-25,2025-07-24,TQQQ,QQQ,green,green,20,0,0.1802163749,0.2443781485,0.0658088987,0.0413251756,0.0518328791,True,20,198.4922,
2025-07-28,2025-07-25,TQQQ,QQQ,green,green,21,0,0.1662250647,0.2132364523,0.0661076072,0.0348594712,0.0523524433,True,21,174.4912,
2025-07-29,2025-07-28,TQQQ,QQQ,green,green,22,0,0.1664926874,0.203610419,0.0755174477,0.0373472769,0.0536819155,True,22,213.1959,
2025-07-30,2025-07-29,TQQQ,QQQ,green,green,23,0,0.1728499915,0.2021276216,0.1060540327,0.0437942782,0.0501569048,True,23,258.0875,
2025-07-31,2025-07-30,TQQQ,QQQ,green,green,24,0,0.1634859554,0.1958404094,0.0914048609,0.0435736693,0.0497334159,True,24,324.2042,
2025-08-01,2025-07-31,TQQQ,QQQ,green,green,25,0,0.1568528431,0.1896533668,0.0876639568,0.0392994764,0.0424912789,True,25,391.9185,
2025-08-04,2025-08-01,TQQQ,QQQ,green,green,26,0,0.135530803,0.1511835729,0.0617129091,0.0322784388,0.0206677018,True,26,452.6673,
2025-08-05,2025-08-04,TQQQ,QQQ,green,green,27,0,0.1427912553,0.1552758903,0.0828767443,0.0352148762,0.0375261517,True,27,235.8917,
2025-08-06,2025-08-05,TQQQ,QQQ,green,green,28,0,0.1426842433,0.1542798797,0.0842015603,0.0335313857,0.028709048,True,28,323.5207,
2025-08-07,2025-08-06,TQQQ,QQQ,green,green,29,0,0.1539711103,0.179778695,0.0845314615,0.0385773136,0.0394150004,True,29,284.6501,
2025-08-08,2025-08-07,TQQQ,QQQ,green,green,30,0,0.1565432686,0.179141884,0.0832858122,0.0433939082,0.0410783765,True,30,377.2387,
2025-08-11,2025-08-08,TQQQ,QQQ,green,green,31,0,0.1619986195,0.1779786571,0.0877134094,0.0454583438,0.0486332883,True,31,239.2665,
2025-08-12,2025-08-11,TQQQ,QQQ,green,green,32,0,0.1620942141,0.1752634174,0.0983487118,0.0444348755,0.0434925195,True,32,214.6876,
2025-08-13,2025-08-12,TQQQ,QQQ,green,green,33,0,0.1486320183,0.1434507169,0.0988522103,0.039490022,0.0542451389,True,33,281.079,
2025-08-14,2025-08-13,TQQQ,QQQ,green,green,34,0,0.1415045897,0.1268483611,0.1020249659,0.0326059366,0.0525639647,True,34,226.3334,
2025-08-15,2025-08-14,TQQQ,QQQ,green,green,35,0,0.1366769468,0.119266799,0.1005242965,0.028095543,0.0497227065,True,35,249.9793,
2025-08-18,2025-08-15,TQQQ,QQQ,green,green,36,0,0.1297943828,0.1131217648,0.0801462761,0.0267926671,0.0432498786,True,36,222.7679,
2025-08-19,2025-08-18,TQQQ,QQQ,green,green,37,0,0.1268960514,0.107856367,0.0752015507,0.026619324,0.0408439715,True,37,169.7432,
2025-08-20,2025-08-19,TQQQ,QQQ,green,green,38,0,0.1138912848,0.0917785904,0.0582148362,0.0176665959,0.0252446143,True,38,246.5823,
2025-08-21,2025-08-20,TQQQ,QQQ,green,green,39,0,0.112283295,0.0889261282,0.0516392768,0.0158227474,0.0178451359,True,39,358.1718,
2025-08-22,2025-08-21,TQQQ,QQQ,green,green,40,0,0.113536872,0.099159302,0.0512326412,0.0129158429,0.0120526119,True,40,257.6243,
2025-08-25,2025-08-22,TQQQ,QQQ,green,green,41,0,0.1250029186,0.1140318426,0.0900743478,0.0115619066,0.026185072,True,41,297.9607,
2025-08-26,2025-08-25,TQQQ,QQQ,green,green,42,0,0.1310023159,0.1212013578,0.0999133254,0.0164213513,0.0218587187,True,42,179.0313,
2025-08-27,2025-08-26,TQQQ,QQQ,green,green,43,0,0.1256045061,0.0998292773,0.1184209841,0.0159522873,0.0242643747,True,43,189.9385,
2025-08-28,2025-08-27,TQQQ,QQQ,green,green,44,0,0.1276854792,0.1064234395,0.1174407363,0.0140424767,0.0243800691,True,44,203.6434,
2025-08-29,2025-08-28,TQQQ,QQQ,green,green,45,0,0.1388614051,0.1111650384,0.1565547487,0.0209232244,0.0290062069,True,45,208.7446,
2025-09-02,2025-08-29,TQQQ,QQQ,green,green,46,0,0.1278230809,0.1000378955,0.125395457,0.0151320707,0.0155737077,True,46,270.539,
2025-09-03,2025-09-02,TQQQ,QQQ,green,green,47,0,0.1253651717,0.08227125,0.1409308879,0.0144915732,0.0056528777,True,47,360.4956,
2025-09-04,2025-09-03,TQQQ,QQQ,green,green,48,0,0.124281783,0.0823255973,0.1533877323,0.010968372,0.0121819559,True,48,265.4501,
2025-09-05,2025-09-04,TQQQ,QQQ,green,green,49,0,0.1263872767,0.0890860156,0.14885124,0.0095779724,0.0200596112,True,49,231.324,
2025-09-08,2025-09-05,TQQQ,QQQ,green,green,50,0,0.1389316129,0.0989291765,0.1830541732,0.017848934,0.0202686497,True,50,393.7063,
2025-09-09,2025-09-08,TQQQ,QQQ,green,green,51,0,0.1344907065,0.0935993929,0.1801466727,0.0179546999,0.0240610765,True,51,235.2481,
2025-09-10,2025-09-09,TQQQ,QQQ,green,green,52,0,0.1484504643,0.0950856732,0.2312071575,0.0233155831,0.0257857117,True,52,220.6659,
2025-09-11,2025-09-10,TQQQ,QQQ,green,green,53,0,0.1512324624,0.0882465271,0.2345613273,0.0193469233,0.0250686969,True,53,282.0626,
2025-09-12,2025-09-11,TQQQ,QQQ,green,green,54,0,0.1529826774,0.0982814189,0.2278955379,0.015630414,0.0296869047,True,54,216.606,
2025-09-15,2025-09-12,TQQQ,QQQ,green,green,55,0,0.1616417012,0.1005490914,0.2559140564,0.0246332909,0.032929331,True,55,221.6776,
2025-09-16,2025-09-15,TQQQ,QQQ,green,green,56,0,0.1653059662,0.124078669,0.2367675385,0.0268257984,0.0404687518,True,56,192.5322,
2025-09-17,2025-09-16,TQQQ,QQQ,green,green,57,0,0.1550228438,0.1077202727,0.2277615578,0.024667791,0.0381598157,True,57,189.6063,
2025-09-18,2025-09-17,TQQQ,QQQ,green,green,58,0,0.1632028213,0.1163955294,0.246561767,0.0271985989,0.0347191941,True,58,360.7345,
2025-09-19,2025-09-18,TQQQ,QQQ,green,green,59,0,0.1696594098,0.1266538019,0.2411930755,0.0318930545,0.0426203976,True,59,309.5177,
2025-09-22,2025-09-19,TQQQ,QQQ,green,green,60,0,0.1804605702,0.1389311484,0.2538452459,0.0359260902,0.0480667743,True,60,215.7976,
2025-09-23,2025-09-22,TQQQ,QQQ,green,green,61,0,0.1815902544,0.1340131965,0.2571236204,0.0372180743,0.0524787787,True,61,210.832,
2025-09-24,2025-09-23,TQQQ,QQQ,green,green,62,0,0.1640524823,0.1095138847,0.2219583713,0.0312665436,0.0439322192,True,62,254.6933,
2025-09-25,2025-09-24,TQQQ,QQQ,green,green,63,0,0.1555723155,0.1027995886,0.2107593183,0.0274841751,0.0388161927,True,63,254.7918,
2025-09-26,2025-09-25,TQQQ,QQQ,green,green,64,0,0.1525675449,0.0878732566,0.2281378675,0.0281210603,0.0330095235,True,64,305.515,
2025-09-29,2025-09-26,TQQQ,QQQ,green,green,65,0,0.1591434583,0.0886184361,0.2402536335,0.0300206881,0.0360004699,True,65,312.3935,
2025-09-30,2025-09-29,TQQQ,QQQ,green,green,66,0,0.1684677688,0.0866217516,0.2796888439,0.0343934515,0.0394207159,True,66,235.6848,
2025-10-01,2025-09-30,TQQQ,QQQ,green,green,67,0,0.1784324142,0.0988612084,0.2832489032,0.0404069074,0.0409359765,True,67,237.3441,
2025-10-02,2025-10-01,TQQQ,QQQ,green,green,68,0,0.1773578847,0.0964948204,0.2790936789,0.0398547599,0.0443846738,True,68,245.056,
2025-10-03,2025-10-02,TQQQ,QQQ,green,green,69,0,0.1756062724,0.0902738199,0.2750461807,0.0422514766,0.0471345853,True,69,235.2809,
2025-10-06,2025-10-03,TQQQ,QQQ,green,green,70,0,0.1861561222,0.0939246486,0.3414935287,0.0391968664,0.0413286842,True,70,268.3703,
2025-10-07,2025-10-06,TQQQ,QQQ,green,green,71,0,0.2142515241,0.1015217024,0.4410717216,0.0479741512,0.0476301295,True,71,219.4938,
2025-10-08,2025-10-07,TQQQ,QQQ,green,green,72,0,0.2024699037,0.0880194383,0.4300326024,0.0418605961,0.0407849447,True,72,262.3131,
2025-10-09,2025-10-08,TQQQ,QQQ,green,green,73,0,0.2197653671,0.1020771626,0.4729518126,0.0532954528,0.0510935423,True,73,235.3245,
2025-10-10,2025-10-09,TQQQ,QQQ,green,green,74,0,0.1817076387,0.1032262412,0.313507842,0.0443264845,0.048259555,True,74,237.1594,
2025-10-13,2025-10-10,TQQQ,QQQ,green,green,75,0,0.1653557212,0.0610801359,0.3242330325,0.0343078452,0.0109973789,True,75,574.4119,
2025-10-14,2025-10-13,TQQQ,QQQ,green,green,76,0,0.1764717615,0.0826050464,0.3278714253,0.0388066375,0.0307277697,True,76,293.8991,
2025-10-15,2025-10-14,TQQQ,QQQ,green,green,77,0,0.1745376594,0.0742939679,0.3101460685,0.0382110672,0.0226521445,True,77,370.1865,
2025-10-16,2025-10-15,TQQQ,QQQ,green,green,78,0,0.1733743006,0.0731899315,0.317922236,0.0373299844,0.0283704487,True,78,326.0356,
2025-10-17,2025-10-16,TQQQ,QQQ,green,green,79,0,0.1827033134,0.0702447045,0.3538659566,0.0440793282,0.023397633,True,79,404.29,
2025-10-20,2025-10-17,TQQQ,QQQ,green,green,80,0,0.184804856,0.0717161553,0.3630018847,0.0444178686,0.028877335,True,80,367.8421,
2025-10-21,2025-10-20,TQQQ,QQQ,green,green,81,0,0.205184694,0.0908666336,0.4151984682,0.0506368409,0.0405069715,True,81,214.402,
2025-10-22,2025-10-21,TQQQ,QQQ,green,green,82,0,0.1976436994,0.0856294993,0.378636225,0.0518862976,0.0388493028,True,82,213.8489,
2025-10-23,2025-10-22,TQQQ,QQQ,green,green,83,0,0.1781919459,0.0728871164,0.3350772834,0.0407620093,0.0279288872,True,83,349.4726,
2025-10-24,2025-10-23,TQQQ,QQQ,green,green,84,0,0.1747865773,0.0793082437,0.3094561046,0.0414364787,0.0354832636,True,84,243.2367,
2025-10-27,2025-10-24,TQQQ,QQQ,green,green,85,0,0.1766823434,0.0874348309,0.3088478925,0.040727733,0.0451975099,True,85,231.9642,
2025-10-28,2025-10-27,TQQQ,QQQ,green,green,86,0,0.1944295322,0.1085183418,0.3325805177,0.0488807354,0.0619619674,True,86,224.3115,
2025-10-29,2025-10-28,TQQQ,QQQ,green,green,87,0,0.1966138861,0.1155482937,0.3340177282,0.0519588579,0.0680885791,True,87,273.109,
2025-10-30,2025-10-29,TQQQ,QQQ,green,green,88,0,0.2049168668,0.1265413281,0.3401936838,0.0586915143,0.0704720939,True,88,399.0044,
2025-10-31,2025-10-30,TQQQ,QQQ,green,green,89,0,0.1964446602,0.1316092281,0.3026899543,0.0516533593,0.0519520359,True,89,364.0707,
2025-11-03,2025-10-31,TQQQ,QQQ,green,green,90,0,0.1859719705,0.1164675908,0.2898280899,0.0502406963,0.0546717538,True,90,355.9726,
2025-11-04,2025-11-03,TQQQ,QQQ,green,green,91,0,0.1944446922,0.1294782477,0.3037340159,0.0540582681,0.0575629853,True,91,245.9225,
2025-11-05,2025-11-04,TQQQ,QQQ,green,green,92,0,0.1738503451,0.0928008674,0.2892631813,0.0412589525,0.034379983,True,92,344.5603,
2025-11-06,2025-11-05,TQQQ,QQQ,green,green,93,0,0.1766470901,0.0962031303,0.2925790243,0.0431081036,0.039329418,True,93,308.9367,
2025-11-07,2025-11-06,TQQQ,QQQ,green,green,94,0,0.154837175,0.0658413521,0.2555383647,0.0312173139,0.0186498306,True,94,415.8039,
2025-11-10,2025-11-07,TQQQ,QQQ,green,green,95,0,0.1564436883,0.0656314212,0.2523976258,0.0278257426,0.0143097378,True,95,482.8313,
2025-11-11,2025-11-10,TQQQ,QQQ,green,green,96,0,0.1595774399,0.0756874507,0.2299955866,0.033015138,0.0349087677,True,96,335.9302,
2025-11-12,2025-11-11,TQQQ,QQQ,green,green,97,0,0.1543569491,0.0722861098,0.2083038454,0.0276609327,0.0302154721,True,97,285.3207,
2025-11-13,2025-11-12,TQQQ,QQQ,green,green,98,0,0.1513523436,0.0722723013,0.2001587863,0.0244286807,0.0276431702,True,98,348.6408,
2025-11-14,2025-11-13,TQQQ,QQQ,green,green,99,0,0.1447445519,0.0550200711,0.1743658034,0.025136775,0.0055369512,True,99,523.7114,
2025-11-17,2025-11-14,TQQQ,QQQ,green,green,100,0,0.1423434121,0.0562384897,0.1701605359,0.0266579561,0.005185104,True,100,579.1445,
2025-11-18,2025-11-17,TQQQ,QQQ,orange,orange,1,0,0.1471863552,0.0616213862,0.1590555006,0.0329909065,-0.0042367595,True,0,472.7517,signal_trend_template_failed|close_below_50ma
2025-11-19,2025-11-18,TQQQ,QQQ,orange,orange,2,0,0.1394652235,0.0549587494,0.1487721464,0.0282424878,-0.0168953377,True,0,653.7922,signal_trend_template_failed|close_below_50ma
2025-11-20,2025-11-19,TQQQ,QQQ,orange,orange,3,0,0.1475223678,0.0661932555,0.1719162345,0.0295118465,-0.0116726549,True,0,458.3539,signal_trend_template_failed|close_below_50ma
2025-11-21,2025-11-20,TQQQ,QQQ,orange,orange,4,0,0.1247367101,0.0251392871,0.142037809,0.0214977095,-0.0351402822,True,0,411.6997,signal_trend_template_failed|close_below_50ma
2025-11-24,2025-11-21,TQQQ,QQQ,orange,orange,5,0,0.1315734692,0.0358290097,0.1613728921,0.0186644,-0.0280224018,True,0,424.0687,signal_trend_template_failed|close_below_50ma
2025-11-25,2025-11-24,TQQQ,QQQ,orange,orange,6,0,0.156302286,0.0580702507,0.1636966391,0.0334424139,-0.0036307318,True,0,238.4866,signal_trend_template_failed|close_below_50ma
2025-11-26,2025-11-25,TQQQ,QQQ,green,early_thaw,1,0,0.1601742098,0.0629582386,0.1760819104,0.0285944706,0.0019037844,True,1,263.4088,
2025-11-28,2025-11-26,TQQQ,QQQ,green,early_thaw,2,0,0.1611740973,0.0656791603,0.1841454251,0.0285841891,0.0099269013,True,2,200.6238,
2025-12-01,2025-11-28,TQQQ,QQQ,green,green,3,0,0.1774955847,0.0869001488,0.1956313523,0.036517001,0.0172909924,True,3,93.2428,
2025-12-02,2025-12-01,TQQQ,QQQ,green,green,4,0,0.1721630323,0.0924037429,0.1822771643,0.0363315549,0.0132576289,True,4,178.3502,
2025-12-03,2025-12-02,TQQQ,QQQ,green,green,5,0,0.1730364837,0.0923589111,0.182288011,0.0412906246,0.0205239699,True,5,218.6203,
2025-12-04,2025-12-03,TQQQ,QQQ,green,green,6,0,0.1735187932,0.0852056023,0.1818822455,0.0405124943,0.0221685762,True,6,193.4132,
2025-12-05,2025-12-04,TQQQ,QQQ,green,green,7,0,0.1705241125,0.0826340751,0.1897381726,0.036472495,0.0203199788,True,7,176.5389,
2025-12-08,2025-12-05,TQQQ,QQQ,green,green,8,0,0.1702423251,0.0817715529,0.1830247135,0.0379850359,0.0234090566,True,8,204.3952,
2025-12-09,2025-12-08,TQQQ,QQQ,green,early_thaw,9,0,0.167036605,0.0766459162,0.1790195179,0.0378317913,0.0205002367,True,9,193.3932,
2025-12-10,2025-12-09,TQQQ,QQQ,green,early_thaw,10,0,0.1630062855,0.0776210936,0.1727174126,0.0398501551,0.0208804023,True,10,135.7343,
2025-12-11,2025-12-10,TQQQ,QQQ,green,early_thaw,11,0,0.1626980361,0.0757730793,0.181501584,0.0377663626,0.0241503577,True,11,282.4273,
2025-12-12,2025-12-11,TQQQ,QQQ,green,early_thaw,12,0,0.1595624724,0.0675777418,0.1749217137,0.031334338,0.0200943789,True,12,278.1247,
2025-12-15,2025-12-12,TQQQ,QQQ,green,early_thaw,13,0,0.1445998454,0.038283013,0.1671117873,0.0210847643,0.0003344987,True,13,363.631,
2025-12-16,2025-12-15,TQQQ,QQQ,orange,orange,1,0,0.1411101539,0.0339454488,0.1453223346,0.0172035409,-0.0049253523,True,0,255.2969,signal_trend_template_failed|close_below_50ma
2025-12-17,2025-12-16,TQQQ,QQQ,orange,orange,2,0,0.1484829276,0.0380663575,0.1588926407,0.0249487799,-0.0030845934,True,0,275.7028,signal_trend_template_failed|close_below_50ma
2025-12-18,2025-12-17,TQQQ,QQQ,orange,orange,3,0,0.1249499346,0.0097191998,0.1376039752,0.0126323063,-0.0214335974,True,0,308.5406,signal_trend_template_failed|close_below_50ma
2025-12-19,2025-12-18,TQQQ,QQQ,orange,orange,4,0,0.1358667898,0.0174624512,0.158819678,0.019714997,-0.007178672,True,0,279.754,signal_trend_template_failed|close_below_50ma
2025-12-22,2025-12-19,TQQQ,QQQ,green,early_thaw,1,0,0.1528947078,0.0246595888,0.1619774956,0.0255831762,0.0055550577,True,1,194.161,
2025-12-23,2025-12-22,TQQQ,QQQ,green,early_thaw,2,0,0.1675953849,0.0364556324,0.149961915,0.0254769015,0.0093714782,True,2,174.7575,
2025-12-24,2025-12-23,TQQQ,QQQ,green,early_thaw,3,0,0.1704357389,0.0449782026,0.1524015318,0.0240043821,0.0134090103,True,3,131.8368,
2025-12-26,2025-12-24,TQQQ,QQQ,green,early_thaw,4,0,0.1755398641,0.0525734067,0.1450664597,0.023720167,0.0154905653,True,4,71.2844,
2025-12-29,2025-12-26,TQQQ,QQQ,green,early_thaw,5,0,0.149230577,0.0481967216,0.1410862758,0.0195181775,0.0146840028,True,5,102.5926,
2025-12-30,2025-12-29,TQQQ,QQQ,green,early_thaw,6,0,0.1503589652,0.0383143213,0.1282549265,0.016756853,0.0090616669,True,6,137.4118,
2025-12-31,2025-12-30,TQQQ,QQQ,green,early_thaw,7,0,0.1470005198,0.0330762283,0.1352073926,0.0183738697,0.0061889062,True,7,105.0164,
2026-01-02,2025-12-31,TQQQ,QQQ,orange,orange,1,0,0.1360635466,0.0196460546,0.1180366175,0.0163825308,-0.0022431627,True,0,150.183,signal_trend_template_failed|close_below_50ma
2026-01-05,2026-01-02,TQQQ,QQQ,orange,orange,2,0,0.1280287673,0.0135044322,0.1049973488,0.0090344495,-0.0042575752,True,0,279.5587,signal_trend_template_failed|close_below_50ma
2026-01-06,2026-01-05,TQQQ,QQQ,green,early_thaw,1,0,0.1450624292,0.0258731625,0.1222279388,0.0152648064,0.003218767,True,1,208.1301,
2026-01-07,2026-01-06,TQQQ,QQQ,green,early_thaw,2,0,0.1484235671,0.0271728678,0.131453206,0.0166103323,0.0115861322,True,2,188.8053,
2026-01-08,2026-01-07,TQQQ,QQQ,green,early_thaw,3,0,0.1563617023,0.0336041481,0.1245814047,0.0224358014,0.0123063645,True,3,180.2118,
2026-01-09,2026-01-08,TQQQ,QQQ,green,early_thaw,4,0,0.1408736027,0.0160758429,0.1197939819,0.0142134516,0.0067698575,True,4,226.0534,
2026-01-12,2026-01-09,TQQQ,QQQ,green,early_thaw,5,0,0.1438768563,0.0274396562,0.13349839,0.014551249,0.016977568,True,5,218.5677,
2026-01-13,2026-01-12,TQQQ,QQQ,green,early_thaw,6,0,0.1513127132,0.0652722405,0.1303392138,0.0150298353,0.0180785563,True,6,166.101,
2026-01-14,2026-01-13,TQQQ,QQQ,green,early_thaw,7,0,0.138469356,0.0415887767,0.127629266,0.0097121599,0.0165360629,True,7,245.367,
2026-01-15,2026-01-14,TQQQ,QQQ,green,early_thaw,8,0,0.1329111685,0.037371536,0.1144419836,0.00694498,0.0059610563,True,8,314.7935,
2026-01-16,2026-01-15,TQQQ,QQQ,green,green,9,0,0.1290832666,0.0338101548,0.1094746492,0.0058066471,0.0098930898,False,9,245.053,
2026-01-20,2026-01-16,TQQQ,QQQ,green,early_thaw,10,0,0.1296560056,0.0367846722,0.1096133051,0.0043568198,0.0089564748,True,10,204.532,
2026-01-21,2026-01-20,TQQQ,QQQ,orange,orange,1,0,0.1071839203,0.0081357953,0.0804354185,0.000231007,-0.0120182496,False,0,326.4463,signal_trend_template_failed|close_below_50ma
2026-01-22,2026-01-21,TQQQ,QQQ,green,green,1,0,0.1123170284,0.0090493785,0.1007382987,0.0029616413,0.0011620754,False,1,394.5195,
2026-01-23,2026-01-22,TQQQ,QQQ,green,green,2,0,0.1182323332,0.0166504432,0.1037057116,0.0067130948,0.0080532809,False,2,244.2571,
2026-01-26,2026-01-23,TQQQ,QQQ,green,green,3,0,0.1266229476,0.0297813368,0.104839129,0.0117860471,0.0112265429,False,3,211.4246,
2026-01-27,2026-01-26,TQQQ,QQQ,green,green,4,0,0.1246316876,0.0256901168,0.1070357985,0.010465399,0.0155213717,False,4,159.3333,
2026-01-28,2026-01-27,TQQQ,QQQ,green,early_thaw,5,0,0.1246941393,0.0240531622,0.1135910773,0.0127860777,0.0243664747,True,5,146.3713,
2026-01-29,2026-01-28,TQQQ,QQQ,green,early_thaw,6,0,0.1211684853,0.0094665311,0.1190121652,0.0130751515,0.0269052337,True,6,216.4619,
2026-01-30,2026-01-29,TQQQ,QQQ,yellow,yellow,1,0,0.1040061637,-0.0042328597,0.1108263343,0.0031014,0.0200524503,True,7,342.2884,three_month_momentum_not_positive
2026-02-02,2026-01-30,TQQQ,QQQ,yellow,yellow,2,0,0.0892952305,-0.0206030767,0.1033311107,-0.0102237945,0.0071809453,True,8,296.2877,relative_strength_below_floor|three_month_momentum_not_positive
2026-02-03,2026-02-02,TQQQ,QQQ,yellow,yellow,3,0,0.103945168,0.0014324053,0.1332301511,-0.0062285617,0.0130925636,True,9,204.893,relative_strength_below_floor
2026-02-04,2026-02-03,TQQQ,QQQ,orange,orange,1,0,0.0852717024,-0.0186874816,0.0956036232,-0.0145274447,-0.0030346471,True,0,340.0132,signal_trend_template_failed|close_below_50ma|relative_strength_below_floor|three_month_momentum_not_positive
2026-02-05,2026-02-04,TQQQ,QQQ,orange,orange,2,0,0.0667938209,-0.040421352,0.0838232099,-0.0281636102,-0.0211102263,True,0,353.2314,signal_trend_template_failed|close_below_50ma|relative_strength_below_floor|three_month_momentum_not_positive
2026-02-06,2026-02-05,TQQQ,QQQ,orange,orange,3,0,0.0605051096,-0.034639787,0.0549464781,-0.0274345386,-0.0354422688,True,0,376.5631,signal_trend_template_failed|close_below_50ma|relative_strength_below_floor|three_month_momentum_not_positive
2026-02-09,2026-02-06,TQQQ,QQQ,orange,orange,4,0,0.0728247931,-0.0206080677,0.073612502,-0.0287395798,-0.0152212319,True,0,297.139,signal_trend_template_failed|close_below_50ma|relative_strength_below_floor|three_month_momentum_not_positive
2026-02-10,2026-02-09,TQQQ,QQQ,orange,orange,5,0,0.0871527447,0.005626367,0.0718381667,-0.0232554873,-0.0078768518,True,0,183.6553,signal_trend_template_failed|close_below_50ma|relative_strength_below_floor
2026-02-11,2026-02-10,TQQQ,QQQ,orange,orange,6,0,0.0851460629,0.0041292502,0.07003168,-0.0232842472,-0.0124155393,True,0,179.545,signal_trend_template_failed|close_below_50ma|relative_strength_below_floor
2026-02-12,2026-02-11,TQQQ,QQQ,orange,orange,7,0,0.0783532759,-0.0149705534,0.0595838142,-0.0230803307,-0.0095957859,True,0,236.5156,signal_trend_template_failed|close_below_50ma|relative_strength_below_floor|three_month_momentum_not_positive
2026-02-13,2026-02-12,TQQQ,QQQ,orange,orange,8,0,0.0596499148,-0.0324277551,0.0375142784,-0.0251068342,-0.0292460095,True,0,315.2168,signal_trend_template_failed|close_below_50ma|relative_strength_below_floor|three_month_momentum_not_positive
2026-02-17,2026-02-13,TQQQ,QQQ,orange,orange,9,0,0.0630604349,-0.0296008153,0.0405321669,-0.0230497743,-0.0265706508,True,0,297.4377,signal_trend_template_failed|close_below_50ma|relative_strength_below_floor|three_month_momentum_not_positive
2026-02-18,2026-02-17,TQQQ,QQQ,orange,orange,10,0,0.0700261149,-0.0103967589,0.0440512817,-0.0230710028,-0.0268993002,False,0,281.9479,signal_trend_template_failed|close_below_50ma|relative_strength_below_floor|three_month_momentum_not_positive
2026-02-19,2026-02-18,TQQQ,QQQ,orange,orange,11,0,0.0762855637,-0.0037603414,0.0522666723,-0.0209580902,-0.0191139621,False,0,200.1527,signal_trend_template_failed|close_below_50ma|relative_strength_below_floor|three_month_momentum_not_positive
2026-02-20,2026-02-19,TQQQ,QQQ,orange,orange,12,0,0.0783327827,0.0009731722,0.0626545267,-0.0206240214,-0.0221989802,False,0,202.9335,signal_trend_template_failed|close_below_50ma|relative_strength_below_floor
2026-02-23,2026-02-20,TQQQ,QQQ,orange,orange,13,0,0.0906568427,0.0222778327,0.0784609439,-0.0166750753,-0.0130774645,False,0,296.218,signal_trend_template_failed|close_below_50ma|relative_strength_below_floor
2026-02-24,2026-02-23,TQQQ,QQQ,orange,orange,14,0,0.078885306,0.0038588712,0.0703075579,-0.0200905424,-0.0243511324,False,0,220.913,signal_trend_template_failed|close_below_50ma|relative_strength_below_floor
2026-02-25,2026-02-24,TQQQ,QQQ,orange,orange,15,0,0.0961064271,0.0392426533,0.0653684728,-0.0117119062,-0.0132650838,False,0,176.0798,signal_trend_template_failed|close_below_50ma|relative_strength_below_floor
2026-02-26,2026-02-25,TQQQ,QQQ,yellow,yellow,1,0,0.1056574858,0.0464428734,0.0839358853,-0.0043796058,0.0012990415,False,1,140.0577,relative_strength_below_floor
2026-02-27,2026-02-26,TQQQ,QQQ,orange,orange,1,0,0.0822272727,0.0080390879,0.0665761705,-0.0167457891,-0.0106659024,False,0,263.1813,signal_trend_template_failed|close_below_50ma|relative_strength_below_floor
2026-03-02,2026-02-27,TQQQ,QQQ,orange,orange,2,0,0.0775421323,-0.0013428912,0.0615308013,-0.0132294432,-0.0137535811,False,0,231.3382,signal_trend_template_failed|close_below_50ma|relative_strength_below_floor|three_month_momentum_not_positive
2026-03-03,2026-03-02,TQQQ,QQQ,orange,orange,3,0,0.0742977456,-0.0087852772,0.0563168735,-0.0140744394,-0.0123621484,False,0,268.6727,signal_trend_template_failed|close_below_50ma|relative_strength_below_floor|three_month_momentum_not_positive
2026-03-04,2026-03-03,TQQQ,QQQ,orange,orange,4,0,0.0656076896,-0.0272827806,0.0572464906,-0.0149926271,-0.0229970494,False,0,391.3445,signal_trend_template_failed|close_below_50ma|relative_strength_below_floor|three_month_momentum_not_positive
2026-03-05,2026-03-04,TQQQ,QQQ,orange,orange,5,0,0.0846307954,-0.0091272261,0.082433127,-0.0066474178,-0.0081825253,False,0,249.654,signal_trend_template_failed|close_below_50ma|relative_strength_below_floor|three_month_momentum_not_positive
2026-03-06,2026-03-05,TQQQ,QQQ,orange,orange,6,0,0.0750359781,-0.0197838062,0.0707478942,-0.008628029,-0.0109347251,False,0,321.712,signal_trend_template_failed|close_below_50ma|relative_strength_below_floor|three_month_momentum_not_positive
2026-03-09,2026-03-06,TQQQ,QQQ,orange,orange,7,0,0.0623651723,-0.0368829734,0.045179993,-0.0099454927,-0.0251971596,False,0,333.864,signal_trend_template_failed|close_below_50ma|relative_strength_below_floor|three_month_momentum_not_positive
2026-03-10,2026-03-09,TQQQ,QQQ,orange,orange,8,0,0.0733721873,-0.0231113751,0.0576129129,-0.0058842027,-0.0117170775,False,0,391.1154,signal_trend_template_failed|close_below_50ma|relative_strength_below_floor|three_month_momentum_not_positive
2026-03-11,2026-03-10,TQQQ,QQQ,orange,orange,9,0,0.071680888,-0.0270622555,0.0524963748,-0.0055942519,-0.0111810801,False,0,283.0704,signal_trend_template_failed|close_below_50ma|relative_strength_below_floor|three_month_momentum_not_positive
2026-03-12,2026-03-11,TQQQ,QQQ,orange,orange,10,0,0.0700814526,-0.0253204329,0.0493847755,-0.0052652134,-0.0107898267,False,0,223.9132,signal_trend_template_failed|close_below_50ma|relative_strength_below_floor|three_month_momentum_not_positive
2026-03-13,2026-03-12,TQQQ,QQQ,orange,orange,11,0,0.0537346192,-0.0432291787,0.0310364187,-0.0084014054,-0.0270200508,False,0,305.116,signal_trend_template_failed|close_below_50ma|relative_strength_below_floor|three_month_momentum_not_positive
2026-03-16,2026-03-13,TQQQ,QQQ,orange,orange,12,0,0.0470209043,-0.0527797079,0.0189940904,-0.0070531163,-0.0319762111,False,0,324.7082,signal_trend_template_failed|close_below_50ma|relative_strength_below_floor|three_month_momentum_not_positive
2026-03-17,2026-03-16,TQQQ,QQQ,orange,orange,13,0,0.0542097873,-0.0390461371,0.025892955,-0.005200186,-0.0206725825,False,0,192.4512,signal_trend_template_failed|close_below_50ma|relative_strength_below_floor|three_month_momentum_not_positive
2026-03-18,2026-03-17,TQQQ,QQQ,orange,orange,14,0,0.0638728964,-0.0155351508,0.0221531298,0.0005018066,-0.0155781778,False,0,178.8566,signal_trend_template_failed|close_below_50ma|three_month_momentum_not_positive
2026-03-19,2026-03-18,TQQQ,QQQ,orange,orange,15,0,0.0552528106,-0.0243611665,0.0087573316,0.0016900168,-0.0285687123,False,0,241.2066,signal_trend_template_failed|close_below_50ma|three_month_momentum_not_positive
2026-03-20,2026-03-19,TQQQ,QQQ,orange,orange,16,0,0.0537049254,-0.0293680407,0.0075803825,0.0006825744,-0.0306763223,False,0,314.8934,signal_trend_template_failed|close_below_50ma|three_month_momentum_not_positive
2026-03-23,2026-03-20,TQQQ,QQQ,red,red,1,0,0.0433035301,-0.0293134106,-0.0198791137,-0.0016287109,-0.0472842197,False,0,295.9777,close_below_200ma|signal_trend_template_failed
2026-03-24,2026-03-23,TQQQ,QQQ,red,red,2,0,0.0423344497,-0.0321945206,-0.0152942646,-0.0049548751,-0.0353460697,False,0,309.3262,close_below_200ma|signal_trend_template_failed
2026-03-25,2026-03-24,TQQQ,QQQ,red,red,3,0,0.0312228741,-0.0511795249,-0.0277820021,-0.0105223142,-0.040622869,False,0,229.1993,close_below_200ma|signal_trend_template_failed
2026-03-26,2026-03-25,TQQQ,QQQ,red,red,4,0,0.0360310716,-0.049496613,-0.0148454109,-0.0087823761,-0.0330893398,False,0,175.5896,close_below_200ma|signal_trend_template_failed
2026-03-27,2026-03-26,TQQQ,QQQ,red,red,5,0,0.0156871459,-0.0765081738,-0.0349711714,-0.0146909844,-0.0545606638,False,0,241.791,close_below_200ma|signal_trend_template_failed
2026-03-30,2026-03-27,TQQQ,QQQ,red,red,6,0,0.0023457152,-0.097191429,-0.0497277068,-0.0157659374,-0.0713117468,False,0,241.423,close_below_200ma|signal_trend_template_failed
2026-03-31,2026-03-30,TQQQ,QQQ,red,red,7,0,-0.0044766913,-0.1040343865,-0.0608517812,-0.0195432502,-0.0764978328,False,0,210.6504,50ma_below_150ma|signal_trend_template_failed
2026-04-01,2026-03-31,TQQQ,QQQ,red,red,8,0,0.0189726934,-0.0691968199,-0.0335337278,-0.0159542431,-0.0438640593,False,0,310.876,50ma_below_150ma|signal_trend_template_failed
2026-04-02,2026-04-01,TQQQ,QQQ,red,red,9,0,0.0288632952,-0.0555077797,-0.0242675394,-0.0117044099,-0.0313150692,False,0,250.4502,50ma_below_150ma|signal_trend_template_failed
2026-04-06,2026-04-02,TQQQ,QQQ,red,red,10,0,0.0315193511,-0.0465438951,-0.0278122445,-0.0110044273,-0.029221855,False,0,240.7446,50ma_below_150ma|signal_trend_template_failed
2026-04-07,2026-04-06,TQQQ,QQQ,red,red,11,0,0.0348798882,-0.0389450088,-0.0259665068,-0.0092415971,-0.0223589217,False,0,152.3347,50ma_below_150ma|signal_trend_template_failed
2026-04-08,2026-04-07,TQQQ,QQQ,red,red,12,0,0.0334824668,-0.0463725645,-0.0216992069,-0.0088360739,-0.0211249011,False,0,290.2718,50ma_below_150ma|signal_trend_template_failed
2026-04-09,2026-04-08,TQQQ,QQQ,red,red,13,0,0.0475048712,-0.0265723865,-0.0001215666,-0.0081140136,0.0086024535,False,0,244.2738,50ma_below_150ma|signal_trend_template_failed
2026-04-10,2026-04-09,TQQQ,QQQ,red,red,14,0,0.0528838003,-0.0209297971,0.011971023,-0.0076046304,0.0161066284,False,0,192.8344,50ma_below_150ma|signal_trend_template_failed
2026-04-13,2026-04-10,TQQQ,QQQ,red,red,15,0,0.0538694237,-0.0139079395,0.0019443215,-0.0035007457,0.01829617,False,0,160.6167,50ma_below_150ma|signal_trend_template_failed
2026-04-14,2026-04-13,TQQQ,QQQ,red,red,16,0,0.055339965,-0.0135347122,0.0135335561,-0.0055137438,0.0292136955,False,0,169.7485,50ma_below_150ma|signal_trend_template_failed
2026-04-15,2026-04-14,TQQQ,QQQ,red,red,17,0,0.0758540608,0.003543827,0.069047381,0.0037145795,0.0476386821,False,0,192.7996,50ma_below_150ma|signal_trend_template_failed
2026-04-16,2026-04-15,TQQQ,QQQ,red,red,18,0,0.0805021186,0.0191040651,0.0614873566,0.0072429345,0.0618786102,False,0,231.0943,50ma_below_150ma|signal_trend_template_failed
2026-04-17,2026-04-16,TQQQ,QQQ,red,red,19,0,0.091501203,0.0350699308,0.073752084,0.0142880335,0.0661146905,False,0,243.2123,50ma_below_150ma|signal_trend_template_failed
2026-04-20,2026-04-17,TQQQ,QQQ,red,red,20,0,0.0960373919,0.0448520089,0.0801786171,0.013597241,0.0784889871,False,0,302.8107,50ma_below_150ma|signal_trend_template_failed
2026-04-21,2026-04-20,TQQQ,QQQ,red,red,21,0,0.0957563935,0.0424065752,0.0807511593,0.0116770465,0.0732627604,True,0,196.0124,50ma_below_150ma|signal_trend_template_failed
2026-04-22,2026-04-21,TQQQ,QQQ,red,red,22,0,0.1047658125,0.0609847865,0.0696167415,0.0157805981,0.0679244305,True,0,262.7898,50ma_below_150ma|signal_trend_template_failed
2026-04-23,2026-04-22,TQQQ,QQQ,red,red,23,0,0.1057198319,0.0643474373,0.0739791201,0.0203325412,0.0842975295,True,0,220.4625,50ma_below_150ma|signal_trend_template_failed
2026-04-24,2026-04-23,TQQQ,QQQ,red,red,24,0,0.1001503434,0.0507142658,0.068209124,0.0177322591,0.076738643,True,0,274.3177,50ma_below_150ma|signal_trend_template_failed
2026-04-27,2026-04-24,TQQQ,QQQ,red,red,25,0,0.1146886647,0.0674414286,0.0992312614,0.0289396352,0.0954673931,True,0,250.4475,50ma_below_150ma|signal_trend_template_failed
2026-04-28,2026-04-27,TQQQ,QQQ,red,red,26,0,0.1102566023,0.0633254289,0.0906423833,0.0261357804,0.0937223345,True,0,176.9108,50ma_below_150ma|signal_trend_template_failed
2026-04-29,2026-04-28,TQQQ,QQQ,red,red,27,0,0.0939108703,0.0431751417,0.0682668026,0.0164328352,0.0807161724,True,0,244.3156,50ma_below_150ma|signal_trend_template_failed
2026-04-30,2026-04-29,TQQQ,QQQ,red,red,28,0,0.0942806234,0.0460885099,0.0559913393,0.0196588063,0.0851463719,True,0,237.8651,50ma_below_150ma|signal_trend_template_failed
2026-05-01,2026-04-30,TQQQ,QQQ,red,red,29,0,0.098429816,0.0622021856,0.0577060328,0.0192295701,0.0930180664,True,0,256.8812,50ma_below_150ma|signal_trend_template_failed
2026-05-04,2026-05-01,TQQQ,QQQ,red,red,30,0,0.1120877519,0.0854359251,0.0630726054,0.030988297,0.100935769,True,0,220.7377,50ma_below_150ma|signal_trend_template_failed
2026-05-05,2026-05-04,TQQQ,QQQ,green,green,1,0,0.1131271996,0.0760028421,0.0775441143,0.0333416185,0.0965396531,True,1,196.9178,
2026-05-06,2026-05-05,TQQQ,QQQ,green,green,2,0,0.1303557534,0.10697045,0.0862839601,0.0430703913,0.1078430645,True,2,181.8672,
2026-05-07,2026-05-06,TQQQ,QQQ,yellow,yellow,1,0,0.1547928283,0.1500574323,0.103570556,0.0578624467,0.1276077873,True,3,250.523,extended_above_50ma
2026-05-08,2026-05-07,TQQQ,QQQ,yellow,yellow,2,0,0.1704907436,0.1654626468,0.1250912689,0.0665139321,0.1233846952,True,4,332.7807,extended_above_50ma
2026-05-11,2026-05-08,TQQQ,QQQ,yellow,yellow,3,0,0.1826603508,0.1680911223,0.1440190214,0.0824687595,0.1459108507,True,5,261.472,extended_above_50ma
2026-05-12,2026-05-11,TQQQ,QQQ,yellow,yellow,4,0,0.1882089053,0.1625689439,0.1691099835,0.084707869,0.1452896947,True,6,232.1732,extended_above_50ma
2026-05-13,2026-05-12,TQQQ,QQQ,yellow,yellow,5,0,0.181047133,0.1580810035,0.1628630098,0.0787329342,0.1319436519,True,7,338.9817,extended_above_50ma
2026-05-14,2026-05-13,TQQQ,QQQ,yellow,yellow,6,0,0.1832701732,0.1671824395,0.1497090725,0.0805237909,0.1397445274,True,8,248.2047,extended_above_50ma
2026-05-15,2026-05-14,TQQQ,QQQ,yellow,yellow,7,0,0.1987777275,0.1998826813,0.1609731796,0.0855776203,0.143839446,True,9,230.2911,extended_above_50ma
2026-05-18,2026-05-15,TQQQ,QQQ,yellow,yellow,8,0,0.1865266898,0.1792661902,0.1443589495,0.0805990333,0.1229843681,True,10,305.4055,extended_above_50ma
2026-05-19,2026-05-18,TQQQ,QQQ,green,green,1,0,0.1879199678,0.1754034266,0.1631830406,0.0786697087,0.1143793756,True,11,325.182,
2026-05-20,2026-05-19,TQQQ,QQQ,green,green,2,0,0.182995126,0.1595019007,0.1551417777,0.0782799048,0.1042161502,True,12,312.7829,
2026-05-21,2026-05-20,TQQQ,QQQ,green,green,3,0,0.2028788337,0.1832390659,0.1843905613,0.0876195417,0.1187678107,True,13,269.6412,
2026-05-22,2026-05-21,TQQQ,QQQ,green,green,4,0,0.2026358044,0.1750971687,0.2012757868,0.0872278308,0.1171303562,True,14,287.7388,
2026-05-26,2026-05-22,TQQQ,QQQ,green,green,5,0,0.2085371252,0.1946006877,0.1992104979,0.0884410484,0.1176378617,True,15,226.5008,
2026-05-27,2026-05-26,TQQQ,QQQ,yellow,yellow,1,0,0.2276547145,0.2028902117,0.2500948153,0.102513231,0.132636991,True,16,255.8309,extended_above_50ma
2026-05-28,2026-05-27,TQQQ,QQQ,yellow,yellow,2,0,0.2168891258,0.1843578755,0.2393628584,0.09727577,0.1268118786,True,17,269.7923,extended_above_50ma
2026-05-29,2026-05-28,TQQQ,QQQ,yellow,yellow,3,0,0.222732831,0.2089283745,0.218647056,0.1010848439,0.1316602011,True,18,230.7013,extended_above_50ma
2026-06-01,2026-05-29,TQQQ,QQQ,yellow,yellow,4,0,0.2266348223,0.2172783688,0.2156436964,0.1036153709,0.1308135555,True,19,285.3423,extended_above_50ma
2026-06-02,2026-06-01,TQQQ,QQQ,yellow,yellow,5,0,0.2288886498,0.2229711885,0.2122270476,0.1069919545,0.1323793714,True,20,245.5778,extended_above_50ma
2026-06-03,2026-06-02,TQQQ,QQQ,yellow,yellow,6,0,0.2359720359,0.2418976212,0.2080152009,0.1105321488,0.1319043823,True,21,210.3917,extended_above_50ma
2026-06-04,2026-06-03,TQQQ,QQQ,yellow,yellow,7,0,0.2270905328,0.2200546612,0.2089189464,0.1085627333,0.1236211458,True,22,268.3867,extended_above_50ma
2026-06-05,2026-06-04,TQQQ,QQQ,green,green,1,0,0.2192208157,0.2178218986,0.1937287462,0.0948570251,0.1129220355,True,23,253.4343,
2026-06-08,2026-06-05,TQQQ,QQQ,green,green,2,0,0.1832274812,0.1770721592,0.1336582381,0.0675071136,0.0557805797,True,24,433.508,
2026-06-09,2026-06-08,TQQQ,QQQ,green,green,3,0,0.1916308581,0.1796974114,0.1524329821,0.0796048919,0.0677176912,True,25,294.1787,
2026-06-10,2026-06-09,TQQQ,QQQ,green,green,4,0,0.1782059028,0.1661030776,0.1345456981,0.0671249273,0.0508792138,True,26,487.2205,
2026-06-11,2026-06-10,TQQQ,QQQ,green,green,5,0,0.162770892,0.1429588967,0.1140186826,0.0599273881,0.0257620062,True,27,316.062,
2026-06-12,2026-06-11,TQQQ,QQQ,strong_green,strong_green,1,1,0.2007213917,0.2021969469,0.1502269603,0.0815737445,0.0560374567,True,28,440.9404,
2026-06-15,2026-06-12,TQQQ,QQQ,strong_green,strong_green,2,2,0.2082546943,0.2164818246,0.1522762692,0.0838837818,0.0579820664,True,29,363.7804,
2026-06-16,2026-06-15,TQQQ,QQQ,green,green,1,0,0.2335868508,0.2407777119,0.1923301353,0.102593934,0.0861507433,True,30,252.1658,
2026-06-17,2026-06-16,TQQQ,QQQ,strong_green,strong_green,1,1,0.2178992249,0.2112848489,0.1924673561,0.0880314785,0.0611283199,True,31,267.4961,
2026-06-18,2026-06-17,TQQQ,QQQ,strong_green,strong_green,2,2,0.2191321911,0.2160378952,0.1864137935,0.09129416,0.0463676972,True,32,302.0579,
2026-06-22,2026-06-18,TQQQ,QQQ,strong_green,strong_green,3,3,0.2435991441,0.2504702289,0.2137463683,0.1090492993,0.0684320727,True,33,252.4333,
2026-06-23,2026-06-22,TQQQ,QQQ,strong_green,strong_green,4,4,0.2569610266,0.2708183072,0.2335662884,0.1157461493,0.0618113239,True,34,254.9523,
2026-06-24,2026-06-23,TQQQ,QQQ,strong_green,strong_green,5,5,0.214484951,0.2150242481,0.175907125,0.0866030462,0.0238048805,True,35,305.7722,
2026-06-25,2026-06-24,TQQQ,QQQ,strong_green,strong_green,6,6,0.2114327713,0.2181940219,0.1558474307,0.0837287363,0.0167185362,True,36,263.9156,
2026-06-26,2026-06-25,TQQQ,QQQ,strong_green,strong_green,7,7,0.2144178992,0.2200456723,0.1596575439,0.0902631013,0.0223714579,True,37,394.4663,
2026-06-29,2026-06-26,TQQQ,QQQ,strong_green,strong_green,8,8,0.2141102785,0.2326748241,0.1383651244,0.0866833193,0.0062945333,True,38,252.9411,
2026-06-30,2026-06-29,TQQQ,QQQ,strong_green,strong_green,9,9,0.2421205172,0.2884846663,0.1632550004,0.0994170162,0.028834199,True,39,305.3961,
2026-07-01,2026-06-30,TQQQ,QQQ,strong_green,strong_green,10,10,0.2634928215,0.3205009315,0.1831234272,0.1142487675,0.0437216336,True,40,236.7881,
2026-07-02,2026-07-01,TQQQ,QQQ,strong_green,strong_green,11,11,0.2383274531,0.2577825473,0.1707479949,0.0949232042,0.0255058469,True,41,245.3476,
2026-07-06,2026-07-02,TQQQ,QQQ,green,green,1,0,0.2096853538,0.2208982993,0.1531289454,0.0707300939,0.0057677048,True,42,320.2039,
2026-07-07,2026-07-06,TQQQ,QQQ,green,green,2,0,0.2256105494,0.2369899238,0.1794155945,0.0796584032,0.018225486,True,43,208.4168,
2026-07-08,2026-07-07,TQQQ,QQQ,orange,orange,1,0,0.2032488404,0.2068132359,0.1598138838,0.0622212097,-0.002287541,True,0,256.3909,signal_trend_template_failed|not_30pct_above_52w_low|close_below_50ma
2026-07-09,2026-07-08,TQQQ,QQQ,orange,orange,2,0,0.2062476909,0.2100474075,0.153934406,0.0679802058,-0.0008178626,True,0,257.2416,signal_trend_template_failed|not_30pct_above_52w_low|close_below_50ma
2026-07-10,2026-07-09,TQQQ,QQQ,green,green,1,0,0.2041707108,0.1946655795,0.162920464,0.0733174543,0.0141080399,True,1,197.4404,
